Property_ID,Listing_ID,Title,Price,Price_value,PriceCurrency,Location,Address,Bedrooms,Bathrooms,Parking Spaces,ErfSize,Latitude,Longitude,Agent,Link,SourcePage,ScrapeDate
RR4617196,11693393,3 Bedroom House in Victorskloof,R 75 000,75000,ZAR,,,3,2,8,2 000 m²,,,Francis Samson,https://www.privateproperty.co.za/to-rent/western-cape/cape-town/hout-bay/victorskloof/RR4617196,"https://www.privateproperty.co.za/to-rent/western-cape/cape-town/55?pt=House,ApartmentFlat,TownHouseCluster",2026-04-05 20:59:18.337006
RR4583930,11607171,1 Bedroom Apartment in De Waterkant,R 35 000,35000,ZAR,,,1,1,1,58 m²,,,Tristian Mann,https://www.privateproperty.co.za/to-rent/western-cape/cape-town/cape-town-city-bowl/de-waterkant/RR4583930,"https://www.privateproperty.co.za/to-rent/western-cape/cape-town/55?pt=House,ApartmentFlat,TownHouseCluster",2026-04-05 20:59:18.337006
RR4587963,11616811,2 Bedroom Apartment in Durbanville Central,R 15 000,15000,ZAR,,,2,2,1,,,,Elna de Klerk,https://www.privateproperty.co.za/to-rent/western-cape/cape-town/durbanville/durbanville-central/RR4587963,"https://www.privateproperty.co.za/to-rent/western-cape/cape-town/55?pt=House,ApartmentFlat,TownHouseCluster",2026-04-05 20:59:18.337006
RR4607627,11667696,2 Bedroom Apartment in Fish Hoek,R 16 000,16000,ZAR,,,2,2,1,,-34.1409225236015,18.4307944854711,Rose Eedes Ppra Registered,https://www.privateproperty.co.za/to-rent/western-cape/cape-town/peninsula-false-bay/fish-hoek/34-mountain-view/34-beach-road/RR4607627,"https://www.privateproperty.co.za/to-rent/western-cape/cape-town/55?pt=House,ApartmentFlat,TownHouseCluster",2026-04-05 20:59:18.337006
RR4644901,11765727,2 Bedroom Townhouse Burgundy Estate,R 16 500,16500,ZAR,Burgundy Estate,Burgundy Estate,2,2,3,,,,,https://www.privateproperty.co.za/to-rent/western-cape/cape-town/milnerton/burgundy-estate/RR4644901,"https://www.privateproperty.co.za/to-rent/western-cape/cape-town/55?pt=House,ApartmentFlat,TownHouseCluster",2026-04-05 20:59:18.337006
RR4644628,11764901,3 Bedroom Apartment Richwood,R 22 000,22000,ZAR,Richwood,Richwood 1 Sylvia Street,3,2,2,108 m²,-33.8338372,18.5418641,,https://www.privateproperty.co.za/to-rent/western-cape/cape-town/milnerton/richwood/de-zicht-lifestyle-estate/1-sylvia-street/RR4644628,"https://www.privateproperty.co.za/to-rent/western-cape/cape-town/55?pt=House,ApartmentFlat,TownHouseCluster",2026-04-05 20:59:18.337006
RR4642690,11760064,3 Bedroom Apartment Somerset West Central,R 19 500,19500,ZAR,Somerset West Central,Somerset West Central,3,2,2,,,,,https://www.privateproperty.co.za/to-rent/western-cape/cape-town/somerset-west/somerset-west-central/RR4642690,"https://www.privateproperty.co.za/to-rent/western-cape/cape-town/55?pt=House,ApartmentFlat,TownHouseCluster",2026-04-05 20:59:18.337006
RR4546797,11519319,2 Bedroom House Gordons Bay Central,R 8 200,8200,ZAR,Gordons Bay Central,"Gordons Bay Central 1 Gordon Villas, 00 Cornwall Street",2,1,,,,,,https://www.privateproperty.co.za/to-rent/western-cape/cape-town/gordons-bay/gordons-bay-central/1-gordon-villas/00-cornwall-street/RR4546797,"https://www.privateproperty.co.za/to-rent/western-cape/cape-town/55?pt=House,ApartmentFlat,TownHouseCluster",2026-04-05 20:59:18.337006
RR4639784,11752383,2 Bedroom Apartment Lagoon Beach,R 28 000,28000,ZAR,Lagoon Beach,"Lagoon Beach 888 Island View, 1 Lagoon Beach Drive",2,2.5,2,2 899 m²,-33.8910637,18.4851511,,https://www.privateproperty.co.za/to-rent/western-cape/cape-town/milnerton/lagoon-beach/888-island-view/1-lagoon-beach-drive/RR4639784,"https://www.privateproperty.co.za/to-rent/western-cape/cape-town/55?pt=House,ApartmentFlat,TownHouseCluster",2026-04-05 20:59:18.337006
RR4639306,11751124,1 Bedroom Apartment Sandown,R 11 500,11500,ZAR,Sandown,Sandown,1,1,1,,,,,https://www.privateproperty.co.za/to-rent/western-cape/cape-town/blouberg/sandown/suikerbos/dorothea-drive/RR4639306,"https://www.privateproperty.co.za/to-rent/western-cape/cape-town/55?pt=House,ApartmentFlat,TownHouseCluster",2026-04-05 20:59:18.337006
RR4639196,11750813,5 Bedroom House Brentwood Park,R 15 000,15000,ZAR,Brentwood Park,Brentwood Park 401 Angela Crescent,5,3,4,313 m²,-33.985589,18.652507,,https://www.privateproperty.co.za/to-rent/western-cape/cape-town/blue-downs/blue-downs/brentwood-park/401-angela-crescent/RR4639196,"https://www.privateproperty.co.za/to-rent/western-cape/cape-town/55?pt=House,ApartmentFlat,TownHouseCluster",2026-04-05 20:59:18.337006
RR4638270,11748590,2 Bedroom Apartment Heathfield,R 9 500,9500,ZAR,Heathfield,"Heathfield Unit 11 Barkley Building, 29 Station Road",2,1,,,-34.0456485,18.4658781,,https://www.privateproperty.co.za/to-rent/western-cape/cape-town/southern-suburbs/heathfield/unit-11-barkley-building/29-station-road/RR4638270,"https://www.privateproperty.co.za/to-rent/western-cape/cape-town/55?pt=House,ApartmentFlat,TownHouseCluster",2026-04-05 20:59:18.337006
RR4634291,11737820,3 Bedroom House Northshore,R 63 000,63000,ZAR,Northshore,Northshore,3,2,4,3 156 m²,,,,https://www.privateproperty.co.za/to-rent/western-cape/cape-town/hout-bay/northshore/RR4634291,"https://www.privateproperty.co.za/to-rent/western-cape/cape-town/55?pt=House,ApartmentFlat,TownHouseCluster",2026-04-05 20:59:18.337006
RR4632763,11733759,3 Bedroom Apartment Strand Central,R 22 000,22000,ZAR,Strand Central,Strand Central,3,2,2,,,,,https://www.privateproperty.co.za/to-rent/western-cape/cape-town/strand/strand-central/RR4632763,"https://www.privateproperty.co.za/to-rent/western-cape/cape-town/55?pt=House,ApartmentFlat,TownHouseCluster",2026-04-05 20:59:18.337006
RR4632692,11733598,3 Bedroom House Sea Point,R 49 500,49500,ZAR,Sea Point,Sea Point,3,3.5,1,,,,,https://www.privateproperty.co.za/to-rent/western-cape/cape-town/atlantic-seaboard/sea-point/RR4632692,"https://www.privateproperty.co.za/to-rent/western-cape/cape-town/55?pt=House,ApartmentFlat,TownHouseCluster",2026-04-05 20:59:18.337006
RR4632254,11732648,3 Bedroom Apartment Century City,R 34 995,34995,ZAR,Century City,Century City,3,2,2,,,,,https://www.privateproperty.co.za/to-rent/western-cape/cape-town/milnerton/century-city/RR4632254,"https://www.privateproperty.co.za/to-rent/western-cape/cape-town/55?pt=House,ApartmentFlat,TownHouseCluster",2026-04-05 20:59:18.337006
RR4630211,11727223,1 Bedroom Apartment Richwood,R 14 000,14000,ZAR,Richwood,Richwood,1,1,1,66 m²,,,,https://www.privateproperty.co.za/to-rent/western-cape/cape-town/milnerton/richwood/de-aan-zicht-lifestyle-security-estate/giel-basson-dr-rooiheuwel-rd-richwood-7441/RR4630211,"https://www.privateproperty.co.za/to-rent/western-cape/cape-town/55?pt=House,ApartmentFlat,TownHouseCluster",2026-04-05 20:59:18.337006
RR4629450,11725259,2 Bedroom Flat Kenilworth Upper,R 25 000,25000,ZAR,Kenilworth Upper,Kenilworth Upper,2,2,2,,,,,https://www.privateproperty.co.za/to-rent/western-cape/cape-town/southern-suburbs/kenilworth/kenilworth-upper/RR4629450,"https://www.privateproperty.co.za/to-rent/western-cape/cape-town/55?pt=House,ApartmentFlat,TownHouseCluster",2026-04-05 20:59:18.337006
RR4628605,11723038,2 Bedroom Apartment Waterfront,R 95 000,95000,ZAR,Waterfront,"Waterfront 001 5 Dock Road, 5 Dock Road",2,2.5,2,,-33.9117196,18.4215482,,https://www.privateproperty.co.za/to-rent/western-cape/cape-town/atlantic-seaboard/waterfront/001-5-dock-road/5-dock-road/RR4628605,"https://www.privateproperty.co.za/to-rent/western-cape/cape-town/55?pt=House,ApartmentFlat,TownHouseCluster",2026-04-05 20:59:18.337006
RR4628449,11722705,1 Bedroom Apartment Waterfront,R 38 000,38000,ZAR,Waterfront,"Waterfront 402 5 Dock Road, 5 Dock Road",1,1,1,65 m²,,,,https://www.privateproperty.co.za/to-rent/western-cape/cape-town/atlantic-seaboard/waterfront/402-5-dock-road/5-dock-road/RR4628449,"https://www.privateproperty.co.za/to-rent/western-cape/cape-town/55?pt=House,ApartmentFlat,TownHouseCluster",2026-04-05 20:59:18.337006
RR4624733,11713415,3 Bedroom House Sonkring,R 24 000,24000,ZAR,Sonkring,Sonkring,3,2,2,450 m²,,,,https://www.privateproperty.co.za/to-rent/western-cape/cape-town/brackenfell/sonkring/RR4624733,"https://www.privateproperty.co.za/to-rent/western-cape/cape-town/55?pt=House,ApartmentFlat,TownHouseCluster&page=2",2026-04-05 20:59:18.337006
RR3204350,7895852,1 Bedroom Apartment Waterfront,R 15 800,15800,ZAR,Waterfront,Waterfront,1,1,,,,,,https://www.privateproperty.co.za/to-rent/western-cape/cape-town/atlantic-seaboard/waterfront/RR3204350,"https://www.privateproperty.co.za/to-rent/western-cape/cape-town/55?pt=House,ApartmentFlat,TownHouseCluster&page=2",2026-04-05 20:59:18.337006
RR4621045,11704210,2 Bedroom Apartment Milnerton Central,R 17 250,17250,ZAR,Milnerton Central,Milnerton Central,2,2,2,2 ha,,,,https://www.privateproperty.co.za/to-rent/western-cape/cape-town/milnerton/milnerton-central/RR4621045,"https://www.privateproperty.co.za/to-rent/western-cape/cape-town/55?pt=House,ApartmentFlat,TownHouseCluster&page=2",2026-04-05 20:59:18.337006
RR3221721,7937747,2 Bedroom Apartment Diep River,R 10 800,10800,ZAR,Diep River,"Diep River F6 Fairdale Gardens, 22 Nicholette Street",2,1,1,,-34.0364441700824,18.4645843505859,,https://www.privateproperty.co.za/to-rent/western-cape/cape-town/southern-suburbs/diep-river/f6-fairdale-gardens/22-nicholette-street/RR3221721,"https://www.privateproperty.co.za/to-rent/western-cape/cape-town/55?pt=House,ApartmentFlat,TownHouseCluster&page=2",2026-04-05 20:59:18.337006
RR3843135,9691602,1 Bedroom Apartment Strand North,R 9 950,9950,ZAR,Strand North,"Strand North 248 De Velde, 2 De Beers Road",1,1,1,,-34.0897505,18.8216648,,https://www.privateproperty.co.za/to-rent/western-cape/cape-town/strand/strand-north/248-de-velde/2-de-beers-road/RR3843135,"https://www.privateproperty.co.za/to-rent/western-cape/cape-town/55?pt=House,ApartmentFlat,TownHouseCluster&page=2",2026-04-05 20:59:18.337006
RR4613810,11683981,Studio Apartment Foreshore,R 10 950,10950,ZAR,Foreshore,"Foreshore 8 Hans Strijdom Avenue, Cape Town 8 Hans Strijdom Avenue, Cape Town",0.5,1,1,,-33.9190735,18.4249363,,https://www.privateproperty.co.za/to-rent/western-cape/cape-town/atlantic-seaboard/foreshore/8-hans-strijdom-avenue-cape-town-8-hans-strijdom-avenue-cape-town/RR4613810,"https://www.privateproperty.co.za/to-rent/western-cape/cape-town/55?pt=House,ApartmentFlat,TownHouseCluster&page=2",2026-04-05 20:59:18.337006
RR4028313,10199605,Studio Apartment Cape Town City Centre,R 14 000,14000,ZAR,Cape Town City Centre,"Cape Town City Centre 611 De Oude Schuur, 116 Bree",0.5,1,1,,-33.92205,18.4167099,,https://www.privateproperty.co.za/to-rent/western-cape/cape-town/cape-town-city-bowl/cape-town-city-centre/611-de-oude-schuur/116-bree/RR4028313,"https://www.privateproperty.co.za/to-rent/western-cape/cape-town/55?pt=House,ApartmentFlat,TownHouseCluster&page=2",2026-04-05 20:59:18.337006
RR4608696,11670407,Studio Apartment Foreshore,R 12 170,12170,ZAR,Foreshore,"Foreshore 8 Hans Strijdom Avenue, Foreshore",0.5,1,1,,,,,https://www.privateproperty.co.za/to-rent/western-cape/cape-town/atlantic-seaboard/foreshore/8-hans-strijdom-avenue-foreshore/RR4608696,"https://www.privateproperty.co.za/to-rent/western-cape/cape-town/55?pt=House,ApartmentFlat,TownHouseCluster&page=2",2026-04-05 20:59:18.337006
RR4154985,10531557,4 Bedroom House Parklands North,R 65 000,65000,ZAR,Parklands North,Parklands North 9 Kings Crescent,4,4,2,,-33.7915125,18.4875399,,https://www.privateproperty.co.za/to-rent/western-cape/cape-town/blouberg/parklands-north/9-kings-crescent/RR4154985,"https://www.privateproperty.co.za/to-rent/western-cape/cape-town/55?pt=House,ApartmentFlat,TownHouseCluster&page=2",2026-04-05 20:59:18.337006
RR4606151,11663739,4 Bedroom House Helderberg Estate,R 30 000,30000,ZAR,Helderberg Estate,Helderberg Estate,4,4,,,,,,https://www.privateproperty.co.za/to-rent/western-cape/cape-town/somerset-west/helderberg-estate/RR4606151,"https://www.privateproperty.co.za/to-rent/western-cape/cape-town/55?pt=House,ApartmentFlat,TownHouseCluster&page=2",2026-04-05 20:59:18.337006
RR4261245,10795378,3 Bedroom House Townsend Estate,R 18 360,18360,ZAR,Townsend Estate,Townsend Estate,3,1.5,4,495 m²,,,,https://www.privateproperty.co.za/to-rent/western-cape/cape-town/goodwood/townsend-estate/RR4261245,"https://www.privateproperty.co.za/to-rent/western-cape/cape-town/55?pt=House,ApartmentFlat,TownHouseCluster&page=2",2026-04-05 20:59:18.337006
RR4594228,11633067,4 Bedroom House Protea Heights,R 48 500,48500,ZAR,Protea Heights,Protea Heights,4,5,4,1 000 m²,,,,https://www.privateproperty.co.za/to-rent/western-cape/cape-town/brackenfell/protea-heights/RR4594228,"https://www.privateproperty.co.za/to-rent/western-cape/cape-town/55?pt=House,ApartmentFlat,TownHouseCluster&page=2",2026-04-05 20:59:18.337006
RR4356299,11041628,1 Bedroom Apartment Bloubergstrand,R 16 500,16500,ZAR,Bloubergstrand,"Bloubergstrand Lg001 Infinity, 87 Coral Road",1,1,1,,-33.7972,18.462,,https://www.privateproperty.co.za/to-rent/western-cape/cape-town/blouberg/bloubergstrand/lg001-infinity/87-coral-road/RR4356299,"https://www.privateproperty.co.za/to-rent/western-cape/cape-town/55?pt=House,ApartmentFlat,TownHouseCluster&page=2",2026-04-05 20:59:18.337006
RR4571151,11579268,2 Bedroom Apartment Camps Bay,R 40 000,40000,ZAR,Camps Bay,Camps Bay,2,2,,,,,,https://www.privateproperty.co.za/to-rent/western-cape/cape-town/atlantic-seaboard/camps-bay/RR4571151,"https://www.privateproperty.co.za/to-rent/western-cape/cape-town/55?pt=House,ApartmentFlat,TownHouseCluster&page=2",2026-04-05 20:59:18.337006
RR4571150,11579266,3 Bedroom Apartment Camps Bay,R 49 000,49000,ZAR,Camps Bay,Camps Bay,3,2,,,,,,https://www.privateproperty.co.za/to-rent/western-cape/cape-town/atlantic-seaboard/camps-bay/RR4571150,"https://www.privateproperty.co.za/to-rent/western-cape/cape-town/55?pt=House,ApartmentFlat,TownHouseCluster&page=2",2026-04-05 20:59:18.337006
RR4570085,11576642,10 Bedroom House Constantia,R 230 000,230000,ZAR,Constantia,Constantia,10,8,3,4 376 m²,,,,https://www.privateproperty.co.za/to-rent/western-cape/cape-town/southern-suburbs/constantia/RR4570085,"https://www.privateproperty.co.za/to-rent/western-cape/cape-town/55?pt=House,ApartmentFlat,TownHouseCluster&page=2",2026-04-05 20:59:18.337006
RR4567223,11569852,4 Bedroom House High Riding Country Estate,R 35 000,35000,ZAR,High Riding Country Estate,High Riding Country Estate,4,4,1,9 800 m²,,,,https://www.privateproperty.co.za/to-rent/western-cape/cape-town/somerset-west/sir-lowrys-and-surrounds/high-riding-country-estate/RR4567223,"https://www.privateproperty.co.za/to-rent/western-cape/cape-town/55?pt=House,ApartmentFlat,TownHouseCluster&page=2",2026-04-05 20:59:18.337006
RR3204352,7895860,1 Bedroom Apartment Waterfront,R 26 300,26300,ZAR,Waterfront,Waterfront,1,1.5,,,,,,https://www.privateproperty.co.za/to-rent/western-cape/cape-town/atlantic-seaboard/waterfront/RR3204352,"https://www.privateproperty.co.za/to-rent/western-cape/cape-town/55?pt=House,ApartmentFlat,TownHouseCluster&page=2",2026-04-05 20:59:18.337006
RR4526755,11470434,1 Bedroom Apartment Cape Town City Centre,R 20 625,20625,ZAR,Cape Town City Centre,"Cape Town City Centre 8 Hans Strijdom Avenue, Cape Town 8 Hans Strijdom Avenue, Cape Town",1,1,1,,-33.9190735,18.4249363,,https://www.privateproperty.co.za/to-rent/western-cape/cape-town/cape-town-city-bowl/cape-town-city-centre/8-hans-strijdom-avenue-cape-town-8-hans-strijdom-avenue-cape-town/RR4526755,"https://www.privateproperty.co.za/to-rent/western-cape/cape-town/55?pt=House,ApartmentFlat,TownHouseCluster&page=2",2026-04-05 20:59:18.337006
RR4522299,11458963,3 Bedroom House Northshore,R 5 800 per day,5800,ZAR,Northshore,Northshore,3,2,2,,,,,https://www.privateproperty.co.za/to-rent/western-cape/cape-town/hout-bay/northshore/RR4522299,"https://www.privateproperty.co.za/to-rent/western-cape/cape-town/55?pt=House,ApartmentFlat,TownHouseCluster&page=2",2026-04-05 20:59:18.337006
RR4490297,11379407,Studio Apartment Mowbray,R 12 000,12000,ZAR,Mowbray,"Mowbray 212 The Kingsley, 1 Strubens Road",0.5,1,,,,,,https://www.privateproperty.co.za/to-rent/western-cape/cape-town/southern-suburbs/mowbray/212-the-kingsley/1-strubens-road/RR4490297,"https://www.privateproperty.co.za/to-rent/western-cape/cape-town/55?pt=House,ApartmentFlat,TownHouseCluster&page=3",2026-04-05 20:59:18.337006
RR4482029,11358335,1 Bedroom Apartment Salt River,R 9 220,9220,ZAR,Salt River,"Salt River 50 The Herringbone, 9 Hopkins Street",1,1,,,-33.9314699,18.4576133,,https://www.privateproperty.co.za/to-rent/western-cape/cape-town/cape-town-city-bowl/salt-river/50-the-herringbone/9-hopkins-street/RR4482029,"https://www.privateproperty.co.za/to-rent/western-cape/cape-town/55?pt=House,ApartmentFlat,TownHouseCluster&page=3",2026-04-05 20:59:18.337006
RR3946199,9988484,Studio Apartment Foreshore,R 15 990,15990,ZAR,Foreshore,"Foreshore 518 Vida D''chette, 21 Martin Hammerschlag Way",,1,,,-33.9196358,18.4326861,,https://www.privateproperty.co.za/to-rent/western-cape/cape-town/atlantic-seaboard/foreshore/518-vida-dchette/21-martin-hammerschlag-way/RR3946199,"https://www.privateproperty.co.za/to-rent/western-cape/cape-town/55?pt=House,ApartmentFlat,TownHouseCluster&page=3",2026-04-05 20:59:18.337006
RR4284293,10853836,1 Bedroom Apartment Sea Point,R 900 per day,900,ZAR,Sea Point,Sea Point,1,1,,,,,,https://www.privateproperty.co.za/to-rent/western-cape/cape-town/atlantic-seaboard/sea-point/RR4284293,"https://www.privateproperty.co.za/to-rent/western-cape/cape-town/55?pt=House,ApartmentFlat,TownHouseCluster&page=3",2026-04-05 20:59:18.337006
RR4645082,11766186,3 Bedroom House Blouberg Sands,R 30 000,30000,ZAR,Blouberg Sands,Blouberg Sands,3,2,4,676 m²,,,,https://www.privateproperty.co.za/to-rent/western-cape/cape-town/blouberg/blouberg-sands/RR4645082,"https://www.privateproperty.co.za/to-rent/western-cape/cape-town/55?pt=House,ApartmentFlat,TownHouseCluster&page=3",2026-04-05 20:59:18.337006
RR4645061,11766137,2 Bedroom Apartment Parklands,R 10 500,10500,ZAR,Parklands,Parklands 26 Parklands Main Road,2,1,1,,,,,https://www.privateproperty.co.za/to-rent/western-cape/cape-town/blouberg/parklands/26-parklands-main-road/RR4645061,"https://www.privateproperty.co.za/to-rent/western-cape/cape-town/55?pt=House,ApartmentFlat,TownHouseCluster&page=3",2026-04-05 20:59:18.337006
RR4645058,11766129,3 Bedroom House De Waterkant,R 120 000,120000,ZAR,De Waterkant,De Waterkant,3,3.5,2,,,,,https://www.privateproperty.co.za/to-rent/western-cape/cape-town/cape-town-city-bowl/de-waterkant/RR4645058,"https://www.privateproperty.co.za/to-rent/western-cape/cape-town/55?pt=House,ApartmentFlat,TownHouseCluster&page=3",2026-04-05 20:59:18.337006
RR4645057,11766124,3 Bedroom Townhouse Radloff Park,R 23 200,23200,ZAR,Radloff Park,Radloff Park,3,3,3,,,,,https://www.privateproperty.co.za/to-rent/western-cape/cape-town/somerset-west/golden-acre/radloff-park/RR4645057,"https://www.privateproperty.co.za/to-rent/western-cape/cape-town/55?pt=House,ApartmentFlat,TownHouseCluster&page=3",2026-04-05 20:59:18.337006
RR4645052,11766117,1 Bedroom Apartment Claremont,R 8 000,8000,ZAR,Claremont,Claremont,1,1,1,,,,,https://www.privateproperty.co.za/to-rent/western-cape/cape-town/southern-suburbs/claremont/RR4645052,"https://www.privateproperty.co.za/to-rent/western-cape/cape-town/55?pt=House,ApartmentFlat,TownHouseCluster&page=3",2026-04-05 20:59:18.337006
RR4147010,10512429,2 Bedroom Apartment Clifton,R 95 000,95000,ZAR,Clifton,Clifton,2,2,2,,,,,https://www.privateproperty.co.za/to-rent/western-cape/cape-town/atlantic-seaboard/clifton/RR4147010,"https://www.privateproperty.co.za/to-rent/western-cape/cape-town/55?pt=House,ApartmentFlat,TownHouseCluster&page=3",2026-04-05 20:59:18.337006
RR4645025,11766063,4 Bedroom House Anchorage Park,R 28 000,28000,ZAR,Anchorage Park,Anchorage Park,4,3,2,728 m²,,,,https://www.privateproperty.co.za/to-rent/western-cape/cape-town/gordons-bay/anchorage-park/RR4645025,"https://www.privateproperty.co.za/to-rent/western-cape/cape-town/55?pt=House,ApartmentFlat,TownHouseCluster&page=3",2026-04-05 20:59:18.337006
RR4645011,11766024,2 Bedroom Apartment Strand Central,R 7 800,7800,ZAR,Strand Central,Strand Central,2,1,,,,,,https://www.privateproperty.co.za/to-rent/western-cape/cape-town/strand/strand-central/RR4645011,"https://www.privateproperty.co.za/to-rent/western-cape/cape-town/55?pt=House,ApartmentFlat,TownHouseCluster&page=3",2026-04-05 20:59:18.337006
RR4645004,11765997,Studio apartment Green Point,R 20 000,20000,ZAR,Green Point,Green Point,0.5,1,,48 m²,,,,https://www.privateproperty.co.za/to-rent/western-cape/cape-town/atlantic-seaboard/green-point/RR4645004,"https://www.privateproperty.co.za/to-rent/western-cape/cape-town/55?pt=House,ApartmentFlat,TownHouseCluster&page=3",2026-04-05 20:59:18.337006
RR4644992,11765979,2 Bedroom Apartment Cape Town City Centre,R 27 000,27000,ZAR,Cape Town City Centre,Cape Town City Centre,2,1,,,,,,https://www.privateproperty.co.za/to-rent/western-cape/cape-town/cape-town-city-bowl/cape-town-city-centre/RR4644992,"https://www.privateproperty.co.za/to-rent/western-cape/cape-town/55?pt=House,ApartmentFlat,TownHouseCluster&page=3",2026-04-05 20:59:18.337006
RR3736648,9359608,1 Bedroom Apartment Richwood,R 11 000,11000,ZAR,Richwood,Richwood,1,1,1,,,,,https://www.privateproperty.co.za/to-rent/western-cape/cape-town/milnerton/richwood/RR3736648,"https://www.privateproperty.co.za/to-rent/western-cape/cape-town/55?pt=House,ApartmentFlat,TownHouseCluster&page=3",2026-04-05 20:59:18.337006
RR4644988,11765975,3 Bedroom Apartment Century City,R 35 000,35000,ZAR,Century City,Century City,3,2,2,,,,,https://www.privateproperty.co.za/to-rent/western-cape/cape-town/milnerton/century-city/RR4644988,"https://www.privateproperty.co.za/to-rent/western-cape/cape-town/55?pt=House,ApartmentFlat,TownHouseCluster&page=3",2026-04-05 20:59:18.337006
RR4644978,11765961,1 Bedroom Apartment Cape Town City Centre,R 18 500,18500,ZAR,Cape Town City Centre,Cape Town City Centre,1,1,,,,,,https://www.privateproperty.co.za/to-rent/western-cape/cape-town/cape-town-city-bowl/cape-town-city-centre/RR4644978,"https://www.privateproperty.co.za/to-rent/western-cape/cape-town/55?pt=House,ApartmentFlat,TownHouseCluster&page=3",2026-04-05 20:59:18.337006
RR4644974,11765954,3 Bedroom House Retreat,R 15 500,15500,ZAR,Retreat,Retreat,3,1,4,511 m²,,,,https://www.privateproperty.co.za/to-rent/western-cape/cape-town/cape-flats/retreat/RR4644974,"https://www.privateproperty.co.za/to-rent/western-cape/cape-town/55?pt=House,ApartmentFlat,TownHouseCluster&page=3",2026-04-05 20:59:18.337006
RR4644962,11765928,Loft Harfield Village,R 12 800,12800,ZAR,Harfield Village,Harfield Village,1,1,1,1 214 m²,,,,https://www.privateproperty.co.za/to-rent/western-cape/cape-town/southern-suburbs/harfield-village/RR4644962,"https://www.privateproperty.co.za/to-rent/western-cape/cape-town/55?pt=House,ApartmentFlat,TownHouseCluster&page=3",2026-04-05 20:59:18.337006
RR4644939,11765860,3 Bedroom House Strandfontein,R 16 500,16500,ZAR,Strandfontein,Strandfontein,3,2,6,292 m²,,,,https://www.privateproperty.co.za/to-rent/western-cape/cape-town/cape-flats/strandfontein/RR4644939,"https://www.privateproperty.co.za/to-rent/western-cape/cape-town/55?pt=House,ApartmentFlat,TownHouseCluster&page=3",2026-04-05 20:59:18.337006
RR4644923,11765789,3 Bedroom Townhouse Table View,R 19 000,19000,ZAR,Table View,Table View,3,2.5,2,,,,,https://www.privateproperty.co.za/to-rent/western-cape/cape-town/blouberg/table-view/RR4644923,"https://www.privateproperty.co.za/to-rent/western-cape/cape-town/55?pt=House,ApartmentFlat,TownHouseCluster&page=4",2026-04-05 20:59:18.337006
RR4393278,11136094,1 Bedroom Apartment De Velde,R 11 000,11000,ZAR,De Velde,De Velde,1,1,1,,,,,https://www.privateproperty.co.za/to-rent/western-cape/cape-town/somerset-west/de-velde/RR4393278,"https://www.privateproperty.co.za/to-rent/western-cape/cape-town/55?pt=House,ApartmentFlat,TownHouseCluster&page=4",2026-04-05 20:59:18.337006
RR4644917,11765772,2 Bedroom House Sea Point,R 32 500,32500,ZAR,Sea Point,Sea Point,2,2,,,,,,https://www.privateproperty.co.za/to-rent/western-cape/cape-town/atlantic-seaboard/sea-point/RR4644917,"https://www.privateproperty.co.za/to-rent/western-cape/cape-town/55?pt=House,ApartmentFlat,TownHouseCluster&page=4",2026-04-05 20:59:18.337006
RR4644904,11765737,2 Bedroom Apartment Rome,R 7 800,7800,ZAR,Rome,Rome,2,1,1,,,,,https://www.privateproperty.co.za/to-rent/western-cape/cape-town/strand/strand-central/rome/RR4644904,"https://www.privateproperty.co.za/to-rent/western-cape/cape-town/55?pt=House,ApartmentFlat,TownHouseCluster&page=4",2026-04-05 20:59:18.337006
RR4355065,11038388,2 Bedroom Apartment Burgundy Estate,R 14 000,14000,ZAR,Burgundy Estate,"Burgundy Estate 888 Semilon Terraces, 49 Carmine Drive",2,1,1,3 331 m²,-33.8347902,18.5495237,,https://www.privateproperty.co.za/to-rent/western-cape/cape-town/milnerton/burgundy-estate/888-semilon-terraces/49-carmine-drive/RR4355065,"https://www.privateproperty.co.za/to-rent/western-cape/cape-town/55?pt=House,ApartmentFlat,TownHouseCluster&page=4",2026-04-05 20:59:18.337006
RR4644900,11765725,4 Bedroom House Monte Vista,R 30 000,30000,ZAR,Monte Vista,Monte Vista,4,2.5,5,771 m²,,,,https://www.privateproperty.co.za/to-rent/western-cape/cape-town/goodwood/monte-vista/RR4644900,"https://www.privateproperty.co.za/to-rent/western-cape/cape-town/55?pt=House,ApartmentFlat,TownHouseCluster&page=4",2026-04-05 20:59:18.337006
RR4043428,10242943,2 Bedroom House Sea Point,R 32 500,32500,ZAR,Sea Point,Sea Point,2,2,,,,,,https://www.privateproperty.co.za/to-rent/western-cape/cape-town/atlantic-seaboard/sea-point/RR4043428,"https://www.privateproperty.co.za/to-rent/western-cape/cape-town/55?pt=House,ApartmentFlat,TownHouseCluster&page=4",2026-04-05 20:59:18.337006
RR4644858,11765602,Bachelor apartment Table View,R 10 000,10000,ZAR,Table View,Table View,1,1,1,,,,,https://www.privateproperty.co.za/to-rent/western-cape/cape-town/blouberg/table-view/RR4644858,"https://www.privateproperty.co.za/to-rent/western-cape/cape-town/55?pt=House,ApartmentFlat,TownHouseCluster&page=4",2026-04-05 20:59:18.337006
RR4644837,11765524,5 Bedroom House De Bron,R 45 000,45000,ZAR,De Bron,De Bron 32 Kanonberg,5,4,2,700 m²,-33.8187947,18.6735312,,https://www.privateproperty.co.za/to-rent/western-cape/cape-town/bellville/de-bron/32-kanonberg/RR4644837,"https://www.privateproperty.co.za/to-rent/western-cape/cape-town/55?pt=House,ApartmentFlat,TownHouseCluster&page=4",2026-04-05 20:59:18.337006
RR4644823,11765479,2 Bedroom House Rylands,R 12 500,12500,ZAR,Rylands,Rylands,2,1,2,,,,,https://www.privateproperty.co.za/to-rent/western-cape/cape-town/cape-flats/athlone/rylands/RR4644823,"https://www.privateproperty.co.za/to-rent/western-cape/cape-town/55?pt=House,ApartmentFlat,TownHouseCluster&page=4",2026-04-05 20:59:18.337006
RR4644813,11765451,1 Bedroom Apartment Paardevlei,R 14 000,14000,ZAR,Paardevlei,"Paardevlei 695 Paardevlei Lifestyle Estate, 3 De Beers Road",1,1,1,55 m²,-34.0905451432329,18.818024396896362,,https://www.privateproperty.co.za/to-rent/western-cape/cape-town/somerset-west/paardevlei/695-paardevlei-lifestyle-estate/3-de-beers-road/RR4644813,"https://www.privateproperty.co.za/to-rent/western-cape/cape-town/55?pt=House,ApartmentFlat,TownHouseCluster&page=4",2026-04-05 20:59:18.337006
RR4644807,11765428,1 Bedroom Apartment Simons Town,R 24 500,24500,ZAR,Simons Town,"Simons Town 0 Simons Town Central, 126 St Georges St",1,1,,,-34.19353,18.43346,,https://www.privateproperty.co.za/to-rent/western-cape/cape-town/simons-town/simons-town/0-simons-town-central/126-st-georges-st/RR4644807,"https://www.privateproperty.co.za/to-rent/western-cape/cape-town/55?pt=House,ApartmentFlat,TownHouseCluster&page=4",2026-04-05 20:59:18.337006
RR4644806,11765421,Bachelor apartment Table View,R 9 000,9000,ZAR,Table View,Table View,1,1,1,,,,,https://www.privateproperty.co.za/to-rent/western-cape/cape-town/blouberg/table-view/RR4644806,"https://www.privateproperty.co.za/to-rent/western-cape/cape-town/55?pt=House,ApartmentFlat,TownHouseCluster&page=4",2026-04-05 20:59:18.337006
RR4644763,11765279,3 Bedroom Apartment Audas Estate,R 11 800,11800,ZAR,Audas Estate,Audas Estate,3,1,2,,,,,https://www.privateproperty.co.za/to-rent/western-cape/cape-town/somerset-west/audas-estate/RR4644763,"https://www.privateproperty.co.za/to-rent/western-cape/cape-town/55?pt=House,ApartmentFlat,TownHouseCluster&page=4",2026-04-05 20:59:18.337006
RR4644741,11765225,1 Bedroom Apartment Oakglen,R 6 820,6820,ZAR,Oakglen,"Oakglen 25 The Palms, 37 Hadley Street",1,1,1,,-33.8875551,18.6668649,,https://www.privateproperty.co.za/to-rent/western-cape/cape-town/bellville/oakglen/25-the-palms/37-hadley-street/RR4644741,"https://www.privateproperty.co.za/to-rent/western-cape/cape-town/55?pt=House,ApartmentFlat,TownHouseCluster&page=4",2026-04-05 20:59:18.337006
RR4218151,10688461,2 Bedroom House Marina Da Gama,R 13 500,13500,ZAR,Marina Da Gama,Marina Da Gama,2,1,2,,,,,https://www.privateproperty.co.za/to-rent/western-cape/cape-town/peninsula-false-bay/marina-da-gama/RR4218151,"https://www.privateproperty.co.za/to-rent/western-cape/cape-town/55?pt=House,ApartmentFlat,TownHouseCluster&page=4",2026-04-05 20:59:18.337006
RR4451120,11280241,1 Bedroom Apartment Muizenberg,R 18 000,18000,ZAR,Muizenberg,Muizenberg,1,1,2,,,,,https://www.privateproperty.co.za/to-rent/western-cape/cape-town/peninsula-false-bay/muizenberg/RR4451120,"https://www.privateproperty.co.za/to-rent/western-cape/cape-town/55?pt=House,ApartmentFlat,TownHouseCluster&page=4",2026-04-05 20:59:18.337006
RR4644702,11765105,Studio apartment Sandown,R 11 000,11000,ZAR,Sandown,"Sandown 1 Gloriosa, 28 Gloriosa Street",1,1,1,587 m²,-33.798714,18.508113,,https://www.privateproperty.co.za/to-rent/western-cape/cape-town/blouberg/sandown/1-gloriosa/28-gloriosa-street/RR4644702,"https://www.privateproperty.co.za/to-rent/western-cape/cape-town/55?pt=House,ApartmentFlat,TownHouseCluster&page=4",2026-04-05 20:59:18.337006
RR4644675,11765045,1 Bedroom Apartment De Waterkant,R 16 500,16500,ZAR,De Waterkant,De Waterkant,1,1,,58 m²,,,,https://www.privateproperty.co.za/to-rent/western-cape/cape-town/cape-town-city-bowl/de-waterkant/RR4644675,"https://www.privateproperty.co.za/to-rent/western-cape/cape-town/55?pt=House,ApartmentFlat,TownHouseCluster&page=4",2026-04-05 20:59:18.337006
RR4644668,11765024,1 Bedroom Apartment Rondebosch,R 13 500,13500,ZAR,Rondebosch,Rondebosch,1,1,1,,,,,https://www.privateproperty.co.za/to-rent/western-cape/cape-town/southern-suburbs/rondebosch/RR4644668,"https://www.privateproperty.co.za/to-rent/western-cape/cape-town/55?pt=House,ApartmentFlat,TownHouseCluster&page=4",2026-04-05 20:59:18.337006
RR4644641,11764950,2 Bedroom Apartment Mountainside,R 10 500,10500,ZAR,Mountainside,Mountainside,2,1,2,,,,,https://www.privateproperty.co.za/to-rent/western-cape/cape-town/gordons-bay/mountainside/RR4644641,"https://www.privateproperty.co.za/to-rent/western-cape/cape-town/55?pt=House,ApartmentFlat,TownHouseCluster&page=5",2026-04-05 20:59:18.337006
RR4644635,11764929,Studio Apartment Mouille Point,R 19 500,19500,ZAR,Mouille Point,Mouille Point,0.5,1,,,,,,https://www.privateproperty.co.za/to-rent/western-cape/cape-town/atlantic-seaboard/mouille-point/RR4644635,"https://www.privateproperty.co.za/to-rent/western-cape/cape-town/55?pt=House,ApartmentFlat,TownHouseCluster&page=5",2026-04-05 20:59:18.337006
RR4644631,11764919,1 Bedroom Apartment Waves Edge,R 11 500,11500,ZAR,Waves Edge,Waves Edge,1,1,,,,,,https://www.privateproperty.co.za/to-rent/western-cape/cape-town/blouberg/bloubergstrand/waves-edge/RR4644631,"https://www.privateproperty.co.za/to-rent/western-cape/cape-town/55?pt=House,ApartmentFlat,TownHouseCluster&page=5",2026-04-05 20:59:18.337006
RR3679985,9196734,1 Bedroom Apartment Rondebosch East,R 12 000,12000,ZAR,Rondebosch East,Rondebosch East,1,1,1,,,,,https://www.privateproperty.co.za/to-rent/western-cape/cape-town/southern-suburbs/rondebosch-east/RR3679985,"https://www.privateproperty.co.za/to-rent/western-cape/cape-town/55?pt=House,ApartmentFlat,TownHouseCluster&page=5",2026-04-05 20:59:18.337006
RR4644622,11764887,2 Bedroom Apartment Bantry Bay,R 65 000,65000,ZAR,Bantry Bay,Bantry Bay,2,2.5,1,,,,,https://www.privateproperty.co.za/to-rent/western-cape/cape-town/atlantic-seaboard/bantry-bay/RR4644622,"https://www.privateproperty.co.za/to-rent/western-cape/cape-town/55?pt=House,ApartmentFlat,TownHouseCluster&page=5",2026-04-05 20:59:18.337006
RR4644605,11764848,2 Bedroom Apartment Admirals Park,R 10 500,10500,ZAR,Admirals Park,Admirals Park,2,2,2,15.8 ha,,,,https://www.privateproperty.co.za/to-rent/western-cape/cape-town/gordons-bay/admirals-park/RR4644605,"https://www.privateproperty.co.za/to-rent/western-cape/cape-town/55?pt=House,ApartmentFlat,TownHouseCluster&page=5",2026-04-05 20:59:18.337006
RR4644584,11764788,1 Bedroom Apartment Woodstock,R 12 000,12000,ZAR,Woodstock,Woodstock,1,1,,,,,,https://www.privateproperty.co.za/to-rent/western-cape/cape-town/cape-town-city-bowl/woodstock/RR4644584,"https://www.privateproperty.co.za/to-rent/western-cape/cape-town/55?pt=House,ApartmentFlat,TownHouseCluster&page=5",2026-04-05 20:59:18.337006
RR4644554,11764700,Studio Apartment Woodstock,R 13 500,13500,ZAR,Woodstock,Woodstock,0.5,1,1,,,,,https://www.privateproperty.co.za/to-rent/western-cape/cape-town/cape-town-city-bowl/woodstock/RR4644554,"https://www.privateproperty.co.za/to-rent/western-cape/cape-town/55?pt=House,ApartmentFlat,TownHouseCluster&page=5",2026-04-05 20:59:18.337006
RR4325519,10957485,2 Bedroom Apartment Zonnebloem,R 19 000,19000,ZAR,Zonnebloem,Zonnebloem 10 Hanover Street,2,2,1,,,,,https://www.privateproperty.co.za/to-rent/western-cape/cape-town/cape-town-city-bowl/zonnebloem/castle-rock/10-hanover-street/RR4325519,"https://www.privateproperty.co.za/to-rent/western-cape/cape-town/55?pt=House,ApartmentFlat,TownHouseCluster&page=5",2026-04-05 20:59:18.337006
RR4644533,11764654,3 Bedroom House Rondebosch,R 65 000,65000,ZAR,Rondebosch,Rondebosch 15 Malcolm Road,3,3,4,560 m²,,,,https://www.privateproperty.co.za/to-rent/western-cape/cape-town/southern-suburbs/rondebosch/15-malcolm-road/RR4644533,"https://www.privateproperty.co.za/to-rent/western-cape/cape-town/55?pt=House,ApartmentFlat,TownHouseCluster&page=5",2026-04-05 20:59:18.337006
RR3513997,8718736,2 Bedroom House Observatory,R 5 750,5750,ZAR,Observatory,Observatory 78 Rochester,2,1,,,,,,https://www.privateproperty.co.za/to-rent/western-cape/cape-town/cape-town-city-bowl/observatory/78-rochester/RR3513997,"https://www.privateproperty.co.za/to-rent/western-cape/cape-town/55?pt=House,ApartmentFlat,TownHouseCluster&page=5",2026-04-05 20:59:18.337006
RR4644521,11764632,1 Bedroom Apartment Cape Town City Centre,R 15 500,15500,ZAR,Cape Town City Centre,Cape Town City Centre,1,1,1,,,,,https://www.privateproperty.co.za/to-rent/western-cape/cape-town/cape-town-city-bowl/cape-town-city-centre/RR4644521,"https://www.privateproperty.co.za/to-rent/western-cape/cape-town/55?pt=House,ApartmentFlat,TownHouseCluster&page=5",2026-04-05 20:59:18.337006
RR4259912,10791886,1 Bedroom Apartment Cape Town City Centre,R 15 000,15000,ZAR,Cape Town City Centre,Cape Town City Centre 45 Mill Street,1,1,1,,,,,https://www.privateproperty.co.za/to-rent/western-cape/cape-town/cape-town-city-bowl/cape-town-city-centre/schoonmill/45-mill-street/RR4259912,"https://www.privateproperty.co.za/to-rent/western-cape/cape-town/55?pt=House,ApartmentFlat,TownHouseCluster&page=5",2026-04-05 20:59:18.337006
RR4644520,11764630,1 Bedroom Apartment Claremont Upper,R 25 000,25000,ZAR,Claremont Upper,"Claremont Upper 1 Greenways, 1 Torquay Avenue",1,1,,,,,,https://www.privateproperty.co.za/to-rent/western-cape/cape-town/southern-suburbs/claremont/claremont-upper/1-greenways/1-torquay-avenue/RR4644520,"https://www.privateproperty.co.za/to-rent/western-cape/cape-town/55?pt=House,ApartmentFlat,TownHouseCluster&page=5",2026-04-05 20:59:18.337006
RR4644516,11764622,1 Bedroom Apartment Observatory,R 18 500,18500,ZAR,Observatory,Observatory,1,1,1,,,,,https://www.privateproperty.co.za/to-rent/western-cape/cape-town/cape-town-city-bowl/observatory/RR4644516,"https://www.privateproperty.co.za/to-rent/western-cape/cape-town/55?pt=House,ApartmentFlat,TownHouseCluster&page=5",2026-04-05 20:59:18.337006
RR4644515,11764619,3 Bedroom Townhouse Burgundy Estate,R 25 000,25000,ZAR,Burgundy Estate,"Burgundy Estate 010101 Junixe, 11 Carmine Dr",3,2,4,321 m²,-33.8394213,18.5492848,,https://www.privateproperty.co.za/to-rent/western-cape/cape-town/milnerton/burgundy-estate/010101-junixe/11-carmine-dr/RR4644515,"https://www.privateproperty.co.za/to-rent/western-cape/cape-town/55?pt=House,ApartmentFlat,TownHouseCluster&page=5",2026-04-05 20:59:18.337006
RR4644503,11764587,2 Bedroom Apartment Ruyteplaats,R 33 000,33000,ZAR,Ruyteplaats,"Ruyteplaats 25 Ruytplaats Mountain Lodges, 25 Ruytepaats Drive",2,1,2,,,,,https://www.privateproperty.co.za/to-rent/western-cape/cape-town/hout-bay/ruyteplaats/25-ruytplaats-mountain-lodges/25-ruytepaats-drive/RR4644503,"https://www.privateproperty.co.za/to-rent/western-cape/cape-town/55?pt=House,ApartmentFlat,TownHouseCluster&page=5",2026-04-05 20:59:18.337006
RR4644501,11764584,2 Bedroom Apartment Fresnaye,R 49 000,49000,ZAR,Fresnaye,Fresnaye,2,2.5,,,,,,https://www.privateproperty.co.za/to-rent/western-cape/cape-town/atlantic-seaboard/fresnaye/RR4644501,"https://www.privateproperty.co.za/to-rent/western-cape/cape-town/55?pt=House,ApartmentFlat,TownHouseCluster&page=5",2026-04-05 20:59:18.337006
RR4644495,11764577,3 Bedroom House Kelderhof Country Village,R 30 000,30000,ZAR,Kelderhof Country Village,Kelderhof Country Village,3,2,3,,,,,https://www.privateproperty.co.za/to-rent/western-cape/cape-town/somerset-west/croydon/kelderhof-country-village/RR4644495,"https://www.privateproperty.co.za/to-rent/western-cape/cape-town/55?pt=House,ApartmentFlat,TownHouseCluster&page=5",2026-04-05 20:59:18.337006
RR4426617,11219447,1 Bedroom Apartment Tijgerhof,R 9 000,9000,ZAR,Tijgerhof,"Tijgerhof 2 55b Pringle, 55b Pringle Road",1,1,1,419 m²,-33.886737,18.498802,,https://www.privateproperty.co.za/to-rent/western-cape/cape-town/milnerton/tijgerhof/2-55b-pringle/55b-pringle-road/RR4426617,"https://www.privateproperty.co.za/to-rent/western-cape/cape-town/55?pt=House,ApartmentFlat,TownHouseCluster&page=5",2026-04-05 20:59:18.337006
RR4046877,10252045,3 Bedroom House Rondebosch,R 44 000,44000,ZAR,Rondebosch,Rondebosch,3,2.5,1,,,,,https://www.privateproperty.co.za/to-rent/western-cape/cape-town/southern-suburbs/rondebosch/RR4046877,"https://www.privateproperty.co.za/to-rent/western-cape/cape-town/55?pt=House,ApartmentFlat,TownHouseCluster&page=6",2026-04-05 20:59:18.337006
RR4644471,11764512,1 Bedroom Apartment Flamingo Vlei,R 15 500,15500,ZAR,Flamingo Vlei,Flamingo Vlei,1,1,1,,,,,https://www.privateproperty.co.za/to-rent/western-cape/cape-town/blouberg/flamingo-vlei/RR4644471,"https://www.privateproperty.co.za/to-rent/western-cape/cape-town/55?pt=House,ApartmentFlat,TownHouseCluster&page=6",2026-04-05 20:59:18.337006
RR4644449,11764454,4 Bedroom Townhouse Overkloof,R 40 000,40000,ZAR,Overkloof,Overkloof,4,3.5,2,362 m²,,,,https://www.privateproperty.co.za/to-rent/western-cape/cape-town/hout-bay/overkloof/RR4644449,"https://www.privateproperty.co.za/to-rent/western-cape/cape-town/55?pt=House,ApartmentFlat,TownHouseCluster&page=6",2026-04-05 20:59:18.337006
RR4644419,11764384,1 Bedroom Apartment Rondebosch,R 13 000,13000,ZAR,Rondebosch,Rondebosch,1,1,1,,,,,https://www.privateproperty.co.za/to-rent/western-cape/cape-town/southern-suburbs/rondebosch/RR4644419,"https://www.privateproperty.co.za/to-rent/western-cape/cape-town/55?pt=House,ApartmentFlat,TownHouseCluster&page=6",2026-04-05 20:59:18.337006
RR4644416,11764378,3 Bedroom House Morgenster,R 10 000,10000,ZAR,Morgenster,Morgenster,3,2,4,345 m²,,,,https://www.privateproperty.co.za/to-rent/western-cape/cape-town/brackenfell/morgenster/RR4644416,"https://www.privateproperty.co.za/to-rent/western-cape/cape-town/55?pt=House,ApartmentFlat,TownHouseCluster&page=6",2026-04-05 20:59:18.337006
RR4644399,11764335,1 Bedroom Apartment Kenilworth,R 14 500,14500,ZAR,Kenilworth,Kenilworth,1,1,,,,,,https://www.privateproperty.co.za/to-rent/western-cape/cape-town/southern-suburbs/kenilworth/RR4644399,"https://www.privateproperty.co.za/to-rent/western-cape/cape-town/55?pt=House,ApartmentFlat,TownHouseCluster&page=6",2026-04-05 20:59:18.337006
RR4030736,10206047,1 Bedroom Apartment Strand North,R 8 500,8500,ZAR,Strand North,Strand North,1,1,1,,,,,https://www.privateproperty.co.za/to-rent/western-cape/cape-town/strand/strand-north/RR4030736,"https://www.privateproperty.co.za/to-rent/western-cape/cape-town/55?pt=House,ApartmentFlat,TownHouseCluster&page=6",2026-04-05 20:59:18.337006
RR4644387,11764305,2 Bedroom Apartment Vredehoek,R 24 500,24500,ZAR,Vredehoek,"Vredehoek 0 Pine Park, 9 Watsonia St",2,2,1,,-33.93654,18.42937,,https://www.privateproperty.co.za/to-rent/western-cape/cape-town/cape-town-city-bowl/vredehoek/0-pine-park/9-watsonia-st/RR4644387,"https://www.privateproperty.co.za/to-rent/western-cape/cape-town/55?pt=House,ApartmentFlat,TownHouseCluster&page=6",2026-04-05 20:59:18.337006
RR4644369,11764275,2 Bedroom Apartment Windsor Park,R 12 500,12500,ZAR,Windsor Park,Windsor Park 7 Fiskaal Street,2,1,2,,-33.8376261,18.709039,,https://www.privateproperty.co.za/to-rent/western-cape/cape-town/kraaifontein/windsor-park/7-fiskaal-street/RR4644369,"https://www.privateproperty.co.za/to-rent/western-cape/cape-town/55?pt=House,ApartmentFlat,TownHouseCluster&page=6",2026-04-05 20:59:18.337006
RR4644355,11764240,3 Bedroom Apartment Melkbosstrand,R 35 000,35000,ZAR,Melkbosstrand,Melkbosstrand,3,2,1,1 726 m²,,,,https://www.privateproperty.co.za/to-rent/western-cape/cape-town/melkbosstrand/melkbosstrand/RR4644355,"https://www.privateproperty.co.za/to-rent/western-cape/cape-town/55?pt=House,ApartmentFlat,TownHouseCluster&page=6",2026-04-05 20:59:18.337006
RR4644353,11764238,3 Bedroom House Loevenstein,R 38 500,38500,ZAR,Loevenstein,Loevenstein 14 Allen Drive,3,4,5,,-33.8861861,18.6156412,,https://www.privateproperty.co.za/to-rent/western-cape/cape-town/bellville/loevenstein/14-allen-drive/RR4644353,"https://www.privateproperty.co.za/to-rent/western-cape/cape-town/55?pt=House,ApartmentFlat,TownHouseCluster&page=6",2026-04-05 20:59:18.337006
RR4644316,11764170,3 Bedroom House Kronenzicht,R 60 000,60000,ZAR,Kronenzicht,Kronenzicht,3,2.5,2,393 m²,,,,https://www.privateproperty.co.za/to-rent/western-cape/cape-town/hout-bay/kronenzicht/RR4644316,"https://www.privateproperty.co.za/to-rent/western-cape/cape-town/55?pt=House,ApartmentFlat,TownHouseCluster&page=6",2026-04-05 20:59:18.337006
RR4644314,11764164,2 Bedroom Townhouse Retreat,R 13 000,13000,ZAR,Retreat,Retreat,2,1,,,,,,https://www.privateproperty.co.za/to-rent/western-cape/cape-town/cape-flats/retreat/RR4644314,"https://www.privateproperty.co.za/to-rent/western-cape/cape-town/55?pt=House,ApartmentFlat,TownHouseCluster&page=6",2026-04-05 20:59:18.337006
RR4644309,11764144,1 Bedroom Apartment Cape Town City Centre,R 12 000,12000,ZAR,Cape Town City Centre,Cape Town City Centre 5 St Georges Mall,1,1,,,,,,https://www.privateproperty.co.za/to-rent/western-cape/cape-town/cape-town-city-bowl/cape-town-city-centre/black-brick/5-st-georges-mall/RR4644309,"https://www.privateproperty.co.za/to-rent/western-cape/cape-town/55?pt=House,ApartmentFlat,TownHouseCluster&page=6",2026-04-05 20:59:18.337006
RR4644306,11764133,2 Bedroom Apartment Burgundy Estate,R 16 000,16000,ZAR,Burgundy Estate,Burgundy Estate,2,2,1,,,,,https://www.privateproperty.co.za/to-rent/western-cape/cape-town/milnerton/burgundy-estate/RR4644306,"https://www.privateproperty.co.za/to-rent/western-cape/cape-town/55?pt=House,ApartmentFlat,TownHouseCluster&page=6",2026-04-05 20:59:18.337006
RR4644301,11764121,1 Bedroom Apartment Strand Central,R 10 500,10500,ZAR,Strand Central,"Strand Central 958 De Velde, 2 De Beers Avenue",1,1,1,,-34.0906395,18.8220977,,https://www.privateproperty.co.za/to-rent/western-cape/cape-town/strand/strand-central/958-de-velde/2-de-beers-avenue/RR4644301,"https://www.privateproperty.co.za/to-rent/western-cape/cape-town/55?pt=House,ApartmentFlat,TownHouseCluster&page=6",2026-04-05 20:59:18.337006
RR4644302,11764122,3 Bedroom Townhouse Kuilsriver,R 19 200,19200,ZAR,Kuilsriver,Kuilsriver,3,2,3,,,,,https://www.privateproperty.co.za/to-rent/western-cape/cape-town/kuils-river/kuilsriver/RR4644302,"https://www.privateproperty.co.za/to-rent/western-cape/cape-town/55?pt=House,ApartmentFlat,TownHouseCluster&page=6",2026-04-05 20:59:18.337006
RR4644295,11764098,1 Bedroom House Kommetjie,R 15 000,15000,ZAR,Kommetjie,Kommetjie,1,1,1,,,,,https://www.privateproperty.co.za/to-rent/western-cape/cape-town/peninsula-false-bay/kommetjie/RR4644295,"https://www.privateproperty.co.za/to-rent/western-cape/cape-town/55?pt=House,ApartmentFlat,TownHouseCluster&page=6",2026-04-05 20:59:18.337006
RR4644278,11764056,2 Bedroom Apartment Kommetjie,R 11 500,11500,ZAR,Kommetjie,Kommetjie,2,1,1,,,,,https://www.privateproperty.co.za/to-rent/western-cape/cape-town/peninsula-false-bay/kommetjie/RR4644278,"https://www.privateproperty.co.za/to-rent/western-cape/cape-town/55?pt=House,ApartmentFlat,TownHouseCluster&page=6",2026-04-05 20:59:18.337006
RR4644272,11764042,3 Bedroom House Sonkring,R 24 000,24000,ZAR,Sonkring,Sonkring 9 Beige Crescent Sonkring,3,2,,,,,,https://www.privateproperty.co.za/to-rent/western-cape/cape-town/brackenfell/sonkring/9-beige-crescent-sonkring/RR4644272,"https://www.privateproperty.co.za/to-rent/western-cape/cape-town/55?pt=House,ApartmentFlat,TownHouseCluster&page=6",2026-04-05 20:59:18.337006
RR4644268,11764027,2 Bedroom Apartment Sunridge,R 12 500,12500,ZAR,Sunridge,Sunridge,2,1,,90 m²,,,,https://www.privateproperty.co.za/to-rent/western-cape/cape-town/blouberg/table-view/sunridge/RR4644268,"https://www.privateproperty.co.za/to-rent/western-cape/cape-town/55?pt=House,ApartmentFlat,TownHouseCluster&page=7",2026-04-05 20:59:18.337006
RR4644249,11763984,3 Bedroom House La Concorde,R 38 000,38000,ZAR,La Concorde,La Concorde,3,1.5,2,1 000 m²,,,,https://www.privateproperty.co.za/to-rent/western-cape/cape-town/somerset-west/la-concorde/RR4644249,"https://www.privateproperty.co.za/to-rent/western-cape/cape-town/55?pt=House,ApartmentFlat,TownHouseCluster&page=7",2026-04-05 20:59:18.337006
RR4644245,11763972,2 Bedroom Apartment Rondebosch,R 18 000,18000,ZAR,Rondebosch,Rondebosch,2,1,2,,,,,https://www.privateproperty.co.za/to-rent/western-cape/cape-town/southern-suburbs/rondebosch/RR4644245,"https://www.privateproperty.co.za/to-rent/western-cape/cape-town/55?pt=House,ApartmentFlat,TownHouseCluster&page=7",2026-04-05 20:59:18.337006
RR4644228,11763934,1 Bedroom Apartment Century City,R 16 495,16495,ZAR,Century City,Century City 232 Villa Italia,1,1,1,,,,,https://www.privateproperty.co.za/to-rent/western-cape/cape-town/milnerton/century-city/232-villa-italia/century-drive/RR4644228,"https://www.privateproperty.co.za/to-rent/western-cape/cape-town/55?pt=House,ApartmentFlat,TownHouseCluster&page=7",2026-04-05 20:59:18.337006
RR4644225,11763929,2 Bedroom Apartment Somerset West Central,R 14 800,14800,ZAR,Somerset West Central,Somerset West Central,2,2,2,,,,,https://www.privateproperty.co.za/to-rent/western-cape/cape-town/somerset-west/somerset-west-central/RR4644225,"https://www.privateproperty.co.za/to-rent/western-cape/cape-town/55?pt=House,ApartmentFlat,TownHouseCluster&page=7",2026-04-05 20:59:18.337006
RR4644213,11763905,3 Bedroom Apartment Table View,R 23 800,23800,ZAR,Table View,"Table View 26 Royal Palm, 59 Coral Rd Street",3,2,2,,-33.8136698,18.4723976,,https://www.privateproperty.co.za/to-rent/western-cape/cape-town/blouberg/table-view/26-royal-palm/59-coral-rd-street/RR4644213,"https://www.privateproperty.co.za/to-rent/western-cape/cape-town/55?pt=House,ApartmentFlat,TownHouseCluster&page=7",2026-04-05 20:59:18.337006
RR4644206,11763886,4 Bedroom House Heritage Park,R 35 500,35500,ZAR,Heritage Park,Heritage Park,4,4,4,,,,,https://www.privateproperty.co.za/to-rent/western-cape/cape-town/somerset-west/heritage-park/RR4644206,"https://www.privateproperty.co.za/to-rent/western-cape/cape-town/55?pt=House,ApartmentFlat,TownHouseCluster&page=7",2026-04-05 20:59:18.337006
RR4644196,11763865,2 Bedroom House Glencairn Heights,R 20 000,20000,ZAR,Glencairn Heights,Glencairn Heights 33 Glen Beach Way,2,1,1,,-34.1573758,18.4323245,,https://www.privateproperty.co.za/to-rent/western-cape/cape-town/peninsula-false-bay/glencairn/glencairn-heights/33-glen-beach-way/RR4644196,"https://www.privateproperty.co.za/to-rent/western-cape/cape-town/55?pt=House,ApartmentFlat,TownHouseCluster&page=7",2026-04-05 20:59:18.337006
RR4644174,11763816,4 Bedroom Townhouse Beach Estate,R 29 500,29500,ZAR,Beach Estate,Beach Estate,4,3,2,,,,,https://www.privateproperty.co.za/to-rent/western-cape/cape-town/hout-bay/beach-estate/RR4644174,"https://www.privateproperty.co.za/to-rent/western-cape/cape-town/55?pt=House,ApartmentFlat,TownHouseCluster&page=7",2026-04-05 20:59:18.337006
RR4644173,11763812,3 Bedroom Duplex Durbanville Central,R 22 500,22500,ZAR,Durbanville Central,Durbanville Central,3,2.5,2,,,,,https://www.privateproperty.co.za/to-rent/western-cape/cape-town/durbanville/durbanville-central/RR4644173,"https://www.privateproperty.co.za/to-rent/western-cape/cape-town/55?pt=House,ApartmentFlat,TownHouseCluster&page=7",2026-04-05 20:59:18.337006
RR4644156,11763779,2 Bedroom House Rivergate,R 10 500,10500,ZAR,Rivergate,Rivergate,2,1,,,,,,https://www.privateproperty.co.za/to-rent/western-cape/cape-town/milnerton/rivergate/RR4644156,"https://www.privateproperty.co.za/to-rent/western-cape/cape-town/55?pt=House,ApartmentFlat,TownHouseCluster&page=7",2026-04-05 20:59:18.337006
RR4644149,11763767,2 Bedroom Apartment Parklands,R 8 950,8950,ZAR,Parklands,Parklands,2,1,1,,,,,https://www.privateproperty.co.za/to-rent/western-cape/cape-town/blouberg/parklands/RR4644149,"https://www.privateproperty.co.za/to-rent/western-cape/cape-town/55?pt=House,ApartmentFlat,TownHouseCluster&page=7",2026-04-05 20:59:18.337006
RR4644152,11763770,Studio apartment Waves Edge,R 12 500,12500,ZAR,Waves Edge,Waves Edge,,1,1,,,,,https://www.privateproperty.co.za/to-rent/western-cape/cape-town/blouberg/bloubergstrand/waves-edge/RR4644152,"https://www.privateproperty.co.za/to-rent/western-cape/cape-town/55?pt=House,ApartmentFlat,TownHouseCluster&page=7",2026-04-05 20:59:18.337006
RR3593940,8954251,2 Bedroom Apartment Burgundy Estate,R 16 500,16500,ZAR,Burgundy Estate,Burgundy Estate,2,2,1,,,,,https://www.privateproperty.co.za/to-rent/western-cape/cape-town/milnerton/burgundy-estate/RR3593940,"https://www.privateproperty.co.za/to-rent/western-cape/cape-town/55?pt=House,ApartmentFlat,TownHouseCluster&page=7",2026-04-05 20:59:18.337006
RR4644124,11763721,2 Bedroom House Rivergate,R 9 250,9250,ZAR,Rivergate,Rivergate,2,1,,,,,,https://www.privateproperty.co.za/to-rent/western-cape/cape-town/milnerton/rivergate/RR4644124,"https://www.privateproperty.co.za/to-rent/western-cape/cape-town/55?pt=House,ApartmentFlat,TownHouseCluster&page=7",2026-04-05 20:59:18.337006
RR4644119,11763715,2 Bedroom Apartment Muizenberg,R 10 450,10450,ZAR,Muizenberg,Muizenberg,2,1,,,,,,https://www.privateproperty.co.za/to-rent/western-cape/cape-town/peninsula-false-bay/muizenberg/RR4644119,"https://www.privateproperty.co.za/to-rent/western-cape/cape-town/55?pt=House,ApartmentFlat,TownHouseCluster&page=7",2026-04-05 20:59:18.337006
RR4644110,11763697,2 Bedroom Apartment Southfield,R 9 600,9600,ZAR,Southfield,Southfield,2,1,,,,,,https://www.privateproperty.co.za/to-rent/western-cape/cape-town/southern-suburbs/southfield/RR4644110,"https://www.privateproperty.co.za/to-rent/western-cape/cape-town/55?pt=House,ApartmentFlat,TownHouseCluster&page=7",2026-04-05 20:59:18.337006
RR4312788,10922090,3 Bedroom Apartment Richwood,R 23 800,23800,ZAR,Richwood,Richwood,3,2,,,,,,https://www.privateproperty.co.za/to-rent/western-cape/cape-town/milnerton/richwood/RR4312788,"https://www.privateproperty.co.za/to-rent/western-cape/cape-town/55?pt=House,ApartmentFlat,TownHouseCluster&page=7",2026-04-05 20:59:18.337006
RR4644107,11763694,1 Bedroom Apartment Rondebosch,R 9 300,9300,ZAR,Rondebosch,Rondebosch,1,1,,,,,,https://www.privateproperty.co.za/to-rent/western-cape/cape-town/southern-suburbs/rondebosch/RR4644107,"https://www.privateproperty.co.za/to-rent/western-cape/cape-town/55?pt=House,ApartmentFlat,TownHouseCluster&page=7",2026-04-05 20:59:18.337006
RR4644096,11763677,2 Bedroom Duplex Kenilworth,R 14 000,14000,ZAR,Kenilworth,"Kenilworth 34 Kenilworth Village, 1 Punters Way",2,1,,,,,,https://www.privateproperty.co.za/to-rent/western-cape/cape-town/southern-suburbs/kenilworth/34-kenilworth-village/1-punters-way/RR4644096,"https://www.privateproperty.co.za/to-rent/western-cape/cape-town/55?pt=House,ApartmentFlat,TownHouseCluster&page=7",2026-04-05 20:59:18.337006
RR4644091,11763671,Studio apartment Muizenberg,R 7 400,7400,ZAR,Muizenberg,Muizenberg,0.5,1,,,,,,https://www.privateproperty.co.za/to-rent/western-cape/cape-town/peninsula-false-bay/muizenberg/RR4644091,"https://www.privateproperty.co.za/to-rent/western-cape/cape-town/55?pt=House,ApartmentFlat,TownHouseCluster&page=8",2026-04-05 20:59:18.337006
RR4644085,11763661,2 Bedroom Apartment Kenilworth,R 13 000,13000,ZAR,Kenilworth,Kenilworth,2,1,1,,,,,https://www.privateproperty.co.za/to-rent/western-cape/cape-town/southern-suburbs/kenilworth/RR4644085,"https://www.privateproperty.co.za/to-rent/western-cape/cape-town/55?pt=House,ApartmentFlat,TownHouseCluster&page=8",2026-04-05 20:59:18.337006
RR4644075,11763651,3 Bedroom House Bergvliet,R 40 000,40000,ZAR,Bergvliet,Bergvliet,3,2,2,,,,,https://www.privateproperty.co.za/to-rent/western-cape/cape-town/southern-suburbs/bergvliet/RR4644075,"https://www.privateproperty.co.za/to-rent/western-cape/cape-town/55?pt=House,ApartmentFlat,TownHouseCluster&page=8",2026-04-05 20:59:18.337006
RR4644053,11763600,4 Bedroom Townhouse Sandown,R 35 000,35000,ZAR,Sandown,Sandown,4,3,1,,,,,https://www.privateproperty.co.za/to-rent/western-cape/cape-town/blouberg/sandown/RR4644053,"https://www.privateproperty.co.za/to-rent/western-cape/cape-town/55?pt=House,ApartmentFlat,TownHouseCluster&page=8",2026-04-05 20:59:18.337006
RR3752367,9409980,1 Bedroom Apartment Burgundy Estate,R 12 500,12500,ZAR,Burgundy Estate,Burgundy Estate,1,1,,,,,,https://www.privateproperty.co.za/to-rent/western-cape/cape-town/milnerton/burgundy-estate/RR3752367,"https://www.privateproperty.co.za/to-rent/western-cape/cape-town/55?pt=House,ApartmentFlat,TownHouseCluster&page=8",2026-04-05 20:59:18.337006
RR4644033,11763559,1 Bedroom Apartment Burgundy Estate,R 12 500,12500,ZAR,Burgundy Estate,Burgundy Estate,1,1,,,,,,https://www.privateproperty.co.za/to-rent/western-cape/cape-town/milnerton/burgundy-estate/RR4644033,"https://www.privateproperty.co.za/to-rent/western-cape/cape-town/55?pt=House,ApartmentFlat,TownHouseCluster&page=8",2026-04-05 20:59:18.337006
RR4644030,11763556,7 Bedroom House Mountainside,R 55 000,55000,ZAR,Mountainside,Mountainside,7,4,2,,,,,https://www.privateproperty.co.za/to-rent/western-cape/cape-town/gordons-bay/mountainside/RR4644030,"https://www.privateproperty.co.za/to-rent/western-cape/cape-town/55?pt=House,ApartmentFlat,TownHouseCluster&page=8",2026-04-05 20:59:18.337006
RR4644005,11763479,1 Bedroom Apartment Burgundy Estate,R 12 500,12500,ZAR,Burgundy Estate,Burgundy Estate,1,1,,,,,,https://www.privateproperty.co.za/to-rent/western-cape/cape-town/milnerton/burgundy-estate/RR4644005,"https://www.privateproperty.co.za/to-rent/western-cape/cape-town/55?pt=House,ApartmentFlat,TownHouseCluster&page=8",2026-04-05 20:59:18.337006
RR4338089,10992147,2 Bedroom Apartment Century City,R 31 900,31900,ZAR,Century City,Century City,2,2,2,,,,,https://www.privateproperty.co.za/to-rent/western-cape/cape-town/milnerton/century-city/RR4338089,"https://www.privateproperty.co.za/to-rent/western-cape/cape-town/55?pt=House,ApartmentFlat,TownHouseCluster&page=8",2026-04-05 20:59:18.337006
RR4643940,11763347,3 Bedroom Apartment Parklands,R 11 200,11200,ZAR,Parklands,Parklands,3,1,,,,,,https://www.privateproperty.co.za/to-rent/western-cape/cape-town/blouberg/parklands/RR4643940,"https://www.privateproperty.co.za/to-rent/western-cape/cape-town/55?pt=House,ApartmentFlat,TownHouseCluster&page=8",2026-04-05 20:59:18.337006
RR4643918,11763307,3 Bedroom Townhouse Bantry Bay,R 150 000,150000,ZAR,Bantry Bay,Bantry Bay,3,4,2,,,,,https://www.privateproperty.co.za/to-rent/western-cape/cape-town/atlantic-seaboard/bantry-bay/RR4643918,"https://www.privateproperty.co.za/to-rent/western-cape/cape-town/55?pt=House,ApartmentFlat,TownHouseCluster&page=8",2026-04-05 20:59:18.337006
RR4643900,11763269,2 Bedroom Apartment Bantry Bay,R 50 000,50000,ZAR,Bantry Bay,Bantry Bay,2,2,1,,,,,https://www.privateproperty.co.za/to-rent/western-cape/cape-town/atlantic-seaboard/bantry-bay/RR4643900,"https://www.privateproperty.co.za/to-rent/western-cape/cape-town/55?pt=House,ApartmentFlat,TownHouseCluster&page=8",2026-04-05 20:59:18.337006
RR3521352,8742412,4 Bedroom House Table View,R 18 000,18000,ZAR,Table View,Table View 144 Blaauwberg,4,3,1,350 m²,-33.8271502,18.4957437,,https://www.privateproperty.co.za/to-rent/western-cape/cape-town/blouberg/table-view/144-blaauwberg/RR3521352,"https://www.privateproperty.co.za/to-rent/western-cape/cape-town/55?pt=House,ApartmentFlat,TownHouseCluster&page=8",2026-04-05 20:59:18.337006
RR4643885,11763222,1 Bedroom Apartment Windsor Park,R 6 900,6900,ZAR,Windsor Park,Windsor Park,1,1,,,,,,https://www.privateproperty.co.za/to-rent/western-cape/cape-town/kraaifontein/windsor-park/RR4643885,"https://www.privateproperty.co.za/to-rent/western-cape/cape-town/55?pt=House,ApartmentFlat,TownHouseCluster&page=8",2026-04-05 20:59:18.337006
RR4643858,11763145,2 Bedroom Apartment Sea Point,R 29 500,29500,ZAR,Sea Point,Sea Point,2,1,1,,,,,https://www.privateproperty.co.za/to-rent/western-cape/cape-town/atlantic-seaboard/sea-point/RR4643858,"https://www.privateproperty.co.za/to-rent/western-cape/cape-town/55?pt=House,ApartmentFlat,TownHouseCluster&page=8",2026-04-05 20:59:18.337006
RR4643822,11763069,1 Bedroom Apartment Mountainside,R 8 000,8000,ZAR,Mountainside,Mountainside,1,1,1,,,,,https://www.privateproperty.co.za/to-rent/western-cape/cape-town/gordons-bay/mountainside/RR4643822,"https://www.privateproperty.co.za/to-rent/western-cape/cape-town/55?pt=House,ApartmentFlat,TownHouseCluster&page=8",2026-04-05 20:59:18.337006
RR4643810,11763045,2 Bedroom Apartment Sea Point,R 28 000,28000,ZAR,Sea Point,Sea Point,2,1,,,,,,https://www.privateproperty.co.za/to-rent/western-cape/cape-town/atlantic-seaboard/sea-point/RR4643810,"https://www.privateproperty.co.za/to-rent/western-cape/cape-town/55?pt=House,ApartmentFlat,TownHouseCluster&page=8",2026-04-05 20:59:18.337006
RR4643808,11763043,2 Bedroom Apartment Goodwood,R 6 005,6005,ZAR,Goodwood,Goodwood,2,1,,,,,,https://www.privateproperty.co.za/to-rent/western-cape/cape-town/goodwood/goodwood/RR4643808,"https://www.privateproperty.co.za/to-rent/western-cape/cape-town/55?pt=House,ApartmentFlat,TownHouseCluster&page=8",2026-04-05 20:59:18.337006
RR4643786,11762993,1 Bedroom Apartment Tamboerskloof,R 18 000,18000,ZAR,Tamboerskloof,Tamboerskloof,1,1,,,,,,https://www.privateproperty.co.za/to-rent/western-cape/cape-town/cape-town-city-bowl/tamboerskloof/RR4643786,"https://www.privateproperty.co.za/to-rent/western-cape/cape-town/55?pt=House,ApartmentFlat,TownHouseCluster&page=8",2026-04-05 20:59:18.337006
RR4643773,11762959,2 Bedroom Apartment Foreshore,R 35 000,35000,ZAR,Foreshore,Foreshore,2,2,2,,,,,https://www.privateproperty.co.za/to-rent/western-cape/cape-town/atlantic-seaboard/foreshore/RR4643773,"https://www.privateproperty.co.za/to-rent/western-cape/cape-town/55?pt=House,ApartmentFlat,TownHouseCluster&page=8",2026-04-05 20:59:18.337006
RR4643756,11762907,1 Bedroom Apartment Kenilworth,R 17 500,17500,ZAR,Kenilworth,"Kenilworth 104 Eightyone Rosmead, 81 Rosmead Avenue",1,1,1,,,,,https://www.privateproperty.co.za/to-rent/western-cape/cape-town/southern-suburbs/kenilworth/104-eightyone-rosmead/81-rosmead-avenue/RR4643756,"https://www.privateproperty.co.za/to-rent/western-cape/cape-town/55?pt=House,ApartmentFlat,TownHouseCluster&page=9",2026-04-05 20:59:18.337006
RR4643747,11762888,4 Bedroom House Muizenberg,R 37 000,37000,ZAR,Muizenberg,Muizenberg,4,2,2,,,,,https://www.privateproperty.co.za/to-rent/western-cape/cape-town/peninsula-false-bay/muizenberg/RR4643747,"https://www.privateproperty.co.za/to-rent/western-cape/cape-town/55?pt=House,ApartmentFlat,TownHouseCluster&page=9",2026-04-05 20:59:18.337006
RR4643746,11762885,1 Bedroom House Penzance Estate,R 9 000,9000,ZAR,Penzance Estate,Penzance Estate,1,1,,,,,,https://www.privateproperty.co.za/to-rent/western-cape/cape-town/hout-bay/penzance-estate/RR4643746,"https://www.privateproperty.co.za/to-rent/western-cape/cape-town/55?pt=House,ApartmentFlat,TownHouseCluster&page=9",2026-04-05 20:59:18.337006
RR4643719,11762810,3 Bedroom Townhouse Parklands East,R 16 000,16000,ZAR,Parklands East,Parklands East,3,2,1,178 m²,,,,https://www.privateproperty.co.za/to-rent/western-cape/cape-town/blouberg/parklands/parklands-east/RR4643719,"https://www.privateproperty.co.za/to-rent/western-cape/cape-town/55?pt=House,ApartmentFlat,TownHouseCluster&page=9",2026-04-05 20:59:18.337006
RR4643712,11762797,1 Bedroom Apartment Green Point,R 18 000,18000,ZAR,Green Point,Green Point,1,1,,,,,,https://www.privateproperty.co.za/to-rent/western-cape/cape-town/atlantic-seaboard/green-point/RR4643712,"https://www.privateproperty.co.za/to-rent/western-cape/cape-town/55?pt=House,ApartmentFlat,TownHouseCluster&page=9",2026-04-05 20:59:18.337006
RR4643711,11762796,1 Bedroom Apartment Burgundy Estate,R 13 250,13250,ZAR,Burgundy Estate,Burgundy Estate,1,1.5,1,8 010 m²,,,,https://www.privateproperty.co.za/to-rent/western-cape/cape-town/milnerton/burgundy-estate/RR4643711,"https://www.privateproperty.co.za/to-rent/western-cape/cape-town/55?pt=House,ApartmentFlat,TownHouseCluster&page=9",2026-04-05 20:59:18.337006
RR4643702,11762772,1 Bedroom Apartment Green Point,R 18 000,18000,ZAR,Green Point,Green Point,1,1,,,,,,https://www.privateproperty.co.za/to-rent/western-cape/cape-town/atlantic-seaboard/green-point/RR4643702,"https://www.privateproperty.co.za/to-rent/western-cape/cape-town/55?pt=House,ApartmentFlat,TownHouseCluster&page=9",2026-04-05 20:59:18.337006
RR3395133,8380354,3 Bedroom Apartment Gardens,R 33 000,33000,ZAR,Gardens,Gardens,3,1.5,2,,,,,https://www.privateproperty.co.za/to-rent/western-cape/cape-town/cape-town-city-bowl/gardens/RR3395133,"https://www.privateproperty.co.za/to-rent/western-cape/cape-town/55?pt=House,ApartmentFlat,TownHouseCluster&page=9",2026-04-05 20:59:18.337006
RR4643690,11762754,2 Bedroom Apartment Scarborough,R 22 500,22500,ZAR,Scarborough,Scarborough,2,2,,,,,,https://www.privateproperty.co.za/to-rent/western-cape/cape-town/peninsula-false-bay/scarborough/RR4643690,"https://www.privateproperty.co.za/to-rent/western-cape/cape-town/55?pt=House,ApartmentFlat,TownHouseCluster&page=9",2026-04-05 20:59:18.337006
RR4643613,11762552,2 Bedroom House Victoria Park,R 12 000,12000,ZAR,Victoria Park,Victoria Park,2,1,,,,,,https://www.privateproperty.co.za/to-rent/western-cape/cape-town/somerset-west/somerset-ridge/victoria-park/RR4643613,"https://www.privateproperty.co.za/to-rent/western-cape/cape-town/55?pt=House,ApartmentFlat,TownHouseCluster&page=9",2026-04-05 20:59:18.337006
RR4386232,11119126,Studio apartment Vredehoek,R 14 300,14300,ZAR,Vredehoek,Vredehoek,1,1,,,,,,https://www.privateproperty.co.za/to-rent/western-cape/cape-town/cape-town-city-bowl/vredehoek/RR4386232,"https://www.privateproperty.co.za/to-rent/western-cape/cape-town/55?pt=House,ApartmentFlat,TownHouseCluster&page=9",2026-04-05 20:59:18.337006
RR4643575,11762454,3 Bedroom House Constantia,R 39 500,39500,ZAR,Constantia,Constantia,3,2,1,,,,,https://www.privateproperty.co.za/to-rent/western-cape/cape-town/southern-suburbs/constantia/RR4643575,"https://www.privateproperty.co.za/to-rent/western-cape/cape-town/55?pt=House,ApartmentFlat,TownHouseCluster&page=9",2026-04-05 20:59:18.337006
RR4643573,11762441,1 Bedroom Apartment Green Point,R 20 000,20000,ZAR,Green Point,Green Point,1,1,1,,,,,https://www.privateproperty.co.za/to-rent/western-cape/cape-town/atlantic-seaboard/green-point/RR4643573,"https://www.privateproperty.co.za/to-rent/western-cape/cape-town/55?pt=House,ApartmentFlat,TownHouseCluster&page=9",2026-04-05 20:59:18.337006
RR4643553,11762392,2 Bedroom Apartment Gustrouw,R 12 000,12000,ZAR,Gustrouw,Gustrouw,2,1,,,,,,https://www.privateproperty.co.za/to-rent/western-cape/cape-town/strand/strand-central/gustrouw/RR4643553,"https://www.privateproperty.co.za/to-rent/western-cape/cape-town/55?pt=House,ApartmentFlat,TownHouseCluster&page=9",2026-04-05 20:59:18.337006
RR4643548,11762379,4 Bedroom House Simons Town,R 55 000,55000,ZAR,Simons Town,Simons Town 1 Watson Close,4,3.5,6,815 m²,-34.204949899999995,18.453219999999998,,https://www.privateproperty.co.za/to-rent/western-cape/cape-town/simons-town/simons-town/1-watson-close/RR4643548,"https://www.privateproperty.co.za/to-rent/western-cape/cape-town/55?pt=House,ApartmentFlat,TownHouseCluster&page=9",2026-04-05 20:59:18.337006
RR4642909,11760730,Bachelor apartment Claremont,R 8 500,8500,ZAR,Claremont,"Claremont 48 48 Roseville, 48 Roseville Road",,1,1,65 m²,-33.9805556,18.4652778,,https://www.privateproperty.co.za/to-rent/western-cape/cape-town/southern-suburbs/claremont/48-48-roseville/48-roseville-road/RR4642909,"https://www.privateproperty.co.za/to-rent/western-cape/cape-town/55?pt=House,ApartmentFlat,TownHouseCluster&page=9",2026-04-05 20:59:18.337006
RR4643541,11762358,3 Bedroom House Constantia,R 46 000,46000,ZAR,Constantia,Constantia,3,2.5,2,1 637 m²,,,,https://www.privateproperty.co.za/to-rent/western-cape/cape-town/southern-suburbs/constantia/RR4643541,"https://www.privateproperty.co.za/to-rent/western-cape/cape-town/55?pt=House,ApartmentFlat,TownHouseCluster&page=9",2026-04-05 20:59:18.337006
RR4643529,11762331,1 Bedroom Apartment Mountainside,R 8 250,8250,ZAR,Mountainside,Mountainside,1,1,,,,,,https://www.privateproperty.co.za/to-rent/western-cape/cape-town/gordons-bay/mountainside/RR4643529,"https://www.privateproperty.co.za/to-rent/western-cape/cape-town/55?pt=House,ApartmentFlat,TownHouseCluster&page=9",2026-04-05 20:59:18.337006
RR4643517,11762300,2 Bedroom Apartment Cape Town City Centre,R 30 000,30000,ZAR,Cape Town City Centre,Cape Town City Centre,2,2,1,,,,,https://www.privateproperty.co.za/to-rent/western-cape/cape-town/cape-town-city-bowl/cape-town-city-centre/RR4643517,"https://www.privateproperty.co.za/to-rent/western-cape/cape-town/55?pt=House,ApartmentFlat,TownHouseCluster&page=9",2026-04-05 20:59:18.337006
RR4643509,11762281,5 Bedroom House Rondebosch,R 35 000,35000,ZAR,Rondebosch,Rondebosch,5,4,1,,,,,https://www.privateproperty.co.za/to-rent/western-cape/cape-town/southern-suburbs/rondebosch/RR4643509,"https://www.privateproperty.co.za/to-rent/western-cape/cape-town/55?pt=House,ApartmentFlat,TownHouseCluster&page=9",2026-04-05 20:59:18.337006
RR4643502,11762258,2 Bedroom Apartment Cape Town City Centre,R 18 500,18500,ZAR,Cape Town City Centre,Cape Town City Centre,2,2,,,,,,https://www.privateproperty.co.za/to-rent/western-cape/cape-town/cape-town-city-bowl/cape-town-city-centre/RR4643502,"https://www.privateproperty.co.za/to-rent/western-cape/cape-town/55?pt=House,ApartmentFlat,TownHouseCluster&page=10",2026-04-05 20:59:18.337006
RR4643479,11762195,2 Bedroom House Simons Town,R 33 000,33000,ZAR,Simons Town,Simons Town 52 Dorries Drive,2,2,1,1 068 m²,-34.2063757,18.454338099999998,,https://www.privateproperty.co.za/to-rent/western-cape/cape-town/simons-town/simons-town/52-dorries-drive/RR4643479,"https://www.privateproperty.co.za/to-rent/western-cape/cape-town/55?pt=House,ApartmentFlat,TownHouseCluster&page=10",2026-04-05 20:59:18.337006
RR2748902,6858004,2 Bedroom Apartment Paardevlei,R 16 500,16500,ZAR,Paardevlei,"Paardevlei 456 Paardevlei Lifestyle Estate, 24 Gardner Williams Avenue",2,2,2,,,,,https://www.privateproperty.co.za/to-rent/western-cape/cape-town/somerset-west/paardevlei/456-paardevlei-lifestyle-estate/24-gardner-williams-avenue/RR2748902,"https://www.privateproperty.co.za/to-rent/western-cape/cape-town/55?pt=House,ApartmentFlat,TownHouseCluster&page=10",2026-04-05 20:59:18.337006
RR4642908,11760725,1 Bedroom Flat Strand Central,R 6 050,6050,ZAR,Strand Central,Strand Central,1,1,1,,,,,https://www.privateproperty.co.za/to-rent/western-cape/cape-town/strand/strand-central/RR4642908,"https://www.privateproperty.co.za/to-rent/western-cape/cape-town/55?pt=House,ApartmentFlat,TownHouseCluster&page=10",2026-04-05 20:59:18.337006
RR4643410,11762016,2 Bedroom Apartment Sandown,R 20 000,20000,ZAR,Sandown,Sandown,2,2,2,,,,,https://www.privateproperty.co.za/to-rent/western-cape/cape-town/blouberg/sandown/RR4643410,"https://www.privateproperty.co.za/to-rent/western-cape/cape-town/55?pt=House,ApartmentFlat,TownHouseCluster&page=10",2026-04-05 20:59:18.337006
RR4464538,11314267,1 Bedroom Apartment Welgevonden Estate,R 12 500,12500,ZAR,Welgevonden Estate,Welgevonden Estate,1,1,1,,,,,https://www.privateproperty.co.za/to-rent/western-cape/cape-town/durbanville/welgevonden-estate/RR4464538,"https://www.privateproperty.co.za/to-rent/western-cape/cape-town/55?pt=House,ApartmentFlat,TownHouseCluster&page=10",2026-04-05 20:59:18.337006
RR4643369,11761920,2 Bedroom Apartment Green Point,R 38 000,38000,ZAR,Green Point,Green Point,2,3,2,,,,,https://www.privateproperty.co.za/to-rent/western-cape/cape-town/atlantic-seaboard/green-point/RR4643369,"https://www.privateproperty.co.za/to-rent/western-cape/cape-town/55?pt=House,ApartmentFlat,TownHouseCluster&page=10",2026-04-05 20:59:18.337006
RR4643367,11761914,2 Bedroom Apartment Burgundy Estate,R 12 000,12000,ZAR,Burgundy Estate,Burgundy Estate,2,1,1,,,,,https://www.privateproperty.co.za/to-rent/western-cape/cape-town/milnerton/burgundy-estate/RR4643367,"https://www.privateproperty.co.za/to-rent/western-cape/cape-town/55?pt=House,ApartmentFlat,TownHouseCluster&page=10",2026-04-05 20:59:18.337006
RR4643360,11761893,3 Bedroom Apartment Green Point,R 65 000,65000,ZAR,Green Point,Green Point,3,3,2,,,,,https://www.privateproperty.co.za/to-rent/western-cape/cape-town/atlantic-seaboard/green-point/RR4643360,"https://www.privateproperty.co.za/to-rent/western-cape/cape-town/55?pt=House,ApartmentFlat,TownHouseCluster&page=10",2026-04-05 20:59:18.337006
RR4643333,11761825,4 Bedroom House Sonstraal Heights,R 37 000,37000,ZAR,Sonstraal Heights,Sonstraal Heights,4,3.5,8,960 m²,,,,https://www.privateproperty.co.za/to-rent/western-cape/cape-town/durbanville/sonstraal-heights/RR4643333,"https://www.privateproperty.co.za/to-rent/western-cape/cape-town/55?pt=House,ApartmentFlat,TownHouseCluster&page=10",2026-04-05 20:59:18.337006
RR4643334,11761829,3 Bedroom House Strandfontein,R 16 500,16500,ZAR,Strandfontein,Strandfontein,3,2,3,,,,,https://www.privateproperty.co.za/to-rent/western-cape/cape-town/cape-flats/strandfontein/RR4643334,"https://www.privateproperty.co.za/to-rent/western-cape/cape-town/55?pt=House,ApartmentFlat,TownHouseCluster&page=10",2026-04-05 20:59:18.337006
RR4643327,11761812,4 Bedroom House Northpine,R 14 500,14500,ZAR,Northpine,Northpine,4,2,,,,,,https://www.privateproperty.co.za/to-rent/western-cape/cape-town/brackenfell/northpine/RR4643327,"https://www.privateproperty.co.za/to-rent/western-cape/cape-town/55?pt=House,ApartmentFlat,TownHouseCluster&page=10",2026-04-05 20:59:18.337006
RR4368697,11074087,1 Bedroom Apartment Table View,R 15 500,15500,ZAR,Table View,Table View,1,2,,1 200 m²,,,,https://www.privateproperty.co.za/to-rent/western-cape/cape-town/blouberg/table-view/RR4368697,"https://www.privateproperty.co.za/to-rent/western-cape/cape-town/55?pt=House,ApartmentFlat,TownHouseCluster&page=10",2026-04-05 20:59:18.337006
RR4643311,11761772,3 Bedroom House Cape Farms,R 21 000,21000,ZAR,Cape Farms,"Cape Farms 21 Koeberg Close, 21 Koeberg Close",3,2,3,,-33.8066485,18.5188162,,https://www.privateproperty.co.za/to-rent/western-cape/cape-town/cape-farms/cape-farms/21-koeberg-close/21-koeberg-close/RR4643311,"https://www.privateproperty.co.za/to-rent/western-cape/cape-town/55?pt=House,ApartmentFlat,TownHouseCluster&page=10",2026-04-05 20:59:18.337006
RR4643295,11761732,1 Bedroom Apartment De Tijger,R 9 000,9000,ZAR,De Tijger,De Tijger,1,1,1,,,,,https://www.privateproperty.co.za/to-rent/western-cape/cape-town/parow/de-tijger/RR4643295,"https://www.privateproperty.co.za/to-rent/western-cape/cape-town/55?pt=House,ApartmentFlat,TownHouseCluster&page=10",2026-04-05 20:59:18.337006
RR4643284,11761711,1 Bedroom Apartment Oranjezicht,R 15 000,15000,ZAR,Oranjezicht,Oranjezicht,1,1,1,,,,,https://www.privateproperty.co.za/to-rent/western-cape/cape-town/cape-town-city-bowl/oranjezicht/RR4643284,"https://www.privateproperty.co.za/to-rent/western-cape/cape-town/55?pt=House,ApartmentFlat,TownHouseCluster&page=10",2026-04-05 20:59:18.337006
RR4643269,11761674,2 Bedroom Apartment Century City,R 19 000,19000,ZAR,Century City,Century City,2,2,,,,,,https://www.privateproperty.co.za/to-rent/western-cape/cape-town/milnerton/century-city/RR4643269,"https://www.privateproperty.co.za/to-rent/western-cape/cape-town/55?pt=House,ApartmentFlat,TownHouseCluster&page=10",2026-04-05 20:59:18.337006
RR4643267,11761668,2 Bedroom Apartment Claremont Upper,R 27 000,27000,ZAR,Claremont Upper,Claremont Upper,2,1.5,2,,,,,https://www.privateproperty.co.za/to-rent/western-cape/cape-town/southern-suburbs/claremont/claremont-upper/RR4643267,"https://www.privateproperty.co.za/to-rent/western-cape/cape-town/55?pt=House,ApartmentFlat,TownHouseCluster&page=10",2026-04-05 20:59:18.337006
RR4643256,11761646,2 Bedroom Apartment Sea Point,R 30 000,30000,ZAR,Sea Point,"Sea Point 304 Wingate, 3 Marais Street",2,1,1,,,,,https://www.privateproperty.co.za/to-rent/western-cape/cape-town/atlantic-seaboard/sea-point/304-wingate/3-marais-street/RR4643256,"https://www.privateproperty.co.za/to-rent/western-cape/cape-town/55?pt=House,ApartmentFlat,TownHouseCluster&page=10",2026-04-05 20:59:18.337006
RR4506778,11421002,2 Bedroom Apartment Green Point,R 35 000,35000,ZAR,Green Point,Green Point,2,1.5,1,,,,,https://www.privateproperty.co.za/to-rent/western-cape/cape-town/atlantic-seaboard/green-point/RR4506778,"https://www.privateproperty.co.za/to-rent/western-cape/cape-town/55?pt=House,ApartmentFlat,TownHouseCluster&page=10",2026-04-05 20:59:18.337006
RR4643216,11761537,2 Bedroom Apartment Cape Town City Centre,R 29 500,29500,ZAR,Cape Town City Centre,Cape Town City Centre,2,2,2,,,,,https://www.privateproperty.co.za/to-rent/western-cape/cape-town/cape-town-city-bowl/cape-town-city-centre/RR4643216,"https://www.privateproperty.co.za/to-rent/western-cape/cape-town/55?pt=House,ApartmentFlat,TownHouseCluster&page=11",2026-04-05 20:59:18.337006
RR4641928,11757982,2 Bedroom Apartment Fish Hoek,R 17 500,17500,ZAR,Fish Hoek,"Fish Hoek 4 44 On Main, 44 Main Road",2,1,1,,-34.1541740151531,18.4247096969682,,https://www.privateproperty.co.za/to-rent/western-cape/cape-town/peninsula-false-bay/fish-hoek/4-44-on-main/44-main-road/RR4641928,"https://www.privateproperty.co.za/to-rent/western-cape/cape-town/55?pt=House,ApartmentFlat,TownHouseCluster&page=11",2026-04-05 20:59:18.337006
RR4642907,11760723,2 Bedroom House Grassy Park,R 11 000,11000,ZAR,Grassy Park,Grassy Park,2,1,2,,,,,https://www.privateproperty.co.za/to-rent/western-cape/cape-town/cape-flats/grassy-park/RR4642907,"https://www.privateproperty.co.za/to-rent/western-cape/cape-town/55?pt=House,ApartmentFlat,TownHouseCluster&page=11",2026-04-05 20:59:18.337006
RR4643187,11761435,2 Bedroom Apartment De Velde,R 15 000,15000,ZAR,De Velde,De Velde,2,2,2,,,,,https://www.privateproperty.co.za/to-rent/western-cape/cape-town/somerset-west/de-velde/RR4643187,"https://www.privateproperty.co.za/to-rent/western-cape/cape-town/55?pt=House,ApartmentFlat,TownHouseCluster&page=11",2026-04-05 20:59:18.337006
RR4643183,11761427,1 Bedroom Apartment Sunset Beach,R 15 000,15000,ZAR,Sunset Beach,Sunset Beach,1,1,,,,,,https://www.privateproperty.co.za/to-rent/western-cape/cape-town/milnerton/sunset-beach/RR4643183,"https://www.privateproperty.co.za/to-rent/western-cape/cape-town/55?pt=House,ApartmentFlat,TownHouseCluster&page=11",2026-04-05 20:59:18.337006
RR4180950,10594771,1 Bedroom House Strandfontein,R 6 950,6950,ZAR,Strandfontein,Strandfontein,1,1,,,,,,https://www.privateproperty.co.za/to-rent/western-cape/cape-town/cape-flats/strandfontein/RR4180950,"https://www.privateproperty.co.za/to-rent/western-cape/cape-town/55?pt=House,ApartmentFlat,TownHouseCluster&page=11",2026-04-05 20:59:18.337006
RR4643171,11761394,3 Bedroom Apartment Strand Central,R 35 000,35000,ZAR,Strand Central,Strand Central,3,2,2,,,,,https://www.privateproperty.co.za/to-rent/western-cape/cape-town/strand/strand-central/RR4643171,"https://www.privateproperty.co.za/to-rent/western-cape/cape-town/55?pt=House,ApartmentFlat,TownHouseCluster&page=11",2026-04-05 20:59:18.337006
RR4643159,11761366,3 Bedroom House Parel Vallei,R 32 000,32000,ZAR,Parel Vallei,Parel Vallei,3,2.5,2,,,,,https://www.privateproperty.co.za/to-rent/western-cape/cape-town/somerset-west/parel-vallei/RR4643159,"https://www.privateproperty.co.za/to-rent/western-cape/cape-town/55?pt=House,ApartmentFlat,TownHouseCluster&page=11",2026-04-05 20:59:18.337006
RR4643150,11761338,1 Bedroom House Tijgerhof,R 9 000,9000,ZAR,Tijgerhof,Tijgerhof 55b Pringle Road,1,1,,,-33.88696480000001,18.4987365,,https://www.privateproperty.co.za/to-rent/western-cape/cape-town/milnerton/tijgerhof/55b-pringle-road/RR4643150,"https://www.privateproperty.co.za/to-rent/western-cape/cape-town/55?pt=House,ApartmentFlat,TownHouseCluster&page=11",2026-04-05 20:59:18.337006
RR4643142,11761322,1 Bedroom Apartment Duynefontein,R 9 500,9500,ZAR,Duynefontein,Duynefontein 27 Petrus Crescent,1,2,1,,-33.691665,18.449763,,https://www.privateproperty.co.za/to-rent/western-cape/cape-town/melkbosstrand/duynefontein/27-petrus-crescent/RR4643142,"https://www.privateproperty.co.za/to-rent/western-cape/cape-town/55?pt=House,ApartmentFlat,TownHouseCluster&page=11",2026-04-05 20:59:18.337006
RR4643138,11761301,Studio Apartment Sea Point,R 17 000,17000,ZAR,Sea Point,"Sea Point 804 Bonne Esperance, 187 Beach Road",0.5,1,1,,,,,https://www.privateproperty.co.za/to-rent/western-cape/cape-town/atlantic-seaboard/sea-point/804-bonne-esperance/187-beach-road/RR4643138,"https://www.privateproperty.co.za/to-rent/western-cape/cape-town/55?pt=House,ApartmentFlat,TownHouseCluster&page=11",2026-04-05 20:59:18.337006
RR4643137,11761300,2 Bedroom Apartment Lagoon Beach,R 26 000,26000,ZAR,Lagoon Beach,Lagoon Beach,2,2,4,,,,,https://www.privateproperty.co.za/to-rent/western-cape/cape-town/milnerton/lagoon-beach/RR4643137,"https://www.privateproperty.co.za/to-rent/western-cape/cape-town/55?pt=House,ApartmentFlat,TownHouseCluster&page=11",2026-04-05 20:59:18.337006
RR4643128,11761275,Studio Apartment Sea Point,R 12 400,12400,ZAR,Sea Point,"Sea Point 308 Saratoga, 2 Clarence Road",0.5,1,,,,,,https://www.privateproperty.co.za/to-rent/western-cape/cape-town/atlantic-seaboard/sea-point/308-saratoga/2-clarence-road/RR4643128,"https://www.privateproperty.co.za/to-rent/western-cape/cape-town/55?pt=House,ApartmentFlat,TownHouseCluster&page=11",2026-04-05 20:59:18.337006
RR4023931,10187870,3 Bedroom House Schonenberg Estate,R 42 000,42000,ZAR,Schonenberg Estate,Schonenberg Estate,3,3,2,450 m²,,,,https://www.privateproperty.co.za/to-rent/western-cape/cape-town/somerset-west/schonenberg-estate/RR4023931,"https://www.privateproperty.co.za/to-rent/western-cape/cape-town/55?pt=House,ApartmentFlat,TownHouseCluster&page=11",2026-04-05 20:59:18.337006
RR4643113,11761232,2 Bedroom House Rosebank,R 16 500,16500,ZAR,Rosebank,"Rosebank 9 Guildford Place, 24 Guildford Road",2,1,1,,,,,https://www.privateproperty.co.za/to-rent/western-cape/cape-town/southern-suburbs/rosebank/9-guildford-place/24-guildford-road/RR4643113,"https://www.privateproperty.co.za/to-rent/western-cape/cape-town/55?pt=House,ApartmentFlat,TownHouseCluster&page=11",2026-04-05 20:59:18.337006
RR4643107,11761213,1 Bedroom Apartment Wynberg,R 17 000,17000,ZAR,Wynberg,Wynberg,1,1,,,,,,https://www.privateproperty.co.za/to-rent/western-cape/cape-town/southern-suburbs/wynberg/RR4643107,"https://www.privateproperty.co.za/to-rent/western-cape/cape-town/55?pt=House,ApartmentFlat,TownHouseCluster&page=11",2026-04-05 20:59:18.337006
RR4643102,11761199,2 Bedroom Apartment Somerset West Central,R 14 000,14000,ZAR,Somerset West Central,Somerset West Central,2,2,1,,,,,https://www.privateproperty.co.za/to-rent/western-cape/cape-town/somerset-west/somerset-west-central/RR4643102,"https://www.privateproperty.co.za/to-rent/western-cape/cape-town/55?pt=House,ApartmentFlat,TownHouseCluster&page=11",2026-04-05 20:59:18.337006
RR4643097,11761186,2 Bedroom Apartment Parklands East,R 10 100,10100,ZAR,Parklands East,Parklands East,2,1,1,,,,,https://www.privateproperty.co.za/to-rent/western-cape/cape-town/blouberg/parklands/parklands-east/RR4643097,"https://www.privateproperty.co.za/to-rent/western-cape/cape-town/55?pt=House,ApartmentFlat,TownHouseCluster&page=11",2026-04-05 20:59:18.337006
RR4643084,11761153,2 Bedroom Apartment Vredehoek,R 18 500,18500,ZAR,Vredehoek,Vredehoek,2,1,,87 m²,,,,https://www.privateproperty.co.za/to-rent/western-cape/cape-town/cape-town-city-bowl/vredehoek/RR4643084,"https://www.privateproperty.co.za/to-rent/western-cape/cape-town/55?pt=House,ApartmentFlat,TownHouseCluster&page=11",2026-04-05 20:59:18.337006
RR3483819,8634930,1 Bedroom Townhouse Beach Estate,R 14 000,14000,ZAR,Beach Estate,Beach Estate,1,1,1,,,,,https://www.privateproperty.co.za/to-rent/western-cape/cape-town/hout-bay/beach-estate/RR3483819,"https://www.privateproperty.co.za/to-rent/western-cape/cape-town/55?pt=House,ApartmentFlat,TownHouseCluster&page=11",2026-04-05 20:59:18.337006
RR2741258,6841825,3 Bedroom House Sunset Beach,R 37 000,37000,ZAR,Sunset Beach,Sunset Beach,3,2,2,,,,,https://www.privateproperty.co.za/to-rent/western-cape/cape-town/milnerton/sunset-beach/RR2741258,"https://www.privateproperty.co.za/to-rent/western-cape/cape-town/55?pt=House,ApartmentFlat,TownHouseCluster&page=12",2026-04-05 20:59:18.337006
RR4475284,11341124,1 Bedroom Apartment Ruyterwacht,R 6 500,6500,ZAR,Ruyterwacht,Ruyterwacht,1,1,1,,,,,https://www.privateproperty.co.za/to-rent/western-cape/cape-town/goodwood/ruyterwacht/RR4475284,"https://www.privateproperty.co.za/to-rent/western-cape/cape-town/55?pt=House,ApartmentFlat,TownHouseCluster&page=12",2026-04-05 20:59:18.337006
RR4643059,11761085,2 Bedroom Apartment Sea Point,R 25 000,25000,ZAR,Sea Point,"Sea Point 7 Glenlyn Court, Cnr, High Cnr, High Level Road",2,1,2,,-33.9168711,18.3920496,,https://www.privateproperty.co.za/to-rent/western-cape/cape-town/atlantic-seaboard/sea-point/7-glenlyn-court/cnr-high-cnr-high-level-road/RR4643059,"https://www.privateproperty.co.za/to-rent/western-cape/cape-town/55?pt=House,ApartmentFlat,TownHouseCluster&page=12",2026-04-05 20:59:18.337006
RR4068943,10312682,1 Bedroom Apartment Somerset West Central,R 10 000,10000,ZAR,Somerset West Central,Somerset West Central,1,1,1,,,,,https://www.privateproperty.co.za/to-rent/western-cape/cape-town/somerset-west/somerset-west-central/RR4068943,"https://www.privateproperty.co.za/to-rent/western-cape/cape-town/55?pt=House,ApartmentFlat,TownHouseCluster&page=12",2026-04-05 20:59:18.337006
RR4643028,11761004,4 Bedroom House Goodwood,R 18 500,18500,ZAR,Goodwood,Goodwood,4,1,1,,,,,https://www.privateproperty.co.za/to-rent/western-cape/cape-town/goodwood/goodwood/RR4643028,"https://www.privateproperty.co.za/to-rent/western-cape/cape-town/55?pt=House,ApartmentFlat,TownHouseCluster&page=12",2026-04-05 20:59:18.337006
RR4643025,11760994,Studio Apartment Century City,R 18 000,18000,ZAR,Century City,Century City,0.5,1,1,,,,,https://www.privateproperty.co.za/to-rent/western-cape/cape-town/milnerton/century-city/RR4643025,"https://www.privateproperty.co.za/to-rent/western-cape/cape-town/55?pt=House,ApartmentFlat,TownHouseCluster&page=12",2026-04-05 20:59:18.337006
RR4562976,11559898,2 Bedroom Apartment Somerset West Central,R 15 000,15000,ZAR,Somerset West Central,Somerset West Central,2,2,,,,,,https://www.privateproperty.co.za/to-rent/western-cape/cape-town/somerset-west/somerset-west-central/RR4562976,"https://www.privateproperty.co.za/to-rent/western-cape/cape-town/55?pt=House,ApartmentFlat,TownHouseCluster&page=12",2026-04-05 20:59:18.337006
RR3814069,9602095,3 Bedroom House Constantia,R 50 000,50000,ZAR,Constantia,Constantia,3,2,1,,,,,https://www.privateproperty.co.za/to-rent/western-cape/cape-town/southern-suburbs/constantia/RR3814069,"https://www.privateproperty.co.za/to-rent/western-cape/cape-town/55?pt=House,ApartmentFlat,TownHouseCluster&page=12",2026-04-05 20:59:18.337006
RR4643007,11760957,1 Bedroom Apartment Bellville Central,R 15 000,15000,ZAR,Bellville Central,Bellville Central,1,1,1,,,,,https://www.privateproperty.co.za/to-rent/western-cape/cape-town/bellville/bellville-central/RR4643007,"https://www.privateproperty.co.za/to-rent/western-cape/cape-town/55?pt=House,ApartmentFlat,TownHouseCluster&page=12",2026-04-05 20:59:18.337006
RR4643001,11760934,2 Bedroom Duplex Somerset Lakes,R 14 500,14500,ZAR,Somerset Lakes,Somerset Lakes,2,1,,,,,,https://www.privateproperty.co.za/to-rent/western-cape/cape-town/somerset-west/somerset-west-central/somerset-lakes/RR4643001,"https://www.privateproperty.co.za/to-rent/western-cape/cape-town/55?pt=House,ApartmentFlat,TownHouseCluster&page=12",2026-04-05 20:59:18.337006
RR3772075,9478071,2 Bedroom Apartment Melkbosstrand,R 9 750,9750,ZAR,Melkbosstrand,Melkbosstrand,2,1,1,53 m²,,,,https://www.privateproperty.co.za/to-rent/western-cape/cape-town/melkbosstrand/melkbosstrand/RR3772075,"https://www.privateproperty.co.za/to-rent/western-cape/cape-town/55?pt=House,ApartmentFlat,TownHouseCluster&page=12",2026-04-05 20:59:18.337006
RR3949755,9999321,2 Bedroom Apartment Green Point,R 35 000,35000,ZAR,Green Point,Green Point,2,2,1,,,,,https://www.privateproperty.co.za/to-rent/western-cape/cape-town/atlantic-seaboard/green-point/RR3949755,"https://www.privateproperty.co.za/to-rent/western-cape/cape-town/55?pt=House,ApartmentFlat,TownHouseCluster&page=12",2026-04-05 20:59:18.337006
RR4642966,11760852,1 Bedroom Apartment Bellville Central,R 7 600,7600,ZAR,Bellville Central,Bellville Central,1,1,,,,,,https://www.privateproperty.co.za/to-rent/western-cape/cape-town/bellville/bellville-central/RR4642966,"https://www.privateproperty.co.za/to-rent/western-cape/cape-town/55?pt=House,ApartmentFlat,TownHouseCluster&page=12",2026-04-05 20:59:18.337006
RR4642912,11760736,2 Bedroom Apartment Bloubergrant,R 24 000,24000,ZAR,Bloubergrant,Bloubergrant,2,2.5,2,,,,,https://www.privateproperty.co.za/to-rent/western-cape/cape-town/blouberg/bloubergrant/RR4642912,"https://www.privateproperty.co.za/to-rent/western-cape/cape-town/55?pt=House,ApartmentFlat,TownHouseCluster&page=12",2026-04-05 20:59:18.337006
RR4642905,11760721,2 Bedroom Duplex Brackenfell Central,R 12 995,12995,ZAR,Brackenfell Central,Brackenfell Central,2,1.5,2,,,,,https://www.privateproperty.co.za/to-rent/western-cape/cape-town/brackenfell/brackenfell-central/RR4642905,"https://www.privateproperty.co.za/to-rent/western-cape/cape-town/55?pt=House,ApartmentFlat,TownHouseCluster&page=12",2026-04-05 20:59:18.337006
RR4642873,11760613,3 Bedroom House Fish Hoek,R 75 000,75000,ZAR,Fish Hoek,Fish Hoek,3,4,2,876 m²,,,,https://www.privateproperty.co.za/to-rent/western-cape/cape-town/peninsula-false-bay/fish-hoek/RR4642873,"https://www.privateproperty.co.za/to-rent/western-cape/cape-town/55?pt=House,ApartmentFlat,TownHouseCluster&page=12",2026-04-05 20:59:18.337006
RR4048842,10257232,0.5 Bedroom House Three Anchor Bay,R 10 500,10500,ZAR,Three Anchor Bay,Three Anchor Bay,0.5,1,,,,,,https://www.privateproperty.co.za/to-rent/western-cape/cape-town/atlantic-seaboard/three-anchor-bay/RR4048842,"https://www.privateproperty.co.za/to-rent/western-cape/cape-town/55?pt=House,ApartmentFlat,TownHouseCluster&page=12",2026-04-05 20:59:18.337006
RR4642848,11760537,4 Bedroom House Llandudno,R 140 000,140000,ZAR,Llandudno,Llandudno,4,5,3,,,,,https://www.privateproperty.co.za/to-rent/western-cape/cape-town/atlantic-seaboard/llandudno/RR4642848,"https://www.privateproperty.co.za/to-rent/western-cape/cape-town/55?pt=House,ApartmentFlat,TownHouseCluster&page=12",2026-04-05 20:59:18.337006
RR4642847,11760533,2 Bedroom Apartment Observatory,R 16 500,16500,ZAR,Observatory,Observatory,2,2,1,,,,,https://www.privateproperty.co.za/to-rent/western-cape/cape-town/cape-town-city-bowl/observatory/RR4642847,"https://www.privateproperty.co.za/to-rent/western-cape/cape-town/55?pt=House,ApartmentFlat,TownHouseCluster&page=12",2026-04-05 20:59:18.337006
RR4642843,11760527,2 Bedroom Apartment Ottery,R 11 000,11000,ZAR,Ottery,"Ottery 52 Offord Manor, 1 Windsor Close",2,1,1,,-34.0182076,18.5114986,,https://www.privateproperty.co.za/to-rent/western-cape/cape-town/southern-suburbs/ottery/52-offord-manor/1-windsor-close/RR4642843,"https://www.privateproperty.co.za/to-rent/western-cape/cape-town/55?pt=House,ApartmentFlat,TownHouseCluster&page=12",2026-04-05 20:59:18.337006
RR4642840,11760500,2 Bedroom House Claremont,R 30 500,30500,ZAR,Claremont,Claremont,2,1,,200 m²,,,,https://www.privateproperty.co.za/to-rent/western-cape/cape-town/southern-suburbs/claremont/RR4642840,"https://www.privateproperty.co.za/to-rent/western-cape/cape-town/55?pt=House,ApartmentFlat,TownHouseCluster&page=13",2026-04-05 20:59:18.337006
RR4642808,11760402,2 Bedroom Apartment Vredekloof,R 9 450,9450,ZAR,Vredekloof,"Vredekloof 411 Cindy Court, 43 De Bron Crescent",2,1,,,,,,https://www.privateproperty.co.za/to-rent/western-cape/cape-town/brackenfell/vredekloof/411-cindy-court/43-de-bron-crescent/RR4642808,"https://www.privateproperty.co.za/to-rent/western-cape/cape-town/55?pt=House,ApartmentFlat,TownHouseCluster&page=13",2026-04-05 20:59:18.337006
RR4642792,11760360,2 Bedroom Apartment Sea Point,R 50 000,50000,ZAR,Sea Point,Sea Point,2,2,,,,,,https://www.privateproperty.co.za/to-rent/western-cape/cape-town/atlantic-seaboard/sea-point/RR4642792,"https://www.privateproperty.co.za/to-rent/western-cape/cape-town/55?pt=House,ApartmentFlat,TownHouseCluster&page=13",2026-04-05 20:59:18.337006
RR4630938,11729279,2 Bedroom House Parklands North,R 21 500,21500,ZAR,Parklands North,Parklands North 36 Holborn Crescent,2,2,5,,-33.799268,18.492127,,https://www.privateproperty.co.za/to-rent/western-cape/cape-town/blouberg/parklands-north/36-holborn-crescent/RR4630938,"https://www.privateproperty.co.za/to-rent/western-cape/cape-town/55?pt=House,ApartmentFlat,TownHouseCluster&page=13",2026-04-05 20:59:18.337006
RR4642774,11760310,2 Bedroom House Wynberg,R 21 500,21500,ZAR,Wynberg,Wynberg,2,2,1,,,,,https://www.privateproperty.co.za/to-rent/western-cape/cape-town/southern-suburbs/wynberg/RR4642774,"https://www.privateproperty.co.za/to-rent/western-cape/cape-town/55?pt=House,ApartmentFlat,TownHouseCluster&page=13",2026-04-05 20:59:18.337006
RR4642771,11760304,2 Bedroom Apartment Sea Point,R 45 000,45000,ZAR,Sea Point,Sea Point,2,2,,,,,,https://www.privateproperty.co.za/to-rent/western-cape/cape-town/atlantic-seaboard/sea-point/RR4642771,"https://www.privateproperty.co.za/to-rent/western-cape/cape-town/55?pt=House,ApartmentFlat,TownHouseCluster&page=13",2026-04-05 20:59:18.337006
RR3961154,10029360,1 Bedroom Apartment Klipkop,R 7 800,7800,ZAR,Klipkop,Klipkop 13 De Beer Street,1,1,1,,-33.910483,18.608042,,https://www.privateproperty.co.za/to-rent/western-cape/cape-town/parow/klipkop/13-de-beer-street/RR3961154,"https://www.privateproperty.co.za/to-rent/western-cape/cape-town/55?pt=House,ApartmentFlat,TownHouseCluster&page=13",2026-04-05 20:59:18.337006
RR4642756,11760261,2 Bedroom Apartment Simons Town,R 28 500,28500,ZAR,Simons Town,"Simons Town 0 Simons Town Central, 11a Cornwall Street",2,2,,170 m²,-34.1929719,18.4273004,,https://www.privateproperty.co.za/to-rent/western-cape/cape-town/simons-town/simons-town/0-simons-town-central/11a-cornwall-street/RR4642756,"https://www.privateproperty.co.za/to-rent/western-cape/cape-town/55?pt=House,ApartmentFlat,TownHouseCluster&page=13",2026-04-05 20:59:18.337006
RR4642739,11760227,3 Bedroom Townhouse De Tijger,R 16 500,16500,ZAR,De Tijger,De Tijger,3,1,2,312 m²,,,,https://www.privateproperty.co.za/to-rent/western-cape/cape-town/parow/de-tijger/RR4642739,"https://www.privateproperty.co.za/to-rent/western-cape/cape-town/55?pt=House,ApartmentFlat,TownHouseCluster&page=13",2026-04-05 20:59:18.337006
RR4642738,11760223,2 Bedroom Apartment Cape Town City Centre,R 19 000,19000,ZAR,Cape Town City Centre,Cape Town City Centre,2,1,1,,,,,https://www.privateproperty.co.za/to-rent/western-cape/cape-town/cape-town-city-bowl/cape-town-city-centre/RR4642738,"https://www.privateproperty.co.za/to-rent/western-cape/cape-town/55?pt=House,ApartmentFlat,TownHouseCluster&page=13",2026-04-05 20:59:18.337006
RR4642736,11760221,2 Bedroom House Avondale,R 14 500,14500,ZAR,Avondale,Avondale,2,2,,166 m²,,,,https://www.privateproperty.co.za/to-rent/western-cape/cape-town/parow/avondale/RR4642736,"https://www.privateproperty.co.za/to-rent/western-cape/cape-town/55?pt=House,ApartmentFlat,TownHouseCluster&page=13",2026-04-05 20:59:18.337006
RR4642734,11760217,3 Bedroom House Claremont,R 32 000,32000,ZAR,Claremont,Claremont,3,2,2,,,,,https://www.privateproperty.co.za/to-rent/western-cape/cape-town/southern-suburbs/claremont/RR4642734,"https://www.privateproperty.co.za/to-rent/western-cape/cape-town/55?pt=House,ApartmentFlat,TownHouseCluster&page=13",2026-04-05 20:59:18.337006
RR4642733,11760215,2 Bedroom Apartment Admirals Park,R 9 000,9000,ZAR,Admirals Park,Admirals Park,2,1,,,,,,https://www.privateproperty.co.za/to-rent/western-cape/cape-town/gordons-bay/admirals-park/RR4642733,"https://www.privateproperty.co.za/to-rent/western-cape/cape-town/55?pt=House,ApartmentFlat,TownHouseCluster&page=13",2026-04-05 20:59:18.337006
RR4642722,11760184,2 Bedroom Apartment Gardens,R 24 500,24500,ZAR,Gardens,Gardens 179 Kloof Street,2,1,,,,,,https://www.privateproperty.co.za/to-rent/western-cape/cape-town/cape-town-city-bowl/gardens/vredehof/179-kloof-street/RR4642722,"https://www.privateproperty.co.za/to-rent/western-cape/cape-town/55?pt=House,ApartmentFlat,TownHouseCluster&page=13",2026-04-05 20:59:18.337006
RR4642721,11760183,3 Bedroom House Newlands,R 55 000,55000,ZAR,Newlands,Newlands 37d Almond Street,3,2,,,,,,https://www.privateproperty.co.za/to-rent/western-cape/cape-town/southern-suburbs/newlands/37d-almond-street/RR4642721,"https://www.privateproperty.co.za/to-rent/western-cape/cape-town/55?pt=House,ApartmentFlat,TownHouseCluster&page=13",2026-04-05 20:59:18.337006
RR4642716,11760170,2 Bedroom Apartment Bloubergrant,R 17 000,17000,ZAR,Bloubergrant,"Bloubergrant 10 The Cowries, 2 Clam Road",2,2,2,,-33.823458,18.478428,,https://www.privateproperty.co.za/to-rent/western-cape/cape-town/blouberg/bloubergrant/10-the-cowries/2-clam-road/RR4642716,"https://www.privateproperty.co.za/to-rent/western-cape/cape-town/55?pt=House,ApartmentFlat,TownHouseCluster&page=13",2026-04-05 20:59:18.337006
RR4637890,11747670,3 Bedroom House Eversdal,R 32 000,32000,ZAR,Eversdal,Eversdal 3 Klaasenbosch Str Meerlust Complex,3,3,4,,-33.862527,18.6517064,,https://www.privateproperty.co.za/to-rent/western-cape/cape-town/durbanville/eversdal/3-klaasenbosch-str-meerlust-complex/RR4637890,"https://www.privateproperty.co.za/to-rent/western-cape/cape-town/55?pt=House,ApartmentFlat,TownHouseCluster&page=13",2026-04-05 20:59:18.337006
RR4642702,11760100,3 Bedroom House West Beach,R 50 000,50000,ZAR,West Beach,West Beach,3,5,3,,,,,https://www.privateproperty.co.za/to-rent/western-cape/cape-town/blouberg/west-beach/RR4642702,"https://www.privateproperty.co.za/to-rent/western-cape/cape-town/55?pt=House,ApartmentFlat,TownHouseCluster&page=13",2026-04-05 20:59:18.337006
RR3574907,8900812,2 Bedroom Apartment Cape Town City Centre,R 30 000,30000,ZAR,Cape Town City Centre,"Cape Town City Centre 904 Mandela Rhodes Place, 1 Wale Street",2,2.5,,,,,,https://www.privateproperty.co.za/to-rent/western-cape/cape-town/cape-town-city-bowl/cape-town-city-centre/904-mandela-rhodes-place/1-wale-street/RR3574907,"https://www.privateproperty.co.za/to-rent/western-cape/cape-town/55?pt=House,ApartmentFlat,TownHouseCluster&page=13",2026-04-05 20:59:18.337006
RR4642701,11760095,2 Bedroom Apartment Sea Point,R 55 000,55000,ZAR,Sea Point,Sea Point,2,2,2,,,,,https://www.privateproperty.co.za/to-rent/western-cape/cape-town/atlantic-seaboard/sea-point/RR4642701,"https://www.privateproperty.co.za/to-rent/western-cape/cape-town/55?pt=House,ApartmentFlat,TownHouseCluster&page=13",2026-04-05 20:59:18.337006
RR4642693,11760071,2 Bedroom Apartment West Beach,R 16 500,16500,ZAR,West Beach,West Beach,2,1,1,,,,,https://www.privateproperty.co.za/to-rent/western-cape/cape-town/blouberg/west-beach/RR4642693,"https://www.privateproperty.co.za/to-rent/western-cape/cape-town/55?pt=House,ApartmentFlat,TownHouseCluster&page=14",2026-04-05 20:59:18.337006
RR4642589,11759734,2 Bedroom Apartment Muizenberg,R 19 000,19000,ZAR,Muizenberg,"Muizenberg C1 Imperial Court, 7 Alexander Road",2,1,,,-34.0958849295521,18.4834671020508,,https://www.privateproperty.co.za/to-rent/western-cape/cape-town/peninsula-false-bay/muizenberg/c1-imperial-court/7-alexander-road/RR4642589,"https://www.privateproperty.co.za/to-rent/western-cape/cape-town/55?pt=House,ApartmentFlat,TownHouseCluster&page=14",2026-04-05 20:59:18.337006
RR4642678,11760018,2 Bedroom Apartment Camps Bay,R 55 000,55000,ZAR,Camps Bay,Camps Bay,2,2,,,,,,https://www.privateproperty.co.za/to-rent/western-cape/cape-town/atlantic-seaboard/camps-bay/RR4642678,"https://www.privateproperty.co.za/to-rent/western-cape/cape-town/55?pt=House,ApartmentFlat,TownHouseCluster&page=14",2026-04-05 20:59:18.337006
RR4376695,11095251,3 Bedroom House Plumstead,R 21 500,21500,ZAR,Plumstead,Plumstead,3,1,1,,,,,https://www.privateproperty.co.za/to-rent/western-cape/cape-town/southern-suburbs/plumstead/RR4376695,"https://www.privateproperty.co.za/to-rent/western-cape/cape-town/55?pt=House,ApartmentFlat,TownHouseCluster&page=14",2026-04-05 20:59:18.337006
RR4354467,11036802,3 Bedroom House Big Bay,R 33 000,33000,ZAR,Big Bay,Big Bay,3,3,2,,,,,https://www.privateproperty.co.za/to-rent/western-cape/cape-town/blouberg/big-bay/RR4354467,"https://www.privateproperty.co.za/to-rent/western-cape/cape-town/55?pt=House,ApartmentFlat,TownHouseCluster&page=14",2026-04-05 20:59:18.337006
RR4359171,11049949,1 Bedroom Apartment Plumstead,R 12 000,12000,ZAR,Plumstead,Plumstead,1,1,,,,,,https://www.privateproperty.co.za/to-rent/western-cape/cape-town/southern-suburbs/plumstead/RR4359171,"https://www.privateproperty.co.za/to-rent/western-cape/cape-town/55?pt=House,ApartmentFlat,TownHouseCluster&page=14",2026-04-05 20:59:18.337006
RR4642606,11759785,Studio Apartment Century City,R 13 000,13000,ZAR,Century City,Century City,0.5,1,,,,,,https://www.privateproperty.co.za/to-rent/western-cape/cape-town/milnerton/century-city/RR4642606,"https://www.privateproperty.co.za/to-rent/western-cape/cape-town/55?pt=House,ApartmentFlat,TownHouseCluster&page=14",2026-04-05 20:59:18.337006
RR4642600,11759774,2 Bedroom Apartment Sunningdale,R 16 000,16000,ZAR,Sunningdale,Sunningdale,2,1,1,,,,,https://www.privateproperty.co.za/to-rent/western-cape/cape-town/blouberg/sunningdale/RR4642600,"https://www.privateproperty.co.za/to-rent/western-cape/cape-town/55?pt=House,ApartmentFlat,TownHouseCluster&page=14",2026-04-05 20:59:18.337006
RR4642595,11759759,3 Bedroom House Ottery,R 14 900,14900,ZAR,Ottery,Ottery,3,2,3,258 m²,,,,https://www.privateproperty.co.za/to-rent/western-cape/cape-town/southern-suburbs/ottery/RR4642595,"https://www.privateproperty.co.za/to-rent/western-cape/cape-town/55?pt=House,ApartmentFlat,TownHouseCluster&page=14",2026-04-05 20:59:18.337006
RR4642583,11759714,Studio Apartment Observatory,R 13 000,13000,ZAR,Observatory,Observatory,0.5,1,1,,,,,https://www.privateproperty.co.za/to-rent/western-cape/cape-town/cape-town-city-bowl/observatory/RR4642583,"https://www.privateproperty.co.za/to-rent/western-cape/cape-town/55?pt=House,ApartmentFlat,TownHouseCluster&page=14",2026-04-05 20:59:18.337006
RR4511372,11432673,2 Bedroom Apartment Sandown,R 17 000,17000,ZAR,Sandown,Sandown,2,2,,,,,,https://www.privateproperty.co.za/to-rent/western-cape/cape-town/blouberg/sandown/RR4511372,"https://www.privateproperty.co.za/to-rent/western-cape/cape-town/55?pt=House,ApartmentFlat,TownHouseCluster&page=14",2026-04-05 20:59:18.337006
RR4642564,11759676,1 Bedroom Apartment Rondebosch,R 12 200,12200,ZAR,Rondebosch,Rondebosch,1,1,1,,,,,https://www.privateproperty.co.za/to-rent/western-cape/cape-town/southern-suburbs/rondebosch/RR4642564,"https://www.privateproperty.co.za/to-rent/western-cape/cape-town/55?pt=House,ApartmentFlat,TownHouseCluster&page=14",2026-04-05 20:59:18.337006
RR4642558,11759660,2 Bedroom Apartment Observatory,R 16 750,16750,ZAR,Observatory,"Observatory 417b The Paragon, 423 Main Road",2,2,1,,,,,https://www.privateproperty.co.za/to-rent/western-cape/cape-town/cape-town-city-bowl/observatory/417b-the-paragon/423-main-road/RR4642558,"https://www.privateproperty.co.za/to-rent/western-cape/cape-town/55?pt=House,ApartmentFlat,TownHouseCluster&page=14",2026-04-05 20:59:18.337006
RR3016448,7443732,2 Bedroom House Gordons Bay Central,R 23 000,23000,ZAR,Gordons Bay Central,Gordons Bay Central,2,2,2,,,,,https://www.privateproperty.co.za/to-rent/western-cape/cape-town/gordons-bay/gordons-bay-central/RR3016448,"https://www.privateproperty.co.za/to-rent/western-cape/cape-town/55?pt=House,ApartmentFlat,TownHouseCluster&page=14",2026-04-05 20:59:18.337006
RR4642546,11759627,2 Bedroom Apartment Sea Point,R 50 000,50000,ZAR,Sea Point,Sea Point,2,2,1,,,,,https://www.privateproperty.co.za/to-rent/western-cape/cape-town/atlantic-seaboard/sea-point/RR4642546,"https://www.privateproperty.co.za/to-rent/western-cape/cape-town/55?pt=House,ApartmentFlat,TownHouseCluster&page=14",2026-04-05 20:59:18.337006
RR4642532,11759587,3 Bedroom House Ottery,R 17 000,17000,ZAR,Ottery,Ottery,3,2,2,,,,,https://www.privateproperty.co.za/to-rent/western-cape/cape-town/southern-suburbs/ottery/RR4642532,"https://www.privateproperty.co.za/to-rent/western-cape/cape-town/55?pt=House,ApartmentFlat,TownHouseCluster&page=14",2026-04-05 20:59:18.337006
RR4642497,11759491,1 Bedroom Apartment Pinehurst,R 12 500,12500,ZAR,Pinehurst,Pinehurst 5 Villion Steet,1,1,1,,,,,https://www.privateproperty.co.za/to-rent/western-cape/cape-town/durbanville/pinehurst/5-villion-steet/RR4642497,"https://www.privateproperty.co.za/to-rent/western-cape/cape-town/55?pt=House,ApartmentFlat,TownHouseCluster&page=14",2026-04-05 20:59:18.337006
RR4642490,11759465,5 Bedroom House Golden Acre,R 55 000,55000,ZAR,Golden Acre,Golden Acre 32 Batavia Street,5,4,2,1 639 m²,-34.076647,18.861447,,https://www.privateproperty.co.za/to-rent/western-cape/cape-town/somerset-west/golden-acre/32-batavia-street/RR4642490,"https://www.privateproperty.co.za/to-rent/western-cape/cape-town/55?pt=House,ApartmentFlat,TownHouseCluster&page=14",2026-04-05 20:59:18.337006
RR4642472,11759411,Loft Observatory,R 12 450,12450,ZAR,Observatory,"Observatory 52 Devon Place, 1 Penzance Road",1,1,1,,,,,https://www.privateproperty.co.za/to-rent/western-cape/cape-town/cape-town-city-bowl/observatory/52-devon-place/1-penzance-road/RR4642472,"https://www.privateproperty.co.za/to-rent/western-cape/cape-town/55?pt=House,ApartmentFlat,TownHouseCluster&page=14",2026-04-05 20:59:18.337006
RR4642471,11759410,1 Bedroom Apartment Strandfontein,R 4 700,4700,ZAR,Strandfontein,Strandfontein,1,1,1,,-34.0741129,18.5634975,,https://www.privateproperty.co.za/to-rent/western-cape/cape-town/cape-flats/strandfontein/bannockburn-way/RR4642471,"https://www.privateproperty.co.za/to-rent/western-cape/cape-town/55?pt=House,ApartmentFlat,TownHouseCluster&page=14",2026-04-05 20:59:18.337006
RR4642432,11759318,1 Bedroom Apartment Observatory,R 14 500,14500,ZAR,Observatory,"Observatory 114 The Winchester, 232 Main Road",1,1,1,,,,,https://www.privateproperty.co.za/to-rent/western-cape/cape-town/cape-town-city-bowl/observatory/114-the-winchester/232-main-road/RR4642432,"https://www.privateproperty.co.za/to-rent/western-cape/cape-town/55?pt=House,ApartmentFlat,TownHouseCluster&page=15",2026-04-05 20:59:18.337006
RR4642375,11759169,1 Bedroom Apartment Table View,R 7 300,7300,ZAR,Table View,Table View,1,1,1,,,,,https://www.privateproperty.co.za/to-rent/western-cape/cape-town/blouberg/table-view/RR4642375,"https://www.privateproperty.co.za/to-rent/western-cape/cape-town/55?pt=House,ApartmentFlat,TownHouseCluster&page=15",2026-04-05 20:59:18.337006
RR4642371,11759157,3 Bedroom House De Waterkant,R 75 000,75000,ZAR,De Waterkant,De Waterkant,3,3,,,,,,https://www.privateproperty.co.za/to-rent/western-cape/cape-town/cape-town-city-bowl/de-waterkant/RR4642371,"https://www.privateproperty.co.za/to-rent/western-cape/cape-town/55?pt=House,ApartmentFlat,TownHouseCluster&page=15",2026-04-05 20:59:18.337006
RR4642365,11759139,2 Bedroom Apartment Bloubergrant,R 18 000,18000,ZAR,Bloubergrant,Bloubergrant,2,1,1,,,,,https://www.privateproperty.co.za/to-rent/western-cape/cape-town/blouberg/bloubergrant/RR4642365,"https://www.privateproperty.co.za/to-rent/western-cape/cape-town/55?pt=House,ApartmentFlat,TownHouseCluster&page=15",2026-04-05 20:59:18.337006
RR4642353,11759117,2 Bedroom Apartment Sea Point,R 40 000,40000,ZAR,Sea Point,Sea Point,2,2,1,,,,,https://www.privateproperty.co.za/to-rent/western-cape/cape-town/atlantic-seaboard/sea-point/RR4642353,"https://www.privateproperty.co.za/to-rent/western-cape/cape-town/55?pt=House,ApartmentFlat,TownHouseCluster&page=15",2026-04-05 20:59:18.337006
RR4401432,11156534,2 Bedroom Apartment Wynberg,R 12 000,12000,ZAR,Wynberg,"Wynberg 13 Maple Mews, 13 Electric",2,1,1,,,,,https://www.privateproperty.co.za/to-rent/western-cape/cape-town/southern-suburbs/wynberg/13-maple-mews/13-electric/RR4401432,"https://www.privateproperty.co.za/to-rent/western-cape/cape-town/55?pt=House,ApartmentFlat,TownHouseCluster&page=15",2026-04-05 20:59:18.337006
RR3425839,8465524,3 Bedroom Apartment Gardens,R 28 100,28100,ZAR,Gardens,"Gardens 72 Orangerie, Orange Street, Gardens Cape Town 72",3,2,1,,-33.9307958990334,18.4123359071587,,https://www.privateproperty.co.za/to-rent/western-cape/cape-town/cape-town-city-bowl/gardens/72-orangerie/orange-street-gardens-cape-town-72/RR3425839,"https://www.privateproperty.co.za/to-rent/western-cape/cape-town/55?pt=House,ApartmentFlat,TownHouseCluster&page=15",2026-04-05 20:59:18.337006
RR4308287,10909904,3 Bedroom House Strand Central,R 14 900,14900,ZAR,Strand Central,Strand Central 16 Brewery Road,3,2,4,200 m²,-34.1249061,18.840308,,https://www.privateproperty.co.za/to-rent/western-cape/cape-town/strand/strand-central/16-brewery-road/RR4308287,"https://www.privateproperty.co.za/to-rent/western-cape/cape-town/55?pt=House,ApartmentFlat,TownHouseCluster&page=15",2026-04-05 20:59:18.337006
RR4642311,11758983,Studio Apartment Zonnebloem,R 12 500,12500,ZAR,Zonnebloem,"Zonnebloem 0 The Harri, 75 Harrington St",,1,,,-33.92867,18.42375,,https://www.privateproperty.co.za/to-rent/western-cape/cape-town/cape-town-city-bowl/zonnebloem/0-the-harri/75-harrington-st/RR4642311,"https://www.privateproperty.co.za/to-rent/western-cape/cape-town/55?pt=House,ApartmentFlat,TownHouseCluster&page=15",2026-04-05 20:59:18.337006
RR4642279,11758919,2 Bedroom Apartment Higgovale,R 38 500,38500,ZAR,Higgovale,Higgovale,2,2,1,,,,,https://www.privateproperty.co.za/to-rent/western-cape/cape-town/cape-town-city-bowl/higgovale/RR4642279,"https://www.privateproperty.co.za/to-rent/western-cape/cape-town/55?pt=House,ApartmentFlat,TownHouseCluster&page=15",2026-04-05 20:59:18.337006
RR4642277,11758913,2 Bedroom Townhouse Sunridge,R 10 000,10000,ZAR,Sunridge,Sunridge,2,1,1,,,,,https://www.privateproperty.co.za/to-rent/western-cape/cape-town/blouberg/table-view/sunridge/RR4642277,"https://www.privateproperty.co.za/to-rent/western-cape/cape-town/55?pt=House,ApartmentFlat,TownHouseCluster&page=15",2026-04-05 20:59:18.337006
RR4642267,11758896,2 Bedroom Townhouse Sunridge,R 10 500,10500,ZAR,Sunridge,Sunridge,2,1,1,,,,,https://www.privateproperty.co.za/to-rent/western-cape/cape-town/blouberg/table-view/sunridge/RR4642267,"https://www.privateproperty.co.za/to-rent/western-cape/cape-town/55?pt=House,ApartmentFlat,TownHouseCluster&page=15",2026-04-05 20:59:18.337006
RR3548233,8823753,Loft Stellenberg,R 7 300,7300,ZAR,Stellenberg,Stellenberg,,1,1,,,,,https://www.privateproperty.co.za/to-rent/western-cape/cape-town/bellville/stellenberg/RR3548233,"https://www.privateproperty.co.za/to-rent/western-cape/cape-town/55?pt=House,ApartmentFlat,TownHouseCluster&page=15",2026-04-05 20:59:18.337006
RR2333464,5923553,2 Bedroom Flat Tamboerskloof,R 24 300,24300,ZAR,Tamboerskloof,"Tamboerskloof 3 Coronation Mansions, 42 Warren Street",2,2,,,-33.9291667,18.4041667,,https://www.privateproperty.co.za/to-rent/western-cape/cape-town/cape-town-city-bowl/tamboerskloof/3-coronation-mansions/42-warren-street/RR2333464,"https://www.privateproperty.co.za/to-rent/western-cape/cape-town/55?pt=House,ApartmentFlat,TownHouseCluster&page=15",2026-04-05 20:59:18.337006
RR4642214,11758742,2 Bedroom Apartment Tyger Waterfront,R 13 500,13500,ZAR,Tyger Waterfront,Tyger Waterfront,2,1,1,,,,,https://www.privateproperty.co.za/to-rent/western-cape/cape-town/bellville/tyger-waterfront/RR4642214,"https://www.privateproperty.co.za/to-rent/western-cape/cape-town/55?pt=House,ApartmentFlat,TownHouseCluster&page=15",2026-04-05 20:59:18.337006
RR4094705,10380589,2 Bedroom Apartment Vredekloof Heights,R 12 000,12000,ZAR,Vredekloof Heights,"Vredekloof Heights 147 Vredekloof Square, 1 Welgelegen Street",2,2,2,,-33.847626,18.6910498,,https://www.privateproperty.co.za/to-rent/western-cape/cape-town/brackenfell/vredekloof/vredekloof-heights/147-vredekloof-square/1-welgelegen-street/RR4094705,"https://www.privateproperty.co.za/to-rent/western-cape/cape-town/55?pt=House,ApartmentFlat,TownHouseCluster&page=15",2026-04-05 20:59:18.337006
RR4429956,11227731,1 Bedroom Apartment Green Point,R 18 000,18000,ZAR,Green Point,Green Point,1,1,,,,,,https://www.privateproperty.co.za/to-rent/western-cape/cape-town/atlantic-seaboard/green-point/RR4429956,"https://www.privateproperty.co.za/to-rent/western-cape/cape-town/55?pt=House,ApartmentFlat,TownHouseCluster&page=15",2026-04-05 20:59:18.337006
RR4642186,11758648,Studio Apartment Mouille Point,R 19 000,19000,ZAR,Mouille Point,Mouille Point,0.5,1,,,,,,https://www.privateproperty.co.za/to-rent/western-cape/cape-town/atlantic-seaboard/mouille-point/RR4642186,"https://www.privateproperty.co.za/to-rent/western-cape/cape-town/55?pt=House,ApartmentFlat,TownHouseCluster&page=15",2026-04-05 20:59:18.337006
RR4641944,11758019,2 Bedroom House Retreat,R 10 500,10500,ZAR,Retreat,Retreat,2,1,2,639 m²,,,,https://www.privateproperty.co.za/to-rent/western-cape/cape-town/cape-flats/retreat/RR4641944,"https://www.privateproperty.co.za/to-rent/western-cape/cape-town/55?pt=House,ApartmentFlat,TownHouseCluster&page=15",2026-04-05 20:59:18.337006
RR4642144,11758559,1 Bedroom Apartment Athlone,R 8 900,8900,ZAR,Athlone,Athlone,1,1,2,,,,,https://www.privateproperty.co.za/to-rent/western-cape/cape-town/cape-flats/athlone/RR4642144,"https://www.privateproperty.co.za/to-rent/western-cape/cape-town/55?pt=House,ApartmentFlat,TownHouseCluster&page=15",2026-04-05 20:59:18.337006
RR4642143,11758555,1 Bedroom Apartment Rondebosch East,R 8 500,8500,ZAR,Rondebosch East,Rondebosch East,1,1,1,,-33.98245355599663,18.49728007096797,,https://www.privateproperty.co.za/to-rent/western-cape/cape-town/southern-suburbs/rondebosch-east/heatherley-road/RR4642143,"https://www.privateproperty.co.za/to-rent/western-cape/cape-town/55?pt=House,ApartmentFlat,TownHouseCluster&page=16",2026-04-05 20:59:18.337006
RR4642130,11758517,2 Bedroom Apartment Kenilworth,R 17 500,17500,ZAR,Kenilworth,"Kenilworth 206 Eightyone Rosmead, 81 Rosmead Avenue",2,2,2,,,,,https://www.privateproperty.co.za/to-rent/western-cape/cape-town/southern-suburbs/kenilworth/206-eightyone-rosmead/81-rosmead-avenue/RR4642130,"https://www.privateproperty.co.za/to-rent/western-cape/cape-town/55?pt=House,ApartmentFlat,TownHouseCluster&page=16",2026-04-05 20:59:18.337006
RR4642121,11758499,2 Bedroom Apartment Parklands,R 12 500,12500,ZAR,Parklands,Parklands,2,1,,,,,,https://www.privateproperty.co.za/to-rent/western-cape/cape-town/blouberg/parklands/RR4642121,"https://www.privateproperty.co.za/to-rent/western-cape/cape-town/55?pt=House,ApartmentFlat,TownHouseCluster&page=16",2026-04-05 20:59:18.337006
RR4642115,11758486,6 Bedroom Apartment Belhar,R 4 000,4000,ZAR,Belhar,Belhar,6,2,,,,,,https://www.privateproperty.co.za/to-rent/western-cape/cape-town/cape-flats/belhar/RR4642115,"https://www.privateproperty.co.za/to-rent/western-cape/cape-town/55?pt=House,ApartmentFlat,TownHouseCluster&page=16",2026-04-05 20:59:18.337006
RR4642111,11758476,3 Bedroom Apartment Foreshore,R 36 000,36000,ZAR,Foreshore,"Foreshore 1702 No 1 Harbour Arch, 11 Christiaan Barnard",3,3,,,-33.921146,18.434284,,https://www.privateproperty.co.za/to-rent/western-cape/cape-town/atlantic-seaboard/foreshore/1702-no-1-harbour-arch/11-christiaan-barnard/RR4642111,"https://www.privateproperty.co.za/to-rent/western-cape/cape-town/55?pt=House,ApartmentFlat,TownHouseCluster&page=16",2026-04-05 20:59:18.337006
RR4642100,11758449,8 Bedroom Apartment Belhar,R 4 000,4000,ZAR,Belhar,Belhar,8,2,,,,,,https://www.privateproperty.co.za/to-rent/western-cape/cape-town/cape-flats/belhar/RR4642100,"https://www.privateproperty.co.za/to-rent/western-cape/cape-town/55?pt=House,ApartmentFlat,TownHouseCluster&page=16",2026-04-05 20:59:18.337006
RR4642094,11758436,2 Bedroom Apartment De Waterkant,R 26 000,26000,ZAR,De Waterkant,De Waterkant,2,1,1,,,,,https://www.privateproperty.co.za/to-rent/western-cape/cape-town/cape-town-city-bowl/de-waterkant/RR4642094,"https://www.privateproperty.co.za/to-rent/western-cape/cape-town/55?pt=House,ApartmentFlat,TownHouseCluster&page=16",2026-04-05 20:59:18.337006
RR4642068,11758373,3 Bedroom Apartment Sea Point,R 50 000,50000,ZAR,Sea Point,Sea Point,3,2,,,,,,https://www.privateproperty.co.za/to-rent/western-cape/cape-town/atlantic-seaboard/sea-point/RR4642068,"https://www.privateproperty.co.za/to-rent/western-cape/cape-town/55?pt=House,ApartmentFlat,TownHouseCluster&page=16",2026-04-05 20:59:18.337006
RR4642066,11758369,2 Bedroom Apartment Costa Da Gama,R 13 000,13000,ZAR,Costa Da Gama,Costa Da Gama,2,1,1,,,,,https://www.privateproperty.co.za/to-rent/western-cape/cape-town/peninsula-false-bay/muizenberg/costa-da-gama/RR4642066,"https://www.privateproperty.co.za/to-rent/western-cape/cape-town/55?pt=House,ApartmentFlat,TownHouseCluster&page=16",2026-04-05 20:59:18.337006
RR4642059,11758350,2 Bedroom Apartment Rosedale Estate,R 12 000,12000,ZAR,Rosedale Estate,Rosedale Estate,2,1,2,,,,,https://www.privateproperty.co.za/to-rent/western-cape/cape-town/durbanville/goedemoed/rosedale-estate/RR4642059,"https://www.privateproperty.co.za/to-rent/western-cape/cape-town/55?pt=House,ApartmentFlat,TownHouseCluster&page=16",2026-04-05 20:59:18.337006
RR1776827,4669947,1 Bedroom Apartment Camps Bay,R 23 000,23000,ZAR,Camps Bay,Camps Bay,1,1,,,,,,https://www.privateproperty.co.za/to-rent/western-cape/cape-town/atlantic-seaboard/camps-bay/RR1776827,"https://www.privateproperty.co.za/to-rent/western-cape/cape-town/55?pt=House,ApartmentFlat,TownHouseCluster&page=16",2026-04-05 20:59:18.337006
RR4642040,11758286,Studio Apartment Sea Point,R 11 000,11000,ZAR,Sea Point,"Sea Point 0 Seascapes, 13 Antwerp Rd",0.5,1,,,-33.91428,18.39607,,https://www.privateproperty.co.za/to-rent/western-cape/cape-town/atlantic-seaboard/sea-point/0-seascapes/13-antwerp-rd/RR4642040,"https://www.privateproperty.co.za/to-rent/western-cape/cape-town/55?pt=House,ApartmentFlat,TownHouseCluster&page=16",2026-04-05 20:59:18.337006
RR4642038,11758279,2 Bedroom Apartment Gordons Bay Central,R 9 500,9500,ZAR,Gordons Bay Central,Gordons Bay Central,2,1,1,1 877 m²,,,,https://www.privateproperty.co.za/to-rent/western-cape/cape-town/gordons-bay/gordons-bay-central/RR4642038,"https://www.privateproperty.co.za/to-rent/western-cape/cape-town/55?pt=House,ApartmentFlat,TownHouseCluster&page=16",2026-04-05 20:59:18.337006
RR4642024,11758235,1 Bedroom Apartment Sandown,R 11 500,11500,ZAR,Sandown,Sandown 10 Dorothea Drive,1,1,1,,-33.7954113,18.5116591,,https://www.privateproperty.co.za/to-rent/western-cape/cape-town/blouberg/sandown/suikerbos/10-dorothea-drive/RR4642024,"https://www.privateproperty.co.za/to-rent/western-cape/cape-town/55?pt=House,ApartmentFlat,TownHouseCluster&page=16",2026-04-05 20:59:18.337006
RR4642020,11758226,2 Bedroom Apartment Green Point,R 32 000,32000,ZAR,Green Point,Green Point,2,2,2,,,,,https://www.privateproperty.co.za/to-rent/western-cape/cape-town/atlantic-seaboard/green-point/RR4642020,"https://www.privateproperty.co.za/to-rent/western-cape/cape-town/55?pt=House,ApartmentFlat,TownHouseCluster&page=16",2026-04-05 20:59:18.337006
RR4641998,11758175,1 Bedroom Apartment Sea Point,R 21 000,21000,ZAR,Sea Point,Sea Point,1,1,1,,,,,https://www.privateproperty.co.za/to-rent/western-cape/cape-town/atlantic-seaboard/sea-point/RR4641998,"https://www.privateproperty.co.za/to-rent/western-cape/cape-town/55?pt=House,ApartmentFlat,TownHouseCluster&page=16",2026-04-05 20:59:18.337006
RR4641996,11758173,2 Bedroom Townhouse Rondebosch,R 19 500,19500,ZAR,Rondebosch,Rondebosch,2,2,2,,,,,https://www.privateproperty.co.za/to-rent/western-cape/cape-town/southern-suburbs/rondebosch/RR4641996,"https://www.privateproperty.co.za/to-rent/western-cape/cape-town/55?pt=House,ApartmentFlat,TownHouseCluster&page=16",2026-04-05 20:59:18.337006
RR4641989,11758162,2 Bedroom Apartment Sea Point,R 25 000,25000,ZAR,Sea Point,Sea Point,2,2,1,,,,,https://www.privateproperty.co.za/to-rent/western-cape/cape-town/atlantic-seaboard/sea-point/RR4641989,"https://www.privateproperty.co.za/to-rent/western-cape/cape-town/55?pt=House,ApartmentFlat,TownHouseCluster&page=16",2026-04-05 20:59:18.337006
RR4641979,11758119,3 Bedroom House Royal Ascot,R 25 000,25000,ZAR,Royal Ascot,Royal Ascot,3,2,2,350 m²,,,,https://www.privateproperty.co.za/to-rent/western-cape/cape-town/milnerton/royal-ascot/RR4641979,"https://www.privateproperty.co.za/to-rent/western-cape/cape-town/55?pt=House,ApartmentFlat,TownHouseCluster&page=16",2026-04-05 20:59:18.337006
RR4641973,11758101,2 Bedroom House Claremont Upper,R 39 000,39000,ZAR,Claremont Upper,Claremont Upper,2,2,2,450 m²,,,,https://www.privateproperty.co.za/to-rent/western-cape/cape-town/southern-suburbs/claremont/claremont-upper/RR4641973,"https://www.privateproperty.co.za/to-rent/western-cape/cape-town/55?pt=House,ApartmentFlat,TownHouseCluster&page=16",2026-04-05 20:59:18.337006
RR4641968,11758082,2 Bedroom Apartment Townsend Estate,R 11 000,11000,ZAR,Townsend Estate,Townsend Estate,2,2,1,8 082 m²,,,,https://www.privateproperty.co.za/to-rent/western-cape/cape-town/goodwood/townsend-estate/RR4641968,"https://www.privateproperty.co.za/to-rent/western-cape/cape-town/55?pt=House,ApartmentFlat,TownHouseCluster&page=17",2026-04-05 20:59:18.337006
RR4641957,11758049,2 Bedroom Apartment Waterfront,R 85 000,85000,ZAR,Waterfront,Waterfront,2,2,,,,,,https://www.privateproperty.co.za/to-rent/western-cape/cape-town/atlantic-seaboard/waterfront/RR4641957,"https://www.privateproperty.co.za/to-rent/western-cape/cape-town/55?pt=House,ApartmentFlat,TownHouseCluster&page=17",2026-04-05 20:59:18.337006
RR4641932,11757994,1 Bedroom Apartment Green Point,R 17 600,17600,ZAR,Green Point,Green Point,1,1,,,,,,https://www.privateproperty.co.za/to-rent/western-cape/cape-town/atlantic-seaboard/green-point/RR4641932,"https://www.privateproperty.co.za/to-rent/western-cape/cape-town/55?pt=House,ApartmentFlat,TownHouseCluster&page=17",2026-04-05 20:59:18.337006
RR4641878,11757889,2 Bedroom Apartment Waterfront,R 50 000,50000,ZAR,Waterfront,Waterfront,2,2,,,,,,https://www.privateproperty.co.za/to-rent/western-cape/cape-town/atlantic-seaboard/waterfront/RR4641878,"https://www.privateproperty.co.za/to-rent/western-cape/cape-town/55?pt=House,ApartmentFlat,TownHouseCluster&page=17",2026-04-05 20:59:18.337006
RR4641868,11757866,1 Bedroom Apartment Sunningdale,R 14 000,14000,ZAR,Sunningdale,"Sunningdale 01 Saint Square, 189 Wood Drive",1,1,1,58 m²,,,,https://www.privateproperty.co.za/to-rent/western-cape/cape-town/blouberg/sunningdale/01-saint-square/189-wood-drive/RR4641868,"https://www.privateproperty.co.za/to-rent/western-cape/cape-town/55?pt=House,ApartmentFlat,TownHouseCluster&page=17",2026-04-05 20:59:18.337006
RR4641838,11757795,2 Bedroom Apartment Waterfront,R 50 000,50000,ZAR,Waterfront,Waterfront,2,2,,,,,,https://www.privateproperty.co.za/to-rent/western-cape/cape-town/atlantic-seaboard/waterfront/RR4641838,"https://www.privateproperty.co.za/to-rent/western-cape/cape-town/55?pt=House,ApartmentFlat,TownHouseCluster&page=17",2026-04-05 20:59:18.337006
RR4641815,11757743,2 Bedroom Flat Admirals Park,R 9 500,9500,ZAR,Admirals Park,Admirals Park,2,1,,1.8 ha,,,,https://www.privateproperty.co.za/to-rent/western-cape/cape-town/gordons-bay/admirals-park/RR4641815,"https://www.privateproperty.co.za/to-rent/western-cape/cape-town/55?pt=House,ApartmentFlat,TownHouseCluster&page=17",2026-04-05 20:59:18.337006
RR4641805,11757722,2 Bedroom Apartment Claremont,R 14 950,14950,ZAR,Claremont,Claremont,2,1,,,,,,https://www.privateproperty.co.za/to-rent/western-cape/cape-town/southern-suburbs/claremont/RR4641805,"https://www.privateproperty.co.za/to-rent/western-cape/cape-town/55?pt=House,ApartmentFlat,TownHouseCluster&page=17",2026-04-05 20:59:18.337006
RR4641806,11757724,1 Bedroom Apartment Waterfront,R 38 000,38000,ZAR,Waterfront,Waterfront,1,1,,,,,,https://www.privateproperty.co.za/to-rent/western-cape/cape-town/atlantic-seaboard/waterfront/RR4641806,"https://www.privateproperty.co.za/to-rent/western-cape/cape-town/55?pt=House,ApartmentFlat,TownHouseCluster&page=17",2026-04-05 20:59:18.337006
RR4545776,11516748,Studio Apartment Dobson,R 6 500,6500,ZAR,Dobson,Dobson,0.5,1,1,,,,,https://www.privateproperty.co.za/to-rent/western-cape/cape-town/gordons-bay/dobson/RR4545776,"https://www.privateproperty.co.za/to-rent/western-cape/cape-town/55?pt=House,ApartmentFlat,TownHouseCluster&page=17",2026-04-05 20:59:18.337006
RR4641798,11757707,1 Bedroom Apartment Sunningdale,R 14 000,14000,ZAR,Sunningdale,Sunningdale 92 Whitehall Way,1,1,1,,-33.8097711,18.4884394,,https://www.privateproperty.co.za/to-rent/western-cape/cape-town/blouberg/sunningdale/broadstone/92-whitehall-way/RR4641798,"https://www.privateproperty.co.za/to-rent/western-cape/cape-town/55?pt=House,ApartmentFlat,TownHouseCluster&page=17",2026-04-05 20:59:18.337006
RR4641777,11757661,2 Bedroom House Zwaanswyk,R 55 000,55000,ZAR,Zwaanswyk,Zwaanswyk,2,1,,,,,,https://www.privateproperty.co.za/to-rent/western-cape/cape-town/southern-suburbs/tokai/zwaanswyk/RR4641777,"https://www.privateproperty.co.za/to-rent/western-cape/cape-town/55?pt=House,ApartmentFlat,TownHouseCluster&page=17",2026-04-05 20:59:18.337006
RR4641763,11757622,1 Bedroom Apartment Somerset West Central,R 10 500,10500,ZAR,Somerset West Central,Somerset West Central,1,1,1,,,,,https://www.privateproperty.co.za/to-rent/western-cape/cape-town/somerset-west/somerset-west-central/RR4641763,"https://www.privateproperty.co.za/to-rent/western-cape/cape-town/55?pt=House,ApartmentFlat,TownHouseCluster&page=17",2026-04-05 20:59:18.337006
RR4641759,11757615,1 Bedroom Apartment Richwood,R 12 000,12000,ZAR,Richwood,Richwood,1,1,1,53 m²,,,,https://www.privateproperty.co.za/to-rent/western-cape/cape-town/milnerton/richwood/de-aan-zicht-lifestyle-security-estate/giel-basson-dr-rooiheuwel-rd-richwood-7441/RR4641759,"https://www.privateproperty.co.za/to-rent/western-cape/cape-town/55?pt=House,ApartmentFlat,TownHouseCluster&page=17",2026-04-05 20:59:18.337006
RR4641755,11757604,3 Bedroom Townhouse La Rochelle,R 15 500,15500,ZAR,La Rochelle,La Rochelle,3,2,1,,,,,https://www.privateproperty.co.za/to-rent/western-cape/cape-town/bellville/oakglen/la-rochelle/RR4641755,"https://www.privateproperty.co.za/to-rent/western-cape/cape-town/55?pt=House,ApartmentFlat,TownHouseCluster&page=17",2026-04-05 20:59:18.337006
RR4641749,11757592,1 Bedroom Apartment Richwood,R 12 000,12000,ZAR,Richwood,Richwood,1,1,1,53 m²,,,,https://www.privateproperty.co.za/to-rent/western-cape/cape-town/milnerton/richwood/de-aan-zicht-lifestyle-security-estate/giel-basson-dr-rooiheuwel-rd-richwood-7441/RR4641749,"https://www.privateproperty.co.za/to-rent/western-cape/cape-town/55?pt=House,ApartmentFlat,TownHouseCluster&page=17",2026-04-05 20:59:18.337006
RR4374551,11089437,2 Bedroom Apartment Claremont Upper,R 27 500,27500,ZAR,Claremont Upper,Claremont Upper,2,2,,,,,,https://www.privateproperty.co.za/to-rent/western-cape/cape-town/southern-suburbs/claremont/claremont-upper/RR4374551,"https://www.privateproperty.co.za/to-rent/western-cape/cape-town/55?pt=House,ApartmentFlat,TownHouseCluster&page=17",2026-04-05 20:59:18.337006
RR4641735,11757554,2 Bedroom Apartment Muizenberg,R 25 000,25000,ZAR,Muizenberg,"Muizenberg 1 Empire Building, 96 Beach Road",2,2,1,,-34.1080237,18.4699716,,https://www.privateproperty.co.za/to-rent/western-cape/cape-town/peninsula-false-bay/muizenberg/1-empire-building/96-beach-road/RR4641735,"https://www.privateproperty.co.za/to-rent/western-cape/cape-town/55?pt=House,ApartmentFlat,TownHouseCluster&page=17",2026-04-05 20:59:18.337006
RR3134436,7724808,2 Bedroom Apartment Buh Rein Estate,R 9 200,9200,ZAR,Buh Rein Estate,Buh Rein Estate,2,1,1,,,,,https://www.privateproperty.co.za/to-rent/western-cape/cape-town/kraaifontein/buh-rein-estate/RR3134436,"https://www.privateproperty.co.za/to-rent/western-cape/cape-town/55?pt=House,ApartmentFlat,TownHouseCluster&page=17",2026-04-05 20:59:18.337006
RR4641725,11757519,2 Bedroom Apartment Lagoon Beach,R 24 000,24000,ZAR,Lagoon Beach,Lagoon Beach,2,2,2,,,,,https://www.privateproperty.co.za/to-rent/western-cape/cape-town/milnerton/lagoon-beach/RR4641725,"https://www.privateproperty.co.za/to-rent/western-cape/cape-town/55?pt=House,ApartmentFlat,TownHouseCluster&page=17",2026-04-05 20:59:18.337006
RR4641726,11757521,3 Bedroom Apartment Richwood,R 22 000,22000,ZAR,Richwood,Richwood,3,2,2,108 m²,,,,https://www.privateproperty.co.za/to-rent/western-cape/cape-town/milnerton/richwood/de-aan-zicht-lifestyle-security-estate/giel-basson-dr-rooiheuwel-rd-richwood-7441/RR4641726,"https://www.privateproperty.co.za/to-rent/western-cape/cape-town/55?pt=House,ApartmentFlat,TownHouseCluster&page=18",2026-04-05 20:59:18.337006
RR4641710,11757478,1 Bedroom Apartment Richwood,R 12 000,12000,ZAR,Richwood,Richwood,1,1,1,53 m²,,,,https://www.privateproperty.co.za/to-rent/western-cape/cape-town/milnerton/richwood/de-aan-zicht-lifestyle-security-estate/giel-basson-dr-rooiheuwel-rd-richwood-7441/RR4641710,"https://www.privateproperty.co.za/to-rent/western-cape/cape-town/55?pt=House,ApartmentFlat,TownHouseCluster&page=18",2026-04-05 20:59:18.337006
RR4641706,11757471,1 Bedroom Apartment Schaap Kraal,R 5 500,5500,ZAR,Schaap Kraal,Schaap Kraal,1,1,,,,,,https://www.privateproperty.co.za/to-rent/western-cape/cape-town/cape-flats/philippi/schaap-kraal/RR4641706,"https://www.privateproperty.co.za/to-rent/western-cape/cape-town/55?pt=House,ApartmentFlat,TownHouseCluster&page=18",2026-04-05 20:59:18.337006
RR3439574,8505258,2 Bedroom Apartment Melkbosstrand,R 13 000,13000,ZAR,Melkbosstrand,Melkbosstrand,2,1,1,,,,,https://www.privateproperty.co.za/to-rent/western-cape/cape-town/melkbosstrand/melkbosstrand/RR3439574,"https://www.privateproperty.co.za/to-rent/western-cape/cape-town/55?pt=House,ApartmentFlat,TownHouseCluster&page=18",2026-04-05 20:59:18.337006
RR4641700,11757454,2 Bedroom Apartment Oranjezicht,R 19 000,19000,ZAR,Oranjezicht,"Oranjezicht 106 Nederberg, 15 Moray Place",2,1,1,,-33.9370803,18.4145374,,https://www.privateproperty.co.za/to-rent/western-cape/cape-town/cape-town-city-bowl/oranjezicht/106-nederberg/15-moray-place/RR4641700,"https://www.privateproperty.co.za/to-rent/western-cape/cape-town/55?pt=House,ApartmentFlat,TownHouseCluster&page=18",2026-04-05 20:59:18.337006
RR4641665,11757358,3 Bedroom Cluster Parklands,R 17 000,17000,ZAR,Parklands,Parklands,3,2,2,238 m²,,,,https://www.privateproperty.co.za/to-rent/western-cape/cape-town/blouberg/parklands/RR4641665,"https://www.privateproperty.co.za/to-rent/western-cape/cape-town/55?pt=House,ApartmentFlat,TownHouseCluster&page=18",2026-04-05 20:59:18.337006
RR4641654,11757332,2 Bedroom Apartment Welcome Glen,R 14 580,14580,ZAR,Welcome Glen,Welcome Glen,2,1,,,,,,https://www.privateproperty.co.za/to-rent/western-cape/cape-town/simons-town/simons-town/welcome-glen/RR4641654,"https://www.privateproperty.co.za/to-rent/western-cape/cape-town/55?pt=House,ApartmentFlat,TownHouseCluster&page=18",2026-04-05 20:59:18.337006
RR4641650,11757316,2 Bedroom Apartment Richwood,R 16 500,16500,ZAR,Richwood,Richwood,2,2,2,73 m²,,,,https://www.privateproperty.co.za/to-rent/western-cape/cape-town/milnerton/richwood/de-aan-zicht-lifestyle-security-estate/giel-basson-dr-rooiheuwel-rd-richwood-7441/RR4641650,"https://www.privateproperty.co.za/to-rent/western-cape/cape-town/55?pt=House,ApartmentFlat,TownHouseCluster&page=18",2026-04-05 20:59:18.337006
RR4641636,11757270,1 Bedroom Apartment Richwood,R 15 950,15950,ZAR,Richwood,"Richwood 10006 De Aan-zicht Lifestyle Estate, 1 Rooiheuwel Road",1,1,1,65 m²,,,,https://www.privateproperty.co.za/to-rent/western-cape/cape-town/milnerton/richwood/10006-de-aan-zicht-lifestyle-estate/1-rooiheuwel-road/RR4641636,"https://www.privateproperty.co.za/to-rent/western-cape/cape-town/55?pt=House,ApartmentFlat,TownHouseCluster&page=18",2026-04-05 20:59:18.337006
RR4641634,11757266,2 Bedroom Apartment Green Point,R 26 000,26000,ZAR,Green Point,Green Point,2,1,1,,,,,https://www.privateproperty.co.za/to-rent/western-cape/cape-town/atlantic-seaboard/green-point/RR4641634,"https://www.privateproperty.co.za/to-rent/western-cape/cape-town/55?pt=House,ApartmentFlat,TownHouseCluster&page=18",2026-04-05 20:59:18.337006
RR4638982,11750265,3 Bedroom House Sunningdale,R 40 000,40000,ZAR,Sunningdale,Sunningdale 35 Penina Crescent,3,2,4,575 m²,-33.8097711,18.4884394,,https://www.privateproperty.co.za/to-rent/western-cape/cape-town/blouberg/sunningdale/35-penina-crescent/RR4638982,"https://www.privateproperty.co.za/to-rent/western-cape/cape-town/55?pt=House,ApartmentFlat,TownHouseCluster&page=18",2026-04-05 20:59:18.337006
RR4641602,11757190,3 Bedroom Apartment Sea Point,R 35 000,35000,ZAR,Sea Point,Sea Point,3,3,1,,,,,https://www.privateproperty.co.za/to-rent/western-cape/cape-town/atlantic-seaboard/sea-point/RR4641602,"https://www.privateproperty.co.za/to-rent/western-cape/cape-town/55?pt=House,ApartmentFlat,TownHouseCluster&page=18",2026-04-05 20:59:18.337006
RR4641589,11757162,1 Bedroom Apartment Helgarda Estate,R 21 000,21000,ZAR,Helgarda Estate,Helgarda Estate,1,1,,,,,,https://www.privateproperty.co.za/to-rent/western-cape/cape-town/hout-bay/helgarda-estate/RR4641589,"https://www.privateproperty.co.za/to-rent/western-cape/cape-town/55?pt=House,ApartmentFlat,TownHouseCluster&page=18",2026-04-05 20:59:18.337006
RR4640865,11755348,3 Bedroom Apartment Sunningdale,R 19 800,19800,ZAR,Sunningdale,"Sunningdale 175 Broadstone Estate, 92 Whitehall Way",3,2,2,,-33.8097711,18.4884394,,https://www.privateproperty.co.za/to-rent/western-cape/cape-town/blouberg/sunningdale/175-broadstone-estate/92-whitehall-way/RR4640865,"https://www.privateproperty.co.za/to-rent/western-cape/cape-town/55?pt=House,ApartmentFlat,TownHouseCluster&page=18",2026-04-05 20:59:18.337006
RR4641559,11757090,3 Bedroom House Higgovale,R 70 000,70000,ZAR,Higgovale,Higgovale,3,3,1,,,,,https://www.privateproperty.co.za/to-rent/western-cape/cape-town/cape-town-city-bowl/higgovale/RR4641559,"https://www.privateproperty.co.za/to-rent/western-cape/cape-town/55?pt=House,ApartmentFlat,TownHouseCluster&page=18",2026-04-05 20:59:18.337006
RR4641560,11757091,1 Bedroom Apartment Whispering Pines,R 7 600,7600,ZAR,Whispering Pines,Whispering Pines,1,1,,,,,,https://www.privateproperty.co.za/to-rent/western-cape/cape-town/gordons-bay/whispering-pines/RR4641560,"https://www.privateproperty.co.za/to-rent/western-cape/cape-town/55?pt=House,ApartmentFlat,TownHouseCluster&page=18",2026-04-05 20:59:18.337006
RR4641544,11757051,2 Bedroom Apartment Claremont,R 17 000,17000,ZAR,Claremont,Claremont,2,2,1,,,,,https://www.privateproperty.co.za/to-rent/western-cape/cape-town/southern-suburbs/claremont/RR4641544,"https://www.privateproperty.co.za/to-rent/western-cape/cape-town/55?pt=House,ApartmentFlat,TownHouseCluster&page=18",2026-04-05 20:59:18.337006
RR3836367,9671826,Studio apartment Green Point,R 18 000,18000,ZAR,Green Point,Green Point,0.5,1,1,,,,,https://www.privateproperty.co.za/to-rent/western-cape/cape-town/atlantic-seaboard/green-point/RR3836367,"https://www.privateproperty.co.za/to-rent/western-cape/cape-town/55?pt=House,ApartmentFlat,TownHouseCluster&page=18",2026-04-05 20:59:18.337006
RR3980067,10078363,3 Bedroom House Diep River,R 22 000,22000,ZAR,Diep River,Diep River,3,2,1,226 m²,,,,https://www.privateproperty.co.za/to-rent/western-cape/cape-town/southern-suburbs/diep-river/RR3980067,"https://www.privateproperty.co.za/to-rent/western-cape/cape-town/55?pt=House,ApartmentFlat,TownHouseCluster&page=18",2026-04-05 20:59:18.337006
RR4641530,11757016,1 Bedroom Apartment Lochnerhof,R 6 000,6000,ZAR,Lochnerhof,Lochnerhof,1,1,,,,,,https://www.privateproperty.co.za/to-rent/western-cape/cape-town/strand/strand-central/lochnerhof/RR4641530,"https://www.privateproperty.co.za/to-rent/western-cape/cape-town/55?pt=House,ApartmentFlat,TownHouseCluster&page=18",2026-04-05 20:59:18.337006
RR4641515,11756987,1 Bedroom Apartment Foreshore,R 20 500,20500,ZAR,Foreshore,Foreshore,1,1,,,,,,https://www.privateproperty.co.za/to-rent/western-cape/cape-town/atlantic-seaboard/foreshore/RR4641515,"https://www.privateproperty.co.za/to-rent/western-cape/cape-town/55?pt=House,ApartmentFlat,TownHouseCluster&page=19",2026-04-05 20:59:18.337006
RR4641510,11756980,2 Bedroom Apartment Camps Bay,R 30 000,30000,ZAR,Camps Bay,Camps Bay,2,1,1,,,,,https://www.privateproperty.co.za/to-rent/western-cape/cape-town/atlantic-seaboard/camps-bay/RR4641510,"https://www.privateproperty.co.za/to-rent/western-cape/cape-town/55?pt=House,ApartmentFlat,TownHouseCluster&page=19",2026-04-05 20:59:18.337006
RR4641489,11756931,Studio Apartment Century City,R 16 500,16500,ZAR,Century City,Century City,0.5,1,1,,,,,https://www.privateproperty.co.za/to-rent/western-cape/cape-town/milnerton/century-city/RR4641489,"https://www.privateproperty.co.za/to-rent/western-cape/cape-town/55?pt=House,ApartmentFlat,TownHouseCluster&page=19",2026-04-05 20:59:18.337006
RR4641476,11756900,3 Bedroom House Woodstock,R 16 500,16500,ZAR,Woodstock,Woodstock,3,2,,,,,,https://www.privateproperty.co.za/to-rent/western-cape/cape-town/cape-town-city-bowl/woodstock/RR4641476,"https://www.privateproperty.co.za/to-rent/western-cape/cape-town/55?pt=House,ApartmentFlat,TownHouseCluster&page=19",2026-04-05 20:59:18.337006
RR4641478,11756902,2 Bedroom Apartment Parklands North,R 11 500,11500,ZAR,Parklands North,Parklands North,2,1,1,,,,,https://www.privateproperty.co.za/to-rent/western-cape/cape-town/blouberg/parklands-north/RR4641478,"https://www.privateproperty.co.za/to-rent/western-cape/cape-town/55?pt=House,ApartmentFlat,TownHouseCluster&page=19",2026-04-05 20:59:18.337006
RR4641462,11756862,Studio Apartment Cape Town City Centre,R 20 000,20000,ZAR,Cape Town City Centre,Cape Town City Centre,0.5,1,,,,,,https://www.privateproperty.co.za/to-rent/western-cape/cape-town/cape-town-city-bowl/cape-town-city-centre/RR4641462,"https://www.privateproperty.co.za/to-rent/western-cape/cape-town/55?pt=House,ApartmentFlat,TownHouseCluster&page=19",2026-04-05 20:59:18.337006
RR4641426,11756769,3 Bedroom House Zwaanswyk,R 55 000,55000,ZAR,Zwaanswyk,Zwaanswyk,3,1,,,,,,https://www.privateproperty.co.za/to-rent/western-cape/cape-town/southern-suburbs/tokai/zwaanswyk/RR4641426,"https://www.privateproperty.co.za/to-rent/western-cape/cape-town/55?pt=House,ApartmentFlat,TownHouseCluster&page=19",2026-04-05 20:59:18.337006
RR4292291,10869973,2 Bedroom Apartment Milnerton Central,R 14 500,14500,ZAR,Milnerton Central,Milnerton Central,2,1,1,,,,,https://www.privateproperty.co.za/to-rent/western-cape/cape-town/milnerton/milnerton-central/RR4292291,"https://www.privateproperty.co.za/to-rent/western-cape/cape-town/55?pt=House,ApartmentFlat,TownHouseCluster&page=19",2026-04-05 20:59:18.337006
RR4641396,11756679,Studio Apartment Cape Town City Centre,R 15 200,15200,ZAR,Cape Town City Centre,Cape Town City Centre,0.5,1,,,,,,https://www.privateproperty.co.za/to-rent/western-cape/cape-town/cape-town-city-bowl/cape-town-city-centre/RR4641396,"https://www.privateproperty.co.za/to-rent/western-cape/cape-town/55?pt=House,ApartmentFlat,TownHouseCluster&page=19",2026-04-05 20:59:18.337006
RR4641375,11756623,Studio Apartment Cape Town City Centre,R 16 800,16800,ZAR,Cape Town City Centre,Cape Town City Centre,0.5,1,,,,,,https://www.privateproperty.co.za/to-rent/western-cape/cape-town/cape-town-city-bowl/cape-town-city-centre/RR4641375,"https://www.privateproperty.co.za/to-rent/western-cape/cape-town/55?pt=House,ApartmentFlat,TownHouseCluster&page=19",2026-04-05 20:59:18.337006
RR4641363,11756594,3 Bedroom Apartment Rondebosch,R 23 000,23000,ZAR,Rondebosch,Rondebosch,3,2,2,,,,,https://www.privateproperty.co.za/to-rent/western-cape/cape-town/southern-suburbs/rondebosch/RR4641363,"https://www.privateproperty.co.za/to-rent/western-cape/cape-town/55?pt=House,ApartmentFlat,TownHouseCluster&page=19",2026-04-05 20:59:18.337006
RR4641016,11755745,1 Bedroom Apartment De Zicht Estate,R 14 000,14000,ZAR,De Zicht Estate,"De Zicht Estate 742 De Zicht, 1 Sylvia Road",1,1,1,,-33.8347754976476,18.5432052612305,,https://www.privateproperty.co.za/to-rent/western-cape/cape-town/milnerton/richwood/de-zicht-estate/742-de-zicht/1-sylvia-road/RR4641016,"https://www.privateproperty.co.za/to-rent/western-cape/cape-town/55?pt=House,ApartmentFlat,TownHouseCluster&page=19",2026-04-05 20:59:18.337006
RR4641330,11756506,3 Bedroom Apartment Paardevlei,R 26 000,26000,ZAR,Paardevlei,"Paardevlei 522 Paardevlei Lifestyle Estate, 1 De Beers Avenue",3,2,,,-34.0905686,18.8180215,,https://www.privateproperty.co.za/to-rent/western-cape/cape-town/somerset-west/paardevlei/522-paardevlei-lifestyle-estate/1-de-beers-avenue/RR4641330,"https://www.privateproperty.co.za/to-rent/western-cape/cape-town/55?pt=House,ApartmentFlat,TownHouseCluster&page=19",2026-04-05 20:59:18.337006
RR4513958,11438950,2 Bedroom House Hout Bay Central,R 19 000,19000,ZAR,Hout Bay Central,Hout Bay Central 62 Mount Rhodes Drive,2,1.5,2,,-34.03160014705,18.35600911765,,https://www.privateproperty.co.za/to-rent/western-cape/cape-town/hout-bay/hout-bay-central/62-mount-rhodes-drive/RR4513958,"https://www.privateproperty.co.za/to-rent/western-cape/cape-town/55?pt=House,ApartmentFlat,TownHouseCluster&page=19",2026-04-05 20:59:18.337006
RR4641296,11756431,3 Bedroom House Sitari,R 33 500,33500,ZAR,Sitari,Sitari,3,2.5,,450 m²,,,,https://www.privateproperty.co.za/to-rent/western-cape/cape-town/somerset-west/sitari/RR4641296,"https://www.privateproperty.co.za/to-rent/western-cape/cape-town/55?pt=House,ApartmentFlat,TownHouseCluster&page=19",2026-04-05 20:59:18.337006
RR4272677,10825151,2 Bedroom Apartment Gardens,R 22 000,22000,ZAR,Gardens,Gardens,2,2,2,,,,,https://www.privateproperty.co.za/to-rent/western-cape/cape-town/cape-town-city-bowl/gardens/RR4272677,"https://www.privateproperty.co.za/to-rent/western-cape/cape-town/55?pt=House,ApartmentFlat,TownHouseCluster&page=19",2026-04-05 20:59:18.337006
RR4641251,11756317,3 Bedroom House Mitchells Plain,R 9 000,9000,ZAR,Mitchells Plain,Mitchells Plain 7 Cape Ash,3,1,3,187 m²,,,,https://www.privateproperty.co.za/to-rent/western-cape/cape-town/mitchells-plain/mitchells-plain/7-cape-ash/RR4641251,"https://www.privateproperty.co.za/to-rent/western-cape/cape-town/55?pt=House,ApartmentFlat,TownHouseCluster&page=19",2026-04-05 20:59:18.337006
RR4641245,11756296,3 Bedroom Duplex Parklands North,R 17 500,17500,ZAR,Parklands North,Parklands North,3,2.5,2,127 m²,,,,https://www.privateproperty.co.za/to-rent/western-cape/cape-town/blouberg/parklands-north/RR4641245,"https://www.privateproperty.co.za/to-rent/western-cape/cape-town/55?pt=House,ApartmentFlat,TownHouseCluster&page=19",2026-04-05 20:59:18.337006
RR4641242,11756290,1 Bedroom Apartment Gardens,R 16 000,16000,ZAR,Gardens,Gardens,1,1,1,,,,,https://www.privateproperty.co.za/to-rent/western-cape/cape-town/cape-town-city-bowl/gardens/RR4641242,"https://www.privateproperty.co.za/to-rent/western-cape/cape-town/55?pt=House,ApartmentFlat,TownHouseCluster&page=19",2026-04-05 20:59:18.337006
RR4641231,11756248,2 Bedroom Apartment Avondale,R 8 100,8100,ZAR,Avondale,Avondale,2,1,,,,,,https://www.privateproperty.co.za/to-rent/western-cape/cape-town/parow/avondale/RR4641231,"https://www.privateproperty.co.za/to-rent/western-cape/cape-town/55?pt=House,ApartmentFlat,TownHouseCluster&page=19",2026-04-05 20:59:18.337006
RR4641216,11756224,3 Bedroom Apartment Green Point,R 65 000,65000,ZAR,Green Point,Green Point,3,4,1,,,,,https://www.privateproperty.co.za/to-rent/western-cape/cape-town/atlantic-seaboard/green-point/RR4641216,"https://www.privateproperty.co.za/to-rent/western-cape/cape-town/55?pt=House,ApartmentFlat,TownHouseCluster&page=20",2026-04-05 20:59:18.337006
RR4641190,11756155,Studio apartment Hout Bay Central,R 11 000,11000,ZAR,Hout Bay Central,"Hout Bay Central 3 The Lodge, 31 Royal Avenue",,1,1,,-34.0414164,18.3508811,,https://www.privateproperty.co.za/to-rent/western-cape/cape-town/hout-bay/hout-bay-central/3-the-lodge/31-royal-avenue/RR4641190,"https://www.privateproperty.co.za/to-rent/western-cape/cape-town/55?pt=House,ApartmentFlat,TownHouseCluster&page=20",2026-04-05 20:59:18.337006
RR4545251,11515583,2 Bedroom Apartment Kraaifontein Central,R 8 200,8200,ZAR,Kraaifontein Central,Kraaifontein Central,2,1,,,,,,https://www.privateproperty.co.za/to-rent/western-cape/cape-town/kraaifontein/kraaifontein-central/RR4545251,"https://www.privateproperty.co.za/to-rent/western-cape/cape-town/55?pt=House,ApartmentFlat,TownHouseCluster&page=20",2026-04-05 20:59:18.337006
RR4641125,11755996,2 Bedroom House Fish Hoek,R 35 000,35000,ZAR,Fish Hoek,Fish Hoek,2,2.5,,,,,,https://www.privateproperty.co.za/to-rent/western-cape/cape-town/peninsula-false-bay/fish-hoek/RR4641125,"https://www.privateproperty.co.za/to-rent/western-cape/cape-town/55?pt=House,ApartmentFlat,TownHouseCluster&page=20",2026-04-05 20:59:18.337006
RR4641114,11755966,1 Bedroom Apartment Cape Town City Centre,R 30 000,30000,ZAR,Cape Town City Centre,Cape Town City Centre,1,1,1,,,,,https://www.privateproperty.co.za/to-rent/western-cape/cape-town/cape-town-city-bowl/cape-town-city-centre/RR4641114,"https://www.privateproperty.co.za/to-rent/western-cape/cape-town/55?pt=House,ApartmentFlat,TownHouseCluster&page=20",2026-04-05 20:59:18.337006
RR4641083,11755903,1 Bedroom Apartment Tamboerskloof,R 18 000,18000,ZAR,Tamboerskloof,"Tamboerskloof 23 Monteflora, 2 Brunswick Road",1,1,,,,,,https://www.privateproperty.co.za/to-rent/western-cape/cape-town/cape-town-city-bowl/tamboerskloof/23-monteflora/2-brunswick-road/RR4641083,"https://www.privateproperty.co.za/to-rent/western-cape/cape-town/55?pt=House,ApartmentFlat,TownHouseCluster&page=20",2026-04-05 20:59:18.337006
RR4641043,11755813,3 Bedroom House Parklands North,R 29 500,29500,ZAR,Parklands North,Parklands North,3,2,4,314 m²,,,,https://www.privateproperty.co.za/to-rent/western-cape/cape-town/blouberg/parklands-north/RR4641043,"https://www.privateproperty.co.za/to-rent/western-cape/cape-town/55?pt=House,ApartmentFlat,TownHouseCluster&page=20",2026-04-05 20:59:18.337006
RR4641031,11755782,2 Bedroom Apartment Kenilworth Upper,R 18 000,18000,ZAR,Kenilworth Upper,Kenilworth Upper,2,2,1,,,,,https://www.privateproperty.co.za/to-rent/western-cape/cape-town/southern-suburbs/kenilworth/kenilworth-upper/RR4641031,"https://www.privateproperty.co.za/to-rent/western-cape/cape-town/55?pt=House,ApartmentFlat,TownHouseCluster&page=20",2026-04-05 20:59:18.337006
RR4640994,11755684,2 Bedroom Apartment Tamboerskloof,R 30 000,30000,ZAR,Tamboerskloof,Tamboerskloof,2,1,1,,,,,https://www.privateproperty.co.za/to-rent/western-cape/cape-town/cape-town-city-bowl/tamboerskloof/RR4640994,"https://www.privateproperty.co.za/to-rent/western-cape/cape-town/55?pt=House,ApartmentFlat,TownHouseCluster&page=20",2026-04-05 20:59:18.337006
RR4640987,11755666,2 Bedroom Apartment Fresnaye,R 55 000,55000,ZAR,Fresnaye,Fresnaye,2,2,1,,,,,https://www.privateproperty.co.za/to-rent/western-cape/cape-town/atlantic-seaboard/fresnaye/RR4640987,"https://www.privateproperty.co.za/to-rent/western-cape/cape-town/55?pt=House,ApartmentFlat,TownHouseCluster&page=20",2026-04-05 20:59:18.337006
RR4640979,11755634,3 Bedroom House Townsend Estate,R 25 000,25000,ZAR,Townsend Estate,Townsend Estate,3,2,5,,,,,https://www.privateproperty.co.za/to-rent/western-cape/cape-town/goodwood/townsend-estate/RR4640979,"https://www.privateproperty.co.za/to-rent/western-cape/cape-town/55?pt=House,ApartmentFlat,TownHouseCluster&page=20",2026-04-05 20:59:18.337006
RR4640954,11755572,1 Bedroom Apartment Somerset West Central,R 17 000,17000,ZAR,Somerset West Central,Somerset West Central,1,1,2,,,,,https://www.privateproperty.co.za/to-rent/western-cape/cape-town/somerset-west/somerset-west-central/RR4640954,"https://www.privateproperty.co.za/to-rent/western-cape/cape-town/55?pt=House,ApartmentFlat,TownHouseCluster&page=20",2026-04-05 20:59:18.337006
RR4640842,11755278,1 Bedroom Apartment Cape Town City Centre,R 13 500,13500,ZAR,Cape Town City Centre,Cape Town City Centre,1,1,,,,,,https://www.privateproperty.co.za/to-rent/western-cape/cape-town/cape-town-city-bowl/cape-town-city-centre/RR4640842,"https://www.privateproperty.co.za/to-rent/western-cape/cape-town/55?pt=House,ApartmentFlat,TownHouseCluster&page=20",2026-04-05 20:59:18.337006
RR4640835,11755262,1 Bedroom Apartment Cape Town City Centre,R 13 500,13500,ZAR,Cape Town City Centre,Cape Town City Centre,1,1,,,,,,https://www.privateproperty.co.za/to-rent/western-cape/cape-town/cape-town-city-bowl/cape-town-city-centre/RR4640835,"https://www.privateproperty.co.za/to-rent/western-cape/cape-town/55?pt=House,ApartmentFlat,TownHouseCluster&page=20",2026-04-05 20:59:18.337006
RR4640831,11755254,1 Bedroom Apartment Cape Town City Centre,R 13 500,13500,ZAR,Cape Town City Centre,Cape Town City Centre,1,1,,,,,,https://www.privateproperty.co.za/to-rent/western-cape/cape-town/cape-town-city-bowl/cape-town-city-centre/RR4640831,"https://www.privateproperty.co.za/to-rent/western-cape/cape-town/55?pt=House,ApartmentFlat,TownHouseCluster&page=20",2026-04-05 20:59:18.337006
RR4640813,11755192,2 Bedroom Apartment De Velde,R 15 500,15500,ZAR,De Velde,De Velde,2,2,2,,,,,https://www.privateproperty.co.za/to-rent/western-cape/cape-town/somerset-west/de-velde/RR4640813,"https://www.privateproperty.co.za/to-rent/western-cape/cape-town/55?pt=House,ApartmentFlat,TownHouseCluster&page=20",2026-04-05 20:59:18.337006
RR4640801,11755164,1 Bedroom Apartment Sea Point,R 19 000,19000,ZAR,Sea Point,Sea Point,1,1,,,,,,https://www.privateproperty.co.za/to-rent/western-cape/cape-town/atlantic-seaboard/sea-point/RR4640801,"https://www.privateproperty.co.za/to-rent/western-cape/cape-town/55?pt=House,ApartmentFlat,TownHouseCluster&page=20",2026-04-05 20:59:18.337006
RR4640781,11755103,Studio Apartment Century City,R 16 000,16000,ZAR,Century City,Century City,0.5,1,,,,,,https://www.privateproperty.co.za/to-rent/western-cape/cape-town/milnerton/century-city/RR4640781,"https://www.privateproperty.co.za/to-rent/western-cape/cape-town/55?pt=House,ApartmentFlat,TownHouseCluster&page=20",2026-04-05 20:59:18.337006
RR4640776,11755092,2 Bedroom Apartment Melkbosstrand,R 18 000,18000,ZAR,Melkbosstrand,"Melkbosstrand 95 Seapark, 1 Otto Du Plessis Drive",2,1,1,,,,,https://www.privateproperty.co.za/to-rent/western-cape/cape-town/melkbosstrand/melkbosstrand/95-seapark/1-otto-du-plessis-drive/RR4640776,"https://www.privateproperty.co.za/to-rent/western-cape/cape-town/55?pt=House,ApartmentFlat,TownHouseCluster&page=20",2026-04-05 20:59:18.337006
RR4471508,11330995,2 Bedroom Apartment Green Point,R 21 000,21000,ZAR,Green Point,"Green Point 1 Devonshire, 7 Main Road",2,1,1,,-33.9108459,18.4147022,,https://www.privateproperty.co.za/to-rent/western-cape/cape-town/atlantic-seaboard/green-point/1-devonshire/7-main-road/RR4471508,"https://www.privateproperty.co.za/to-rent/western-cape/cape-town/55?pt=House,ApartmentFlat,TownHouseCluster&page=20",2026-04-05 20:59:18.337006
RR4640757,11755039,2 Bedroom Apartment Richwood,R 19 500,19500,ZAR,Richwood,Richwood,2,2,,,,,,https://www.privateproperty.co.za/to-rent/western-cape/cape-town/milnerton/richwood/RR4640757,"https://www.privateproperty.co.za/to-rent/western-cape/cape-town/55?pt=House,ApartmentFlat,TownHouseCluster&page=21",2026-04-05 20:59:18.337006
RR4640743,11754999,2 Bedroom Apartment University Estate,R 16 000,16000,ZAR,University Estate,University Estate,2,2,,,,,,https://www.privateproperty.co.za/to-rent/western-cape/cape-town/cape-town-city-bowl/woodstock/university-estate/RR4640743,"https://www.privateproperty.co.za/to-rent/western-cape/cape-town/55?pt=House,ApartmentFlat,TownHouseCluster&page=21",2026-04-05 20:59:18.337006
RR4640709,11754905,2 Bedroom Apartment Richwood,R 19 500,19500,ZAR,Richwood,Richwood,2,2,2,,,,,https://www.privateproperty.co.za/to-rent/western-cape/cape-town/milnerton/richwood/RR4640709,"https://www.privateproperty.co.za/to-rent/western-cape/cape-town/55?pt=House,ApartmentFlat,TownHouseCluster&page=21",2026-04-05 20:59:18.337006
RR4640704,11754887,1 Bedroom Apartment Fresnaye,R 20 000,20000,ZAR,Fresnaye,Fresnaye,1,1,,,,,,https://www.privateproperty.co.za/to-rent/western-cape/cape-town/atlantic-seaboard/fresnaye/RR4640704,"https://www.privateproperty.co.za/to-rent/western-cape/cape-town/55?pt=House,ApartmentFlat,TownHouseCluster&page=21",2026-04-05 20:59:18.337006
RR4640701,11754883,3 Bedroom House Strand North,R 21 500,21500,ZAR,Strand North,Strand North,3,2,1,496 m²,,,,https://www.privateproperty.co.za/to-rent/western-cape/cape-town/strand/strand-north/RR4640701,"https://www.privateproperty.co.za/to-rent/western-cape/cape-town/55?pt=House,ApartmentFlat,TownHouseCluster&page=21",2026-04-05 20:59:18.337006
RR4638126,11748240,1 Bedroom Apartment Wynberg,R 8 000,8000,ZAR,Wynberg,"Wynberg 3 Wynlee, 11 Mountainview Road",1,1,1,,-34.0096679771607,18.476370840393,,https://www.privateproperty.co.za/to-rent/western-cape/cape-town/southern-suburbs/wynberg/3-wynlee/11-mountainview-road/RR4638126,"https://www.privateproperty.co.za/to-rent/western-cape/cape-town/55?pt=House,ApartmentFlat,TownHouseCluster&page=21",2026-04-05 20:59:18.337006
RR4640663,11754811,3 Bedroom House Panorama,R 24 000,24000,ZAR,Panorama,Panorama,3,2,2,580 m²,,,,https://www.privateproperty.co.za/to-rent/western-cape/cape-town/parow/panorama/RR4640663,"https://www.privateproperty.co.za/to-rent/western-cape/cape-town/55?pt=House,ApartmentFlat,TownHouseCluster&page=21",2026-04-05 20:59:18.337006
RR4638818,11749890,Studio Apartment Green Point,R 17 500,17500,ZAR,Green Point,Green Point,0.5,1,1,,,,,https://www.privateproperty.co.za/to-rent/western-cape/cape-town/atlantic-seaboard/green-point/RR4638818,"https://www.privateproperty.co.za/to-rent/western-cape/cape-town/55?pt=House,ApartmentFlat,TownHouseCluster&page=21",2026-04-05 20:59:18.337006
RR4640651,11754790,2 Bedroom Apartment Sea Point,R 21 000,21000,ZAR,Sea Point,Sea Point,2,1,1,,,,,https://www.privateproperty.co.za/to-rent/western-cape/cape-town/atlantic-seaboard/sea-point/RR4640651,"https://www.privateproperty.co.za/to-rent/western-cape/cape-town/55?pt=House,ApartmentFlat,TownHouseCluster&page=21",2026-04-05 20:59:18.337006
RR4640636,11754756,3 Bedroom House Fresnaye,R 125 000,125000,ZAR,Fresnaye,Fresnaye,3,4,2,,,,,https://www.privateproperty.co.za/to-rent/western-cape/cape-town/atlantic-seaboard/fresnaye/RR4640636,"https://www.privateproperty.co.za/to-rent/western-cape/cape-town/55?pt=House,ApartmentFlat,TownHouseCluster&page=21",2026-04-05 20:59:18.337006
RR4640625,11754735,2 Bedroom Apartment Cape Town City Centre,R 30 000,30000,ZAR,Cape Town City Centre,Cape Town City Centre,2,2,1,,,,,https://www.privateproperty.co.za/to-rent/western-cape/cape-town/cape-town-city-bowl/cape-town-city-centre/RR4640625,"https://www.privateproperty.co.za/to-rent/western-cape/cape-town/55?pt=House,ApartmentFlat,TownHouseCluster&page=21",2026-04-05 20:59:18.337006
RR4640615,11754715,1 Bedroom Apartment Sea Point,R 25 000,25000,ZAR,Sea Point,Sea Point,1,1,,,,,,https://www.privateproperty.co.za/to-rent/western-cape/cape-town/atlantic-seaboard/sea-point/RR4640615,"https://www.privateproperty.co.za/to-rent/western-cape/cape-town/55?pt=House,ApartmentFlat,TownHouseCluster&page=21",2026-04-05 20:59:18.337006
RR4640600,11754688,1 Bedroom Apartment Kenilworth,R 13 000,13000,ZAR,Kenilworth,Kenilworth,1,1,1,,,,,https://www.privateproperty.co.za/to-rent/western-cape/cape-town/southern-suburbs/kenilworth/RR4640600,"https://www.privateproperty.co.za/to-rent/western-cape/cape-town/55?pt=House,ApartmentFlat,TownHouseCluster&page=21",2026-04-05 20:59:18.337006
RR4640589,11754655,2 Bedroom House Newlands,R 59 000,59000,ZAR,Newlands,"Newlands 0 Newlands, 9b Cypress Road",2,2.5,2,349 m²,-33.9715517,18.4518386,,https://www.privateproperty.co.za/to-rent/western-cape/cape-town/southern-suburbs/newlands/0-newlands/9b-cypress-road/RR4640589,"https://www.privateproperty.co.za/to-rent/western-cape/cape-town/55?pt=House,ApartmentFlat,TownHouseCluster&page=21",2026-04-05 20:59:18.337006
RR4063776,10298973,3 Bedroom House Hout Bay Central,R 75 000,75000,ZAR,Hout Bay Central,Hout Bay Central,3,3,,,,,,https://www.privateproperty.co.za/to-rent/western-cape/cape-town/hout-bay/hout-bay-central/RR4063776,"https://www.privateproperty.co.za/to-rent/western-cape/cape-town/55?pt=House,ApartmentFlat,TownHouseCluster&page=21",2026-04-05 20:59:18.337006
RR4640585,11754635,2 Bedroom Apartment Green Point,R 24 500,24500,ZAR,Green Point,Green Point,2,1,,,,,,https://www.privateproperty.co.za/to-rent/western-cape/cape-town/atlantic-seaboard/green-point/RR4640585,"https://www.privateproperty.co.za/to-rent/western-cape/cape-town/55?pt=House,ApartmentFlat,TownHouseCluster&page=21",2026-04-05 20:59:18.337006
RR4640566,11754564,2 Bedroom House Paardevlei,R 16 500,16500,ZAR,Paardevlei,"Paardevlei 1 The Jade, 1 New Rush Road",2,2,,,-34.0932294,18.8129741,,https://www.privateproperty.co.za/to-rent/western-cape/cape-town/somerset-west/paardevlei/1-the-jade/1-new-rush-road/RR4640566,"https://www.privateproperty.co.za/to-rent/western-cape/cape-town/55?pt=House,ApartmentFlat,TownHouseCluster&page=21",2026-04-05 20:59:18.337006
RR4088615,10365426,2 Bedroom Apartment Gardens,R 18 000,18000,ZAR,Gardens,Gardens,2,1,,,,,,https://www.privateproperty.co.za/to-rent/western-cape/cape-town/cape-town-city-bowl/gardens/RR4088615,"https://www.privateproperty.co.za/to-rent/western-cape/cape-town/55?pt=House,ApartmentFlat,TownHouseCluster&page=21",2026-04-05 20:59:18.337006
RR4640507,11754377,1 Bedroom Apartment Kenilworth,R 15 900,15900,ZAR,Kenilworth,"Kenilworth 112 Eighty Two On Harfield, 82 Harfield Road",1,1,1,,,,,https://www.privateproperty.co.za/to-rent/western-cape/cape-town/southern-suburbs/kenilworth/112-eighty-two-on-harfield/82-harfield-road/RR4640507,"https://www.privateproperty.co.za/to-rent/western-cape/cape-town/55?pt=House,ApartmentFlat,TownHouseCluster&page=21",2026-04-05 20:59:18.337006
RR4640500,11754350,3 Bedroom House Bishop Lavis,R 8 000,8000,ZAR,Bishop Lavis,Bishop Lavis,3,1,2,,,,,https://www.privateproperty.co.za/to-rent/western-cape/cape-town/matroosfontein/matroosfontein/bishop-lavis/RR4640500,"https://www.privateproperty.co.za/to-rent/western-cape/cape-town/55?pt=House,ApartmentFlat,TownHouseCluster&page=21",2026-04-05 20:59:18.337006
RR4640483,11754309,2 Bedroom Apartment Rylands,R 11 000,11000,ZAR,Rylands,Rylands,2,1,1,,-33.97751618558629,18.527853349465403,,https://www.privateproperty.co.za/to-rent/western-cape/cape-town/cape-flats/athlone/rylands/rylands/RR4640483,"https://www.privateproperty.co.za/to-rent/western-cape/cape-town/55?pt=House,ApartmentFlat,TownHouseCluster&page=22",2026-04-05 20:59:18.337006
RR4640442,11754198,Studio apartment Newlands,R 15 000,15000,ZAR,Newlands,Newlands,0.5,1,,,,,,https://www.privateproperty.co.za/to-rent/western-cape/cape-town/southern-suburbs/newlands/RR4640442,"https://www.privateproperty.co.za/to-rent/western-cape/cape-town/55?pt=House,ApartmentFlat,TownHouseCluster&page=22",2026-04-05 20:59:18.337006
RR4640425,11754159,3 Bedroom House Welgelee,R 15 450,15450,ZAR,Welgelee,Welgelee 28 Weltevrede Crescent,3,1,1,,,,,https://www.privateproperty.co.za/to-rent/western-cape/cape-town/brackenfell/vredekloof/welgelee/28-weltevrede-crescent/RR4640425,"https://www.privateproperty.co.za/to-rent/western-cape/cape-town/55?pt=House,ApartmentFlat,TownHouseCluster&page=22",2026-04-05 20:59:18.337006
RR4640423,11754156,2 Bedroom Apartment Century City,R 25 000,25000,ZAR,Century City,"Century City 25 Ashton Park, 1 Studio Lane",2,2,2,87 m²,-33.8840367,18.5173259,,https://www.privateproperty.co.za/to-rent/western-cape/cape-town/milnerton/century-city/25-ashton-park/1-studio-lane/RR4640423,"https://www.privateproperty.co.za/to-rent/western-cape/cape-town/55?pt=House,ApartmentFlat,TownHouseCluster&page=22",2026-04-05 20:59:18.337006
RR4640410,11754119,4 Bedroom House Bonnie Brae,R 22 500,22500,ZAR,Bonnie Brae,Bonnie Brae,4,2.5,,604 m²,,,,https://www.privateproperty.co.za/to-rent/western-cape/cape-town/kraaifontein/bonnie-brae/RR4640410,"https://www.privateproperty.co.za/to-rent/western-cape/cape-town/55?pt=House,ApartmentFlat,TownHouseCluster&page=22",2026-04-05 20:59:18.337006
RR4640406,11754113,2 Bedroom Apartment Strand North,R 14 000,14000,ZAR,Strand North,Strand North,2,2,2,1 678 m²,,,,https://www.privateproperty.co.za/to-rent/western-cape/cape-town/strand/strand-north/RR4640406,"https://www.privateproperty.co.za/to-rent/western-cape/cape-town/55?pt=House,ApartmentFlat,TownHouseCluster&page=22",2026-04-05 20:59:18.337006
RR4640395,11754093,2 Bedroom Apartment Hout Bay Central,R 19 000,19000,ZAR,Hout Bay Central,Hout Bay Central,2,1,,,,,,https://www.privateproperty.co.za/to-rent/western-cape/cape-town/hout-bay/hout-bay-central/RR4640395,"https://www.privateproperty.co.za/to-rent/western-cape/cape-town/55?pt=House,ApartmentFlat,TownHouseCluster&page=22",2026-04-05 20:59:18.337006
RR4640388,11754073,2 Bedroom Apartment Belhar,R 9 000,9000,ZAR,Belhar,Belhar,2,1,,38 m²,,,,https://www.privateproperty.co.za/to-rent/western-cape/cape-town/cape-flats/belhar/RR4640388,"https://www.privateproperty.co.za/to-rent/western-cape/cape-town/55?pt=House,ApartmentFlat,TownHouseCluster&page=22",2026-04-05 20:59:18.337006
RR4640383,11754059,1 Bedroom Apartment Somerset West Central,R 11 500,11500,ZAR,Somerset West Central,Somerset West Central,1,1,,,,,,https://www.privateproperty.co.za/to-rent/western-cape/cape-town/somerset-west/somerset-west-central/RR4640383,"https://www.privateproperty.co.za/to-rent/western-cape/cape-town/55?pt=House,ApartmentFlat,TownHouseCluster&page=22",2026-04-05 20:59:18.337006
RR4640369,11754036,1 Bedroom Apartment Llandudno,R 22 000,22000,ZAR,Llandudno,Llandudno,1,2.5,,,,,,https://www.privateproperty.co.za/to-rent/western-cape/cape-town/atlantic-seaboard/llandudno/RR4640369,"https://www.privateproperty.co.za/to-rent/western-cape/cape-town/55?pt=House,ApartmentFlat,TownHouseCluster&page=22",2026-04-05 20:59:18.337006
RR3796252,9549069,Studio apartment Sea Point,R 22 500,22500,ZAR,Sea Point,Sea Point,,1,,,,,,https://www.privateproperty.co.za/to-rent/western-cape/cape-town/atlantic-seaboard/sea-point/RR3796252,"https://www.privateproperty.co.za/to-rent/western-cape/cape-town/55?pt=House,ApartmentFlat,TownHouseCluster&page=22",2026-04-05 20:59:18.337006
RR4640349,11753977,2 Bedroom House Oranjezicht,R 36 000,36000,ZAR,Oranjezicht,Oranjezicht,2,2,1,905 m²,,,,https://www.privateproperty.co.za/to-rent/western-cape/cape-town/cape-town-city-bowl/oranjezicht/RR4640349,"https://www.privateproperty.co.za/to-rent/western-cape/cape-town/55?pt=House,ApartmentFlat,TownHouseCluster&page=22",2026-04-05 20:59:18.337006
RR4640350,11753978,1 Bedroom Apartment Costa Da Gama,R 10 000,10000,ZAR,Costa Da Gama,"Costa Da Gama 105 Sunrise Villas, 1 Unit 105, St Davids St",1,1,,,,,,https://www.privateproperty.co.za/to-rent/western-cape/cape-town/peninsula-false-bay/muizenberg/costa-da-gama/105-sunrise-villas/1-unit-105-st-davids-st/RR4640350,"https://www.privateproperty.co.za/to-rent/western-cape/cape-town/55?pt=House,ApartmentFlat,TownHouseCluster&page=22",2026-04-05 20:59:18.337006
RR4640336,11753923,1 Bedroom Apartment Costa Da Gama,R 10 000,10000,ZAR,Costa Da Gama,"Costa Da Gama 102 Sunrise Villas, 1 Unit 102, St Davids St",1,1,,,,,,https://www.privateproperty.co.za/to-rent/western-cape/cape-town/peninsula-false-bay/muizenberg/costa-da-gama/102-sunrise-villas/1-unit-102-st-davids-st/RR4640336,"https://www.privateproperty.co.za/to-rent/western-cape/cape-town/55?pt=House,ApartmentFlat,TownHouseCluster&page=22",2026-04-05 20:59:18.337006
RR4640301,11753836,3 Bedroom House Fish Hoek,R 25 000,25000,ZAR,Fish Hoek,Fish Hoek,3,2,1,,,,,https://www.privateproperty.co.za/to-rent/western-cape/cape-town/peninsula-false-bay/fish-hoek/RR4640301,"https://www.privateproperty.co.za/to-rent/western-cape/cape-town/55?pt=House,ApartmentFlat,TownHouseCluster&page=22",2026-04-05 20:59:18.337006
RR4640297,11753831,Studio Apartment Century City,R 15 000,15000,ZAR,Century City,Century City,0.5,1,1,,,,,https://www.privateproperty.co.za/to-rent/western-cape/cape-town/milnerton/century-city/RR4640297,"https://www.privateproperty.co.za/to-rent/western-cape/cape-town/55?pt=House,ApartmentFlat,TownHouseCluster&page=22",2026-04-05 20:59:18.337006
RR4640287,11753798,4 Bedroom House Gardens,R 57 500,57500,ZAR,Gardens,Gardens,4,3.5,,447 m²,,,,https://www.privateproperty.co.za/to-rent/western-cape/cape-town/cape-town-city-bowl/gardens/RR4640287,"https://www.privateproperty.co.za/to-rent/western-cape/cape-town/55?pt=House,ApartmentFlat,TownHouseCluster&page=22",2026-04-05 20:59:18.337006
RR4640284,11753794,2 Bedroom House Vredehoek,R 45 000,45000,ZAR,Vredehoek,Vredehoek,2,2,1,215 m²,,,,https://www.privateproperty.co.za/to-rent/western-cape/cape-town/cape-town-city-bowl/vredehoek/RR4640284,"https://www.privateproperty.co.za/to-rent/western-cape/cape-town/55?pt=House,ApartmentFlat,TownHouseCluster&page=22",2026-04-05 20:59:18.337006
RR4640264,11753753,3 Bedroom House Bluewater Estate,R 38 500,38500,ZAR,Bluewater Estate,Bluewater Estate,3,2,2,747 m²,,,,https://www.privateproperty.co.za/to-rent/western-cape/cape-town/peninsula-false-bay/kommetjie/bluewater-estate/RR4640264,"https://www.privateproperty.co.za/to-rent/western-cape/cape-town/55?pt=House,ApartmentFlat,TownHouseCluster&page=22",2026-04-05 20:59:18.337006
RR4640260,11753743,2 Bedroom Apartment Sea Point,R 23 000,23000,ZAR,Sea Point,Sea Point,2,1,1,,,,,https://www.privateproperty.co.za/to-rent/western-cape/cape-town/atlantic-seaboard/sea-point/RR4640260,"https://www.privateproperty.co.za/to-rent/western-cape/cape-town/55?pt=House,ApartmentFlat,TownHouseCluster&page=22",2026-04-05 20:59:18.337006
RR4640216,11753633,Studio Apartment Oranjezicht,R 13 000,13000,ZAR,Oranjezicht,Oranjezicht,,1,,,,,,https://www.privateproperty.co.za/to-rent/western-cape/cape-town/cape-town-city-bowl/oranjezicht/RR4640216,"https://www.privateproperty.co.za/to-rent/western-cape/cape-town/55?pt=House,ApartmentFlat,TownHouseCluster&page=23",2026-04-05 20:59:18.337006
RR4640214,11753630,3 Bedroom Apartment Sea Point,R 65 000,65000,ZAR,Sea Point,Sea Point,3,2.5,2,,,,,https://www.privateproperty.co.za/to-rent/western-cape/cape-town/atlantic-seaboard/sea-point/RR4640214,"https://www.privateproperty.co.za/to-rent/western-cape/cape-town/55?pt=House,ApartmentFlat,TownHouseCluster&page=23",2026-04-05 20:59:18.337006
RR3787384,9522935,2 Bedroom Apartment Milnerton Central,R 16 500,16500,ZAR,Milnerton Central,Milnerton Central,2,2,,,,,,https://www.privateproperty.co.za/to-rent/western-cape/cape-town/milnerton/milnerton-central/RR3787384,"https://www.privateproperty.co.za/to-rent/western-cape/cape-town/55?pt=House,ApartmentFlat,TownHouseCluster&page=23",2026-04-05 20:59:18.337006
RR4640167,11753533,3 Bedroom House Southfield,R 15 500,15500,ZAR,Southfield,Southfield,3,1,4,495 m²,,,,https://www.privateproperty.co.za/to-rent/western-cape/cape-town/southern-suburbs/southfield/RR4640167,"https://www.privateproperty.co.za/to-rent/western-cape/cape-town/55?pt=House,ApartmentFlat,TownHouseCluster&page=23",2026-04-05 20:59:18.337006
RR4640159,11753502,4 Bedroom House Joostenbergvlakte,R 27 000,27000,ZAR,Joostenbergvlakte,Joostenbergvlakte,4,3,,,,,,https://www.privateproperty.co.za/to-rent/western-cape/cape-town/kraaifontein/joostenbergvlakte/RR4640159,"https://www.privateproperty.co.za/to-rent/western-cape/cape-town/55?pt=House,ApartmentFlat,TownHouseCluster&page=23",2026-04-05 20:59:18.337006
RR4640158,11753501,2 Bedroom House Claremont Upper,R 39 000,39000,ZAR,Claremont Upper,Claremont Upper,2,2,2,450 m²,,,,https://www.privateproperty.co.za/to-rent/western-cape/cape-town/southern-suburbs/claremont/claremont-upper/RR4640158,"https://www.privateproperty.co.za/to-rent/western-cape/cape-town/55?pt=House,ApartmentFlat,TownHouseCluster&page=23",2026-04-05 20:59:18.337006
RR4640143,11753471,1 Bedroom Apartment Paardevlei,R 13 500,13500,ZAR,Paardevlei,Paardevlei,1,1,1,,,,,https://www.privateproperty.co.za/to-rent/western-cape/cape-town/somerset-west/paardevlei/RR4640143,"https://www.privateproperty.co.za/to-rent/western-cape/cape-town/55?pt=House,ApartmentFlat,TownHouseCluster&page=23",2026-04-05 20:59:18.337006
RR4640138,11753451,1 Bedroom Apartment Paardevlei,R 14 500,14500,ZAR,Paardevlei,Paardevlei,1,1,1,,,,,https://www.privateproperty.co.za/to-rent/western-cape/cape-town/somerset-west/paardevlei/RR4640138,"https://www.privateproperty.co.za/to-rent/western-cape/cape-town/55?pt=House,ApartmentFlat,TownHouseCluster&page=23",2026-04-05 20:59:18.337006
RR4640110,11753347,3 Bedroom Apartment Kenilworth,R 18 000,18000,ZAR,Kenilworth,Kenilworth,3,2,2,,,,,https://www.privateproperty.co.za/to-rent/western-cape/cape-town/southern-suburbs/kenilworth/RR4640110,"https://www.privateproperty.co.za/to-rent/western-cape/cape-town/55?pt=House,ApartmentFlat,TownHouseCluster&page=23",2026-04-05 20:59:18.337006
RR4640107,11753344,3 Bedroom Townhouse Parklands,R 16 000,16000,ZAR,Parklands,Parklands 1 Helmswood End,3,2,3,178 m²,,,,https://www.privateproperty.co.za/to-rent/western-cape/cape-town/blouberg/parklands/1-helmswood-end/RR4640107,"https://www.privateproperty.co.za/to-rent/western-cape/cape-town/55?pt=House,ApartmentFlat,TownHouseCluster&page=23",2026-04-05 20:59:18.337006
RR4640104,11753338,3 Bedroom Apartment Sandown,R 18 700,18700,ZAR,Sandown,Sandown 66 Candlewood Crescent,3,2,1,,,,,https://www.privateproperty.co.za/to-rent/western-cape/cape-town/blouberg/sandown/66-candlewood-crescent/RR4640104,"https://www.privateproperty.co.za/to-rent/western-cape/cape-town/55?pt=House,ApartmentFlat,TownHouseCluster&page=23",2026-04-05 20:59:18.337006
RR4640099,11753319,3 Bedroom House Rondebosch East,R 18 000,18000,ZAR,Rondebosch East,Rondebosch East,3,1,1,,,,,https://www.privateproperty.co.za/to-rent/western-cape/cape-town/southern-suburbs/rondebosch-east/RR4640099,"https://www.privateproperty.co.za/to-rent/western-cape/cape-town/55?pt=House,ApartmentFlat,TownHouseCluster&page=23",2026-04-05 20:59:18.337006
RR4640067,11753216,3 Bedroom House Constantia,R 50 000,50000,ZAR,Constantia,Constantia,3,2,1,,,,,https://www.privateproperty.co.za/to-rent/western-cape/cape-town/southern-suburbs/constantia/RR4640067,"https://www.privateproperty.co.za/to-rent/western-cape/cape-town/55?pt=House,ApartmentFlat,TownHouseCluster&page=23",2026-04-05 20:59:18.337006
RR4011947,10153971,3 Bedroom House Tamboerskloof,R 110 000,110000,ZAR,Tamboerskloof,Tamboerskloof 7 Devonport Rd,3,2,1,,-33.92604,18.40477,,https://www.privateproperty.co.za/to-rent/western-cape/cape-town/cape-town-city-bowl/tamboerskloof/7-devonport-rd/RR4011947,"https://www.privateproperty.co.za/to-rent/western-cape/cape-town/55?pt=House,ApartmentFlat,TownHouseCluster&page=23",2026-04-05 20:59:18.337006
RR2938585,7274272,Studio apartment Mouille Point,R 17 500,17500,ZAR,Mouille Point,"Mouille Point 27 Sandringham, 37 Beach Road",1,1,,,-33.9004841814451,18.40407371521,,https://www.privateproperty.co.za/to-rent/western-cape/cape-town/atlantic-seaboard/mouille-point/27-sandringham/37-beach-road/RR2938585,"https://www.privateproperty.co.za/to-rent/western-cape/cape-town/55?pt=House,ApartmentFlat,TownHouseCluster&page=23",2026-04-05 20:59:18.337006
RR4640027,11753094,3 Bedroom Apartment Northshore,R 31 000,31000,ZAR,Northshore,Northshore,3,2,2,,,,,https://www.privateproperty.co.za/to-rent/western-cape/cape-town/hout-bay/northshore/RR4640027,"https://www.privateproperty.co.za/to-rent/western-cape/cape-town/55?pt=House,ApartmentFlat,TownHouseCluster&page=23",2026-04-05 20:59:18.337006
RR4480009,11353382,1 Bedroom Apartment Glenhaven,R 8 200,8200,ZAR,Glenhaven,"Glenhaven A304 The Block Estate, 1 Unit A304, 1 Bester Rd",1,1,,,,,,https://www.privateproperty.co.za/to-rent/western-cape/cape-town/bellville/bellville-central/glenhaven/a304-the-block-estate/1-unit-a304-1-bester-rd/RR4480009,"https://www.privateproperty.co.za/to-rent/western-cape/cape-town/55?pt=House,ApartmentFlat,TownHouseCluster&page=23",2026-04-05 20:59:18.337006
RR4640016,11753068,2 Bedroom Apartment Thornton,R 8 500,8500,ZAR,Thornton,Thornton,2,1,,,,,,https://www.privateproperty.co.za/to-rent/western-cape/cape-town/southern-suburbs/thornton/RR4640016,"https://www.privateproperty.co.za/to-rent/western-cape/cape-town/55?pt=House,ApartmentFlat,TownHouseCluster&page=23",2026-04-05 20:59:18.337006
RR4640013,11753053,3 Bedroom House Schonenberg Estate,R 29 000,29000,ZAR,Schonenberg Estate,Schonenberg Estate,3,2,2,,,,,https://www.privateproperty.co.za/to-rent/western-cape/cape-town/somerset-west/schonenberg-estate/RR4640013,"https://www.privateproperty.co.za/to-rent/western-cape/cape-town/55?pt=House,ApartmentFlat,TownHouseCluster&page=23",2026-04-05 20:59:18.337006
RR4640003,11753028,4 Bedroom House Constantia,R 70 000,70000,ZAR,Constantia,Constantia,4,3,4,,,,,https://www.privateproperty.co.za/to-rent/western-cape/cape-town/southern-suburbs/constantia/RR4640003,"https://www.privateproperty.co.za/to-rent/western-cape/cape-town/55?pt=House,ApartmentFlat,TownHouseCluster&page=23",2026-04-05 20:59:18.337006
RR4639989,11752978,3 Bedroom Apartment Paardevlei,R 22 000,22000,ZAR,Paardevlei,Paardevlei,3,2,2,,,,,https://www.privateproperty.co.za/to-rent/western-cape/cape-town/somerset-west/paardevlei/RR4639989,"https://www.privateproperty.co.za/to-rent/western-cape/cape-town/55?pt=House,ApartmentFlat,TownHouseCluster&page=24",2026-04-05 20:59:18.337006
RR4639985,11752961,3 Bedroom House Sunningdale,R 27 000,27000,ZAR,Sunningdale,Sunningdale,3,2,4,,,,,https://www.privateproperty.co.za/to-rent/western-cape/cape-town/blouberg/sunningdale/RR4639985,"https://www.privateproperty.co.za/to-rent/western-cape/cape-town/55?pt=House,ApartmentFlat,TownHouseCluster&page=24",2026-04-05 20:59:18.337006
RR4639976,11752941,2 Bedroom House Cape Town City Centre,R 50 000,50000,ZAR,Cape Town City Centre,"Cape Town City Centre 1702 Pullman Hotel, 9 Marine Street",2,2,,,-33.91874,18.42238,,https://www.privateproperty.co.za/to-rent/western-cape/cape-town/cape-town-city-bowl/cape-town-city-centre/1702-pullman-hotel/9-marine-street/RR4639976,"https://www.privateproperty.co.za/to-rent/western-cape/cape-town/55?pt=House,ApartmentFlat,TownHouseCluster&page=24",2026-04-05 20:59:18.337006
RR4639942,11752847,2 Bedroom Apartment Claremont,R 17 795,17795,ZAR,Claremont,Claremont,2,1,,,,,,https://www.privateproperty.co.za/to-rent/western-cape/cape-town/southern-suburbs/claremont/RR4639942,"https://www.privateproperty.co.za/to-rent/western-cape/cape-town/55?pt=House,ApartmentFlat,TownHouseCluster&page=24",2026-04-05 20:59:18.337006
RR4639932,11752816,1 Bedroom Apartment Rondebosch,R 13 000,13000,ZAR,Rondebosch,Rondebosch,1,1,,,,,,https://www.privateproperty.co.za/to-rent/western-cape/cape-town/southern-suburbs/rondebosch/RR4639932,"https://www.privateproperty.co.za/to-rent/western-cape/cape-town/55?pt=House,ApartmentFlat,TownHouseCluster&page=24",2026-04-05 20:59:18.337006
RR4639925,11752801,Studio apartment Green Point,R 15 000,15000,ZAR,Green Point,Green Point,0.5,1,,,,,,https://www.privateproperty.co.za/to-rent/western-cape/cape-town/atlantic-seaboard/green-point/RR4639925,"https://www.privateproperty.co.za/to-rent/western-cape/cape-town/55?pt=House,ApartmentFlat,TownHouseCluster&page=24",2026-04-05 20:59:18.337006
RR4639921,11752781,2 Bedroom House Parklands North,R 17 500,17500,ZAR,Parklands North,Parklands North 21 Trinity Crescent,2,1,2,175 m²,-33.7999926,18.4924301,,https://www.privateproperty.co.za/to-rent/western-cape/cape-town/blouberg/parklands-north/21-trinity-crescent/RR4639921,"https://www.privateproperty.co.za/to-rent/western-cape/cape-town/55?pt=House,ApartmentFlat,TownHouseCluster&page=24",2026-04-05 20:59:18.337006
RR4381001,11106264,Studio apartment Gardens,R 18 000,18000,ZAR,Gardens,Gardens,1,1,,,,,,https://www.privateproperty.co.za/to-rent/western-cape/cape-town/cape-town-city-bowl/gardens/RR4381001,"https://www.privateproperty.co.za/to-rent/western-cape/cape-town/55?pt=House,ApartmentFlat,TownHouseCluster&page=24",2026-04-05 20:59:18.337006
RR3670520,9171680,Studio apartment Gardens,R 13 500,13500,ZAR,Gardens,Gardens,0.5,1,,,,,,https://www.privateproperty.co.za/to-rent/western-cape/cape-town/cape-town-city-bowl/gardens/RR3670520,"https://www.privateproperty.co.za/to-rent/western-cape/cape-town/55?pt=House,ApartmentFlat,TownHouseCluster&page=24",2026-04-05 20:59:18.337006
RR4639897,11752692,4 Bedroom House Protea Valley,R 35 000,35000,ZAR,Protea Valley,Protea Valley 11 Geelbos Road,4,2.5,4,922 m²,,,,https://www.privateproperty.co.za/to-rent/western-cape/cape-town/bellville/protea-valley/11-geelbos-road/RR4639897,"https://www.privateproperty.co.za/to-rent/western-cape/cape-town/55?pt=House,ApartmentFlat,TownHouseCluster&page=24",2026-04-05 20:59:18.337006
RR4639866,11752598,2 Bedroom Apartment Bakoven,R 43 500,43500,ZAR,Bakoven,Bakoven,2,2,,,,,,https://www.privateproperty.co.za/to-rent/western-cape/cape-town/atlantic-seaboard/bakoven/RR4639866,"https://www.privateproperty.co.za/to-rent/western-cape/cape-town/55?pt=House,ApartmentFlat,TownHouseCluster&page=24",2026-04-05 20:59:18.337006
RR4639830,11752508,2 Bedroom Apartment Table View,R 19 000,19000,ZAR,Table View,Table View,2,2,1,,,,,https://www.privateproperty.co.za/to-rent/western-cape/cape-town/blouberg/table-view/RR4639830,"https://www.privateproperty.co.za/to-rent/western-cape/cape-town/55?pt=House,ApartmentFlat,TownHouseCluster&page=24",2026-04-05 20:59:18.337006
RR4639809,11752452,3 Bedroom House Brackenfell Central,R 23 000,23000,ZAR,Brackenfell Central,Brackenfell Central 20 Spekboom Street,3,2.5,4,225 m²,,,,https://www.privateproperty.co.za/to-rent/western-cape/cape-town/brackenfell/brackenfell-central/20-spekboom-street/RR4639809,"https://www.privateproperty.co.za/to-rent/western-cape/cape-town/55?pt=House,ApartmentFlat,TownHouseCluster&page=24",2026-04-05 20:59:18.337006
RR4639804,11752431,3 Bedroom Apartment Bloubergstrand,R 30 000,30000,ZAR,Bloubergstrand,"Bloubergstrand 48 Island View, 48 Island View Close",3,2.5,2,,-33.780992,18.4550695,,https://www.privateproperty.co.za/to-rent/western-cape/cape-town/blouberg/bloubergstrand/48-island-view/48-island-view-close/RR4639804,"https://www.privateproperty.co.za/to-rent/western-cape/cape-town/55?pt=House,ApartmentFlat,TownHouseCluster&page=24",2026-04-05 20:59:18.337006
RR4449240,11275409,Studio apartment Vredehoek,R 13 000,13000,ZAR,Vredehoek,Vredehoek,,1,,,,,,https://www.privateproperty.co.za/to-rent/western-cape/cape-town/cape-town-city-bowl/vredehoek/RR4449240,"https://www.privateproperty.co.za/to-rent/western-cape/cape-town/55?pt=House,ApartmentFlat,TownHouseCluster&page=24",2026-04-05 20:59:18.337006
RR4639779,11752367,1 Bedroom Apartment Meadowridge,R 13 500,13500,ZAR,Meadowridge,Meadowridge,1,1,1,,,,,https://www.privateproperty.co.za/to-rent/western-cape/cape-town/southern-suburbs/meadowridge/RR4639779,"https://www.privateproperty.co.za/to-rent/western-cape/cape-town/55?pt=House,ApartmentFlat,TownHouseCluster&page=24",2026-04-05 20:59:18.337006
RR4006671,10140199,3 Bedroom House Royal Ascot,R 27 000,27000,ZAR,Royal Ascot,Royal Ascot,3,2,2,,,,,https://www.privateproperty.co.za/to-rent/western-cape/cape-town/milnerton/royal-ascot/RR4006671,"https://www.privateproperty.co.za/to-rent/western-cape/cape-town/55?pt=House,ApartmentFlat,TownHouseCluster&page=24",2026-04-05 20:59:18.337006
RR4639772,11752333,1 Bedroom Apartment Admirals Park,R 8 200,8200,ZAR,Admirals Park,Admirals Park,1,1,1,40 m²,,,,https://www.privateproperty.co.za/to-rent/western-cape/cape-town/gordons-bay/admirals-park/RR4639772,"https://www.privateproperty.co.za/to-rent/western-cape/cape-town/55?pt=House,ApartmentFlat,TownHouseCluster&page=24",2026-04-05 20:59:18.337006
RR4455993,11292854,1 Bedroom Apartment Oranjezicht,R 16 750,16750,ZAR,Oranjezicht,"Oranjezicht 23 Forest Hill, 10 Vredehoek Avenue",1,1,,,,,,https://www.privateproperty.co.za/to-rent/western-cape/cape-town/cape-town-city-bowl/oranjezicht/23-forest-hill/10-vredehoek-avenue/RR4455993,"https://www.privateproperty.co.za/to-rent/western-cape/cape-town/55?pt=House,ApartmentFlat,TownHouseCluster&page=24",2026-04-05 20:59:18.337006
RR4639713,11752172,1 Bedroom Apartment Cape Town City Centre,R 14 000,14000,ZAR,Cape Town City Centre,"Cape Town City Centre 802 Charlie And The Chairman, 8 8 Hans Strijdom Avenue",1,1,,,,,,https://www.privateproperty.co.za/to-rent/western-cape/cape-town/cape-town-city-bowl/cape-town-city-centre/802-charlie-and-the-chairman/8-8-hans-strijdom-avenue/RR4639713,"https://www.privateproperty.co.za/to-rent/western-cape/cape-town/55?pt=House,ApartmentFlat,TownHouseCluster&page=24",2026-04-05 20:59:18.337006
RR4535566,11492649,Studio Apartment Mowbray,R 10 500,10500,ZAR,Mowbray,"Mowbray 310 The Kingsley, 1 Unit 310, Strubens Str",0.5,1,,,,,,https://www.privateproperty.co.za/to-rent/western-cape/cape-town/southern-suburbs/mowbray/310-the-kingsley/1-unit-310-strubens-str/RR4535566,"https://www.privateproperty.co.za/to-rent/western-cape/cape-town/55?pt=House,ApartmentFlat,TownHouseCluster&page=25",2026-04-05 20:59:18.337006
RR4639699,11752130,1 Bedroom Apartment Table View,R 7 000,7000,ZAR,Table View,Table View,1,1,1,,,,,https://www.privateproperty.co.za/to-rent/western-cape/cape-town/blouberg/table-view/RR4639699,"https://www.privateproperty.co.za/to-rent/western-cape/cape-town/55?pt=House,ApartmentFlat,TownHouseCluster&page=25",2026-04-05 20:59:18.337006
RR4536140,11494095,2 Bedroom Duplex Haasendal,R 12 000,12000,ZAR,Haasendal,"Haasendal 73 Kogelberg, 1 Unit 73, Haasendal Road",2,1,,,,,,https://www.privateproperty.co.za/to-rent/western-cape/cape-town/kuils-river/haasendal/73-kogelberg/1-unit-73-haasendal-road/RR4536140,"https://www.privateproperty.co.za/to-rent/western-cape/cape-town/55?pt=House,ApartmentFlat,TownHouseCluster&page=25",2026-04-05 20:59:18.337006
RR4639694,11752118,1 Bedroom Apartment De Velde,R 11 750,11750,ZAR,De Velde,De Velde,1,1,,,,,,https://www.privateproperty.co.za/to-rent/western-cape/cape-town/somerset-west/de-velde/RR4639694,"https://www.privateproperty.co.za/to-rent/western-cape/cape-town/55?pt=House,ApartmentFlat,TownHouseCluster&page=25",2026-04-05 20:59:18.337006
RR4639680,11752085,3 Bedroom Apartment Paardevlei,R 24 000,24000,ZAR,Paardevlei,Paardevlei,3,2,,,,,,https://www.privateproperty.co.za/to-rent/western-cape/cape-town/somerset-west/paardevlei/RR4639680,"https://www.privateproperty.co.za/to-rent/western-cape/cape-town/55?pt=House,ApartmentFlat,TownHouseCluster&page=25",2026-04-05 20:59:18.337006
RR4639670,11752064,4 Bedroom House Kenilworth Upper,R 130 000,130000,ZAR,Kenilworth Upper,Kenilworth Upper 9 Highwick Avenue,4,3,4,2 181 m²,-33.9903999806558,18.4643580035212,,https://www.privateproperty.co.za/to-rent/western-cape/cape-town/southern-suburbs/kenilworth/kenilworth-upper/9-highwick-avenue/RR4639670,"https://www.privateproperty.co.za/to-rent/western-cape/cape-town/55?pt=House,ApartmentFlat,TownHouseCluster&page=25",2026-04-05 20:59:18.337006
RR4502686,11410307,2 Bedroom Apartment Whispering Pines,R 10 000,10000,ZAR,Whispering Pines,Whispering Pines,2,1,,,,,,https://www.privateproperty.co.za/to-rent/western-cape/cape-town/gordons-bay/whispering-pines/RR4502686,"https://www.privateproperty.co.za/to-rent/western-cape/cape-town/55?pt=House,ApartmentFlat,TownHouseCluster&page=25",2026-04-05 20:59:18.337006
RR3027650,7470680,1 Bedroom Apartment Rondebosch,R 13 500,13500,ZAR,Rondebosch,Rondebosch,1,1,,,,,,https://www.privateproperty.co.za/to-rent/western-cape/cape-town/southern-suburbs/rondebosch/RR3027650,"https://www.privateproperty.co.za/to-rent/western-cape/cape-town/55?pt=House,ApartmentFlat,TownHouseCluster&page=25",2026-04-05 20:59:18.337006
RR4639646,11751980,3 Bedroom Apartment Paardevlei,R 22 000,22000,ZAR,Paardevlei,Paardevlei,3,2,,,,,,https://www.privateproperty.co.za/to-rent/western-cape/cape-town/somerset-west/paardevlei/RR4639646,"https://www.privateproperty.co.za/to-rent/western-cape/cape-town/55?pt=House,ApartmentFlat,TownHouseCluster&page=25",2026-04-05 20:59:18.337006
RR4639590,11751849,1 Bedroom Townhouse Elsies River,R 4 600,4600,ZAR,Elsies River,Elsies River,1,1,,,,,,https://www.privateproperty.co.za/to-rent/western-cape/cape-town/goodwood/elsies-river/RR4639590,"https://www.privateproperty.co.za/to-rent/western-cape/cape-town/55?pt=House,ApartmentFlat,TownHouseCluster&page=25",2026-04-05 20:59:18.337006
RR3115334,7678767,2 Bedroom Apartment Parklands North,R 9 800,9800,ZAR,Parklands North,"Parklands North D16 Forest Place, 32 Dartford Drive",2,1,,,-33.8036438,18.5242541,,https://www.privateproperty.co.za/to-rent/western-cape/cape-town/blouberg/parklands-north/d16-forest-place/32-dartford-drive/RR3115334,"https://www.privateproperty.co.za/to-rent/western-cape/cape-town/55?pt=House,ApartmentFlat,TownHouseCluster&page=25",2026-04-05 20:59:18.337006
RR4638932,11750150,1 Bedroom Flat Cape Town City Bowl,R 15 000,15000,ZAR,Cape Town City Bowl,"Cape Town City Bowl 11 The Square, 50 Buitenkant Street",1,1,1,,-33.9290374739846,18.4184836730141,,https://www.privateproperty.co.za/to-rent/western-cape/cape-town/cape-town-city-bowl/cape-town-city-centre/cape-town-city-bowl/11-the-square/50-buitenkant-street/RR4638932,"https://www.privateproperty.co.za/to-rent/western-cape/cape-town/55?pt=House,ApartmentFlat,TownHouseCluster&page=25",2026-04-05 20:59:18.337006
RR4484319,11364399,1 Bedroom Apartment Mouille Point,R 26 000,26000,ZAR,Mouille Point,Mouille Point,1,1,1,,,,,https://www.privateproperty.co.za/to-rent/western-cape/cape-town/atlantic-seaboard/mouille-point/RR4484319,"https://www.privateproperty.co.za/to-rent/western-cape/cape-town/55?pt=House,ApartmentFlat,TownHouseCluster&page=25",2026-04-05 20:59:18.337006
RR4639535,11751711,3 Bedroom Townhouse Kenilworth Upper,R 36 500,36500,ZAR,Kenilworth Upper,Kenilworth Upper,3,3,2,,,,,https://www.privateproperty.co.za/to-rent/western-cape/cape-town/southern-suburbs/kenilworth/kenilworth-upper/RR4639535,"https://www.privateproperty.co.za/to-rent/western-cape/cape-town/55?pt=House,ApartmentFlat,TownHouseCluster&page=25",2026-04-05 20:59:18.337006
RR4639523,11751682,4 Bedroom House Newlands,R 40 000,40000,ZAR,Newlands,Newlands,4,3,2,,,,,https://www.privateproperty.co.za/to-rent/western-cape/cape-town/southern-suburbs/newlands/RR4639523,"https://www.privateproperty.co.za/to-rent/western-cape/cape-town/55?pt=House,ApartmentFlat,TownHouseCluster&page=25",2026-04-05 20:59:18.337006
RR4639515,11751649,1 Bedroom Apartment Camps Bay,R 19 500,19500,ZAR,Camps Bay,Camps Bay,1,1,,,,,,https://www.privateproperty.co.za/to-rent/western-cape/cape-town/atlantic-seaboard/camps-bay/RR4639515,"https://www.privateproperty.co.za/to-rent/western-cape/cape-town/55?pt=House,ApartmentFlat,TownHouseCluster&page=25",2026-04-05 20:59:18.337006
RR4639512,11751644,1 Bedroom Apartment Camps Bay,R 18 500,18500,ZAR,Camps Bay,Camps Bay,1,1,,,,,,https://www.privateproperty.co.za/to-rent/western-cape/cape-town/atlantic-seaboard/camps-bay/RR4639512,"https://www.privateproperty.co.za/to-rent/western-cape/cape-town/55?pt=House,ApartmentFlat,TownHouseCluster&page=25",2026-04-05 20:59:18.337006
RR4639452,11751488,2 Bedroom Apartment Paardevlei,R 18 950,18950,ZAR,Paardevlei,Paardevlei,2,2,2,,,,,https://www.privateproperty.co.za/to-rent/western-cape/cape-town/somerset-west/paardevlei/RR4639452,"https://www.privateproperty.co.za/to-rent/western-cape/cape-town/55?pt=House,ApartmentFlat,TownHouseCluster&page=25",2026-04-05 20:59:18.337006
RR4639402,11751390,3 Bedroom House Protea Heights,R 20 000,20000,ZAR,Protea Heights,Protea Heights,3,1.5,2,644 m²,,,,https://www.privateproperty.co.za/to-rent/western-cape/cape-town/brackenfell/protea-heights/RR4639402,"https://www.privateproperty.co.za/to-rent/western-cape/cape-town/55?pt=House,ApartmentFlat,TownHouseCluster&page=25",2026-04-05 20:59:18.337006
RR4639398,11751377,3 Bedroom Apartment Richwood,R 23 500,23500,ZAR,Richwood,Richwood,3,2,2,,,,,https://www.privateproperty.co.za/to-rent/western-cape/cape-town/milnerton/richwood/RR4639398,"https://www.privateproperty.co.za/to-rent/western-cape/cape-town/55?pt=House,ApartmentFlat,TownHouseCluster&page=25",2026-04-05 20:59:18.337006
RR4639347,11751272,4 Bedroom House Noordhoek,R 55 000,55000,ZAR,Noordhoek,Noordhoek The Padock Genevieve Close,4,4,8,,-34.1058604,18.3801582,,https://www.privateproperty.co.za/to-rent/western-cape/cape-town/peninsula-false-bay/noordhoek/the-padock-genevieve-close/RR4639347,"https://www.privateproperty.co.za/to-rent/western-cape/cape-town/55?pt=House,ApartmentFlat,TownHouseCluster&page=26",2026-04-05 20:59:18.337006
RR4639344,11751264,1 Bedroom Apartment Somerset West Central,R 9 900,9900,ZAR,Somerset West Central,"Somerset West Central B06-u4e Bahari Lifestyle Apartments, B06-u4e 29 Copacabana",1,1,1,,-34.10891575761994,18.864046339665347,,https://www.privateproperty.co.za/to-rent/western-cape/cape-town/somerset-west/somerset-west-central/b06-u4e-bahari-lifestyle-apartments/b06-u4e-29-copacabana/RR4639344,"https://www.privateproperty.co.za/to-rent/western-cape/cape-town/55?pt=House,ApartmentFlat,TownHouseCluster&page=26",2026-04-05 20:59:18.337006
RR4405484,11167121,7 Bedroom House Camps Bay,R 38 000,38000,ZAR,Camps Bay,Camps Bay,7,7,1,,,,,https://www.privateproperty.co.za/to-rent/western-cape/cape-town/atlantic-seaboard/camps-bay/RR4405484,"https://www.privateproperty.co.za/to-rent/western-cape/cape-town/55?pt=House,ApartmentFlat,TownHouseCluster&page=26",2026-04-05 20:59:18.337006
RR4639316,11751171,1 Bedroom Apartment Sea Point,R 19 000,19000,ZAR,Sea Point,Sea Point,1,1,,,,,,https://www.privateproperty.co.za/to-rent/western-cape/cape-town/atlantic-seaboard/sea-point/RR4639316,"https://www.privateproperty.co.za/to-rent/western-cape/cape-town/55?pt=House,ApartmentFlat,TownHouseCluster&page=26",2026-04-05 20:59:18.337006
RR4639315,11751170,3 Bedroom House Paardevlei,R 28 000,28000,ZAR,Paardevlei,Paardevlei,3,2,1,,,,,https://www.privateproperty.co.za/to-rent/western-cape/cape-town/somerset-west/paardevlei/RR4639315,"https://www.privateproperty.co.za/to-rent/western-cape/cape-town/55?pt=House,ApartmentFlat,TownHouseCluster&page=26",2026-04-05 20:59:18.337006
RR4639305,11751121,Bachelor apartment Ferndale,R 8 000,8000,ZAR,Ferndale,"Ferndale 73 Forestdale Villas, 45 Old Paarl Road",1,1,1,29 m²,,,,https://www.privateproperty.co.za/to-rent/western-cape/cape-town/brackenfell/brackenfell-central/ferndale/73-forestdale-villas/45-old-paarl-road/RR4639305,"https://www.privateproperty.co.za/to-rent/western-cape/cape-town/55?pt=House,ApartmentFlat,TownHouseCluster&page=26",2026-04-05 20:59:18.337006
RR4639289,11751085,2 Bedroom Apartment Gardens,R 26 000,26000,ZAR,Gardens,Gardens,2,2,1,,,,,https://www.privateproperty.co.za/to-rent/western-cape/cape-town/cape-town-city-bowl/gardens/RR4639289,"https://www.privateproperty.co.za/to-rent/western-cape/cape-town/55?pt=House,ApartmentFlat,TownHouseCluster&page=26",2026-04-05 20:59:18.337006
RR4639277,11751054,2 Bedroom House Crofters Valley,R 38 950,38950,ZAR,Crofters Valley,Crofters Valley,2,2.5,,,,,,https://www.privateproperty.co.za/to-rent/western-cape/cape-town/peninsula-false-bay/noordhoek/crofters-valley/RR4639277,"https://www.privateproperty.co.za/to-rent/western-cape/cape-town/55?pt=House,ApartmentFlat,TownHouseCluster&page=26",2026-04-05 20:59:18.337006
RR4639275,11751047,3 Bedroom Apartment De Zicht Estate,R 24 000,24000,ZAR,De Zicht Estate,De Zicht Estate,3,2,2,7.7 ha,,,,https://www.privateproperty.co.za/to-rent/western-cape/cape-town/milnerton/richwood/de-zicht-estate/RR4639275,"https://www.privateproperty.co.za/to-rent/western-cape/cape-town/55?pt=House,ApartmentFlat,TownHouseCluster&page=26",2026-04-05 20:59:18.337006
RR4639272,11751041,4 Bedroom House Camps Bay,R 99 000,99000,ZAR,Camps Bay,Camps Bay,4,4,2,,,,,https://www.privateproperty.co.za/to-rent/western-cape/cape-town/atlantic-seaboard/camps-bay/RR4639272,"https://www.privateproperty.co.za/to-rent/western-cape/cape-town/55?pt=House,ApartmentFlat,TownHouseCluster&page=26",2026-04-05 20:59:18.337006
RR4639261,11750997,3 Bedroom House Buh Rein Estate,R 16 900,16900,ZAR,Buh Rein Estate,Buh Rein Estate,3,1,3,,,,,https://www.privateproperty.co.za/to-rent/western-cape/cape-town/kraaifontein/buh-rein-estate/RR4639261,"https://www.privateproperty.co.za/to-rent/western-cape/cape-town/55?pt=House,ApartmentFlat,TownHouseCluster&page=26",2026-04-05 20:59:18.337006
RR4639249,11750960,1 Bedroom Apartment Milnerton Central,R 10 500,10500,ZAR,Milnerton Central,Milnerton Central,1,1,1,,,,,https://www.privateproperty.co.za/to-rent/western-cape/cape-town/milnerton/milnerton-central/RR4639249,"https://www.privateproperty.co.za/to-rent/western-cape/cape-town/55?pt=House,ApartmentFlat,TownHouseCluster&page=26",2026-04-05 20:59:18.337006
RR4639250,11750961,2 Bedroom Apartment Big Bay,R 22 500,22500,ZAR,Big Bay,Big Bay,2,2,2,,,,,https://www.privateproperty.co.za/to-rent/western-cape/cape-town/blouberg/big-bay/RR4639250,"https://www.privateproperty.co.za/to-rent/western-cape/cape-town/55?pt=House,ApartmentFlat,TownHouseCluster&page=26",2026-04-05 20:59:18.337006
RR4233778,10727067,3 Bedroom House Erinvale Estate,R 5 650 per day,5650,ZAR,Erinvale Estate,Erinvale Estate,3,3,,,,,,https://www.privateproperty.co.za/to-rent/western-cape/cape-town/somerset-west/erinvale-estate/RR4233778,"https://www.privateproperty.co.za/to-rent/western-cape/cape-town/55?pt=House,ApartmentFlat,TownHouseCluster&page=26",2026-04-05 20:59:18.337006
RR4412220,11184051,2 Bedroom Apartment Sandown,R 18 900,18900,ZAR,Sandown,Sandown,2,2,2,,,,,https://www.privateproperty.co.za/to-rent/western-cape/cape-town/blouberg/sandown/RR4412220,"https://www.privateproperty.co.za/to-rent/western-cape/cape-town/55?pt=House,ApartmentFlat,TownHouseCluster&page=26",2026-04-05 20:59:18.337006
RR4265412,10806501,2 Bedroom House Erinvale Estate,R 5 350 per day,5350,ZAR,Erinvale Estate,Erinvale Estate,2,2,,,,,,https://www.privateproperty.co.za/to-rent/western-cape/cape-town/somerset-west/erinvale-estate/RR4265412,"https://www.privateproperty.co.za/to-rent/western-cape/cape-town/55?pt=House,ApartmentFlat,TownHouseCluster&page=26",2026-04-05 20:59:18.337006
RR4235425,10731378,Studio Apartment Tamboerskloof,R 9 500,9500,ZAR,Tamboerskloof,"Tamboerskloof 010 Bowbells, 10 Derwant Street",,1,,,,,,https://www.privateproperty.co.za/to-rent/western-cape/cape-town/cape-town-city-bowl/tamboerskloof/010-bowbells/10-derwant-street/RR4235425,"https://www.privateproperty.co.za/to-rent/western-cape/cape-town/55?pt=House,ApartmentFlat,TownHouseCluster&page=26",2026-04-05 20:59:18.337006
RR4639176,11750757,1 Bedroom Apartment Big Bay,R 18 000,18000,ZAR,Big Bay,"Big Bay 27 Eden On The Bay, 1 Beach Estate Boulevard",1,1,1,,-33.7922641,18.457979,,https://www.privateproperty.co.za/to-rent/western-cape/cape-town/blouberg/big-bay/27-eden-on-the-bay/1-beach-estate-boulevard/RR4639176,"https://www.privateproperty.co.za/to-rent/western-cape/cape-town/55?pt=House,ApartmentFlat,TownHouseCluster&page=26",2026-04-05 20:59:18.337006
RR4639170,11750737,1 Bedroom Apartment Haasendal,R 13 000,13000,ZAR,Haasendal,Haasendal,1,1,1,,,,,https://www.privateproperty.co.za/to-rent/western-cape/cape-town/kuils-river/haasendal/RR4639170,"https://www.privateproperty.co.za/to-rent/western-cape/cape-town/55?pt=House,ApartmentFlat,TownHouseCluster&page=26",2026-04-05 20:59:18.337006
RR4639152,11750680,Studio apartment Sea Point,R 18 000,18000,ZAR,Sea Point,Sea Point,1,1,1,,,,,https://www.privateproperty.co.za/to-rent/western-cape/cape-town/atlantic-seaboard/sea-point/RR4639152,"https://www.privateproperty.co.za/to-rent/western-cape/cape-town/55?pt=House,ApartmentFlat,TownHouseCluster&page=26",2026-04-05 20:59:18.337006
RR4639144,11750659,3 Bedroom House Kenilworth,R 28 000,28000,ZAR,Kenilworth,Kenilworth,3,2,2,348 m²,,,,https://www.privateproperty.co.za/to-rent/western-cape/cape-town/southern-suburbs/kenilworth/RR4639144,"https://www.privateproperty.co.za/to-rent/western-cape/cape-town/55?pt=House,ApartmentFlat,TownHouseCluster&page=27",2026-04-05 20:59:18.337006
RR4639117,11750564,2 Bedroom Apartment Richwood,R 16 900,16900,ZAR,Richwood,Richwood,2,2,2,,,,,https://www.privateproperty.co.za/to-rent/western-cape/cape-town/milnerton/richwood/RR4639117,"https://www.privateproperty.co.za/to-rent/western-cape/cape-town/55?pt=House,ApartmentFlat,TownHouseCluster&page=27",2026-04-05 20:59:18.337006
RR4639052,11750422,2 Bedroom Apartment Rondebosch,R 15 500,15500,ZAR,Rondebosch,Rondebosch,2,1,1,,,,,https://www.privateproperty.co.za/to-rent/western-cape/cape-town/southern-suburbs/rondebosch/RR4639052,"https://www.privateproperty.co.za/to-rent/western-cape/cape-town/55?pt=House,ApartmentFlat,TownHouseCluster&page=27",2026-04-05 20:59:18.337006
RR4639025,11750360,3 Bedroom House Langeberg Ridge,R 27 500,27500,ZAR,Langeberg Ridge,Langeberg Ridge,3,2.5,4,212 m²,,,,https://www.privateproperty.co.za/to-rent/western-cape/cape-town/kraaifontein/langeberg-ridge/RR4639025,"https://www.privateproperty.co.za/to-rent/western-cape/cape-town/55?pt=House,ApartmentFlat,TownHouseCluster&page=27",2026-04-05 20:59:18.337006
RR4639010,11750331,1 Bedroom Apartment Milnerton Central,R 13 750,13750,ZAR,Milnerton Central,"Milnerton Central 010101 De Aan Zicht, 1 Rooiheuwel Rd",1,1,1,2 ha,-33.8189702,18.5533651,,https://www.privateproperty.co.za/to-rent/western-cape/cape-town/milnerton/milnerton-central/010101-de-aan-zicht/1-rooiheuwel-rd/RR4639010,"https://www.privateproperty.co.za/to-rent/western-cape/cape-town/55?pt=House,ApartmentFlat,TownHouseCluster&page=27",2026-04-05 20:59:18.337006
RR4638970,11750243,1 Bedroom Apartment Goodwood,R 4 950,4950,ZAR,Goodwood,Goodwood,1,1,,,,,,https://www.privateproperty.co.za/to-rent/western-cape/cape-town/goodwood/goodwood/RR4638970,"https://www.privateproperty.co.za/to-rent/western-cape/cape-town/55?pt=House,ApartmentFlat,TownHouseCluster&page=27",2026-04-05 20:59:18.337006
RR4638963,11750228,1 Bedroom Apartment Gardens,R 14 950,14950,ZAR,Gardens,Gardens,1,1,,,,,,https://www.privateproperty.co.za/to-rent/western-cape/cape-town/cape-town-city-bowl/gardens/RR4638963,"https://www.privateproperty.co.za/to-rent/western-cape/cape-town/55?pt=House,ApartmentFlat,TownHouseCluster&page=27",2026-04-05 20:59:18.337006
RR4638954,11750209,1 Bedroom Apartment Cape Town City Centre,R 18 000,18000,ZAR,Cape Town City Centre,Cape Town City Centre,1,1,1,,,,,https://www.privateproperty.co.za/to-rent/western-cape/cape-town/cape-town-city-bowl/cape-town-city-centre/RR4638954,"https://www.privateproperty.co.za/to-rent/western-cape/cape-town/55?pt=House,ApartmentFlat,TownHouseCluster&page=27",2026-04-05 20:59:18.337006
RR4277237,10836459,3 Bedroom House Constantia,R 37 500,37500,ZAR,Constantia,Constantia 8 Straalen Road,3,2,4,,-34.0162688,18.4551068,,https://www.privateproperty.co.za/to-rent/western-cape/cape-town/southern-suburbs/constantia/8-straalen-road/RR4277237,"https://www.privateproperty.co.za/to-rent/western-cape/cape-town/55?pt=House,ApartmentFlat,TownHouseCluster&page=27",2026-04-05 20:59:18.337006
RR4638900,11750056,2 Bedroom Apartment Brackenfell Central,R 9 495,9495,ZAR,Brackenfell Central,Brackenfell Central 100 Arnim Lifestyle Estate,2,1,1,,,,,https://www.privateproperty.co.za/to-rent/western-cape/cape-town/brackenfell/brackenfell-central/100-arnim-lifestyle-estate/bottelary-and-kruis-road/RR4638900,"https://www.privateproperty.co.za/to-rent/western-cape/cape-town/55?pt=House,ApartmentFlat,TownHouseCluster&page=27",2026-04-05 20:59:18.337006
RR4638881,11750020,2 Bedroom Apartment Waves Edge,R 15 000,15000,ZAR,Waves Edge,Waves Edge,2,1,2,,,,,https://www.privateproperty.co.za/to-rent/western-cape/cape-town/blouberg/bloubergstrand/waves-edge/RR4638881,"https://www.privateproperty.co.za/to-rent/western-cape/cape-town/55?pt=House,ApartmentFlat,TownHouseCluster&page=27",2026-04-05 20:59:18.337006
RR4638877,11750011,3 Bedroom House Crawford,R 25 000,25000,ZAR,Crawford,Crawford,3,4,4,,,,,https://www.privateproperty.co.za/to-rent/western-cape/cape-town/southern-suburbs/crawford/RR4638877,"https://www.privateproperty.co.za/to-rent/western-cape/cape-town/55?pt=House,ApartmentFlat,TownHouseCluster&page=27",2026-04-05 20:59:18.337006
RR4638872,11750002,1 Bedroom Apartment Cape Town City Centre,R 15 000,15000,ZAR,Cape Town City Centre,Cape Town City Centre,1,1.5,,,,,,https://www.privateproperty.co.za/to-rent/western-cape/cape-town/cape-town-city-bowl/cape-town-city-centre/RR4638872,"https://www.privateproperty.co.za/to-rent/western-cape/cape-town/55?pt=House,ApartmentFlat,TownHouseCluster&page=27",2026-04-05 20:59:18.337006
RR4638866,11749986,2 Bedroom Apartment Belhar,R 9 500,9500,ZAR,Belhar,Belhar,2,1,1,,,,,https://www.privateproperty.co.za/to-rent/western-cape/cape-town/cape-flats/belhar/RR4638866,"https://www.privateproperty.co.za/to-rent/western-cape/cape-town/55?pt=House,ApartmentFlat,TownHouseCluster&page=27",2026-04-05 20:59:18.337006
RR4638865,11749985,1 Bedroom Apartment Somerset West Central,R 9 500,9500,ZAR,Somerset West Central,"Somerset West Central 142 The Huntsman, 142 The Huntsman",1,1,1,,-34.056041,18.780621,,https://www.privateproperty.co.za/to-rent/western-cape/cape-town/somerset-west/somerset-west-central/142-the-huntsman/142-the-huntsman/RR4638865,"https://www.privateproperty.co.za/to-rent/western-cape/cape-town/55?pt=House,ApartmentFlat,TownHouseCluster&page=27",2026-04-05 20:59:18.337006
RR4638850,11749951,4 Bedroom Townhouse Camps Bay,R 55 000,55000,ZAR,Camps Bay,Camps Bay,4,4,3,,,,,https://www.privateproperty.co.za/to-rent/western-cape/cape-town/atlantic-seaboard/camps-bay/RR4638850,"https://www.privateproperty.co.za/to-rent/western-cape/cape-town/55?pt=House,ApartmentFlat,TownHouseCluster&page=27",2026-04-05 20:59:18.337006
RR4638849,11749950,2 Bedroom Apartment Kenilworth,R 17 500,17500,ZAR,Kenilworth,Kenilworth,2,1,1,,,,,https://www.privateproperty.co.za/to-rent/western-cape/cape-town/southern-suburbs/kenilworth/RR4638849,"https://www.privateproperty.co.za/to-rent/western-cape/cape-town/55?pt=House,ApartmentFlat,TownHouseCluster&page=27",2026-04-05 20:59:18.337006
RR4638828,11749913,1 Bedroom Apartment Table View,R 20 500,20500,ZAR,Table View,Table View,1,1,1,,,,,https://www.privateproperty.co.za/to-rent/western-cape/cape-town/blouberg/table-view/RR4638828,"https://www.privateproperty.co.za/to-rent/western-cape/cape-town/55?pt=House,ApartmentFlat,TownHouseCluster&page=27",2026-04-05 20:59:18.337006
RR4638732,11749675,2 Bedroom Apartment Constantia,R 18 000,18000,ZAR,Constantia,Constantia,2,1,1,,,,,https://www.privateproperty.co.za/to-rent/western-cape/cape-town/southern-suburbs/constantia/RR4638732,"https://www.privateproperty.co.za/to-rent/western-cape/cape-town/55?pt=House,ApartmentFlat,TownHouseCluster&page=27",2026-04-05 20:59:18.337006
RR4637620,11746910,3 Bedroom House Lakeside,R 38 000,38000,ZAR,Lakeside,Lakeside 17 Gloucester,3,2,1,495 m²,-34.0873553264807,18.4577178955078,,https://www.privateproperty.co.za/to-rent/western-cape/cape-town/peninsula-false-bay/lakeside/17-gloucester/RR4637620,"https://www.privateproperty.co.za/to-rent/western-cape/cape-town/55?pt=House,ApartmentFlat,TownHouseCluster&page=27",2026-04-05 20:59:18.337006
RR4638702,11749604,4 Bedroom House Goodwood Estate,R 25 000,25000,ZAR,Goodwood Estate,Goodwood Estate,4,2,6,498 m²,,,,https://www.privateproperty.co.za/to-rent/western-cape/cape-town/goodwood/goodwood-estate/RR4638702,"https://www.privateproperty.co.za/to-rent/western-cape/cape-town/55?pt=House,ApartmentFlat,TownHouseCluster&page=28",2026-04-05 20:59:18.337006
RR4638688,11749570,2 Bedroom Apartment Bantry Bay,R 32 500,32500,ZAR,Bantry Bay,Bantry Bay,2,2,,,,,,https://www.privateproperty.co.za/to-rent/western-cape/cape-town/atlantic-seaboard/bantry-bay/RR4638688,"https://www.privateproperty.co.za/to-rent/western-cape/cape-town/55?pt=House,ApartmentFlat,TownHouseCluster&page=28",2026-04-05 20:59:18.337006
RR4638682,11749556,5 Bedroom House Vierlanden,R 47 500,47500,ZAR,Vierlanden,Vierlanden 9 Daalder Str,5,4,2,933 m²,-33.8097346,18.655132599999998,,https://www.privateproperty.co.za/to-rent/western-cape/cape-town/durbanville/vierlanden/9-daalder-str/RR4638682,"https://www.privateproperty.co.za/to-rent/western-cape/cape-town/55?pt=House,ApartmentFlat,TownHouseCluster&page=28",2026-04-05 20:59:18.337006
RR4638668,11749533,4 Bedroom House Constantia,R 120 000,120000,ZAR,Constantia,Constantia,4,4,3,,,,,https://www.privateproperty.co.za/to-rent/western-cape/cape-town/southern-suburbs/constantia/RR4638668,"https://www.privateproperty.co.za/to-rent/western-cape/cape-town/55?pt=House,ApartmentFlat,TownHouseCluster&page=28",2026-04-05 20:59:18.337006
RR4638650,11749489,2 Bedroom Apartment Claremont Upper,R 27 000,27000,ZAR,Claremont Upper,Claremont Upper,2,2,1,86 m²,,,,https://www.privateproperty.co.za/to-rent/western-cape/cape-town/southern-suburbs/claremont/claremont-upper/RR4638650,"https://www.privateproperty.co.za/to-rent/western-cape/cape-town/55?pt=House,ApartmentFlat,TownHouseCluster&page=28",2026-04-05 20:59:18.337006
RR4638637,11749464,3 Bedroom Apartment West Beach,R 35 000,35000,ZAR,West Beach,West Beach,3,2,2,,,,,https://www.privateproperty.co.za/to-rent/western-cape/cape-town/blouberg/west-beach/RR4638637,"https://www.privateproperty.co.za/to-rent/western-cape/cape-town/55?pt=House,ApartmentFlat,TownHouseCluster&page=28",2026-04-05 20:59:18.337006
RR4638617,11749422,2 Bedroom Apartment Milnerton Central,R 11 500,11500,ZAR,Milnerton Central,Milnerton Central,2,1,1,,,,,https://www.privateproperty.co.za/to-rent/western-cape/cape-town/milnerton/milnerton-central/RR4638617,"https://www.privateproperty.co.za/to-rent/western-cape/cape-town/55?pt=House,ApartmentFlat,TownHouseCluster&page=28",2026-04-05 20:59:18.337006
RR3711687,9280573,Studio apartment Cape Town City Centre,R 12 500,12500,ZAR,Cape Town City Centre,Cape Town City Centre,,1,,,,,,https://www.privateproperty.co.za/to-rent/western-cape/cape-town/cape-town-city-bowl/cape-town-city-centre/RR3711687,"https://www.privateproperty.co.za/to-rent/western-cape/cape-town/55?pt=House,ApartmentFlat,TownHouseCluster&page=28",2026-04-05 20:59:18.337006
RR4638613,11749417,4 Bedroom House Sandown,R 36 800,36800,ZAR,Sandown,Sandown,4,3,2,250 m²,,,,https://www.privateproperty.co.za/to-rent/western-cape/cape-town/blouberg/sandown/RR4638613,"https://www.privateproperty.co.za/to-rent/western-cape/cape-town/55?pt=House,ApartmentFlat,TownHouseCluster&page=28",2026-04-05 20:59:18.337006
RR4638594,11749381,4 Bedroom House Sandown,R 36 800,36800,ZAR,Sandown,Sandown,4,3,2,250 m²,,,,https://www.privateproperty.co.za/to-rent/western-cape/cape-town/blouberg/sandown/RR4638594,"https://www.privateproperty.co.za/to-rent/western-cape/cape-town/55?pt=House,ApartmentFlat,TownHouseCluster&page=28",2026-04-05 20:59:18.337006
RR4638575,11749329,3 Bedroom House Observatory,R 25 000,25000,ZAR,Observatory,Observatory 38 Polo Road,3,2,2,242 m²,-33.9351455,18.4644385000001,,https://www.privateproperty.co.za/to-rent/western-cape/cape-town/cape-town-city-bowl/observatory/38-polo-road/RR4638575,"https://www.privateproperty.co.za/to-rent/western-cape/cape-town/55?pt=House,ApartmentFlat,TownHouseCluster&page=28",2026-04-05 20:59:18.337006
RR4638553,11749277,1 Bedroom Apartment Blomtuin,R 11 500,11500,ZAR,Blomtuin,Blomtuin,1,1,1,,,,,https://www.privateproperty.co.za/to-rent/western-cape/cape-town/bellville/blomtuin/RR4638553,"https://www.privateproperty.co.za/to-rent/western-cape/cape-town/55?pt=House,ApartmentFlat,TownHouseCluster&page=28",2026-04-05 20:59:18.337006
RR4638547,11749268,2 Bedroom Apartment Cape Town City Centre,R 19 000,19000,ZAR,Cape Town City Centre,Cape Town City Centre,2,2,1,,,,,https://www.privateproperty.co.za/to-rent/western-cape/cape-town/cape-town-city-bowl/cape-town-city-centre/RR4638547,"https://www.privateproperty.co.za/to-rent/western-cape/cape-town/55?pt=House,ApartmentFlat,TownHouseCluster&page=28",2026-04-05 20:59:18.337006
RR4434106,11238348,1 Bedroom Apartment Cape Town City Centre,R 16 000,16000,ZAR,Cape Town City Centre,"Cape Town City Centre 900 Mutual Heights, 19 Parliament",1,2,2,,-33.92439570000001,18.421999,,https://www.privateproperty.co.za/to-rent/western-cape/cape-town/cape-town-city-bowl/cape-town-city-centre/900-mutual-heights/19-parliament/RR4434106,"https://www.privateproperty.co.za/to-rent/western-cape/cape-town/55?pt=House,ApartmentFlat,TownHouseCluster&page=28",2026-04-05 20:59:18.337006
RR4638520,11749199,Studio Apartment Cape Town City Centre,R 12 300,12300,ZAR,Cape Town City Centre,Cape Town City Centre,,1,1,,,,,https://www.privateproperty.co.za/to-rent/western-cape/cape-town/cape-town-city-bowl/cape-town-city-centre/RR4638520,"https://www.privateproperty.co.za/to-rent/western-cape/cape-town/55?pt=House,ApartmentFlat,TownHouseCluster&page=28",2026-04-05 20:59:18.337006
RR4638507,11749165,4 Bedroom House Sandown,R 36 800,36800,ZAR,Sandown,Sandown,4,3,2,250 m²,,,,https://www.privateproperty.co.za/to-rent/western-cape/cape-town/blouberg/sandown/RR4638507,"https://www.privateproperty.co.za/to-rent/western-cape/cape-town/55?pt=House,ApartmentFlat,TownHouseCluster&page=28",2026-04-05 20:59:18.337006
RR4073902,10325327,1 Bedroom Apartment Muizenberg,R 10 000,10000,ZAR,Muizenberg,"Muizenberg 12a Balmoral, 52 Melrose Road",1,1,1,,-34.0958849295521,18.4834671020508,,https://www.privateproperty.co.za/to-rent/western-cape/cape-town/peninsula-false-bay/muizenberg/12a-balmoral/52-melrose-road/RR4073902,"https://www.privateproperty.co.za/to-rent/western-cape/cape-town/55?pt=House,ApartmentFlat,TownHouseCluster&page=28",2026-04-05 20:59:18.337006
RR4638488,11749125,Bachelor apartment Woodstock,R 9 300,9300,ZAR,Woodstock,"Woodstock 406 The Victoria, 150 Victoria Road",1,1,1,,,,,https://www.privateproperty.co.za/to-rent/western-cape/cape-town/cape-town-city-bowl/woodstock/406-the-victoria/150-victoria-road/RR4638488,"https://www.privateproperty.co.za/to-rent/western-cape/cape-town/55?pt=House,ApartmentFlat,TownHouseCluster&page=28",2026-04-05 20:59:18.337006
RR4638487,11749124,1 Bedroom Apartment Woodstock,R 14 000,14000,ZAR,Woodstock,"Woodstock 208 The Victoria, 150 Victoria Road",1,1,1,,,,,https://www.privateproperty.co.za/to-rent/western-cape/cape-town/cape-town-city-bowl/woodstock/208-the-victoria/150-victoria-road/RR4638487,"https://www.privateproperty.co.za/to-rent/western-cape/cape-town/55?pt=House,ApartmentFlat,TownHouseCluster&page=28",2026-04-05 20:59:18.337006
RR4638276,11748608,3 Bedroom House Tijgerhof,R 16 995,16995,ZAR,Tijgerhof,Tijgerhof,3,1,4,500 m²,,,,https://www.privateproperty.co.za/to-rent/western-cape/cape-town/milnerton/tijgerhof/RR4638276,"https://www.privateproperty.co.za/to-rent/western-cape/cape-town/55?pt=House,ApartmentFlat,TownHouseCluster&page=28",2026-04-05 20:59:18.337006
RR4511519,11433115,5 Bedroom Duplex Murdock Valley,R 37 500,37500,ZAR,Murdock Valley,"Murdock Valley A 57 Freesia Road, 57 Freesia Road",5,2,4,,-34.1770693,18.4187029,,https://www.privateproperty.co.za/to-rent/western-cape/cape-town/simons-town/simons-town/murdock-valley/a-57-freesia-road/57-freesia-road/RR4511519,"https://www.privateproperty.co.za/to-rent/western-cape/cape-town/55?pt=House,ApartmentFlat,TownHouseCluster&page=29",2026-04-05 20:59:18.337006
RR4469107,11325103,2 Bedroom Apartment De Velde,R 16 450,16450,ZAR,De Velde,De Velde 3 De Beers Avenue,2,2,2,,-34.0906395,18.8220977,,https://www.privateproperty.co.za/to-rent/western-cape/cape-town/somerset-west/de-velde/3-de-beers-avenue/RR4469107,"https://www.privateproperty.co.za/to-rent/western-cape/cape-town/55?pt=House,ApartmentFlat,TownHouseCluster&page=29",2026-04-05 20:59:18.337006
RR4638412,11748963,2 Bedroom Apartment Sandown,R 20 500,20500,ZAR,Sandown,Sandown,2,1,1,,,,,https://www.privateproperty.co.za/to-rent/western-cape/cape-town/blouberg/sandown/RR4638412,"https://www.privateproperty.co.za/to-rent/western-cape/cape-town/55?pt=House,ApartmentFlat,TownHouseCluster&page=29",2026-04-05 20:59:18.337006
RR4214557,10679109,Studio apartment Vredehoek,R 15 000,15000,ZAR,Vredehoek,Vredehoek,1,1,1,,,,,https://www.privateproperty.co.za/to-rent/western-cape/cape-town/cape-town-city-bowl/vredehoek/RR4214557,"https://www.privateproperty.co.za/to-rent/western-cape/cape-town/55?pt=House,ApartmentFlat,TownHouseCluster&page=29",2026-04-05 20:59:18.337006
RR4638358,11748813,3 Bedroom Apartment Muizenberg,R 20 000,20000,ZAR,Muizenberg,Muizenberg,3,2,1,,,,,https://www.privateproperty.co.za/to-rent/western-cape/cape-town/peninsula-false-bay/muizenberg/RR4638358,"https://www.privateproperty.co.za/to-rent/western-cape/cape-town/55?pt=House,ApartmentFlat,TownHouseCluster&page=29",2026-04-05 20:59:18.337006
RR4413490,11187174,4 Bedroom House Muizenberg,R 29 500,29500,ZAR,Muizenberg,Muizenberg 12 Bath Rd,4,5,1,495 m²,-34.102781387924345,18.47565418756433,,https://www.privateproperty.co.za/to-rent/western-cape/cape-town/peninsula-false-bay/muizenberg/12-bath-rd/RR4413490,"https://www.privateproperty.co.za/to-rent/western-cape/cape-town/55?pt=House,ApartmentFlat,TownHouseCluster&page=29",2026-04-05 20:59:18.337006
RR4521663,11457483,3 Bedroom House Gordons Bay Central,R 35 000,35000,ZAR,Gordons Bay Central,Gordons Bay Central,3,4,3,430 m²,,,,https://www.privateproperty.co.za/to-rent/western-cape/cape-town/gordons-bay/gordons-bay-central/RR4521663,"https://www.privateproperty.co.za/to-rent/western-cape/cape-town/55?pt=House,ApartmentFlat,TownHouseCluster&page=29",2026-04-05 20:59:18.337006
RR4638336,11748767,2 Bedroom Apartment Bridgetown,R 8 000,8000,ZAR,Bridgetown,Bridgetown 1 Briggietown,2,1,1,,,,,https://www.privateproperty.co.za/to-rent/western-cape/cape-town/cape-flats/athlone/bridgetown/1-briggietown/RR4638336,"https://www.privateproperty.co.za/to-rent/western-cape/cape-town/55?pt=House,ApartmentFlat,TownHouseCluster&page=29",2026-04-05 20:59:18.337006
RR4638322,11748744,3 Bedroom Apartment The Links,R 15 500,15500,ZAR,The Links,The Links,3,2,2,,,,,https://www.privateproperty.co.za/to-rent/western-cape/cape-town/somerset-west/somerset-ridge/the-links/RR4638322,"https://www.privateproperty.co.za/to-rent/western-cape/cape-town/55?pt=House,ApartmentFlat,TownHouseCluster&page=29",2026-04-05 20:59:18.337006
RR4638309,11748713,2 Bedroom Apartment Vredehoek,R 32 000,32000,ZAR,Vredehoek,Vredehoek,2,2,1,,,,,https://www.privateproperty.co.za/to-rent/western-cape/cape-town/cape-town-city-bowl/vredehoek/RR4638309,"https://www.privateproperty.co.za/to-rent/western-cape/cape-town/55?pt=House,ApartmentFlat,TownHouseCluster&page=29",2026-04-05 20:59:18.337006
RR4638308,11748708,3 Bedroom Apartment Scott Estate,R 35 000,35000,ZAR,Scott Estate,Scott Estate,3,2.5,1,,,,,https://www.privateproperty.co.za/to-rent/western-cape/cape-town/hout-bay/scott-estate/RR4638308,"https://www.privateproperty.co.za/to-rent/western-cape/cape-town/55?pt=House,ApartmentFlat,TownHouseCluster&page=29",2026-04-05 20:59:18.337006
RR4638254,11748565,3 Bedroom Townhouse Table View,R 20 000,20000,ZAR,Table View,Table View,3,2,2,,,,,https://www.privateproperty.co.za/to-rent/western-cape/cape-town/blouberg/table-view/RR4638254,"https://www.privateproperty.co.za/to-rent/western-cape/cape-town/55?pt=House,ApartmentFlat,TownHouseCluster&page=29",2026-04-05 20:59:18.337006
RR4638231,11748506,1 Bedroom Flat Parel Vallei,R 8 500,8500,ZAR,Parel Vallei,Parel Vallei,1,1,2,,,,,https://www.privateproperty.co.za/to-rent/western-cape/cape-town/somerset-west/parel-vallei/RR4638231,"https://www.privateproperty.co.za/to-rent/western-cape/cape-town/55?pt=House,ApartmentFlat,TownHouseCluster&page=29",2026-04-05 20:59:18.337006
RR3933780,9953054,2 Bedroom Apartment Milnerton Central,R 13 850,13850,ZAR,Milnerton Central,Milnerton Central,2,1,,,,,,https://www.privateproperty.co.za/to-rent/western-cape/cape-town/milnerton/milnerton-central/RR3933780,"https://www.privateproperty.co.za/to-rent/western-cape/cape-town/55?pt=House,ApartmentFlat,TownHouseCluster&page=29",2026-04-05 20:59:18.337006
RR4638216,11748465,4 Bedroom House Pinelands,R 33 000,33000,ZAR,Pinelands,"Pinelands 0 Pinelands, 21 Tecoma Way",4,2,4,1 461 m²,-33.9395818,18.5103741,,https://www.privateproperty.co.za/to-rent/western-cape/cape-town/southern-suburbs/pinelands/0-pinelands/21-tecoma-way/RR4638216,"https://www.privateproperty.co.za/to-rent/western-cape/cape-town/55?pt=House,ApartmentFlat,TownHouseCluster&page=29",2026-04-05 20:59:18.337006
RR4638201,11748424,3 Bedroom House Plattekloof,R 25 000,25000,ZAR,Plattekloof,Plattekloof,3,2,2,,,,,https://www.privateproperty.co.za/to-rent/western-cape/cape-town/parow/plattekloof/RR4638201,"https://www.privateproperty.co.za/to-rent/western-cape/cape-town/55?pt=House,ApartmentFlat,TownHouseCluster&page=29",2026-04-05 20:59:18.337006
RR3347820,8259886,2 Bedroom Apartment Sea Point,R 25 000,25000,ZAR,Sea Point,Sea Point,2,1,2,,,,,https://www.privateproperty.co.za/to-rent/western-cape/cape-town/atlantic-seaboard/sea-point/RR3347820,"https://www.privateproperty.co.za/to-rent/western-cape/cape-town/55?pt=House,ApartmentFlat,TownHouseCluster&page=29",2026-04-05 20:59:18.337006
RR4638178,11748364,2 Bedroom Apartment Big Bay,R 19 000,19000,ZAR,Big Bay,Big Bay H54 Dolphin Ridge,2,2,1,,,,,https://www.privateproperty.co.za/to-rent/western-cape/cape-town/blouberg/big-bay/h54-dolphin-ridge/otto-du-plessis/RR4638178,"https://www.privateproperty.co.za/to-rent/western-cape/cape-town/55?pt=House,ApartmentFlat,TownHouseCluster&page=29",2026-04-05 20:59:18.337006
RR4558597,11549461,Bachelor apartment Gardens,R 11 000,11000,ZAR,Gardens,"Gardens 303 72 On Kloof, 72 Kloof Street",,1,,,-33.9333333,18.4083333,,https://www.privateproperty.co.za/to-rent/western-cape/cape-town/cape-town-city-bowl/gardens/303-72-on-kloof/72-kloof-street/RR4558597,"https://www.privateproperty.co.za/to-rent/western-cape/cape-town/55?pt=House,ApartmentFlat,TownHouseCluster&page=29",2026-04-05 20:59:18.337006
RR4638116,11748226,3 Bedroom Apartment Kuilsriver,R 18 500,18500,ZAR,Kuilsriver,Kuilsriver,3,2,2,,,,,https://www.privateproperty.co.za/to-rent/western-cape/cape-town/kuils-river/kuilsriver/RR4638116,"https://www.privateproperty.co.za/to-rent/western-cape/cape-town/55?pt=House,ApartmentFlat,TownHouseCluster&page=29",2026-04-05 20:59:18.337006
RR4129872,10469181,2 Bedroom Apartment Athlone,R 11 500,11500,ZAR,Athlone,Athlone,2,1,,,,,,https://www.privateproperty.co.za/to-rent/western-cape/cape-town/cape-flats/athlone/RR4129872,"https://www.privateproperty.co.za/to-rent/western-cape/cape-town/55?pt=House,ApartmentFlat,TownHouseCluster&page=30",2026-04-05 20:59:18.337006
RR4638074,11748137,3 Bedroom House Big Bay,R 55 000,55000,ZAR,Big Bay,Big Bay 71 Kingshaven Street,3,3,2,230 m²,,,,https://www.privateproperty.co.za/to-rent/western-cape/cape-town/blouberg/big-bay/71-kingshaven-street/RR4638074,"https://www.privateproperty.co.za/to-rent/western-cape/cape-town/55?pt=House,ApartmentFlat,TownHouseCluster&page=30",2026-04-05 20:59:18.337006
RR4638075,11748138,2 Bedroom Apartment Strand North,R 12 000,12000,ZAR,Strand North,Strand North,2,1,1,,,,,https://www.privateproperty.co.za/to-rent/western-cape/cape-town/strand/strand-north/RR4638075,"https://www.privateproperty.co.za/to-rent/western-cape/cape-town/55?pt=House,ApartmentFlat,TownHouseCluster&page=30",2026-04-05 20:59:18.337006
RR4638040,11748043,2 Bedroom Apartment Bo Kaap,R 26 500,26500,ZAR,Bo Kaap,Bo Kaap,2,1,2,,,,,https://www.privateproperty.co.za/to-rent/western-cape/cape-town/cape-town-city-bowl/bo-kaap/RR4638040,"https://www.privateproperty.co.za/to-rent/western-cape/cape-town/55?pt=House,ApartmentFlat,TownHouseCluster&page=30",2026-04-05 20:59:18.337006
RR4638034,11748034,Studio Apartment Century City,R 15 000,15000,ZAR,Century City,Century City,0.5,1,1,,,,,https://www.privateproperty.co.za/to-rent/western-cape/cape-town/milnerton/century-city/RR4638034,"https://www.privateproperty.co.za/to-rent/western-cape/cape-town/55?pt=House,ApartmentFlat,TownHouseCluster&page=30",2026-04-05 20:59:18.337006
RR4177649,10586837,5 Bedroom House Bakoven,R 16 900 per day,16900,ZAR,Bakoven,Bakoven,5,5,,,,,,https://www.privateproperty.co.za/to-rent/western-cape/cape-town/atlantic-seaboard/bakoven/RR4177649,"https://www.privateproperty.co.za/to-rent/western-cape/cape-town/55?pt=House,ApartmentFlat,TownHouseCluster&page=30",2026-04-05 20:59:18.337006
RR4638020,11748001,2 Bedroom Apartment Plumstead,R 13 800,13800,ZAR,Plumstead,Plumstead,2,1,1,2 732 m²,,,,https://www.privateproperty.co.za/to-rent/western-cape/cape-town/southern-suburbs/plumstead/RR4638020,"https://www.privateproperty.co.za/to-rent/western-cape/cape-town/55?pt=House,ApartmentFlat,TownHouseCluster&page=30",2026-04-05 20:59:18.337006
RR4637936,11747785,3 Bedroom House Pinehurst,R 24 500,24500,ZAR,Pinehurst,Pinehurst,3,1.5,2,541 m²,,,,https://www.privateproperty.co.za/to-rent/western-cape/cape-town/durbanville/pinehurst/RR4637936,"https://www.privateproperty.co.za/to-rent/western-cape/cape-town/55?pt=House,ApartmentFlat,TownHouseCluster&page=30",2026-04-05 20:59:18.337006
RR4637920,11747734,3 Bedroom Apartment Sitari,R 25 000,25000,ZAR,Sitari,Sitari,3,2,,,,,,https://www.privateproperty.co.za/to-rent/western-cape/cape-town/somerset-west/sitari/RR4637920,"https://www.privateproperty.co.za/to-rent/western-cape/cape-town/55?pt=House,ApartmentFlat,TownHouseCluster&page=30",2026-04-05 20:59:18.337006
RR4637566,11746754,3 Bedroom House Wynberg Upper,R 40 000,40000,ZAR,Wynberg Upper,Wynberg Upper,3,3,3,,,,,https://www.privateproperty.co.za/to-rent/western-cape/cape-town/southern-suburbs/wynberg/wynberg-upper/RR4637566,"https://www.privateproperty.co.za/to-rent/western-cape/cape-town/55?pt=House,ApartmentFlat,TownHouseCluster&page=30",2026-04-05 20:59:18.337006
RR4637893,11747678,1 Bedroom House Flamingo Vlei,R 9 900,9900,ZAR,Flamingo Vlei,"Flamingo Vlei N/a N/a, 32a Pentz Drive",1,1,,,-33.8347477,18.494199,,https://www.privateproperty.co.za/to-rent/western-cape/cape-town/blouberg/flamingo-vlei/na-na/32a-pentz-drive/RR4637893,"https://www.privateproperty.co.za/to-rent/western-cape/cape-town/55?pt=House,ApartmentFlat,TownHouseCluster&page=30",2026-04-05 20:59:18.337006
RR4637892,11747673,2 Bedroom Apartment Century City,R 25 000,25000,ZAR,Century City,Century City,2,2,1,113 m²,,,,https://www.privateproperty.co.za/to-rent/western-cape/cape-town/milnerton/century-city/RR4637892,"https://www.privateproperty.co.za/to-rent/western-cape/cape-town/55?pt=House,ApartmentFlat,TownHouseCluster&page=30",2026-04-05 20:59:18.337006
RR4402623,11159547,1 Bedroom Apartment Cape Town City Centre,R 19 500,19500,ZAR,Cape Town City Centre,Cape Town City Centre 12 Adderley Street,1,2,1,,,,,https://www.privateproperty.co.za/to-rent/western-cape/cape-town/cape-town-city-bowl/cape-town-city-centre/colosseum/12-adderley-street/RR4402623,"https://www.privateproperty.co.za/to-rent/western-cape/cape-town/55?pt=House,ApartmentFlat,TownHouseCluster&page=30",2026-04-05 20:59:18.337006
RR4637871,11747604,2 Bedroom Apartment Somerset West Central,R 15 500,15500,ZAR,Somerset West Central,Somerset West Central,2,1,1,729 m²,,,,https://www.privateproperty.co.za/to-rent/western-cape/cape-town/somerset-west/somerset-west-central/RR4637871,"https://www.privateproperty.co.za/to-rent/western-cape/cape-town/55?pt=House,ApartmentFlat,TownHouseCluster&page=30",2026-04-05 20:59:18.337006
RR4637866,11747597,2 Bedroom Apartment Sandown,R 16 999,16999,ZAR,Sandown,Sandown,2,2,2,,,,,https://www.privateproperty.co.za/to-rent/western-cape/cape-town/blouberg/sandown/RR4637866,"https://www.privateproperty.co.za/to-rent/western-cape/cape-town/55?pt=House,ApartmentFlat,TownHouseCluster&page=30",2026-04-05 20:59:18.337006
RR4533717,11487930,4 Bedroom House Constantia,R 65 000,65000,ZAR,Constantia,Constantia,4,2.5,2,,,,,https://www.privateproperty.co.za/to-rent/western-cape/cape-town/southern-suburbs/constantia/RR4533717,"https://www.privateproperty.co.za/to-rent/western-cape/cape-town/55?pt=House,ApartmentFlat,TownHouseCluster&page=30",2026-04-05 20:59:18.337006
RR4125252,10457380,2 Bedroom House Sunningdale,R 15 000,15000,ZAR,Sunningdale,Sunningdale,2,1,1,,,,,https://www.privateproperty.co.za/to-rent/western-cape/cape-town/blouberg/sunningdale/RR4125252,"https://www.privateproperty.co.za/to-rent/western-cape/cape-town/55?pt=House,ApartmentFlat,TownHouseCluster&page=30",2026-04-05 20:59:18.337006
RR4637813,11747466,1 Bedroom Apartment Cape Town City Centre,R 18 000,18000,ZAR,Cape Town City Centre,Cape Town City Centre,1,1,,,,,,https://www.privateproperty.co.za/to-rent/western-cape/cape-town/cape-town-city-bowl/cape-town-city-centre/RR4637813,"https://www.privateproperty.co.za/to-rent/western-cape/cape-town/55?pt=House,ApartmentFlat,TownHouseCluster&page=30",2026-04-05 20:59:18.337006
RR4637802,11747436,0.5 Bedroom Flat Pinelands,R 10 500,10500,ZAR,Pinelands,Pinelands,0.5,1,,,,,,https://www.privateproperty.co.za/to-rent/western-cape/cape-town/southern-suburbs/pinelands/RR4637802,"https://www.privateproperty.co.za/to-rent/western-cape/cape-town/55?pt=House,ApartmentFlat,TownHouseCluster&page=30",2026-04-05 20:59:18.337006
RR4637789,11747405,2 Bedroom Apartment Burgundy Estate,R 15 000,15000,ZAR,Burgundy Estate,"Burgundy Estate 1010101 Quinta Estate, 109 Pinot Blanc Road",2,1,1,,,,,https://www.privateproperty.co.za/to-rent/western-cape/cape-town/milnerton/burgundy-estate/1010101-quinta-estate/109-pinot-blanc-road/RR4637789,"https://www.privateproperty.co.za/to-rent/western-cape/cape-town/55?pt=House,ApartmentFlat,TownHouseCluster&page=30",2026-04-05 20:59:18.337006
RR4353122,11033303,1 Bedroom Apartment Melkbosstrand,R 12 000,12000,ZAR,Melkbosstrand,Melkbosstrand,1,1,1,,,,,https://www.privateproperty.co.za/to-rent/western-cape/cape-town/melkbosstrand/melkbosstrand/RR4353122,"https://www.privateproperty.co.za/to-rent/western-cape/cape-town/55?pt=House,ApartmentFlat,TownHouseCluster&page=31",2026-04-05 20:59:18.337006
RR4637785,11747390,2 Bedroom Cluster Uitzicht,R 18 000,18000,ZAR,Uitzicht,Uitzicht,2,2,2,,,,,https://www.privateproperty.co.za/to-rent/western-cape/cape-town/durbanville/uitzicht/RR4637785,"https://www.privateproperty.co.za/to-rent/western-cape/cape-town/55?pt=House,ApartmentFlat,TownHouseCluster&page=31",2026-04-05 20:59:18.337006
RR4637780,11747374,2 Bedroom Apartment Heathfield,R 13 000,13000,ZAR,Heathfield,Heathfield,2,2,1,,,,,https://www.privateproperty.co.za/to-rent/western-cape/cape-town/southern-suburbs/heathfield/RR4637780,"https://www.privateproperty.co.za/to-rent/western-cape/cape-town/55?pt=House,ApartmentFlat,TownHouseCluster&page=31",2026-04-05 20:59:18.337006
RR4637774,11747352,3 Bedroom House Parklands North,R 29 000,29000,ZAR,Parklands North,Parklands North 31 Abington Avenue,3,2,4,390 m²,,,,https://www.privateproperty.co.za/to-rent/western-cape/cape-town/blouberg/parklands-north/31-abington-avenue/RR4637774,"https://www.privateproperty.co.za/to-rent/western-cape/cape-town/55?pt=House,ApartmentFlat,TownHouseCluster&page=31",2026-04-05 20:59:18.337006
RR4637766,11747335,3 Bedroom House Bonnie Brae,R 16 000,16000,ZAR,Bonnie Brae,Bonnie Brae 45 Stormberg Crescent Bonnie Brae Kraaifontein,3,2,4,,-33.8348965,18.7054864,,https://www.privateproperty.co.za/to-rent/western-cape/cape-town/kraaifontein/bonnie-brae/45-stormberg-crescent-bonnie-brae-kraaifontein/RR4637766,"https://www.privateproperty.co.za/to-rent/western-cape/cape-town/55?pt=House,ApartmentFlat,TownHouseCluster&page=31",2026-04-05 20:59:18.337006
RR4637751,11747270,1 Bedroom Apartment Green Point,R 22 900,22900,ZAR,Green Point,Green Point,1,1,1,,,,,https://www.privateproperty.co.za/to-rent/western-cape/cape-town/atlantic-seaboard/green-point/RR4637751,"https://www.privateproperty.co.za/to-rent/western-cape/cape-town/55?pt=House,ApartmentFlat,TownHouseCluster&page=31",2026-04-05 20:59:18.337006
RR4637743,11747252,3 Bedroom House Bishopscourt,R 45 000,45000,ZAR,Bishopscourt,Bishopscourt,3,3,,,,,,https://www.privateproperty.co.za/to-rent/western-cape/cape-town/southern-suburbs/bishopscourt/RR4637743,"https://www.privateproperty.co.za/to-rent/western-cape/cape-town/55?pt=House,ApartmentFlat,TownHouseCluster&page=31",2026-04-05 20:59:18.337006
RR3141635,7741951,2 Bedroom Apartment Guldenland,R 7 700,7700,ZAR,Guldenland,Guldenland,2,1,,3.6 ha,,,,https://www.privateproperty.co.za/to-rent/western-cape/cape-town/strand/onverwacht/guldenland/RR3141635,"https://www.privateproperty.co.za/to-rent/western-cape/cape-town/55?pt=House,ApartmentFlat,TownHouseCluster&page=31",2026-04-05 20:59:18.337006
RR4637727,11747206,2 Bedroom Apartment Mouille Point,R 55 000,55000,ZAR,Mouille Point,Mouille Point,2,2,2,,,,,https://www.privateproperty.co.za/to-rent/western-cape/cape-town/atlantic-seaboard/mouille-point/RR4637727,"https://www.privateproperty.co.za/to-rent/western-cape/cape-town/55?pt=House,ApartmentFlat,TownHouseCluster&page=31",2026-04-05 20:59:18.337006
RR4637712,11747172,2 Bedroom House Clovelly,R 25 000,25000,ZAR,Clovelly,Clovelly,2,2,1,,,,,https://www.privateproperty.co.za/to-rent/western-cape/cape-town/peninsula-false-bay/clovelly/RR4637712,"https://www.privateproperty.co.za/to-rent/western-cape/cape-town/55?pt=House,ApartmentFlat,TownHouseCluster&page=31",2026-04-05 20:59:18.337006
RR4637700,11747147,1 Bedroom Apartment Oakglen,R 7 000,7000,ZAR,Oakglen,Oakglen,1,1,1,,,,,https://www.privateproperty.co.za/to-rent/western-cape/cape-town/bellville/oakglen/RR4637700,"https://www.privateproperty.co.za/to-rent/western-cape/cape-town/55?pt=House,ApartmentFlat,TownHouseCluster&page=31",2026-04-05 20:59:18.337006
RR4240731,10744649,2 Bedroom House Parklands North,R 15 500,15500,ZAR,Parklands North,Parklands North,2,2,1,,,,,https://www.privateproperty.co.za/to-rent/western-cape/cape-town/blouberg/parklands-north/RR4240731,"https://www.privateproperty.co.za/to-rent/western-cape/cape-town/55?pt=House,ApartmentFlat,TownHouseCluster&page=31",2026-04-05 20:59:18.337006
RR4503217,11411657,3 Bedroom Apartment Kenilworth Upper,R 18 000,18000,ZAR,Kenilworth Upper,"Kenilworth Upper 3 Shady Pine, 295 Main Road,",3,1,,,-33.9928818,18.469275,,https://www.privateproperty.co.za/to-rent/western-cape/cape-town/southern-suburbs/kenilworth/kenilworth-upper/3-shady-pine/295-main-road/RR4503217,"https://www.privateproperty.co.za/to-rent/western-cape/cape-town/55?pt=House,ApartmentFlat,TownHouseCluster&page=31",2026-04-05 20:59:18.337006
RR4371267,11080975,2 Bedroom Apartment Clifton,R 44 000,44000,ZAR,Clifton,Clifton,2,2,1,,,,,https://www.privateproperty.co.za/to-rent/western-cape/cape-town/atlantic-seaboard/clifton/RR4371267,"https://www.privateproperty.co.za/to-rent/western-cape/cape-town/55?pt=House,ApartmentFlat,TownHouseCluster&page=31",2026-04-05 20:59:18.337006
RR4637656,11747034,3 Bedroom House Fish Hoek,R 3 350 per day,3350,ZAR,Fish Hoek,Fish Hoek,3,3,,,,,,https://www.privateproperty.co.za/to-rent/western-cape/cape-town/peninsula-false-bay/fish-hoek/RR4637656,"https://www.privateproperty.co.za/to-rent/western-cape/cape-town/55?pt=House,ApartmentFlat,TownHouseCluster&page=31",2026-04-05 20:59:18.337006
RR4637640,11746976,2 Bedroom Apartment Morgenster,R 7 895,7895,ZAR,Morgenster,"Morgenster 32 Alison Court, 2 Windmeul Street",2,1,,,,,,https://www.privateproperty.co.za/to-rent/western-cape/cape-town/brackenfell/morgenster/32-alison-court/2-windmeul-street/RR4637640,"https://www.privateproperty.co.za/to-rent/western-cape/cape-town/55?pt=House,ApartmentFlat,TownHouseCluster&page=31",2026-04-05 20:59:18.337006
RR4289974,10865213,1 Bedroom Apartment Woodstock,R 16 000,16000,ZAR,Woodstock,Woodstock,1,1,1,,,,,https://www.privateproperty.co.za/to-rent/western-cape/cape-town/cape-town-city-bowl/woodstock/RR4289974,"https://www.privateproperty.co.za/to-rent/western-cape/cape-town/55?pt=House,ApartmentFlat,TownHouseCluster&page=31",2026-04-05 20:59:18.337006
RR4637598,11746852,4 Bedroom House Panorama,R 27 000,27000,ZAR,Panorama,Panorama,4,2,2,1 088 m²,,,,https://www.privateproperty.co.za/to-rent/western-cape/cape-town/parow/panorama/RR4637598,"https://www.privateproperty.co.za/to-rent/western-cape/cape-town/55?pt=House,ApartmentFlat,TownHouseCluster&page=31",2026-04-05 20:59:18.337006
RR4459772,11302896,Studio Apartment Pinelands,R 9 100,9100,ZAR,Pinelands,"Pinelands 107 Silvermine, 8 Unit 107, 8 Informal Rd",0.5,1,,,,,,https://www.privateproperty.co.za/to-rent/western-cape/cape-town/southern-suburbs/pinelands/107-silvermine/8-unit-107-8-informal-rd/RR4459772,"https://www.privateproperty.co.za/to-rent/western-cape/cape-town/55?pt=House,ApartmentFlat,TownHouseCluster&page=31",2026-04-05 20:59:18.337006
RR4524276,11464035,3 Bedroom Apartment Sandown,R 20 000,20000,ZAR,Sandown,Sandown,3,2,2,,,,,https://www.privateproperty.co.za/to-rent/western-cape/cape-town/blouberg/sandown/RR4524276,"https://www.privateproperty.co.za/to-rent/western-cape/cape-town/55?pt=House,ApartmentFlat,TownHouseCluster&page=31",2026-04-05 20:59:18.337006
RR4637589,11746812,2 Bedroom House Century City,R 25 000,25000,ZAR,Century City,Century City,2,2,2,241 m²,,,,https://www.privateproperty.co.za/to-rent/western-cape/cape-town/milnerton/century-city/RR4637589,"https://www.privateproperty.co.za/to-rent/western-cape/cape-town/55?pt=House,ApartmentFlat,TownHouseCluster&page=32",2026-04-05 20:59:18.337006
RR4637583,11746796,2 Bedroom Apartment Cape Town City Centre,R 20 000,20000,ZAR,Cape Town City Centre,Cape Town City Centre,2,2,1,,,,,https://www.privateproperty.co.za/to-rent/western-cape/cape-town/cape-town-city-bowl/cape-town-city-centre/RR4637583,"https://www.privateproperty.co.za/to-rent/western-cape/cape-town/55?pt=House,ApartmentFlat,TownHouseCluster&page=32",2026-04-05 20:59:18.337006
RR4637560,11746741,2 Bedroom Apartment Uitzicht,R 9 300,9300,ZAR,Uitzicht,"Uitzicht 55 Chancery Lane, 26 Sicily Street",2,1,1,,-33.8159413,18.694283,,https://www.privateproperty.co.za/to-rent/western-cape/cape-town/durbanville/uitzicht/55-chancery-lane/26-sicily-street/RR4637560,"https://www.privateproperty.co.za/to-rent/western-cape/cape-town/55?pt=House,ApartmentFlat,TownHouseCluster&page=32",2026-04-05 20:59:18.337006
RR4637516,11746625,3 Bedroom House Uitzicht,R 18 000,18000,ZAR,Uitzicht,Uitzicht,3,2,1,290 m²,,,,https://www.privateproperty.co.za/to-rent/western-cape/cape-town/durbanville/uitzicht/RR4637516,"https://www.privateproperty.co.za/to-rent/western-cape/cape-town/55?pt=House,ApartmentFlat,TownHouseCluster&page=32",2026-04-05 20:59:18.337006
RR4637479,11746547,2 Bedroom Apartment Waterfront,R 50 000,50000,ZAR,Waterfront,Waterfront,2,2,2,,,,,https://www.privateproperty.co.za/to-rent/western-cape/cape-town/atlantic-seaboard/waterfront/RR4637479,"https://www.privateproperty.co.za/to-rent/western-cape/cape-town/55?pt=House,ApartmentFlat,TownHouseCluster&page=32",2026-04-05 20:59:18.337006
RR4637409,11746389,2 Bedroom House Tokai,R 18 800,18800,ZAR,Tokai,Tokai,2,2,,,,,,https://www.privateproperty.co.za/to-rent/western-cape/cape-town/southern-suburbs/tokai/RR4637409,"https://www.privateproperty.co.za/to-rent/western-cape/cape-town/55?pt=House,ApartmentFlat,TownHouseCluster&page=32",2026-04-05 20:59:18.337006
RR4637369,11746299,6 Bedroom House Goodwood,R 5 500,5500,ZAR,Goodwood,Goodwood,6,4,5,,-33.9116724,18.5522531,,https://www.privateproperty.co.za/to-rent/western-cape/cape-town/goodwood/goodwood/oxford/RR4637369,"https://www.privateproperty.co.za/to-rent/western-cape/cape-town/55?pt=House,ApartmentFlat,TownHouseCluster&page=32",2026-04-05 20:59:18.337006
RR4637363,11746284,2 Bedroom Apartment Simons Town,R 25 000,25000,ZAR,Simons Town,Simons Town,2,1.5,,,,,,https://www.privateproperty.co.za/to-rent/western-cape/cape-town/simons-town/simons-town/RR4637363,"https://www.privateproperty.co.za/to-rent/western-cape/cape-town/55?pt=House,ApartmentFlat,TownHouseCluster&page=32",2026-04-05 20:59:18.337006
RR4637364,11746285,8 Bedroom House Goodwood,R 5 500,5500,ZAR,Goodwood,Goodwood,8,4,,,-33.9116724,18.5522531,,https://www.privateproperty.co.za/to-rent/western-cape/cape-town/goodwood/goodwood/oxford/RR4637364,"https://www.privateproperty.co.za/to-rent/western-cape/cape-town/55?pt=House,ApartmentFlat,TownHouseCluster&page=32",2026-04-05 20:59:18.337006
RR4637357,11746271,2 Bedroom Townhouse Goodwood Estate,R 21 000,21000,ZAR,Goodwood Estate,Goodwood Estate 1 Oxford,2,2,2,,-33.9116724,18.5522531,,https://www.privateproperty.co.za/to-rent/western-cape/cape-town/goodwood/goodwood-estate/1/1-oxford/RR4637357,"https://www.privateproperty.co.za/to-rent/western-cape/cape-town/55?pt=House,ApartmentFlat,TownHouseCluster&page=32",2026-04-05 20:59:18.337006
RR4637353,11746260,2 Bedroom Apartment Goodwood Estate,R 12 500,12500,ZAR,Goodwood Estate,"Goodwood Estate 14 171 On Murray, 171 Murray",2,1,1,,-33.9116724,18.5522531,,https://www.privateproperty.co.za/to-rent/western-cape/cape-town/goodwood/goodwood-estate/14-171-on-murray/171-murray/RR4637353,"https://www.privateproperty.co.za/to-rent/western-cape/cape-town/55?pt=House,ApartmentFlat,TownHouseCluster&page=32",2026-04-05 20:59:18.337006
RR4063667,10298675,1 Bedroom Apartment Cape Town City Centre,R 18 800,18800,ZAR,Cape Town City Centre,"Cape Town City Centre 00 Icon, 24 Hans Strijdom Avenue",1,1,2,,-33.9178254753452,18.4236993768855,,https://www.privateproperty.co.za/to-rent/western-cape/cape-town/cape-town-city-bowl/cape-town-city-centre/00-icon/24-hans-strijdom-avenue/RR4063667,"https://www.privateproperty.co.za/to-rent/western-cape/cape-town/55?pt=House,ApartmentFlat,TownHouseCluster&page=32",2026-04-05 20:59:18.337006
RR4077400,10334572,1 Bedroom Apartment Cape Town City Centre,R 18 800,18800,ZAR,Cape Town City Centre,"Cape Town City Centre 00 Icon, 24 Hans Strijdom Avenue",1,1,2,,-33.91805593822139,18.423308083991987,,https://www.privateproperty.co.za/to-rent/western-cape/cape-town/cape-town-city-bowl/cape-town-city-centre/00-icon/24-hans-strijdom-avenue/RR4077400,"https://www.privateproperty.co.za/to-rent/western-cape/cape-town/55?pt=House,ApartmentFlat,TownHouseCluster&page=32",2026-04-05 20:59:18.337006
RR4524355,11464200,2 Bedroom House Newlands,R 36 000,36000,ZAR,Newlands,Newlands,2,2.5,2,,,,,https://www.privateproperty.co.za/to-rent/western-cape/cape-town/southern-suburbs/newlands/RR4524355,"https://www.privateproperty.co.za/to-rent/western-cape/cape-town/55?pt=House,ApartmentFlat,TownHouseCluster&page=32",2026-04-05 20:59:18.337006
RR4637289,11746107,2 Bedroom Apartment Sea Point,R 22 000,22000,ZAR,Sea Point,Sea Point,2,2,2,,,,,https://www.privateproperty.co.za/to-rent/western-cape/cape-town/atlantic-seaboard/sea-point/RR4637289,"https://www.privateproperty.co.za/to-rent/western-cape/cape-town/55?pt=House,ApartmentFlat,TownHouseCluster&page=32",2026-04-05 20:59:18.337006
RR4637283,11746094,4 Bedroom House Constantia,R 170 000,170000,ZAR,Constantia,Constantia,4,3,2,,,,,https://www.privateproperty.co.za/to-rent/western-cape/cape-town/southern-suburbs/constantia/RR4637283,"https://www.privateproperty.co.za/to-rent/western-cape/cape-town/55?pt=House,ApartmentFlat,TownHouseCluster&page=32",2026-04-05 20:59:18.337006
RR4636995,11745330,2 Bedroom House Woodstock,R 21 500,21500,ZAR,Woodstock,Woodstock,2,1,1,100 m²,,,,https://www.privateproperty.co.za/to-rent/western-cape/cape-town/cape-town-city-bowl/woodstock/RR4636995,"https://www.privateproperty.co.za/to-rent/western-cape/cape-town/55?pt=House,ApartmentFlat,TownHouseCluster&page=32",2026-04-05 20:59:18.337006
RR4637253,11745990,2 Bedroom Apartment Sea Point,R 36 000,36000,ZAR,Sea Point,Sea Point,2,2,2,,,,,https://www.privateproperty.co.za/to-rent/western-cape/cape-town/atlantic-seaboard/sea-point/RR4637253,"https://www.privateproperty.co.za/to-rent/western-cape/cape-town/55?pt=House,ApartmentFlat,TownHouseCluster&page=32",2026-04-05 20:59:18.337006
RR4637237,11745949,2 Bedroom Apartment Windsor Park,R 8 100,8100,ZAR,Windsor Park,"Windsor Park 10 & 12 The Flowers ,rose Court, 95 Victoria Street",2,1,,,,,,https://www.privateproperty.co.za/to-rent/western-cape/cape-town/kraaifontein/windsor-park/10-12-the-flowers-rose-court/95-victoria-street/RR4637237,"https://www.privateproperty.co.za/to-rent/western-cape/cape-town/55?pt=House,ApartmentFlat,TownHouseCluster&page=32",2026-04-05 20:59:18.337006
RR4637230,11745924,1 Bedroom Apartment Windsor Park,R 6 950,6950,ZAR,Windsor Park,"Windsor Park 6 The Flowers ,rose Court, 95 Victoria Street",1,1,,,,,,https://www.privateproperty.co.za/to-rent/western-cape/cape-town/kraaifontein/windsor-park/6-the-flowers-rose-court/95-victoria-street/RR4637230,"https://www.privateproperty.co.za/to-rent/western-cape/cape-town/55?pt=House,ApartmentFlat,TownHouseCluster&page=32",2026-04-05 20:59:18.337006
RR4637211,11745870,2 Bedroom Apartment Cape Town City Centre,R 27 000,27000,ZAR,Cape Town City Centre,Cape Town City Centre,2,2,2,,,,,https://www.privateproperty.co.za/to-rent/western-cape/cape-town/cape-town-city-bowl/cape-town-city-centre/RR4637211,"https://www.privateproperty.co.za/to-rent/western-cape/cape-town/55?pt=House,ApartmentFlat,TownHouseCluster&page=33",2026-04-05 20:59:18.337006
RR4637209,11745863,1 Bedroom Apartment Richwood,R 12 000,12000,ZAR,Richwood,Richwood,1,1,1,53 m²,,,,https://www.privateproperty.co.za/to-rent/western-cape/cape-town/milnerton/richwood/de-aan-zicht-lifestyle-security-estate/giel-basson-dr-rooiheuwel-rd-richwood-7441/RR4637209,"https://www.privateproperty.co.za/to-rent/western-cape/cape-town/55?pt=House,ApartmentFlat,TownHouseCluster&page=33",2026-04-05 20:59:18.337006
RR4637199,11745845,2 Bedroom Apartment Mouille Point,R 55 000,55000,ZAR,Mouille Point,"Mouille Point 701 South Seas, 129 Beach Road",2,2,1,,-33.9021951669809,18.3998444064891,,https://www.privateproperty.co.za/to-rent/western-cape/cape-town/atlantic-seaboard/mouille-point/701-south-seas/129-beach-road/RR4637199,"https://www.privateproperty.co.za/to-rent/western-cape/cape-town/55?pt=House,ApartmentFlat,TownHouseCluster&page=33",2026-04-05 20:59:18.337006
RR4637192,11745832,3 Bedroom Duplex Parklands,R 18 000,18000,ZAR,Parklands,"Parklands 00 Ss Alberanté, 25 Regent Road",3,2,1,88 m²,-33.8133261,18.5003109,,https://www.privateproperty.co.za/to-rent/western-cape/cape-town/blouberg/parklands/00-ss-alberant/25-regent-road/RR4637192,"https://www.privateproperty.co.za/to-rent/western-cape/cape-town/55?pt=House,ApartmentFlat,TownHouseCluster&page=33",2026-04-05 20:59:18.337006
RR4637179,11745797,1 Bedroom Apartment Richwood,R 12 000,12000,ZAR,Richwood,Richwood,1,1,1,43 m²,,,,https://www.privateproperty.co.za/to-rent/western-cape/cape-town/milnerton/richwood/de-aan-zicht-lifestyle-security-estate/giel-basson-dr-rooiheuwel-rd-richwood-7441/RR4637179,"https://www.privateproperty.co.za/to-rent/western-cape/cape-town/55?pt=House,ApartmentFlat,TownHouseCluster&page=33",2026-04-05 20:59:18.337006
RR4637127,11745675,1 Bedroom Apartment Richwood,R 15 950,15950,ZAR,Richwood,Richwood,1,1,1,65 m²,,,,https://www.privateproperty.co.za/to-rent/western-cape/cape-town/milnerton/richwood/de-aan-zicht-lifestyle-security-estate/giel-basson-dr-rooiheuwel-rd-richwood-7441/RR4637127,"https://www.privateproperty.co.za/to-rent/western-cape/cape-town/55?pt=House,ApartmentFlat,TownHouseCluster&page=33",2026-04-05 20:59:18.337006
RR4637126,11745674,2 Bedroom Apartment Vredehoek,R 29 000,29000,ZAR,Vredehoek,Vredehoek,2,2,1,,,,,https://www.privateproperty.co.za/to-rent/western-cape/cape-town/cape-town-city-bowl/vredehoek/RR4637126,"https://www.privateproperty.co.za/to-rent/western-cape/cape-town/55?pt=House,ApartmentFlat,TownHouseCluster&page=33",2026-04-05 20:59:18.337006
RR4637116,11745647,2 Bedroom House Monte Vista,R 22 000,22000,ZAR,Monte Vista,Monte Vista,2,1,,,,,,https://www.privateproperty.co.za/to-rent/western-cape/cape-town/goodwood/monte-vista/RR4637116,"https://www.privateproperty.co.za/to-rent/western-cape/cape-town/55?pt=House,ApartmentFlat,TownHouseCluster&page=33",2026-04-05 20:59:18.337006
RR4635576,11741397,1 Bedroom Apartment Tamboerskloof,R 12 950,12950,ZAR,Tamboerskloof,"Tamboerskloof 0 Metropole Kloof Nek, 72c Kloof Nek Road",1,1,1,,-33.9291667,18.4041667,,https://www.privateproperty.co.za/to-rent/western-cape/cape-town/cape-town-city-bowl/tamboerskloof/0-metropole-kloof-nek/72c-kloof-nek-road/RR4635576,"https://www.privateproperty.co.za/to-rent/western-cape/cape-town/55?pt=House,ApartmentFlat,TownHouseCluster&page=33",2026-04-05 20:59:18.337006
RR4637069,11745530,Studio Apartment Cape Town City Centre,R 12 500,12500,ZAR,Cape Town City Centre,Cape Town City Centre,,1,,,,,,https://www.privateproperty.co.za/to-rent/western-cape/cape-town/cape-town-city-bowl/cape-town-city-centre/RR4637069,"https://www.privateproperty.co.za/to-rent/western-cape/cape-town/55?pt=House,ApartmentFlat,TownHouseCluster&page=33",2026-04-05 20:59:18.337006
RR4637062,11745517,3 Bedroom House Grassy Park,R 13 000,13000,ZAR,Grassy Park,Grassy Park,3,1,2,,,,,https://www.privateproperty.co.za/to-rent/western-cape/cape-town/cape-flats/grassy-park/RR4637062,"https://www.privateproperty.co.za/to-rent/western-cape/cape-town/55?pt=House,ApartmentFlat,TownHouseCluster&page=33",2026-04-05 20:59:18.337006
RR4637046,11745475,Studio Apartment Newlands,R 14 000,14000,ZAR,Newlands,Newlands,,1,,,,,,https://www.privateproperty.co.za/to-rent/western-cape/cape-town/southern-suburbs/newlands/RR4637046,"https://www.privateproperty.co.za/to-rent/western-cape/cape-town/55?pt=House,ApartmentFlat,TownHouseCluster&page=33",2026-04-05 20:59:18.337006
RR4637039,11745454,3 Bedroom House Parklands North,R 26 000,26000,ZAR,Parklands North,Parklands North,3,2.5,2,,,,,https://www.privateproperty.co.za/to-rent/western-cape/cape-town/blouberg/parklands-north/RR4637039,"https://www.privateproperty.co.za/to-rent/western-cape/cape-town/55?pt=House,ApartmentFlat,TownHouseCluster&page=33",2026-04-05 20:59:18.337006
RR4637038,11745453,2 Bedroom Apartment Worlds View,R 11 950,11950,ZAR,Worlds View,Worlds View,2,1,1,,,,,https://www.privateproperty.co.za/to-rent/western-cape/cape-town/somerset-west/worlds-view/RR4637038,"https://www.privateproperty.co.za/to-rent/western-cape/cape-town/55?pt=House,ApartmentFlat,TownHouseCluster&page=33",2026-04-05 20:59:18.337006
RR4637025,11745410,Studio Apartment Newlands,R 13 000,13000,ZAR,Newlands,Newlands,,1,1,,,,,https://www.privateproperty.co.za/to-rent/western-cape/cape-town/southern-suburbs/newlands/RR4637025,"https://www.privateproperty.co.za/to-rent/western-cape/cape-town/55?pt=House,ApartmentFlat,TownHouseCluster&page=33",2026-04-05 20:59:18.337006
RR4637013,11745374,3 Bedroom House Penlyn Estate,R 16 000,16000,ZAR,Penlyn Estate,Penlyn Estate,3,1,1,,,,,https://www.privateproperty.co.za/to-rent/western-cape/cape-town/cape-flats/athlone/penlyn-estate/RR4637013,"https://www.privateproperty.co.za/to-rent/western-cape/cape-town/55?pt=House,ApartmentFlat,TownHouseCluster&page=33",2026-04-05 20:59:18.337006
RR4636993,11745322,1 Bedroom Apartment Cape Town City Centre,R 14 250,14250,ZAR,Cape Town City Centre,Cape Town City Centre 12 Adderley Street,1,1,,,,,,https://www.privateproperty.co.za/to-rent/western-cape/cape-town/cape-town-city-bowl/cape-town-city-centre/colosseum/12-adderley-street/RR4636993,"https://www.privateproperty.co.za/to-rent/western-cape/cape-town/55?pt=House,ApartmentFlat,TownHouseCluster&page=33",2026-04-05 20:59:18.337006
RR4636984,11745299,2 Bedroom Apartment Claremont Upper,R 24 950,24950,ZAR,Claremont Upper,Claremont Upper,2,2,2,,,,,https://www.privateproperty.co.za/to-rent/western-cape/cape-town/southern-suburbs/claremont/claremont-upper/RR4636984,"https://www.privateproperty.co.za/to-rent/western-cape/cape-town/55?pt=House,ApartmentFlat,TownHouseCluster&page=33",2026-04-05 20:59:18.337006
RR4636965,11745243,1 Bedroom Apartment Richwood,R 15 950,15950,ZAR,Richwood,Richwood,1,1,1,,,,,https://www.privateproperty.co.za/to-rent/western-cape/cape-town/milnerton/richwood/RR4636965,"https://www.privateproperty.co.za/to-rent/western-cape/cape-town/55?pt=House,ApartmentFlat,TownHouseCluster&page=33",2026-04-05 20:59:18.337006
RR3960503,10027754,2 Bedroom Apartment Muizenberg,R 11 500,11500,ZAR,Muizenberg,"Muizenberg 214 Dune Crest, 73 Sunrise Boulevard Road",2,1,1,,-34.1002251,18.4839562,,https://www.privateproperty.co.za/to-rent/western-cape/cape-town/peninsula-false-bay/muizenberg/214-dune-crest/73-sunrise-boulevard-road/RR3960503,"https://www.privateproperty.co.za/to-rent/western-cape/cape-town/55?pt=House,ApartmentFlat,TownHouseCluster&page=33",2026-04-05 20:59:18.337006
RR4636920,11745121,1 Bedroom Apartment Boston,R 7 200,7200,ZAR,Boston,Boston,1,1,1,,,,,https://www.privateproperty.co.za/to-rent/western-cape/cape-town/bellville/boston/RR4636920,"https://www.privateproperty.co.za/to-rent/western-cape/cape-town/55?pt=House,ApartmentFlat,TownHouseCluster&page=34",2026-04-05 20:59:18.337006
RR4636892,11745050,3 Bedroom House Sitari,R 37 000,37000,ZAR,Sitari,Sitari,3,3,2,357 m²,,,,https://www.privateproperty.co.za/to-rent/western-cape/cape-town/somerset-west/sitari/RR4636892,"https://www.privateproperty.co.za/to-rent/western-cape/cape-town/55?pt=House,ApartmentFlat,TownHouseCluster&page=34",2026-04-05 20:59:18.337006
RR4636873,11744994,1 Bedroom House Green Point,R 30 000,30000,ZAR,Green Point,Green Point,1,1,1,,,,,https://www.privateproperty.co.za/to-rent/western-cape/cape-town/atlantic-seaboard/green-point/RR4636873,"https://www.privateproperty.co.za/to-rent/western-cape/cape-town/55?pt=House,ApartmentFlat,TownHouseCluster&page=34",2026-04-05 20:59:18.337006
RR3725831,9326808,1 Bedroom Apartment Helena Heights,R 12 000,12000,ZAR,Helena Heights,Helena Heights 8 Durban Drive,1,1,,,-34.057013,18.835104,,https://www.privateproperty.co.za/to-rent/western-cape/cape-town/somerset-west/helena-heights/8-durban-drive/RR3725831,"https://www.privateproperty.co.za/to-rent/western-cape/cape-town/55?pt=House,ApartmentFlat,TownHouseCluster&page=34",2026-04-05 20:59:18.337006
RR4636847,11744935,2 Bedroom Apartment Parklands East,R 11 500,11500,ZAR,Parklands East,Parklands East,2,1,1,,,,,https://www.privateproperty.co.za/to-rent/western-cape/cape-town/blouberg/parklands/parklands-east/RR4636847,"https://www.privateproperty.co.za/to-rent/western-cape/cape-town/55?pt=House,ApartmentFlat,TownHouseCluster&page=34",2026-04-05 20:59:18.337006
RR4636832,11744899,2 Bedroom Apartment Century City,R 30 000,30000,ZAR,Century City,Century City,2,2.5,2,,,,,https://www.privateproperty.co.za/to-rent/western-cape/cape-town/milnerton/century-city/RR4636832,"https://www.privateproperty.co.za/to-rent/western-cape/cape-town/55?pt=House,ApartmentFlat,TownHouseCluster&page=34",2026-04-05 20:59:18.337006
RR4636828,11744891,2 Bedroom Apartment Observatory,R 19 000,19000,ZAR,Observatory,Observatory,2,2,1,80 m²,,,,https://www.privateproperty.co.za/to-rent/western-cape/cape-town/cape-town-city-bowl/observatory/RR4636828,"https://www.privateproperty.co.za/to-rent/western-cape/cape-town/55?pt=House,ApartmentFlat,TownHouseCluster&page=34",2026-04-05 20:59:18.337006
RR4502126,11408835,1 Bedroom Apartment Claremont Upper,R 13 500,13500,ZAR,Claremont Upper,Claremont Upper,1,1,1,,,,,https://www.privateproperty.co.za/to-rent/western-cape/cape-town/southern-suburbs/claremont/claremont-upper/RR4502126,"https://www.privateproperty.co.za/to-rent/western-cape/cape-town/55?pt=House,ApartmentFlat,TownHouseCluster&page=34",2026-04-05 20:59:18.337006
RR1992424,5154704,5 Bedroom House Constantia Upper,R 85 000,85000,ZAR,Constantia Upper,Constantia Upper,5,3,2,,,,,https://www.privateproperty.co.za/to-rent/western-cape/cape-town/southern-suburbs/constantia/constantia-upper/RR1992424,"https://www.privateproperty.co.za/to-rent/western-cape/cape-town/55?pt=House,ApartmentFlat,TownHouseCluster&page=34",2026-04-05 20:59:18.337006
RR4636815,11744858,2 Bedroom Apartment Oranjezicht,R 40 000,40000,ZAR,Oranjezicht,Oranjezicht,2,2,1,,,,,https://www.privateproperty.co.za/to-rent/western-cape/cape-town/cape-town-city-bowl/oranjezicht/RR4636815,"https://www.privateproperty.co.za/to-rent/western-cape/cape-town/55?pt=House,ApartmentFlat,TownHouseCluster&page=34",2026-04-05 20:59:18.337006
RR4210747,10669410,1 Bedroom Apartment Wynberg,R 6 900,6900,ZAR,Wynberg,Wynberg,1,1,1,,,,,https://www.privateproperty.co.za/to-rent/western-cape/cape-town/southern-suburbs/wynberg/RR4210747,"https://www.privateproperty.co.za/to-rent/western-cape/cape-town/55?pt=House,ApartmentFlat,TownHouseCluster&page=34",2026-04-05 20:59:18.337006
RR4636800,11744818,2 Bedroom Apartment Goedemoed,R 13 500,13500,ZAR,Goedemoed,Goedemoed,2,1,,,,,,https://www.privateproperty.co.za/to-rent/western-cape/cape-town/durbanville/goedemoed/RR4636800,"https://www.privateproperty.co.za/to-rent/western-cape/cape-town/55?pt=House,ApartmentFlat,TownHouseCluster&page=34",2026-04-05 20:59:18.337006
RR4636789,11744794,2 Bedroom House Plattekloof Glen,R 17 000,17000,ZAR,Plattekloof Glen,Plattekloof Glen,2,1,3,258 m²,,,,https://www.privateproperty.co.za/to-rent/western-cape/cape-town/goodwood/plattekloof-glen/RR4636789,"https://www.privateproperty.co.za/to-rent/western-cape/cape-town/55?pt=House,ApartmentFlat,TownHouseCluster&page=34",2026-04-05 20:59:18.337006
RR4636759,11744728,1 Bedroom Apartment Oranjezicht,R 17 400,17400,ZAR,Oranjezicht,"Oranjezicht 305 Serengeti, 16 Breda Street",1,1,,,,,,https://www.privateproperty.co.za/to-rent/western-cape/cape-town/cape-town-city-bowl/oranjezicht/305-serengeti/16-breda-street/RR4636759,"https://www.privateproperty.co.za/to-rent/western-cape/cape-town/55?pt=House,ApartmentFlat,TownHouseCluster&page=34",2026-04-05 20:59:18.337006
RR4636753,11744718,3 Bedroom House Noordhoek,R 50 000,50000,ZAR,Noordhoek,Noordhoek,3,3,3,,,,,https://www.privateproperty.co.za/to-rent/western-cape/cape-town/peninsula-false-bay/noordhoek/RR4636753,"https://www.privateproperty.co.za/to-rent/western-cape/cape-town/55?pt=House,ApartmentFlat,TownHouseCluster&page=34",2026-04-05 20:59:18.337006
RR4636732,11744671,3 Bedroom House Simons Town,R 39 000,39000,ZAR,Simons Town,Simons Town,3,2,2,,,,,https://www.privateproperty.co.za/to-rent/western-cape/cape-town/simons-town/simons-town/RR4636732,"https://www.privateproperty.co.za/to-rent/western-cape/cape-town/55?pt=House,ApartmentFlat,TownHouseCluster&page=34",2026-04-05 20:59:18.337006
RR4636694,11744586,Studio Apartment De Waterkant,R 23 000,23000,ZAR,De Waterkant,De Waterkant,,1,1,,,,,https://www.privateproperty.co.za/to-rent/western-cape/cape-town/cape-town-city-bowl/de-waterkant/RR4636694,"https://www.privateproperty.co.za/to-rent/western-cape/cape-town/55?pt=House,ApartmentFlat,TownHouseCluster&page=34",2026-04-05 20:59:18.337006
RR3313333,8163024,1 Bedroom Apartment Milnerton Central,R 12 000,12000,ZAR,Milnerton Central,Milnerton Central,1,1,,,,,,https://www.privateproperty.co.za/to-rent/western-cape/cape-town/milnerton/milnerton-central/RR3313333,"https://www.privateproperty.co.za/to-rent/western-cape/cape-town/55?pt=House,ApartmentFlat,TownHouseCluster&page=34",2026-04-05 20:59:18.337006
RR4636665,11744509,2 Bedroom Apartment Vredehoek,R 16 500,16500,ZAR,Vredehoek,Vredehoek,2,1,,,,,,https://www.privateproperty.co.za/to-rent/western-cape/cape-town/cape-town-city-bowl/vredehoek/RR4636665,"https://www.privateproperty.co.za/to-rent/western-cape/cape-town/55?pt=House,ApartmentFlat,TownHouseCluster&page=34",2026-04-05 20:59:18.337006
RR4636644,11744458,4 Bedroom House Muizenberg,R 29 500,29500,ZAR,Muizenberg,Muizenberg,4,4,2,495 m²,,,,https://www.privateproperty.co.za/to-rent/western-cape/cape-town/peninsula-false-bay/muizenberg/RR4636644,"https://www.privateproperty.co.za/to-rent/western-cape/cape-town/55?pt=House,ApartmentFlat,TownHouseCluster&page=34",2026-04-05 20:59:18.337006
RR4636590,11744321,1 Bedroom Apartment Rondebosch,R 14 500,14500,ZAR,Rondebosch,Rondebosch 6 Devonshire Hill Road,1,1,,,-33.9602351,18.4692188,,https://www.privateproperty.co.za/to-rent/western-cape/cape-town/southern-suburbs/rondebosch/6-devonshire-hill-road/RR4636590,"https://www.privateproperty.co.za/to-rent/western-cape/cape-town/55?pt=House,ApartmentFlat,TownHouseCluster&page=35",2026-04-05 20:59:18.337006
RR4636583,11744297,1 Bedroom Apartment Waterfront,R 40 000,40000,ZAR,Waterfront,Waterfront,1,1,1,,,,,https://www.privateproperty.co.za/to-rent/western-cape/cape-town/atlantic-seaboard/waterfront/RR4636583,"https://www.privateproperty.co.za/to-rent/western-cape/cape-town/55?pt=House,ApartmentFlat,TownHouseCluster&page=35",2026-04-05 20:59:18.337006
RR3871851,9774495,2 Bedroom Apartment Mouille Point,R 55 000,55000,ZAR,Mouille Point,Mouille Point,2,2,,,,,,https://www.privateproperty.co.za/to-rent/western-cape/cape-town/atlantic-seaboard/mouille-point/RR3871851,"https://www.privateproperty.co.za/to-rent/western-cape/cape-town/55?pt=House,ApartmentFlat,TownHouseCluster&page=35",2026-04-05 20:59:18.337006
RR4636565,11744248,3 Bedroom House Welgedacht,R 33 000,33000,ZAR,Welgedacht,Welgedacht,3,2,2,,,,,https://www.privateproperty.co.za/to-rent/western-cape/cape-town/bellville/welgedacht/RR4636565,"https://www.privateproperty.co.za/to-rent/western-cape/cape-town/55?pt=House,ApartmentFlat,TownHouseCluster&page=35",2026-04-05 20:59:18.337006
RR4636535,11744173,2 Bedroom Apartment West Beach,R 20 000,20000,ZAR,West Beach,West Beach,2,1,2,,,,,https://www.privateproperty.co.za/to-rent/western-cape/cape-town/blouberg/west-beach/RR4636535,"https://www.privateproperty.co.za/to-rent/western-cape/cape-town/55?pt=House,ApartmentFlat,TownHouseCluster&page=35",2026-04-05 20:59:18.337006
RR4636471,11743947,Studio apartment Rondebosch,R 12 500,12500,ZAR,Rondebosch,"Rondebosch 6 Roslyn Gardens, 6 Roslyn Rd",0.5,1,2,,-33.9634295,18.4698596,,https://www.privateproperty.co.za/to-rent/western-cape/cape-town/southern-suburbs/rondebosch/6-roslyn-gardens/6-roslyn-rd/RR4636471,"https://www.privateproperty.co.za/to-rent/western-cape/cape-town/55?pt=House,ApartmentFlat,TownHouseCluster&page=35",2026-04-05 20:59:18.337006
RR4636106,11742905,5.5 Bedroom House Scarborough,R 47 500,47500,ZAR,Scarborough,Scarborough 44030 Springbok,5.5,4.5,4,900 m²,-34.1987410178314,18.3732604980469,,https://www.privateproperty.co.za/to-rent/western-cape/cape-town/peninsula-false-bay/scarborough/44030-springbok/RR4636106,"https://www.privateproperty.co.za/to-rent/western-cape/cape-town/55?pt=House,ApartmentFlat,TownHouseCluster&page=35",2026-04-05 20:59:18.337006
RR4322418,10947917,2 Bedroom Apartment Century City,R 23 000,23000,ZAR,Century City,Century City,2,2,,,,,,https://www.privateproperty.co.za/to-rent/western-cape/cape-town/milnerton/century-city/RR4322418,"https://www.privateproperty.co.za/to-rent/western-cape/cape-town/55?pt=House,ApartmentFlat,TownHouseCluster&page=35",2026-04-05 20:59:18.337006
RR4636450,11743899,3.5 Bedroom House Rondebosch,R 65 000,65000,ZAR,Rondebosch,Rondebosch 11 Silwood Road,3.5,2.5,4,1 152 m²,-33.9609815219389,18.4807967852628,,https://www.privateproperty.co.za/to-rent/western-cape/cape-town/southern-suburbs/rondebosch/11-silwood-road/RR4636450,"https://www.privateproperty.co.za/to-rent/western-cape/cape-town/55?pt=House,ApartmentFlat,TownHouseCluster&page=35",2026-04-05 20:59:18.337006
RR4636442,11743880,4 Bedroom House Newlands,R 49 000,49000,ZAR,Newlands,Newlands,4,3.5,4,984 m²,,,,https://www.privateproperty.co.za/to-rent/western-cape/cape-town/southern-suburbs/newlands/RR4636442,"https://www.privateproperty.co.za/to-rent/western-cape/cape-town/55?pt=House,ApartmentFlat,TownHouseCluster&page=35",2026-04-05 20:59:18.337006
RR4636422,11743842,1 Bedroom Apartment Joostenbergvlakte,R 8 500,8500,ZAR,Joostenbergvlakte,Joostenbergvlakte,1,1,,,,,,https://www.privateproperty.co.za/to-rent/western-cape/cape-town/kraaifontein/joostenbergvlakte/RR4636422,"https://www.privateproperty.co.za/to-rent/western-cape/cape-town/55?pt=House,ApartmentFlat,TownHouseCluster&page=35",2026-04-05 20:59:18.337006
RR4636360,11743666,2 Bedroom Apartment Woodstock,R 13 000,13000,ZAR,Woodstock,"Woodstock 104 1 On Albert, 1 Albert Road",2,1,,,,,,https://www.privateproperty.co.za/to-rent/western-cape/cape-town/cape-town-city-bowl/woodstock/104-1-on-albert/1-albert-road/RR4636360,"https://www.privateproperty.co.za/to-rent/western-cape/cape-town/55?pt=House,ApartmentFlat,TownHouseCluster&page=35",2026-04-05 20:59:18.337006
RR4636314,11743541,1 Bedroom Apartment Cape Town City Centre,R 25 000,25000,ZAR,Cape Town City Centre,Cape Town City Centre,1,1,,,,,,https://www.privateproperty.co.za/to-rent/western-cape/cape-town/cape-town-city-bowl/cape-town-city-centre/RR4636314,"https://www.privateproperty.co.za/to-rent/western-cape/cape-town/55?pt=House,ApartmentFlat,TownHouseCluster&page=35",2026-04-05 20:59:18.337006
RR4636276,11743441,3 Bedroom House Eden Park,R 23 000,23000,ZAR,Eden Park,Eden Park,3,2,4,320 m²,,,,https://www.privateproperty.co.za/to-rent/western-cape/cape-town/brackenfell/brackenfell-central/eden-park/RR4636276,"https://www.privateproperty.co.za/to-rent/western-cape/cape-town/55?pt=House,ApartmentFlat,TownHouseCluster&page=35",2026-04-05 20:59:18.337006
RR4636224,11743273,3 Bedroom Apartment Kenilworth Upper,R 22 000,22000,ZAR,Kenilworth Upper,Kenilworth Upper,3,1.5,1,,,,,https://www.privateproperty.co.za/to-rent/western-cape/cape-town/southern-suburbs/kenilworth/kenilworth-upper/RR4636224,"https://www.privateproperty.co.za/to-rent/western-cape/cape-town/55?pt=House,ApartmentFlat,TownHouseCluster&page=35",2026-04-05 20:59:18.337006
RR4636196,11743190,2 Bedroom Apartment Somerset Ridge,R 13 500,13500,ZAR,Somerset Ridge,Somerset Ridge,2,1,1,,,,,https://www.privateproperty.co.za/to-rent/western-cape/cape-town/somerset-west/somerset-ridge/RR4636196,"https://www.privateproperty.co.za/to-rent/western-cape/cape-town/55?pt=House,ApartmentFlat,TownHouseCluster&page=35",2026-04-05 20:59:18.337006
RR4636194,11743182,3 Bedroom Townhouse Bloubergstrand,R 26 000,26000,ZAR,Bloubergstrand,Bloubergstrand,3,2,,,,,,https://www.privateproperty.co.za/to-rent/western-cape/cape-town/blouberg/bloubergstrand/RR4636194,"https://www.privateproperty.co.za/to-rent/western-cape/cape-town/55?pt=House,ApartmentFlat,TownHouseCluster&page=35",2026-04-05 20:59:18.337006
RR4636177,11743138,1 Bedroom Apartment Somerset West Central,R 10 500,10500,ZAR,Somerset West Central,Somerset West Central,1,1,1,13.3 ha,,,,https://www.privateproperty.co.za/to-rent/western-cape/cape-town/somerset-west/somerset-west-central/RR4636177,"https://www.privateproperty.co.za/to-rent/western-cape/cape-town/55?pt=House,ApartmentFlat,TownHouseCluster&page=35",2026-04-05 20:59:18.337006
RR4636153,11743070,2 Bedroom Apartment Sea Point,R 55 000,55000,ZAR,Sea Point,"Sea Point 7 Bahia, 42 Avenue Marseilles Avenue",2,2,1,,,,,https://www.privateproperty.co.za/to-rent/western-cape/cape-town/atlantic-seaboard/sea-point/7-bahia/42-avenue-marseilles-avenue/RR4636153,"https://www.privateproperty.co.za/to-rent/western-cape/cape-town/55?pt=House,ApartmentFlat,TownHouseCluster&page=35",2026-04-05 20:59:18.337006
RR4060811,10290480,1 Bedroom Apartment Valley Estate,R 11 000,11000,ZAR,Valley Estate,Valley Estate 6a Surcingle Avenue,1,1,,,-34.0186477,18.3594507,,https://www.privateproperty.co.za/to-rent/western-cape/cape-town/hout-bay/valley-estate/6a-surcingle-avenue/RR4060811,"https://www.privateproperty.co.za/to-rent/western-cape/cape-town/55?pt=House,ApartmentFlat,TownHouseCluster&page=35",2026-04-05 20:59:18.337006
RR4077405,10334582,2 Bedroom Apartment Valley Estate,R 13 000,13000,ZAR,Valley Estate,Valley Estate 4 Surcingle Avenue,2,1,,,-34.0184378,18.3597811,,https://www.privateproperty.co.za/to-rent/western-cape/cape-town/hout-bay/valley-estate/4-surcingle-avenue/RR4077405,"https://www.privateproperty.co.za/to-rent/western-cape/cape-town/55?pt=House,ApartmentFlat,TownHouseCluster&page=36",2026-04-05 20:59:18.337006
RR4636121,11742977,3 Bedroom House Atlantic Beach,R 32 500,32500,ZAR,Atlantic Beach,Atlantic Beach 13 Ailsa Circle,3,2,2,,-33.73217,18.4487,,https://www.privateproperty.co.za/to-rent/western-cape/cape-town/melkbosstrand/atlantic-beach/13-ailsa-circle/RR4636121,"https://www.privateproperty.co.za/to-rent/western-cape/cape-town/55?pt=House,ApartmentFlat,TownHouseCluster&page=36",2026-04-05 20:59:18.337006
RR3986668,10094170,3 Bedroom House Burgundy Estate,R 26 000,26000,ZAR,Burgundy Estate,Burgundy Estate,3,2,4,,,,,https://www.privateproperty.co.za/to-rent/western-cape/cape-town/milnerton/burgundy-estate/RR3986668,"https://www.privateproperty.co.za/to-rent/western-cape/cape-town/55?pt=House,ApartmentFlat,TownHouseCluster&page=36",2026-04-05 20:59:18.337006
RR4636099,11742875,2 Bedroom House Woodstock,R 19 800,19800,ZAR,Woodstock,Woodstock,2,1,,,,,,https://www.privateproperty.co.za/to-rent/western-cape/cape-town/cape-town-city-bowl/woodstock/RR4636099,"https://www.privateproperty.co.za/to-rent/western-cape/cape-town/55?pt=House,ApartmentFlat,TownHouseCluster&page=36",2026-04-05 20:59:18.337006
RR4635981,11742597,2 Bedroom Apartment Royal Ascot,R 15 000,15000,ZAR,Royal Ascot,"Royal Ascot 314 Equini Lifestyle Centre, 29 Grand National Blvd",2,2,2,,,,,https://www.privateproperty.co.za/to-rent/western-cape/cape-town/milnerton/royal-ascot/314-equini-lifestyle-centre/29-grand-national-blvd/RR4635981,"https://www.privateproperty.co.za/to-rent/western-cape/cape-town/55?pt=House,ApartmentFlat,TownHouseCluster&page=36",2026-04-05 20:59:18.337006
RR4635970,11742562,2 Bedroom House Milkwood Park,R 20 000,20000,ZAR,Milkwood Park,Milkwood Park,2,1,1,,,,,https://www.privateproperty.co.za/to-rent/western-cape/cape-town/peninsula-false-bay/noordhoek/milkwood-park/RR4635970,"https://www.privateproperty.co.za/to-rent/western-cape/cape-town/55?pt=House,ApartmentFlat,TownHouseCluster&page=36",2026-04-05 20:59:18.337006
RR3815660,9606957,2 Bedroom Duplex Kalk Bay,R 35 000,35000,ZAR,Kalk Bay,"Kalk Bay 1 Town House The Majestic, 24 Gatesville Road",2,2.5,1,,-34.1277778,18.4483333,,https://www.privateproperty.co.za/to-rent/western-cape/cape-town/peninsula-false-bay/kalk-bay/1-town-house-the-majestic/24-gatesville-road/RR3815660,"https://www.privateproperty.co.za/to-rent/western-cape/cape-town/55?pt=House,ApartmentFlat,TownHouseCluster&page=36",2026-04-05 20:59:18.337006
RR4635919,11742357,2 Bedroom House Hout Bay Central,R 24 000,24000,ZAR,Hout Bay Central,Hout Bay Central 3 Plumtree Close,2,2,3,1 500 m²,-34.03160014705,18.35600911765,,https://www.privateproperty.co.za/to-rent/western-cape/cape-town/hout-bay/hout-bay-central/3-plumtree-close/RR4635919,"https://www.privateproperty.co.za/to-rent/western-cape/cape-town/55?pt=House,ApartmentFlat,TownHouseCluster&page=36",2026-04-05 20:59:18.337006
RR4635954,11742493,2 Bedroom Apartment Big Bay,R 19 500,19500,ZAR,Big Bay,"Big Bay R11 Waves Edge, 1004 Otto Du Plessis Drive",2,2,2,2.3 ha,-33.79447185590424,18.462019308492483,,https://www.privateproperty.co.za/to-rent/western-cape/cape-town/blouberg/big-bay/r11-waves-edge/1004-otto-du-plessis-drive/RR4635954,"https://www.privateproperty.co.za/to-rent/western-cape/cape-town/55?pt=House,ApartmentFlat,TownHouseCluster&page=36",2026-04-05 20:59:18.337006
RR4635926,11742386,1 Bedroom Apartment Gardens,R 14 950,14950,ZAR,Gardens,Gardens,1,1,,,,,,https://www.privateproperty.co.za/to-rent/western-cape/cape-town/cape-town-city-bowl/gardens/RR4635926,"https://www.privateproperty.co.za/to-rent/western-cape/cape-town/55?pt=House,ApartmentFlat,TownHouseCluster&page=36",2026-04-05 20:59:18.337006
RR4635924,11742380,3 Bedroom House Sunnydale,R 27 000,27000,ZAR,Sunnydale,Sunnydale,3,2,,735 m²,,,,https://www.privateproperty.co.za/to-rent/western-cape/cape-town/peninsula-false-bay/noordhoek/sunnydale/RR4635924,"https://www.privateproperty.co.za/to-rent/western-cape/cape-town/55?pt=House,ApartmentFlat,TownHouseCluster&page=36",2026-04-05 20:59:18.337006
RR4635914,11742326,3 Bedroom House Goodwood Estate,R 23 000,23000,ZAR,Goodwood Estate,Goodwood Estate,3,2,4,320 m²,,,,https://www.privateproperty.co.za/to-rent/western-cape/cape-town/goodwood/goodwood-estate/RR4635914,"https://www.privateproperty.co.za/to-rent/western-cape/cape-town/55?pt=House,ApartmentFlat,TownHouseCluster&page=36",2026-04-05 20:59:18.337006
RR4635902,11742294,2 Bedroom Apartment Gordons Bay Central,R 15 500,15500,ZAR,Gordons Bay Central,Gordons Bay Central,2,1,1,,,,,https://www.privateproperty.co.za/to-rent/western-cape/cape-town/gordons-bay/gordons-bay-central/RR4635902,"https://www.privateproperty.co.za/to-rent/western-cape/cape-town/55?pt=House,ApartmentFlat,TownHouseCluster&page=36",2026-04-05 20:59:18.337006
RR4635888,11742249,2 Bedroom Apartment Cape Town City Centre,R 24 000,24000,ZAR,Cape Town City Centre,Cape Town City Centre,2,1,1,,,,,https://www.privateproperty.co.za/to-rent/western-cape/cape-town/cape-town-city-bowl/cape-town-city-centre/RR4635888,"https://www.privateproperty.co.za/to-rent/western-cape/cape-town/55?pt=House,ApartmentFlat,TownHouseCluster&page=36",2026-04-05 20:59:18.337006
RR4635858,11742168,2 Bedroom Apartment Clifton,R 44 000,44000,ZAR,Clifton,Clifton,2,2,1,,,,,https://www.privateproperty.co.za/to-rent/western-cape/cape-town/atlantic-seaboard/clifton/RR4635858,"https://www.privateproperty.co.za/to-rent/western-cape/cape-town/55?pt=House,ApartmentFlat,TownHouseCluster&page=36",2026-04-05 20:59:18.337006
RR4635242,11740380,2 Bedroom Apartment Milnerton Central,R 14 500,14500,ZAR,Milnerton Central,Milnerton Central,2,2,1,,,,,https://www.privateproperty.co.za/to-rent/western-cape/cape-town/milnerton/milnerton-central/RR4635242,"https://www.privateproperty.co.za/to-rent/western-cape/cape-town/55?pt=House,ApartmentFlat,TownHouseCluster&page=36",2026-04-05 20:59:18.337006
RR4635811,11742044,1 Bedroom Apartment Fairfield Estate,R 6 800,6800,ZAR,Fairfield Estate,"Fairfield Estate 0 Fairfield Estate, 17 Nelson Road",1,1,,,-33.8967687,18.5931872,,https://www.privateproperty.co.za/to-rent/western-cape/cape-town/parow/fairfield-estate/0-fairfield-estate/17-nelson-road/RR4635811,"https://www.privateproperty.co.za/to-rent/western-cape/cape-town/55?pt=House,ApartmentFlat,TownHouseCluster&page=36",2026-04-05 20:59:18.337006
RR4376451,11094596,3 Bedroom Townhouse Plattekloof,R 29 500,29500,ZAR,Plattekloof,Plattekloof,3,2,2,,,,,https://www.privateproperty.co.za/to-rent/western-cape/cape-town/parow/plattekloof/RR4376451,"https://www.privateproperty.co.za/to-rent/western-cape/cape-town/55?pt=House,ApartmentFlat,TownHouseCluster&page=36",2026-04-05 20:59:18.337006
RR4635791,11742003,2 Bedroom Apartment Newlands,R 27 000,27000,ZAR,Newlands,Newlands,2,2,,,,,,https://www.privateproperty.co.za/to-rent/western-cape/cape-town/southern-suburbs/newlands/RR4635791,"https://www.privateproperty.co.za/to-rent/western-cape/cape-town/55?pt=House,ApartmentFlat,TownHouseCluster&page=36",2026-04-05 20:59:18.337006
RR4355750,11040327,1 Bedroom Apartment Zonnebloem,R 13 750,13750,ZAR,Zonnebloem,Zonnebloem 160 Darling Street,1,1,1,,,,,https://www.privateproperty.co.za/to-rent/western-cape/cape-town/cape-town-city-bowl/zonnebloem/castle-rock/160-darling-street/RR4355750,"https://www.privateproperty.co.za/to-rent/western-cape/cape-town/55?pt=House,ApartmentFlat,TownHouseCluster&page=36",2026-04-05 20:59:18.337006
RR4635777,11741971,3 Bedroom House Walmer Estate,R 20 000,20000,ZAR,Walmer Estate,Walmer Estate,3,2,2,,,,,https://www.privateproperty.co.za/to-rent/western-cape/cape-town/cape-town-city-bowl/walmer-estate/RR4635777,"https://www.privateproperty.co.za/to-rent/western-cape/cape-town/55?pt=House,ApartmentFlat,TownHouseCluster&page=37",2026-04-05 20:59:18.337006
RR4635767,11741935,2 Bedroom Apartment Rondebosch,R 28 000,28000,ZAR,Rondebosch,"Rondebosch 306 The Chesterfield, 122 Campground Rd",2,2,2,,-33.96872,18.4739,,https://www.privateproperty.co.za/to-rent/western-cape/cape-town/southern-suburbs/rondebosch/306-the-chesterfield/122-campground-rd/RR4635767,"https://www.privateproperty.co.za/to-rent/western-cape/cape-town/55?pt=House,ApartmentFlat,TownHouseCluster&page=37",2026-04-05 20:59:18.337006
RR4635765,11741929,3 Bedroom House Goodwood Estate,R 23 000,23000,ZAR,Goodwood Estate,Goodwood Estate,3,2,4,320 m²,,,,https://www.privateproperty.co.za/to-rent/western-cape/cape-town/goodwood/goodwood-estate/RR4635765,"https://www.privateproperty.co.za/to-rent/western-cape/cape-town/55?pt=House,ApartmentFlat,TownHouseCluster&page=37",2026-04-05 20:59:18.337006
RR4635742,11741867,3 Bedroom Apartment Sandown,R 20 500,20500,ZAR,Sandown,Sandown,3,2,2,,,,,https://www.privateproperty.co.za/to-rent/western-cape/cape-town/blouberg/sandown/RR4635742,"https://www.privateproperty.co.za/to-rent/western-cape/cape-town/55?pt=House,ApartmentFlat,TownHouseCluster&page=37",2026-04-05 20:59:18.337006
RR4635733,11741839,3 Bedroom Apartment Table View,R 22 500,22500,ZAR,Table View,Table View,3,2,2,,,,,https://www.privateproperty.co.za/to-rent/western-cape/cape-town/blouberg/table-view/RR4635733,"https://www.privateproperty.co.za/to-rent/western-cape/cape-town/55?pt=House,ApartmentFlat,TownHouseCluster&page=37",2026-04-05 20:59:18.337006
RR4635700,11741748,1 Bedroom Apartment Sea Point,R 15 500,15500,ZAR,Sea Point,Sea Point,1,1,,,,,,https://www.privateproperty.co.za/to-rent/western-cape/cape-town/atlantic-seaboard/sea-point/RR4635700,"https://www.privateproperty.co.za/to-rent/western-cape/cape-town/55?pt=House,ApartmentFlat,TownHouseCluster&page=37",2026-04-05 20:59:18.337006
RR4635690,11741726,1 Bedroom Apartment Lotus River,R 5 000,5000,ZAR,Lotus River,Lotus River,1,1,,,,,,https://www.privateproperty.co.za/to-rent/western-cape/cape-town/cape-flats/lotus-river/RR4635690,"https://www.privateproperty.co.za/to-rent/western-cape/cape-town/55?pt=House,ApartmentFlat,TownHouseCluster&page=37",2026-04-05 20:59:18.337006
RR4635691,11741727,2 Bedroom Apartment Tamboerskloof,R 35 000,35000,ZAR,Tamboerskloof,Tamboerskloof,2,2,2,,,,,https://www.privateproperty.co.za/to-rent/western-cape/cape-town/cape-town-city-bowl/tamboerskloof/RR4635691,"https://www.privateproperty.co.za/to-rent/western-cape/cape-town/55?pt=House,ApartmentFlat,TownHouseCluster&page=37",2026-04-05 20:59:18.337006
RR4635687,11741723,2 Bedroom Apartment Strand Central,R 8 000,8000,ZAR,Strand Central,Strand Central,2,1,1,,,,,https://www.privateproperty.co.za/to-rent/western-cape/cape-town/strand/strand-central/RR4635687,"https://www.privateproperty.co.za/to-rent/western-cape/cape-town/55?pt=House,ApartmentFlat,TownHouseCluster&page=37",2026-04-05 20:59:18.337006
RR4635670,11741685,1 Bedroom Apartment Cape Town City Centre,R 18 000,18000,ZAR,Cape Town City Centre,Cape Town City Centre,1,1,,,,,,https://www.privateproperty.co.za/to-rent/western-cape/cape-town/cape-town-city-bowl/cape-town-city-centre/RR4635670,"https://www.privateproperty.co.za/to-rent/western-cape/cape-town/55?pt=House,ApartmentFlat,TownHouseCluster&page=37",2026-04-05 20:59:18.337006
RR4635638,11741577,1 Bedroom Apartment Sea Point,R 22 000,22000,ZAR,Sea Point,Sea Point,1,1,1,,,,,https://www.privateproperty.co.za/to-rent/western-cape/cape-town/atlantic-seaboard/sea-point/RR4635638,"https://www.privateproperty.co.za/to-rent/western-cape/cape-town/55?pt=House,ApartmentFlat,TownHouseCluster&page=37",2026-04-05 20:59:18.337006
RR4635613,11741508,2 Bedroom Apartment Kenilworth,R 15 500,15500,ZAR,Kenilworth,"Kenilworth 47 Kenworth Court, 143 First Avenue",2,1,,,-33.994274,18.4732761,,https://www.privateproperty.co.za/to-rent/western-cape/cape-town/southern-suburbs/kenilworth/47-kenworth-court/143-first-avenue/RR4635613,"https://www.privateproperty.co.za/to-rent/western-cape/cape-town/55?pt=House,ApartmentFlat,TownHouseCluster&page=37",2026-04-05 20:59:18.337006
RR4635597,11741454,3 Bedroom House Heldervue,R 49 500,49500,ZAR,Heldervue,Heldervue,3,3.5,2,,,,,https://www.privateproperty.co.za/to-rent/western-cape/cape-town/somerset-west/heldervue/RR4635597,"https://www.privateproperty.co.za/to-rent/western-cape/cape-town/55?pt=House,ApartmentFlat,TownHouseCluster&page=37",2026-04-05 20:59:18.337006
RR4635589,11741425,2 Bedroom Apartment Strand North,R 13 000,13000,ZAR,Strand North,Strand North,2,1,1,,,,,https://www.privateproperty.co.za/to-rent/western-cape/cape-town/strand/strand-north/RR4635589,"https://www.privateproperty.co.za/to-rent/western-cape/cape-town/55?pt=House,ApartmentFlat,TownHouseCluster&page=37",2026-04-05 20:59:18.337006
RR4339114,10995018,1 Bedroom Apartment Gardens,R 11 500,11500,ZAR,Gardens,Gardens,1,1,,,,,,https://www.privateproperty.co.za/to-rent/western-cape/cape-town/cape-town-city-bowl/gardens/RR4339114,"https://www.privateproperty.co.za/to-rent/western-cape/cape-town/55?pt=House,ApartmentFlat,TownHouseCluster&page=37",2026-04-05 20:59:18.337006
RR4635567,11741374,2 Bedroom House Fish Hoek,R 25 000,25000,ZAR,Fish Hoek,Fish Hoek 149 Highway,2,1,1,,-34.1389328,18.4230381,,https://www.privateproperty.co.za/to-rent/western-cape/cape-town/peninsula-false-bay/fish-hoek/149-highway/RR4635567,"https://www.privateproperty.co.za/to-rent/western-cape/cape-town/55?pt=House,ApartmentFlat,TownHouseCluster&page=37",2026-04-05 20:59:18.337006
RR4635540,11741283,2 Bedroom Apartment Strand Central,R 20 000,20000,ZAR,Strand Central,"Strand Central 302 97 On Strand, 97 Beach Road",2,2,1,,-34.116861,18.825866,,https://www.privateproperty.co.za/to-rent/western-cape/cape-town/strand/strand-central/302-97-on-strand/97-beach-road/RR4635540,"https://www.privateproperty.co.za/to-rent/western-cape/cape-town/55?pt=House,ApartmentFlat,TownHouseCluster&page=37",2026-04-05 20:59:18.337006
RR4432882,11235377,Studio Apartment Fish Hoek,R 14 000,14000,ZAR,Fish Hoek,Fish Hoek 149 Highway,,1,,,-34.1389153,18.423047,,https://www.privateproperty.co.za/to-rent/western-cape/cape-town/peninsula-false-bay/fish-hoek/149-highway/RR4432882,"https://www.privateproperty.co.za/to-rent/western-cape/cape-town/55?pt=House,ApartmentFlat,TownHouseCluster&page=37",2026-04-05 20:59:18.337006
RR3951278,10004564,5 Bedroom House Newlands,R 62 000,62000,ZAR,Newlands,Newlands,5,5,2,,,,,https://www.privateproperty.co.za/to-rent/western-cape/cape-town/southern-suburbs/newlands/RR3951278,"https://www.privateproperty.co.za/to-rent/western-cape/cape-town/55?pt=House,ApartmentFlat,TownHouseCluster&page=37",2026-04-05 20:59:18.337006
RR4634873,11739278,4 Bedroom House Sandown,R 34 000,34000,ZAR,Sandown,Sandown 10 Bendor Street,4,3,4,250 m²,-33.795692,18.507541,,https://www.privateproperty.co.za/to-rent/western-cape/cape-town/blouberg/sandown/10-bendor-street/RR4634873,"https://www.privateproperty.co.za/to-rent/western-cape/cape-town/55?pt=House,ApartmentFlat,TownHouseCluster&page=37",2026-04-05 20:59:18.337006
RR4635509,11741170,3 Bedroom Apartment Parklands East,R 17 500,17500,ZAR,Parklands East,Parklands East,3,2,1,3.1 ha,,,,https://www.privateproperty.co.za/to-rent/western-cape/cape-town/blouberg/parklands/parklands-east/RR4635509,"https://www.privateproperty.co.za/to-rent/western-cape/cape-town/55?pt=House,ApartmentFlat,TownHouseCluster&page=38",2026-04-05 20:59:18.337006
RR4635498,11741153,2 Bedroom Apartment Sea Point,R 22 000,22000,ZAR,Sea Point,Sea Point,2,1,,,,,,https://www.privateproperty.co.za/to-rent/western-cape/cape-town/atlantic-seaboard/sea-point/RR4635498,"https://www.privateproperty.co.za/to-rent/western-cape/cape-town/55?pt=House,ApartmentFlat,TownHouseCluster&page=38",2026-04-05 20:59:18.337006
RR4635477,11741093,4 Bedroom House Meadowridge,R 34 000,34000,ZAR,Meadowridge,Meadowridge 8 Dalton Way,4,1.5,6,743 m²,,,,https://www.privateproperty.co.za/to-rent/western-cape/cape-town/southern-suburbs/meadowridge/8-dalton-way/RR4635477,"https://www.privateproperty.co.za/to-rent/western-cape/cape-town/55?pt=House,ApartmentFlat,TownHouseCluster&page=38",2026-04-05 20:59:18.337006
RR4635426,11740959,4 Bedroom House Claremont Upper,R 60 000,60000,ZAR,Claremont Upper,Claremont Upper,4,4,2,614 m²,,,,https://www.privateproperty.co.za/to-rent/western-cape/cape-town/southern-suburbs/claremont/claremont-upper/RR4635426,"https://www.privateproperty.co.za/to-rent/western-cape/cape-town/55?pt=House,ApartmentFlat,TownHouseCluster&page=38",2026-04-05 20:59:18.337006
RR4635424,11740947,1 Bedroom Apartment Hout Bay Central,R 18 000,18000,ZAR,Hout Bay Central,Hout Bay Central,1,1,,,,,,https://www.privateproperty.co.za/to-rent/western-cape/cape-town/hout-bay/hout-bay-central/RR4635424,"https://www.privateproperty.co.za/to-rent/western-cape/cape-town/55?pt=House,ApartmentFlat,TownHouseCluster&page=38",2026-04-05 20:59:18.337006
RR3831734,9657351,Studio apartment Rondebosch,R 9 980,9980,ZAR,Rondebosch,Rondebosch,,1,1,,,,,https://www.privateproperty.co.za/to-rent/western-cape/cape-town/southern-suburbs/rondebosch/RR3831734,"https://www.privateproperty.co.za/to-rent/western-cape/cape-town/55?pt=House,ApartmentFlat,TownHouseCluster&page=38",2026-04-05 20:59:18.337006
RR4635349,11740774,Studio apartment Bantry Bay,R 20 000,20000,ZAR,Bantry Bay,Bantry Bay,1,1,1,,,,,https://www.privateproperty.co.za/to-rent/western-cape/cape-town/atlantic-seaboard/bantry-bay/RR4635349,"https://www.privateproperty.co.za/to-rent/western-cape/cape-town/55?pt=House,ApartmentFlat,TownHouseCluster&page=38",2026-04-05 20:59:18.337006
RR4635324,11740671,1 Bedroom Apartment De Waterkant,R 20 000,20000,ZAR,De Waterkant,De Waterkant,1,1,1,,,,,https://www.privateproperty.co.za/to-rent/western-cape/cape-town/cape-town-city-bowl/de-waterkant/RR4635324,"https://www.privateproperty.co.za/to-rent/western-cape/cape-town/55?pt=House,ApartmentFlat,TownHouseCluster&page=38",2026-04-05 20:59:18.337006
RR4635323,11740670,2 Bedroom House Ravensmead,R 4 000,4000,ZAR,Ravensmead,Ravensmead 47 Northway Street,2,2,7,446 m²,-33.920963,18.6018,,https://www.privateproperty.co.za/to-rent/western-cape/cape-town/parow/ravensmead/47-northway-street/RR4635323,"https://www.privateproperty.co.za/to-rent/western-cape/cape-town/55?pt=House,ApartmentFlat,TownHouseCluster&page=38",2026-04-05 20:59:18.337006
RR4635312,11740631,2 Bedroom Apartment Gardens,R 19 000,19000,ZAR,Gardens,Gardens,2,1,1,,,,,https://www.privateproperty.co.za/to-rent/western-cape/cape-town/cape-town-city-bowl/gardens/RR4635312,"https://www.privateproperty.co.za/to-rent/western-cape/cape-town/55?pt=House,ApartmentFlat,TownHouseCluster&page=38",2026-04-05 20:59:18.337006
RR4635311,11740628,3 Bedroom Apartment Muizenberg,R 21 500,21500,ZAR,Muizenberg,Muizenberg,3,2,1,,,,,https://www.privateproperty.co.za/to-rent/western-cape/cape-town/peninsula-false-bay/muizenberg/RR4635311,"https://www.privateproperty.co.za/to-rent/western-cape/cape-town/55?pt=House,ApartmentFlat,TownHouseCluster&page=38",2026-04-05 20:59:18.337006
RR4635309,11740618,2 Bedroom Apartment Richwood,R 17 500,17500,ZAR,Richwood,"Richwood 911 De Zicht, 1 Sylvia Street",2,2,2,7.7 ha,-33.828328,18.5467484,,https://www.privateproperty.co.za/to-rent/western-cape/cape-town/milnerton/richwood/911-de-zicht/1-sylvia-street/RR4635309,"https://www.privateproperty.co.za/to-rent/western-cape/cape-town/55?pt=House,ApartmentFlat,TownHouseCluster&page=38",2026-04-05 20:59:18.337006
RR3765211,9455600,3 Bedroom House Joostenbergvlakte,R 25 000,25000,ZAR,Joostenbergvlakte,Joostenbergvlakte,3,3,4,,,,,https://www.privateproperty.co.za/to-rent/western-cape/cape-town/kraaifontein/joostenbergvlakte/RR3765211,"https://www.privateproperty.co.za/to-rent/western-cape/cape-town/55?pt=House,ApartmentFlat,TownHouseCluster&page=38",2026-04-05 20:59:18.337006
RR4635277,11740504,4 Bedroom House Sunningdale,R 30 000,30000,ZAR,Sunningdale,Sunningdale,4,3,2,487 m²,,,,https://www.privateproperty.co.za/to-rent/western-cape/cape-town/blouberg/sunningdale/RR4635277,"https://www.privateproperty.co.za/to-rent/western-cape/cape-town/55?pt=House,ApartmentFlat,TownHouseCluster&page=38",2026-04-05 20:59:18.337006
RR4635268,11740480,4 Bedroom House St James,R 49 000,49000,ZAR,St James,St James,4,3,1,766 m²,,,,https://www.privateproperty.co.za/to-rent/western-cape/cape-town/peninsula-false-bay/st-james/RR4635268,"https://www.privateproperty.co.za/to-rent/western-cape/cape-town/55?pt=House,ApartmentFlat,TownHouseCluster&page=38",2026-04-05 20:59:18.337006
RR4635261,11740456,4 Bedroom House West Beach,R 42 000,42000,ZAR,West Beach,West Beach,4,2,4,585 m²,,,,https://www.privateproperty.co.za/to-rent/western-cape/cape-town/blouberg/west-beach/RR4635261,"https://www.privateproperty.co.za/to-rent/western-cape/cape-town/55?pt=House,ApartmentFlat,TownHouseCluster&page=38",2026-04-05 20:59:18.337006
RR4635252,11740432,2 Bedroom Apartment De Waterkant,R 28 000,28000,ZAR,De Waterkant,De Waterkant 15 Boundary Road,2,1,1,,,,,https://www.privateproperty.co.za/to-rent/western-cape/cape-town/cape-town-city-bowl/de-waterkant/highstrand/15-boundary-road/RR4635252,"https://www.privateproperty.co.za/to-rent/western-cape/cape-town/55?pt=House,ApartmentFlat,TownHouseCluster&page=38",2026-04-05 20:59:18.337006
RR4635251,11740427,4 Bedroom House St James,R 80 000,80000,ZAR,St James,"St James 0 St James, 12 Hillrise Rd",4,3.5,,1 089 m²,-34.1203,18.45369,,https://www.privateproperty.co.za/to-rent/western-cape/cape-town/peninsula-false-bay/st-james/0-st-james/12-hillrise-rd/RR4635251,"https://www.privateproperty.co.za/to-rent/western-cape/cape-town/55?pt=House,ApartmentFlat,TownHouseCluster&page=38",2026-04-05 20:59:18.337006
RR4635222,11740326,3 Bedroom House Edgemead,R 35 000,35000,ZAR,Edgemead,Edgemead,3,2,4,559 m²,,,,https://www.privateproperty.co.za/to-rent/western-cape/cape-town/goodwood/edgemead/RR4635222,"https://www.privateproperty.co.za/to-rent/western-cape/cape-town/55?pt=House,ApartmentFlat,TownHouseCluster&page=38",2026-04-05 20:59:18.337006
RR4635211,11740308,2 Bedroom House Century City,R 35 000,35000,ZAR,Century City,Century City,2,2,1,242 m²,,,,https://www.privateproperty.co.za/to-rent/western-cape/cape-town/milnerton/century-city/RR4635211,"https://www.privateproperty.co.za/to-rent/western-cape/cape-town/55?pt=House,ApartmentFlat,TownHouseCluster&page=38",2026-04-05 20:59:18.337006
RR4634948,11739502,2 Bedroom Apartment Harbour Island,R 18 000,18000,ZAR,Harbour Island,"Harbour Island 53 Montego Bay, 1 Montego Bay Lane",2,1,1,,-34.1483803,18.8544057,,https://www.privateproperty.co.za/to-rent/western-cape/cape-town/gordons-bay/harbour-island/53-montego-bay/1-montego-bay-lane/RR4634948,"https://www.privateproperty.co.za/to-rent/western-cape/cape-town/55?pt=House,ApartmentFlat,TownHouseCluster&page=39",2026-04-05 20:59:18.337006
RR4635192,11740252,3 Bedroom Apartment Harbour Island,R 30 000,30000,ZAR,Harbour Island,Harbour Island,3,3,2,186 m²,,,,https://www.privateproperty.co.za/to-rent/western-cape/cape-town/gordons-bay/harbour-island/RR4635192,"https://www.privateproperty.co.za/to-rent/western-cape/cape-town/55?pt=House,ApartmentFlat,TownHouseCluster&page=39",2026-04-05 20:59:18.337006
RR4635160,11740153,2 Bedroom Apartment Oranjezicht,R 28 000,28000,ZAR,Oranjezicht,Oranjezicht,2,1,,,,,,https://www.privateproperty.co.za/to-rent/western-cape/cape-town/cape-town-city-bowl/oranjezicht/RR4635160,"https://www.privateproperty.co.za/to-rent/western-cape/cape-town/55?pt=House,ApartmentFlat,TownHouseCluster&page=39",2026-04-05 20:59:18.337006
RR4635138,11740059,3 Bedroom Apartment Mountainside,R 13 500,13500,ZAR,Mountainside,Mountainside,3,2,2,,,,,https://www.privateproperty.co.za/to-rent/western-cape/cape-town/gordons-bay/mountainside/RR4635138,"https://www.privateproperty.co.za/to-rent/western-cape/cape-town/55?pt=House,ApartmentFlat,TownHouseCluster&page=39",2026-04-05 20:59:18.337006
RR4635089,11739912,3 Bedroom House Parklands,R 19 000,19000,ZAR,Parklands,Parklands,3,2,2,,,,,https://www.privateproperty.co.za/to-rent/western-cape/cape-town/blouberg/parklands/RR4635089,"https://www.privateproperty.co.za/to-rent/western-cape/cape-town/55?pt=House,ApartmentFlat,TownHouseCluster&page=39",2026-04-05 20:59:18.337006
RR4635081,11739888,2 Bedroom Apartment Plumstead,R 14 500,14500,ZAR,Plumstead,Plumstead,2,1,,,,,,https://www.privateproperty.co.za/to-rent/western-cape/cape-town/southern-suburbs/plumstead/RR4635081,"https://www.privateproperty.co.za/to-rent/western-cape/cape-town/55?pt=House,ApartmentFlat,TownHouseCluster&page=39",2026-04-05 20:59:18.337006
RR4304324,10899136,1 Bedroom Apartment Century City,R 17 000,17000,ZAR,Century City,Century City,1,1,1,,,,,https://www.privateproperty.co.za/to-rent/western-cape/cape-town/milnerton/century-city/RR4304324,"https://www.privateproperty.co.za/to-rent/western-cape/cape-town/55?pt=House,ApartmentFlat,TownHouseCluster&page=39",2026-04-05 20:59:18.337006
RR4635047,11739788,3 Bedroom House Marina Da Gama,R 28 000,28000,ZAR,Marina Da Gama,Marina Da Gama,3,2,2,357 m²,,,,https://www.privateproperty.co.za/to-rent/western-cape/cape-town/peninsula-false-bay/marina-da-gama/RR4635047,"https://www.privateproperty.co.za/to-rent/western-cape/cape-town/55?pt=House,ApartmentFlat,TownHouseCluster&page=39",2026-04-05 20:59:18.337006
RR4635044,11739783,2 Bedroom House Sunningdale,R 22 000,22000,ZAR,Sunningdale,Sunningdale,2,2,4,,,,,https://www.privateproperty.co.za/to-rent/western-cape/cape-town/blouberg/sunningdale/RR4635044,"https://www.privateproperty.co.za/to-rent/western-cape/cape-town/55?pt=House,ApartmentFlat,TownHouseCluster&page=39",2026-04-05 20:59:18.337006
RR4635039,11739774,2 Bedroom House Sunningdale,R 22 000,22000,ZAR,Sunningdale,Sunningdale,2,1,2,,,,,https://www.privateproperty.co.za/to-rent/western-cape/cape-town/blouberg/sunningdale/RR4635039,"https://www.privateproperty.co.za/to-rent/western-cape/cape-town/55?pt=House,ApartmentFlat,TownHouseCluster&page=39",2026-04-05 20:59:18.337006
RR4635024,11739730,3 Bedroom Apartment Monte Vista,R 18 700,18700,ZAR,Monte Vista,Monte Vista,3,3,1,693 m²,,,,https://www.privateproperty.co.za/to-rent/western-cape/cape-town/goodwood/monte-vista/RR4635024,"https://www.privateproperty.co.za/to-rent/western-cape/cape-town/55?pt=House,ApartmentFlat,TownHouseCluster&page=39",2026-04-05 20:59:18.337006
RR4635010,11739699,2 Bedroom Apartment Bellville Central,R 8 800,8800,ZAR,Bellville Central,Bellville Central,2,1,,,,,,https://www.privateproperty.co.za/to-rent/western-cape/cape-town/bellville/bellville-central/RR4635010,"https://www.privateproperty.co.za/to-rent/western-cape/cape-town/55?pt=House,ApartmentFlat,TownHouseCluster&page=39",2026-04-05 20:59:18.337006
RR4635007,11739694,2 Bedroom Apartment Bellville Central,R 8 800,8800,ZAR,Bellville Central,Bellville Central,2,1,,,,,,https://www.privateproperty.co.za/to-rent/western-cape/cape-town/bellville/bellville-central/kayla-court/RR4635007,"https://www.privateproperty.co.za/to-rent/western-cape/cape-town/55?pt=House,ApartmentFlat,TownHouseCluster&page=39",2026-04-05 20:59:18.337006
RR4635003,11739688,2 Bedroom Apartment Bellville Central,R 8 800,8800,ZAR,Bellville Central,Bellville Central,2,1,,,,,,https://www.privateproperty.co.za/to-rent/western-cape/cape-town/bellville/bellville-central/kayla-court/RR4635003,"https://www.privateproperty.co.za/to-rent/western-cape/cape-town/55?pt=House,ApartmentFlat,TownHouseCluster&page=39",2026-04-05 20:59:18.337006
RR4635001,11739677,2 Bedroom Apartment Bellville Central,R 8 800,8800,ZAR,Bellville Central,Bellville Central,2,1,,,,,,https://www.privateproperty.co.za/to-rent/western-cape/cape-town/bellville/bellville-central/RR4635001,"https://www.privateproperty.co.za/to-rent/western-cape/cape-town/55?pt=House,ApartmentFlat,TownHouseCluster&page=39",2026-04-05 20:59:18.337006
RR4634994,11739655,2 Bedroom Apartment Glencairn Heights,R 19 500,19500,ZAR,Glencairn Heights,Glencairn Heights,2,2,,,,,,https://www.privateproperty.co.za/to-rent/western-cape/cape-town/peninsula-false-bay/glencairn/glencairn-heights/RR4634994,"https://www.privateproperty.co.za/to-rent/western-cape/cape-town/55?pt=House,ApartmentFlat,TownHouseCluster&page=39",2026-04-05 20:59:18.337006
RR4634964,11739561,4 Bedroom House Bergsig,R 39 800,39800,ZAR,Bergsig,Bergsig,4,3.5,2,,,,,https://www.privateproperty.co.za/to-rent/western-cape/cape-town/durbanville/bergsig/RR4634964,"https://www.privateproperty.co.za/to-rent/western-cape/cape-town/55?pt=House,ApartmentFlat,TownHouseCluster&page=39",2026-04-05 20:59:18.337006
RR4634958,11739548,1 Bedroom House West Beach,R 13 500,13500,ZAR,West Beach,West Beach,1,1,1,,,,,https://www.privateproperty.co.za/to-rent/western-cape/cape-town/blouberg/west-beach/RR4634958,"https://www.privateproperty.co.za/to-rent/western-cape/cape-town/55?pt=House,ApartmentFlat,TownHouseCluster&page=39",2026-04-05 20:59:18.337006
RR4065082,10303174,Studio Apartment Bantry Bay,R 17 500,17500,ZAR,Bantry Bay,Bantry Bay,0.5,1,,,,,,https://www.privateproperty.co.za/to-rent/western-cape/cape-town/atlantic-seaboard/bantry-bay/RR4065082,"https://www.privateproperty.co.za/to-rent/western-cape/cape-town/55?pt=House,ApartmentFlat,TownHouseCluster&page=39",2026-04-05 20:59:18.337006
RR4634908,11739375,1 Bedroom House West Beach,R 13 000,13000,ZAR,West Beach,West Beach,1,1,1,,,,,https://www.privateproperty.co.za/to-rent/western-cape/cape-town/blouberg/west-beach/RR4634908,"https://www.privateproperty.co.za/to-rent/western-cape/cape-town/55?pt=House,ApartmentFlat,TownHouseCluster&page=39",2026-04-05 20:59:18.337006
RR4633963,11736926,4 Bedroom House Morningside,R 32 500,32500,ZAR,Morningside,Morningside 16 Myrtle,4,2,3,,-34.075981185564,18.8723659515381,,https://www.privateproperty.co.za/to-rent/western-cape/cape-town/somerset-west/land-en-zeezicht/morningside/16-myrtle/RR4633963,"https://www.privateproperty.co.za/to-rent/western-cape/cape-town/55?pt=House,ApartmentFlat,TownHouseCluster&page=40",2026-04-05 20:59:18.337006
RR4634890,11739328,3 Bedroom House Big Bay,R 40 000,40000,ZAR,Big Bay,Big Bay,3,2,2,,,,,https://www.privateproperty.co.za/to-rent/western-cape/cape-town/blouberg/big-bay/RR4634890,"https://www.privateproperty.co.za/to-rent/western-cape/cape-town/55?pt=House,ApartmentFlat,TownHouseCluster&page=40",2026-04-05 20:59:18.337006
RR4310146,10914964,2 Bedroom Apartment Cape Town City Centre,R 20 000,20000,ZAR,Cape Town City Centre,Cape Town City Centre,2,2,2,,,,,https://www.privateproperty.co.za/to-rent/western-cape/cape-town/cape-town-city-bowl/cape-town-city-centre/RR4310146,"https://www.privateproperty.co.za/to-rent/western-cape/cape-town/55?pt=House,ApartmentFlat,TownHouseCluster&page=40",2026-04-05 20:59:18.337006
RR4634805,11739092,1 Bedroom Apartment Richwood,R 17 500,17500,ZAR,Richwood,Richwood,1,1,1,66 m²,,,,https://www.privateproperty.co.za/to-rent/western-cape/cape-town/milnerton/richwood/de-aan-zicht-lifestyle-security-estate/giel-basson-dr-rooiheuwel-rd-richwood-7441/RR4634805,"https://www.privateproperty.co.za/to-rent/western-cape/cape-town/55?pt=House,ApartmentFlat,TownHouseCluster&page=40",2026-04-05 20:59:18.337006
RR4634767,11739011,1 Bedroom Apartment Century City,R 25 000,25000,ZAR,Century City,Century City,1,1,1,1 ha,,,,https://www.privateproperty.co.za/to-rent/western-cape/cape-town/milnerton/century-city/RR4634767,"https://www.privateproperty.co.za/to-rent/western-cape/cape-town/55?pt=House,ApartmentFlat,TownHouseCluster&page=40",2026-04-05 20:59:18.337006
RR4634680,11738804,3 Bedroom House Pinehurst,R 25 000,25000,ZAR,Pinehurst,Pinehurst,3,2,2,300 m²,,,,https://www.privateproperty.co.za/to-rent/western-cape/cape-town/durbanville/pinehurst/RR4634680,"https://www.privateproperty.co.za/to-rent/western-cape/cape-town/55?pt=House,ApartmentFlat,TownHouseCluster&page=40",2026-04-05 20:59:18.337006
RR3892896,9834484,3 Bedroom Townhouse Tokai,R 26 000,26000,ZAR,Tokai,Tokai,3,2.5,2,160 m²,,,,https://www.privateproperty.co.za/to-rent/western-cape/cape-town/southern-suburbs/tokai/RR3892896,"https://www.privateproperty.co.za/to-rent/western-cape/cape-town/55?pt=House,ApartmentFlat,TownHouseCluster&page=40",2026-04-05 20:59:18.337006
RR4634668,11738775,1 Bedroom Apartment Parklands,R 9 500,9500,ZAR,Parklands,Parklands,1,1,1,,,,,https://www.privateproperty.co.za/to-rent/western-cape/cape-town/blouberg/parklands/RR4634668,"https://www.privateproperty.co.za/to-rent/western-cape/cape-town/55?pt=House,ApartmentFlat,TownHouseCluster&page=40",2026-04-05 20:59:18.337006
RR4293614,10872963,4 Bedroom House Camps Bay,R 70 000,70000,ZAR,Camps Bay,Camps Bay,4,2,2,,,,,https://www.privateproperty.co.za/to-rent/western-cape/cape-town/atlantic-seaboard/camps-bay/RR4293614,"https://www.privateproperty.co.za/to-rent/western-cape/cape-town/55?pt=House,ApartmentFlat,TownHouseCluster&page=40",2026-04-05 20:59:18.337006
RR4634617,11738655,3 Bedroom House Edgemead,R 20 000,20000,ZAR,Edgemead,Edgemead,3,2,2,559 m²,,,,https://www.privateproperty.co.za/to-rent/western-cape/cape-town/goodwood/edgemead/RR4634617,"https://www.privateproperty.co.za/to-rent/western-cape/cape-town/55?pt=House,ApartmentFlat,TownHouseCluster&page=40",2026-04-05 20:59:18.337006
RR4479151,11351135,2 Bedroom Apartment Claremont Upper,R 28 500,28500,ZAR,Claremont Upper,"Claremont Upper 508 Intaba, 25 Protea Rd",2,2,2,,-33.9792182027461,18.4627042902867,,https://www.privateproperty.co.za/to-rent/western-cape/cape-town/southern-suburbs/claremont/claremont-upper/508-intaba/25-protea-rd/RR4479151,"https://www.privateproperty.co.za/to-rent/western-cape/cape-town/55?pt=House,ApartmentFlat,TownHouseCluster&page=40",2026-04-05 20:59:18.337006
RR4634543,11738449,1.5 Bedroom Flat Kirstenhof,R 12 500,12500,ZAR,Kirstenhof,"Kirstenhof 13a Palm Tree Village, Erf11337 Main Road,kirstenhof Road",1.5,1,,52 m²,-34.0742773,18.456885,,https://www.privateproperty.co.za/to-rent/western-cape/cape-town/southern-suburbs/kirstenhof/13a-palm-tree-village/erf11337-main-roadkirstenhof-road/RR4634543,"https://www.privateproperty.co.za/to-rent/western-cape/cape-town/55?pt=House,ApartmentFlat,TownHouseCluster&page=40",2026-04-05 20:59:18.337006
RR4634539,11738442,3 Bedroom House Diep River,R 22 000,22000,ZAR,Diep River,Diep River,3,2,3,281 m²,,,,https://www.privateproperty.co.za/to-rent/western-cape/cape-town/southern-suburbs/diep-river/RR4634539,"https://www.privateproperty.co.za/to-rent/western-cape/cape-town/55?pt=House,ApartmentFlat,TownHouseCluster&page=40",2026-04-05 20:59:18.337006
RR4634515,11738370,2 Bedroom Apartment De Velde,R 18 000,18000,ZAR,De Velde,De Velde,2,2,2,,,,,https://www.privateproperty.co.za/to-rent/western-cape/cape-town/somerset-west/de-velde/RR4634515,"https://www.privateproperty.co.za/to-rent/western-cape/cape-town/55?pt=House,ApartmentFlat,TownHouseCluster&page=40",2026-04-05 20:59:18.337006
RR4634507,11738353,3 Bedroom House Mountainside,R 23 000,23000,ZAR,Mountainside,"Mountainside 6 Atlantic View, 33 Protea Drive",3,3,1,,-34.1711347,18.8483566,,https://www.privateproperty.co.za/to-rent/western-cape/cape-town/gordons-bay/mountainside/6-atlantic-view/33-protea-drive/RR4634507,"https://www.privateproperty.co.za/to-rent/western-cape/cape-town/55?pt=House,ApartmentFlat,TownHouseCluster&page=40",2026-04-05 20:59:18.337006
RR4634452,11738222,2 Bedroom Apartment Three Anchor Bay,R 28 000,28000,ZAR,Three Anchor Bay,Three Anchor Bay,2,2,1,,,,,https://www.privateproperty.co.za/to-rent/western-cape/cape-town/atlantic-seaboard/three-anchor-bay/RR4634452,"https://www.privateproperty.co.za/to-rent/western-cape/cape-town/55?pt=House,ApartmentFlat,TownHouseCluster&page=40",2026-04-05 20:59:18.337006
RR4634423,11738164,2 Bedroom Apartment Morgenster,R 7 895,7895,ZAR,Morgenster,"Morgenster 25 Alison Court, 2 Windmeul Street",2,1,,,,,,https://www.privateproperty.co.za/to-rent/western-cape/cape-town/brackenfell/morgenster/25-alison-court/2-windmeul-street/RR4634423,"https://www.privateproperty.co.za/to-rent/western-cape/cape-town/55?pt=House,ApartmentFlat,TownHouseCluster&page=40",2026-04-05 20:59:18.337006
RR4634420,11738159,3 Bedroom House Sitari,R 37 000,37000,ZAR,Sitari,Sitari,3,3,4,503 m²,,,,https://www.privateproperty.co.za/to-rent/western-cape/cape-town/somerset-west/sitari/RR4634420,"https://www.privateproperty.co.za/to-rent/western-cape/cape-town/55?pt=House,ApartmentFlat,TownHouseCluster&page=40",2026-04-05 20:59:18.337006
RR4634403,11738111,3 Bedroom House Fish Hoek,R 27 500,27500,ZAR,Fish Hoek,"Fish Hoek 13 Peak Road, 13 Peak Road",3,2,,,-34.14052090000001,18.4228041,,https://www.privateproperty.co.za/to-rent/western-cape/cape-town/peninsula-false-bay/fish-hoek/13-peak-road/13-peak-road/RR4634403,"https://www.privateproperty.co.za/to-rent/western-cape/cape-town/55?pt=House,ApartmentFlat,TownHouseCluster&page=40",2026-04-05 20:59:18.337006
RR4634399,11738103,2 Bedroom Apartment Strand Central,R 14 500,14500,ZAR,Strand Central,Strand Central,2,1,,,,,,https://www.privateproperty.co.za/to-rent/western-cape/cape-town/strand/strand-central/RR4634399,"https://www.privateproperty.co.za/to-rent/western-cape/cape-town/55?pt=House,ApartmentFlat,TownHouseCluster&page=40",2026-04-05 20:59:18.337006
RR4634395,11738093,2 Bedroom House Florida,R 9 500,9500,ZAR,Florida,Florida,2,1,3,497 m²,,,,https://www.privateproperty.co.za/to-rent/western-cape/cape-town/parow/florida/RR4634395,"https://www.privateproperty.co.za/to-rent/western-cape/cape-town/55?pt=House,ApartmentFlat,TownHouseCluster&page=41",2026-04-05 20:59:18.337006
RR4634299,11737830,2 Bedroom Apartment Hout Bay Central,R 25 000,25000,ZAR,Hout Bay Central,Hout Bay Central,2,2,1,,,,,https://www.privateproperty.co.za/to-rent/western-cape/cape-town/hout-bay/hout-bay-central/RR4634299,"https://www.privateproperty.co.za/to-rent/western-cape/cape-town/55?pt=House,ApartmentFlat,TownHouseCluster&page=41",2026-04-05 20:59:18.337006
RR4634296,11737826,2 Bedroom Apartment Beach Estate,R 25 000,25000,ZAR,Beach Estate,Beach Estate,2,1,1,,,,,https://www.privateproperty.co.za/to-rent/western-cape/cape-town/hout-bay/beach-estate/RR4634296,"https://www.privateproperty.co.za/to-rent/western-cape/cape-town/55?pt=House,ApartmentFlat,TownHouseCluster&page=41",2026-04-05 20:59:18.337006
RR4634295,11737825,2 Bedroom Apartment Beach Estate,R 20 000,20000,ZAR,Beach Estate,Beach Estate,2,1,1,,,,,https://www.privateproperty.co.za/to-rent/western-cape/cape-town/hout-bay/beach-estate/RR4634295,"https://www.privateproperty.co.za/to-rent/western-cape/cape-town/55?pt=House,ApartmentFlat,TownHouseCluster&page=41",2026-04-05 20:59:18.337006
RR4634289,11737818,4 Bedroom House Kalk Bay,R 30 000,30000,ZAR,Kalk Bay,Kalk Bay,4,1,1,,,,,https://www.privateproperty.co.za/to-rent/western-cape/cape-town/peninsula-false-bay/kalk-bay/RR4634289,"https://www.privateproperty.co.za/to-rent/western-cape/cape-town/55?pt=House,ApartmentFlat,TownHouseCluster&page=41",2026-04-05 20:59:18.337006
RR4634286,11737813,3 Bedroom House Beach Estate,R 25 000,25000,ZAR,Beach Estate,Beach Estate,3,2,3,496 m²,,,,https://www.privateproperty.co.za/to-rent/western-cape/cape-town/hout-bay/beach-estate/RR4634286,"https://www.privateproperty.co.za/to-rent/western-cape/cape-town/55?pt=House,ApartmentFlat,TownHouseCluster&page=41",2026-04-05 20:59:18.337006
RR4634285,11737810,2 Bedroom House Beach Estate,R 10 500,10500,ZAR,Beach Estate,Beach Estate,2,1,,991 m²,,,,https://www.privateproperty.co.za/to-rent/western-cape/cape-town/hout-bay/beach-estate/RR4634285,"https://www.privateproperty.co.za/to-rent/western-cape/cape-town/55?pt=House,ApartmentFlat,TownHouseCluster&page=41",2026-04-05 20:59:18.337006
RR4634273,11737785,2 Bedroom Apartment Big Bay,R 25 000,25000,ZAR,Big Bay,"Big Bay 210 Azure, 12 Beach Estate Boulevard",2,2,2,6 298 m²,-33.792206,18.459391,,https://www.privateproperty.co.za/to-rent/western-cape/cape-town/blouberg/big-bay/210-azure/12-beach-estate-boulevard/RR4634273,"https://www.privateproperty.co.za/to-rent/western-cape/cape-town/55?pt=House,ApartmentFlat,TownHouseCluster&page=41",2026-04-05 20:59:18.337006
RR4634271,11737782,3 Bedroom House Sea Point,R 38 500,38500,ZAR,Sea Point,"Sea Point 0 Sea Point, 1 Dunrobin Rd",3,1,1,,-33.91218,18.39488,,https://www.privateproperty.co.za/to-rent/western-cape/cape-town/atlantic-seaboard/sea-point/0-sea-point/1-dunrobin-rd/RR4634271,"https://www.privateproperty.co.za/to-rent/western-cape/cape-town/55?pt=House,ApartmentFlat,TownHouseCluster&page=41",2026-04-05 20:59:18.337006
RR4634258,11737752,Studio apartment Sea Point,R 40 000,40000,ZAR,Sea Point,Sea Point,1,1,1,,,,,https://www.privateproperty.co.za/to-rent/western-cape/cape-town/atlantic-seaboard/sea-point/RR4634258,"https://www.privateproperty.co.za/to-rent/western-cape/cape-town/55?pt=House,ApartmentFlat,TownHouseCluster&page=41",2026-04-05 20:59:18.337006
RR4634248,11737724,1 Bedroom House Oranjezicht,R 17 000,17000,ZAR,Oranjezicht,Oranjezicht,1,1,,85 m²,,,,https://www.privateproperty.co.za/to-rent/western-cape/cape-town/cape-town-city-bowl/oranjezicht/RR4634248,"https://www.privateproperty.co.za/to-rent/western-cape/cape-town/55?pt=House,ApartmentFlat,TownHouseCluster&page=41",2026-04-05 20:59:18.337006
RR4634235,11737680,2 Bedroom Apartment Sea Point,R 69 000,69000,ZAR,Sea Point,Sea Point,2,2,2,262 m²,,,,https://www.privateproperty.co.za/to-rent/western-cape/cape-town/atlantic-seaboard/sea-point/RR4634235,"https://www.privateproperty.co.za/to-rent/western-cape/cape-town/55?pt=House,ApartmentFlat,TownHouseCluster&page=41",2026-04-05 20:59:18.337006
RR4634200,11737587,4 Bedroom House Atlantic Beach Golf Estate,R 55 000,55000,ZAR,Atlantic Beach Golf Estate,Atlantic Beach Golf Estate,4,3,2,,,,,https://www.privateproperty.co.za/to-rent/western-cape/cape-town/melkbosstrand/atlantic-beach/atlantic-beach-golf-estate/RR4634200,"https://www.privateproperty.co.za/to-rent/western-cape/cape-town/55?pt=House,ApartmentFlat,TownHouseCluster&page=41",2026-04-05 20:59:18.337006
RR4634160,11737488,2 Bedroom Apartment Sea Point,R 36 950,36950,ZAR,Sea Point,Sea Point,2,2,1,,,,,https://www.privateproperty.co.za/to-rent/western-cape/cape-town/atlantic-seaboard/sea-point/RR4634160,"https://www.privateproperty.co.za/to-rent/western-cape/cape-town/55?pt=House,ApartmentFlat,TownHouseCluster&page=41",2026-04-05 20:59:18.337006
RR4634155,11737481,3 Bedroom House Somerset Ridge,R 28 900,28900,ZAR,Somerset Ridge,Somerset Ridge,3,2,4,442 m²,,,,https://www.privateproperty.co.za/to-rent/western-cape/cape-town/somerset-west/somerset-ridge/RR4634155,"https://www.privateproperty.co.za/to-rent/western-cape/cape-town/55?pt=House,ApartmentFlat,TownHouseCluster&page=41",2026-04-05 20:59:18.337006
RR4634142,11737450,3 Bedroom Apartment Paardevlei,R 23 000,23000,ZAR,Paardevlei,Paardevlei,3,2,,,,,,https://www.privateproperty.co.za/to-rent/western-cape/cape-town/somerset-west/paardevlei/RR4634142,"https://www.privateproperty.co.za/to-rent/western-cape/cape-town/55?pt=House,ApartmentFlat,TownHouseCluster&page=41",2026-04-05 20:59:18.337006
RR4634143,11737451,4 Bedroom House Sunningdale,R 30 000,30000,ZAR,Sunningdale,Sunningdale,4,2,4,,,,,https://www.privateproperty.co.za/to-rent/western-cape/cape-town/blouberg/sunningdale/RR4634143,"https://www.privateproperty.co.za/to-rent/western-cape/cape-town/55?pt=House,ApartmentFlat,TownHouseCluster&page=41",2026-04-05 20:59:18.337006
RR4634114,11737353,4 Bedroom House Bloubergstrand,R 48 500,48500,ZAR,Bloubergstrand,Bloubergstrand,4,3,2,663 m²,,,,https://www.privateproperty.co.za/to-rent/western-cape/cape-town/blouberg/bloubergstrand/RR4634114,"https://www.privateproperty.co.za/to-rent/western-cape/cape-town/55?pt=House,ApartmentFlat,TownHouseCluster&page=41",2026-04-05 20:59:18.337006
RR4634077,11737256,3 Bedroom Apartment Tyger Waterfront,R 19 500,19500,ZAR,Tyger Waterfront,Tyger Waterfront,3,2,2,,,,,https://www.privateproperty.co.za/to-rent/western-cape/cape-town/bellville/tyger-waterfront/RR4634077,"https://www.privateproperty.co.za/to-rent/western-cape/cape-town/55?pt=House,ApartmentFlat,TownHouseCluster&page=41",2026-04-05 20:59:18.337006
RR4634073,11737243,1 Bedroom Apartment Vredehoek,R 18 000,18000,ZAR,Vredehoek,Vredehoek,1,1,,45 m²,,,,https://www.privateproperty.co.za/to-rent/western-cape/cape-town/cape-town-city-bowl/vredehoek/RR4634073,"https://www.privateproperty.co.za/to-rent/western-cape/cape-town/55?pt=House,ApartmentFlat,TownHouseCluster&page=41",2026-04-05 20:59:18.337006
RR4634044,11737158,3 Bedroom House Parklands,R 22 000,22000,ZAR,Parklands,Parklands,3,2,2,540 m²,,,,https://www.privateproperty.co.za/to-rent/western-cape/cape-town/blouberg/parklands/RR4634044,"https://www.privateproperty.co.za/to-rent/western-cape/cape-town/55?pt=House,ApartmentFlat,TownHouseCluster&page=42",2026-04-05 20:59:18.337006
RR4634041,11737145,2 Bedroom Townhouse Morningside,R 16 500,16500,ZAR,Morningside,Morningside,2,2,,,,,,https://www.privateproperty.co.za/to-rent/western-cape/cape-town/somerset-west/land-en-zeezicht/morningside/RR4634041,"https://www.privateproperty.co.za/to-rent/western-cape/cape-town/55?pt=House,ApartmentFlat,TownHouseCluster&page=42",2026-04-05 20:59:18.337006
RR4634036,11737125,3 Bedroom House West Beach,R 35 000,35000,ZAR,West Beach,West Beach 41 Harbour,3,2,6,,,,,https://www.privateproperty.co.za/to-rent/western-cape/cape-town/blouberg/west-beach/41-harbour/RR4634036,"https://www.privateproperty.co.za/to-rent/western-cape/cape-town/55?pt=House,ApartmentFlat,TownHouseCluster&page=42",2026-04-05 20:59:18.337006
RR4634029,11737106,Studio Apartment Century City,R 16 000,16000,ZAR,Century City,Century City,0.5,1,1,,,,,https://www.privateproperty.co.za/to-rent/western-cape/cape-town/milnerton/century-city/RR4634029,"https://www.privateproperty.co.za/to-rent/western-cape/cape-town/55?pt=House,ApartmentFlat,TownHouseCluster&page=42",2026-04-05 20:59:18.337006
RR4634023,11737090,2 Bedroom House Oranjezicht,R 34 000,34000,ZAR,Oranjezicht,Oranjezicht,2,2,,117 m²,,,,https://www.privateproperty.co.za/to-rent/western-cape/cape-town/cape-town-city-bowl/oranjezicht/RR4634023,"https://www.privateproperty.co.za/to-rent/western-cape/cape-town/55?pt=House,ApartmentFlat,TownHouseCluster&page=42",2026-04-05 20:59:18.337006
RR4633994,11737007,2 Bedroom Apartment Sea Point,R 35 500,35500,ZAR,Sea Point,"Sea Point 19 Pavillion Place, 281 Beach Road",2,2,1,,,,,https://www.privateproperty.co.za/to-rent/western-cape/cape-town/atlantic-seaboard/sea-point/19-pavillion-place/281-beach-road/RR4633994,"https://www.privateproperty.co.za/to-rent/western-cape/cape-town/55?pt=House,ApartmentFlat,TownHouseCluster&page=42",2026-04-05 20:59:18.337006
RR4633992,11737000,0.5 Bedroom House Valley Estate,R 20 000,20000,ZAR,Valley Estate,"Valley Estate 6 Arena, 217 Main Road",0.5,1,,500 m²,,,,https://www.privateproperty.co.za/to-rent/western-cape/cape-town/hout-bay/valley-estate/6-arena/217-main-road/RR4633992,"https://www.privateproperty.co.za/to-rent/western-cape/cape-town/55?pt=House,ApartmentFlat,TownHouseCluster&page=42",2026-04-05 20:59:18.337006
RR4633961,11736921,2 Bedroom Apartment Table View,R 20 000,20000,ZAR,Table View,Table View,2,2,1,,,,,https://www.privateproperty.co.za/to-rent/western-cape/cape-town/blouberg/table-view/RR4633961,"https://www.privateproperty.co.za/to-rent/western-cape/cape-town/55?pt=House,ApartmentFlat,TownHouseCluster&page=42",2026-04-05 20:59:18.337006
RR4633917,11736839,3 Bedroom House Edgemead,R 18 500,18500,ZAR,Edgemead,Edgemead,3,2,1,,,,,https://www.privateproperty.co.za/to-rent/western-cape/cape-town/goodwood/edgemead/RR4633917,"https://www.privateproperty.co.za/to-rent/western-cape/cape-town/55?pt=House,ApartmentFlat,TownHouseCluster&page=42",2026-04-05 20:59:18.337006
RR4633903,11736804,2 Bedroom Apartment Greenways,R 15 000,15000,ZAR,Greenways,Greenways,2,1,1,,,,,https://www.privateproperty.co.za/to-rent/western-cape/cape-town/strand/greenways/RR4633903,"https://www.privateproperty.co.za/to-rent/western-cape/cape-town/55?pt=House,ApartmentFlat,TownHouseCluster&page=42",2026-04-05 20:59:18.337006
RR4633898,11736791,3 Bedroom Apartment Big Bay,R 40 000,40000,ZAR,Big Bay,Big Bay,3,2,1,,,,,https://www.privateproperty.co.za/to-rent/western-cape/cape-town/blouberg/big-bay/RR4633898,"https://www.privateproperty.co.za/to-rent/western-cape/cape-town/55?pt=House,ApartmentFlat,TownHouseCluster&page=42",2026-04-05 20:59:18.337006
RR4633887,11736770,2 Bedroom Apartment Sea Point,R 65 000,65000,ZAR,Sea Point,Sea Point,2,2.5,,,,,,https://www.privateproperty.co.za/to-rent/western-cape/cape-town/atlantic-seaboard/sea-point/RR4633887,"https://www.privateproperty.co.za/to-rent/western-cape/cape-town/55?pt=House,ApartmentFlat,TownHouseCluster&page=42",2026-04-05 20:59:18.337006
RR4232901,10725046,2 Bedroom Apartment Green Point,R 37 000,37000,ZAR,Green Point,Green Point,2,2,1,,,,,https://www.privateproperty.co.za/to-rent/western-cape/cape-town/atlantic-seaboard/green-point/RR4232901,"https://www.privateproperty.co.za/to-rent/western-cape/cape-town/55?pt=House,ApartmentFlat,TownHouseCluster&page=42",2026-04-05 20:59:18.337006
RR4014424,10160810,2 Bedroom Apartment Sea Point,R 52 000,52000,ZAR,Sea Point,"Sea Point 5a Two16onhl, 216 High Level (c)",2,2,2,,-33.93303,18.40813,,https://www.privateproperty.co.za/to-rent/western-cape/cape-town/atlantic-seaboard/sea-point/5a-two16onhl/216-high-level-c/RR4014424,"https://www.privateproperty.co.za/to-rent/western-cape/cape-town/55?pt=House,ApartmentFlat,TownHouseCluster&page=42",2026-04-05 20:59:18.337006
RR4469385,11325857,2 Bedroom Apartment Claremont,R 25 000,25000,ZAR,Claremont,"Claremont 1-10 Imam Haroon Suites, 8 Imam Haroon",2,2,2,,-33.9805556,18.4652778,,https://www.privateproperty.co.za/to-rent/western-cape/cape-town/southern-suburbs/claremont/1-10-imam-haroon-suites/8-imam-haroon/RR4469385,"https://www.privateproperty.co.za/to-rent/western-cape/cape-town/55?pt=House,ApartmentFlat,TownHouseCluster&page=42",2026-04-05 20:59:18.337006
RR4633818,11736563,2.5 Bedroom Apartment Clifton,R 110 000,110000,ZAR,Clifton,Clifton,2.5,2,,,,,,https://www.privateproperty.co.za/to-rent/western-cape/cape-town/atlantic-seaboard/clifton/RR4633818,"https://www.privateproperty.co.za/to-rent/western-cape/cape-town/55?pt=House,ApartmentFlat,TownHouseCluster&page=42",2026-04-05 20:59:18.337006
RR4633781,11736457,2 Bedroom Apartment Table View,R 20 000,20000,ZAR,Table View,Table View,2,2,1,,,,,https://www.privateproperty.co.za/to-rent/western-cape/cape-town/blouberg/table-view/RR4633781,"https://www.privateproperty.co.za/to-rent/western-cape/cape-town/55?pt=House,ApartmentFlat,TownHouseCluster&page=42",2026-04-05 20:59:18.337006
RR4633757,11736382,4 Bedroom House West Beach,R 35 000,35000,ZAR,West Beach,West Beach,4,3,2,745 m²,,,,https://www.privateproperty.co.za/to-rent/western-cape/cape-town/blouberg/west-beach/RR4633757,"https://www.privateproperty.co.za/to-rent/western-cape/cape-town/55?pt=House,ApartmentFlat,TownHouseCluster&page=42",2026-04-05 20:59:18.337006
RR3723044,9316947,2 Bedroom Apartment Wynberg Upper,R 29 000,29000,ZAR,Wynberg Upper,Wynberg Upper,2,2,,,,,,https://www.privateproperty.co.za/to-rent/western-cape/cape-town/southern-suburbs/wynberg/wynberg-upper/RR3723044,"https://www.privateproperty.co.za/to-rent/western-cape/cape-town/55?pt=House,ApartmentFlat,TownHouseCluster&page=42",2026-04-05 20:59:18.337006
RR4633745,11736341,1.5 Bedroom Apartment Muizenberg,R 12 000,12000,ZAR,Muizenberg,Muizenberg,1.5,1,1,,,,,https://www.privateproperty.co.za/to-rent/western-cape/cape-town/peninsula-false-bay/muizenberg/RR4633745,"https://www.privateproperty.co.za/to-rent/western-cape/cape-town/55?pt=House,ApartmentFlat,TownHouseCluster&page=42",2026-04-05 20:59:18.337006
RR4633686,11736180,3 Bedroom Apartment Clifton,R 135 000,135000,ZAR,Clifton,Clifton,3,2.5,1,,,,,https://www.privateproperty.co.za/to-rent/western-cape/cape-town/atlantic-seaboard/clifton/RR4633686,"https://www.privateproperty.co.za/to-rent/western-cape/cape-town/55?pt=House,ApartmentFlat,TownHouseCluster&page=43",2026-04-05 20:59:18.337006
RR4363069,11060259,3 Bedroom House Parklands,R 17 500,17500,ZAR,Parklands,Parklands,3,2,4,,,,,https://www.privateproperty.co.za/to-rent/western-cape/cape-town/blouberg/parklands/RR4363069,"https://www.privateproperty.co.za/to-rent/western-cape/cape-town/55?pt=House,ApartmentFlat,TownHouseCluster&page=43",2026-04-05 20:59:18.337006
RR4633634,11736031,1 Bedroom Apartment Llandudno,R 19 000,19000,ZAR,Llandudno,Llandudno,1,1,1,,,,,https://www.privateproperty.co.za/to-rent/western-cape/cape-town/atlantic-seaboard/llandudno/RR4633634,"https://www.privateproperty.co.za/to-rent/western-cape/cape-town/55?pt=House,ApartmentFlat,TownHouseCluster&page=43",2026-04-05 20:59:18.337006
RR4633630,11736020,3 Bedroom House Parklands,R 30 000,30000,ZAR,Parklands,Parklands,3,3,5,617 m²,,,,https://www.privateproperty.co.za/to-rent/western-cape/cape-town/blouberg/parklands/RR4633630,"https://www.privateproperty.co.za/to-rent/western-cape/cape-town/55?pt=House,ApartmentFlat,TownHouseCluster&page=43",2026-04-05 20:59:18.337006
RR4633627,11736006,1 Bedroom Apartment Belhar,R 4 600,4600,ZAR,Belhar,Belhar,1,1,,,,,,https://www.privateproperty.co.za/to-rent/western-cape/cape-town/cape-flats/belhar/RR4633627,"https://www.privateproperty.co.za/to-rent/western-cape/cape-town/55?pt=House,ApartmentFlat,TownHouseCluster&page=43",2026-04-05 20:59:18.337006
RR3418066,8443619,3 Bedroom Townhouse Parklands,R 14 500,14500,ZAR,Parklands,Parklands 0 Mountain View Terraces,3,2,1,,-33.8004011,18.5052034,,https://www.privateproperty.co.za/to-rent/western-cape/cape-town/blouberg/parklands/0-mountain-view-terraces/village-walk/RR3418066,"https://www.privateproperty.co.za/to-rent/western-cape/cape-town/55?pt=House,ApartmentFlat,TownHouseCluster&page=43",2026-04-05 20:59:18.337006
RR4633573,11735865,1 Bedroom Apartment Pinelands,R 13 000,13000,ZAR,Pinelands,Pinelands,1,1,,,,,,https://www.privateproperty.co.za/to-rent/western-cape/cape-town/southern-suburbs/pinelands/RR4633573,"https://www.privateproperty.co.za/to-rent/western-cape/cape-town/55?pt=House,ApartmentFlat,TownHouseCluster&page=43",2026-04-05 20:59:18.337006
RR4225174,10705076,1 Bedroom Apartment Green Point,R 23 000,23000,ZAR,Green Point,Green Point,1,1,,,,,,https://www.privateproperty.co.za/to-rent/western-cape/cape-town/atlantic-seaboard/green-point/RR4225174,"https://www.privateproperty.co.za/to-rent/western-cape/cape-town/55?pt=House,ApartmentFlat,TownHouseCluster&page=43",2026-04-05 20:59:18.337006
RR4633476,11735616,3 Bedroom House University Estate,R 30 000,30000,ZAR,University Estate,University Estate 3b Haig Road,3,2,1,229 m²,-33.9381,18.45278,,https://www.privateproperty.co.za/to-rent/western-cape/cape-town/cape-town-city-bowl/woodstock/university-estate/3b-haig-road/RR4633476,"https://www.privateproperty.co.za/to-rent/western-cape/cape-town/55?pt=House,ApartmentFlat,TownHouseCluster&page=43",2026-04-05 20:59:18.337006
RR4633415,11735443,1 Bedroom Apartment Sandown,R 13 800,13800,ZAR,Sandown,Sandown,1,1,1,,,,,https://www.privateproperty.co.za/to-rent/western-cape/cape-town/blouberg/sandown/RR4633415,"https://www.privateproperty.co.za/to-rent/western-cape/cape-town/55?pt=House,ApartmentFlat,TownHouseCluster&page=43",2026-04-05 20:59:18.337006
RR4633411,11735430,2 Bedroom Apartment Haasendal,R 10 500,10500,ZAR,Haasendal,Haasendal,2,1,1,120 m²,,,,https://www.privateproperty.co.za/to-rent/western-cape/cape-town/kuils-river/haasendal/RR4633411,"https://www.privateproperty.co.za/to-rent/western-cape/cape-town/55?pt=House,ApartmentFlat,TownHouseCluster&page=43",2026-04-05 20:59:18.337006
RR4633369,11735322,2 Bedroom Apartment Kenilworth,R 19 500,19500,ZAR,Kenilworth,"Kenilworth 206 Ashwood, 14a Lancaster Road",2,1,1,,,,,https://www.privateproperty.co.za/to-rent/western-cape/cape-town/southern-suburbs/kenilworth/206-ashwood/14a-lancaster-road/RR4633369,"https://www.privateproperty.co.za/to-rent/western-cape/cape-town/55?pt=House,ApartmentFlat,TownHouseCluster&page=43",2026-04-05 20:59:18.337006
RR4633357,11735275,3 Bedroom House Bel Aire,R 4 000 per day,4000,ZAR,Bel Aire,Bel Aire,3,2.5,2,527 m²,,,,https://www.privateproperty.co.za/to-rent/western-cape/cape-town/somerset-west/bel-aire/RR4633357,"https://www.privateproperty.co.za/to-rent/western-cape/cape-town/55?pt=House,ApartmentFlat,TownHouseCluster&page=43",2026-04-05 20:59:18.337006
RR4633347,11735251,Studio apartment Cape Town City Centre,R 32 000,32000,ZAR,Cape Town City Centre,Cape Town City Centre,1,1,1,,,,,https://www.privateproperty.co.za/to-rent/western-cape/cape-town/cape-town-city-bowl/cape-town-city-centre/RR4633347,"https://www.privateproperty.co.za/to-rent/western-cape/cape-town/55?pt=House,ApartmentFlat,TownHouseCluster&page=43",2026-04-05 20:59:18.337006
RR4633335,11735225,1 Bedroom Apartment Wynberg,R 8 500,8500,ZAR,Wynberg,Wynberg,1,1,1,,,,,https://www.privateproperty.co.za/to-rent/western-cape/cape-town/southern-suburbs/wynberg/RR4633335,"https://www.privateproperty.co.za/to-rent/western-cape/cape-town/55?pt=House,ApartmentFlat,TownHouseCluster&page=43",2026-04-05 20:59:18.337006
RR4633322,11735203,3 Bedroom House Meadowridge,R 40 000,40000,ZAR,Meadowridge,Meadowridge,3,2,2,,,,,https://www.privateproperty.co.za/to-rent/western-cape/cape-town/southern-suburbs/meadowridge/RR4633322,"https://www.privateproperty.co.za/to-rent/western-cape/cape-town/55?pt=House,ApartmentFlat,TownHouseCluster&page=43",2026-04-05 20:59:18.337006
RR4633314,11735168,1 Bedroom Apartment Wynberg Upper,R 14 300,14300,ZAR,Wynberg Upper,Wynberg Upper,1,1,,,,,,https://www.privateproperty.co.za/to-rent/western-cape/cape-town/southern-suburbs/wynberg/wynberg-upper/RR4633314,"https://www.privateproperty.co.za/to-rent/western-cape/cape-town/55?pt=House,ApartmentFlat,TownHouseCluster&page=43",2026-04-05 20:59:18.337006
RR4633286,11735107,Bachelor apartment Cape Town City Centre,R 16 500,16500,ZAR,Cape Town City Centre,Cape Town City Centre,1,1,,,,,,https://www.privateproperty.co.za/to-rent/western-cape/cape-town/cape-town-city-bowl/cape-town-city-centre/RR4633286,"https://www.privateproperty.co.za/to-rent/western-cape/cape-town/55?pt=House,ApartmentFlat,TownHouseCluster&page=43",2026-04-05 20:59:18.337006
RR3434864,8490695,1 Bedroom Apartment Gardens,R 27 500,27500,ZAR,Gardens,"Gardens B6.01 Orangerie, 72 Orange St",1,2,2,,-33.93025,18.41252,,https://www.privateproperty.co.za/to-rent/western-cape/cape-town/cape-town-city-bowl/gardens/b601-orangerie/72-orange-st/RR3434864,"https://www.privateproperty.co.za/to-rent/western-cape/cape-town/55?pt=House,ApartmentFlat,TownHouseCluster&page=43",2026-04-05 20:59:18.337006
RR2674445,6703836,1 Bedroom Apartment Cape Town City Centre,R 14 500,14500,ZAR,Cape Town City Centre,"Cape Town City Centre 205 Market House, 88 St Georges Mall",1,1,,,-33.92298,18.42076,,https://www.privateproperty.co.za/to-rent/western-cape/cape-town/cape-town-city-bowl/cape-town-city-centre/205-market-house/88-st-georges-mall/RR2674445,"https://www.privateproperty.co.za/to-rent/western-cape/cape-town/55?pt=House,ApartmentFlat,TownHouseCluster&page=43",2026-04-05 20:59:18.337006
RR4633238,11734997,3 Bedroom House Atlantic Beach,R 32 500,32500,ZAR,Atlantic Beach,Atlantic Beach,3,2,2,303 m²,,,,https://www.privateproperty.co.za/to-rent/western-cape/cape-town/melkbosstrand/atlantic-beach/RR4633238,"https://www.privateproperty.co.za/to-rent/western-cape/cape-town/55?pt=House,ApartmentFlat,TownHouseCluster&page=44",2026-04-05 20:59:18.337006
RR4633221,11734957,2 Bedroom Apartment Tyger Waterfront,R 15 000,15000,ZAR,Tyger Waterfront,Tyger Waterfront,2,2,1,,,,,https://www.privateproperty.co.za/to-rent/western-cape/cape-town/bellville/tyger-waterfront/RR4633221,"https://www.privateproperty.co.za/to-rent/western-cape/cape-town/55?pt=House,ApartmentFlat,TownHouseCluster&page=44",2026-04-05 20:59:18.337006
RR4633185,11734852,3 Bedroom Apartment Century City,R 45 000,45000,ZAR,Century City,Century City,3,2,2,,,,,https://www.privateproperty.co.za/to-rent/western-cape/cape-town/milnerton/century-city/RR4633185,"https://www.privateproperty.co.za/to-rent/western-cape/cape-town/55?pt=House,ApartmentFlat,TownHouseCluster&page=44",2026-04-05 20:59:18.337006
RR4633172,11734807,2 Bedroom Apartment Goodwood,R 8 200,8200,ZAR,Goodwood,Goodwood,2,1,1,,,,,https://www.privateproperty.co.za/to-rent/western-cape/cape-town/goodwood/goodwood/RR4633172,"https://www.privateproperty.co.za/to-rent/western-cape/cape-town/55?pt=House,ApartmentFlat,TownHouseCluster&page=44",2026-04-05 20:59:18.337006
RR4633144,11734758,2 Bedroom House Victorskloof,R 40 000,40000,ZAR,Victorskloof,Victorskloof,2,2,3,,,,,https://www.privateproperty.co.za/to-rent/western-cape/cape-town/hout-bay/victorskloof/RR4633144,"https://www.privateproperty.co.za/to-rent/western-cape/cape-town/55?pt=House,ApartmentFlat,TownHouseCluster&page=44",2026-04-05 20:59:18.337006
RR3956854,10018981,Studio Apartment Gardens,R 15 500,15500,ZAR,Gardens,"Gardens 20 Langholm, 60 Kloof St",0.5,1,,,-33.93079,18.40946,,https://www.privateproperty.co.za/to-rent/western-cape/cape-town/cape-town-city-bowl/gardens/20-langholm/60-kloof-st/RR3956854,"https://www.privateproperty.co.za/to-rent/western-cape/cape-town/55?pt=House,ApartmentFlat,TownHouseCluster&page=44",2026-04-05 20:59:18.337006
RR4633052,11734514,2 Bedroom Apartment Thornton,R 8 500,8500,ZAR,Thornton,Thornton,2,1,1,,,,,https://www.privateproperty.co.za/to-rent/western-cape/cape-town/southern-suburbs/thornton/RR4633052,"https://www.privateproperty.co.za/to-rent/western-cape/cape-town/55?pt=House,ApartmentFlat,TownHouseCluster&page=44",2026-04-05 20:59:18.337006
RR4343681,11007353,2 Bedroom Duplex Bloubergstrand,R 17 500,17500,ZAR,Bloubergstrand,Bloubergstrand,2,2,,,,,,https://www.privateproperty.co.za/to-rent/western-cape/cape-town/blouberg/bloubergstrand/RR4343681,"https://www.privateproperty.co.za/to-rent/western-cape/cape-town/55?pt=House,ApartmentFlat,TownHouseCluster&page=44",2026-04-05 20:59:18.337006
RR4633012,11734404,2 Bedroom Apartment Big Bay,R 23 000,23000,ZAR,Big Bay,Big Bay,2,1,2,,,,,https://www.privateproperty.co.za/to-rent/western-cape/cape-town/blouberg/big-bay/RR4633012,"https://www.privateproperty.co.za/to-rent/western-cape/cape-town/55?pt=House,ApartmentFlat,TownHouseCluster&page=44",2026-04-05 20:59:18.337006
RR4632971,11734279,2 Bedroom Apartment Brooklyn,R 11 000,11000,ZAR,Brooklyn,Brooklyn,2,1,1,,,,,https://www.privateproperty.co.za/to-rent/western-cape/cape-town/milnerton/brooklyn/RR4632971,"https://www.privateproperty.co.za/to-rent/western-cape/cape-town/55?pt=House,ApartmentFlat,TownHouseCluster&page=44",2026-04-05 20:59:18.337006
RR4632966,11734268,3 Bedroom House Atlantic Beach,R 32 500,32500,ZAR,Atlantic Beach,Atlantic Beach,3,2,2,,,,,https://www.privateproperty.co.za/to-rent/western-cape/cape-town/melkbosstrand/atlantic-beach/RR4632966,"https://www.privateproperty.co.za/to-rent/western-cape/cape-town/55?pt=House,ApartmentFlat,TownHouseCluster&page=44",2026-04-05 20:59:18.337006
RR4341977,11002937,5 Bedroom House Kalk Bay,R 60 000,60000,ZAR,Kalk Bay,Kalk Bay 4 Anderson Road,5,4,,,18.44608,-34.12672,,https://www.privateproperty.co.za/to-rent/western-cape/cape-town/peninsula-false-bay/kalk-bay/4-anderson-road/RR4341977,"https://www.privateproperty.co.za/to-rent/western-cape/cape-town/55?pt=House,ApartmentFlat,TownHouseCluster&page=44",2026-04-05 20:59:18.337006
RR4632959,11734243,2 Bedroom Apartment Burgundy Estate,R 17 000,17000,ZAR,Burgundy Estate,Burgundy Estate,2,2,1,,,,,https://www.privateproperty.co.za/to-rent/western-cape/cape-town/milnerton/burgundy-estate/RR4632959,"https://www.privateproperty.co.za/to-rent/western-cape/cape-town/55?pt=House,ApartmentFlat,TownHouseCluster&page=44",2026-04-05 20:59:18.337006
RR4632948,11734226,1 Bedroom Apartment Century City,R 16 000,16000,ZAR,Century City,Century City,1,1,1,,,,,https://www.privateproperty.co.za/to-rent/western-cape/cape-town/milnerton/century-city/RR4632948,"https://www.privateproperty.co.za/to-rent/western-cape/cape-town/55?pt=House,ApartmentFlat,TownHouseCluster&page=44",2026-04-05 20:59:18.337006
RR4352965,11032756,4 Bedroom House Rondebosch,R 48 500,48500,ZAR,Rondebosch,Rondebosch 30 Thornhill Road,4,3,5,743 m²,-33.9570114338006,18.4884855737283,,https://www.privateproperty.co.za/to-rent/western-cape/cape-town/southern-suburbs/rondebosch/30-thornhill-road/RR4352965,"https://www.privateproperty.co.za/to-rent/western-cape/cape-town/55?pt=House,ApartmentFlat,TownHouseCluster&page=44",2026-04-05 20:59:18.337006
RR4632931,11734187,1.5 Bedroom Apartment Century City,R 17 500,17500,ZAR,Century City,Century City,1.5,1,1,,,,,https://www.privateproperty.co.za/to-rent/western-cape/cape-town/milnerton/century-city/RR4632931,"https://www.privateproperty.co.za/to-rent/western-cape/cape-town/55?pt=House,ApartmentFlat,TownHouseCluster&page=44",2026-04-05 20:59:18.337006
RR4632902,11734105,3 Bedroom House Forest Village,R 11 000,11000,ZAR,Forest Village,Forest Village,3,2,3,337 m²,,,,https://www.privateproperty.co.za/to-rent/western-cape/cape-town/blue-downs/blue-downs/forest-village/RR4632902,"https://www.privateproperty.co.za/to-rent/western-cape/cape-town/55?pt=House,ApartmentFlat,TownHouseCluster&page=44",2026-04-05 20:59:18.337006
RR4632879,11734057,3 Bedroom Apartment Somerset West Central,R 19 500,19500,ZAR,Somerset West Central,Somerset West Central,3,1.5,1,,,,,https://www.privateproperty.co.za/to-rent/western-cape/cape-town/somerset-west/somerset-west-central/RR4632879,"https://www.privateproperty.co.za/to-rent/western-cape/cape-town/55?pt=House,ApartmentFlat,TownHouseCluster&page=44",2026-04-05 20:59:18.337006
RR4632841,11733978,Bachelor apartment Penlyn Estate,R 7 500,7500,ZAR,Penlyn Estate,Penlyn Estate,0.5,1,,,,,,https://www.privateproperty.co.za/to-rent/western-cape/cape-town/cape-flats/athlone/penlyn-estate/RR4632841,"https://www.privateproperty.co.za/to-rent/western-cape/cape-town/55?pt=House,ApartmentFlat,TownHouseCluster&page=44",2026-04-05 20:59:18.337006
RR2372668,6014436,1 Bedroom Apartment Green Point,R 24 200,24200,ZAR,Green Point,Green Point,1,1,1,,,,,https://www.privateproperty.co.za/to-rent/western-cape/cape-town/atlantic-seaboard/green-point/RR2372668,"https://www.privateproperty.co.za/to-rent/western-cape/cape-town/55?pt=House,ApartmentFlat,TownHouseCluster&page=44",2026-04-05 20:59:18.337006
RR4632830,11733947,2 Bedroom Apartment Rondebosch,R 22 000,22000,ZAR,Rondebosch,Rondebosch,2,2,2,,,,,https://www.privateproperty.co.za/to-rent/western-cape/cape-town/southern-suburbs/rondebosch/RR4632830,"https://www.privateproperty.co.za/to-rent/western-cape/cape-town/55?pt=House,ApartmentFlat,TownHouseCluster&page=45",2026-04-05 20:59:18.337006
RR4309347,10912747,3 Bedroom House Loucharmante,R 21 800,21800,ZAR,Loucharmante,Loucharmante,3,2,1,885 m²,,,,https://www.privateproperty.co.za/to-rent/western-cape/cape-town/kuils-river/loucharmante/RR4309347,"https://www.privateproperty.co.za/to-rent/western-cape/cape-town/55?pt=House,ApartmentFlat,TownHouseCluster&page=45",2026-04-05 20:59:18.337006
RR4329540,10968121,2 Bedroom Apartment Burgundy Estate,R 12 800,12800,ZAR,Burgundy Estate,Burgundy Estate,2,1,2,,,,,https://www.privateproperty.co.za/to-rent/western-cape/cape-town/milnerton/burgundy-estate/RR4329540,"https://www.privateproperty.co.za/to-rent/western-cape/cape-town/55?pt=House,ApartmentFlat,TownHouseCluster&page=45",2026-04-05 20:59:18.337006
RR4632780,11733821,3 Bedroom House Somerset West Central,R 21 000,21000,ZAR,Somerset West Central,Somerset West Central,3,2,,,,,,https://www.privateproperty.co.za/to-rent/western-cape/cape-town/somerset-west/somerset-west-central/RR4632780,"https://www.privateproperty.co.za/to-rent/western-cape/cape-town/55?pt=House,ApartmentFlat,TownHouseCluster&page=45",2026-04-05 20:59:18.337006
RR4632761,11733754,1 Bedroom Apartment Plumstead,R 9 500,9500,ZAR,Plumstead,Plumstead,1,1,1,,,,,https://www.privateproperty.co.za/to-rent/western-cape/cape-town/southern-suburbs/plumstead/RR4632761,"https://www.privateproperty.co.za/to-rent/western-cape/cape-town/55?pt=House,ApartmentFlat,TownHouseCluster&page=45",2026-04-05 20:59:18.337006
RR4632744,11733717,2 Bedroom House Peerless Park,R 9 500,9500,ZAR,Peerless Park,Peerless Park 2c Nieman Street,2,1,2,137 m²,-33.85231,18.7168,,https://www.privateproperty.co.za/to-rent/western-cape/cape-town/kraaifontein/peerless-park/2c-nieman-street/RR4632744,"https://www.privateproperty.co.za/to-rent/western-cape/cape-town/55?pt=House,ApartmentFlat,TownHouseCluster&page=45",2026-04-05 20:59:18.337006
RR4632731,11733676,4 Bedroom House Burgundy Estate,R 30 000,30000,ZAR,Burgundy Estate,Burgundy Estate,4,2,2,,,,,https://www.privateproperty.co.za/to-rent/western-cape/cape-town/milnerton/burgundy-estate/RR4632731,"https://www.privateproperty.co.za/to-rent/western-cape/cape-town/55?pt=House,ApartmentFlat,TownHouseCluster&page=45",2026-04-05 20:59:18.337006
RR4632707,11733634,2 Bedroom House Bardale Village,R 11 500,11500,ZAR,Bardale Village,Bardale Village,2,1,,140 m²,,,,https://www.privateproperty.co.za/to-rent/western-cape/cape-town/kuils-river/bardale-village/RR4632707,"https://www.privateproperty.co.za/to-rent/western-cape/cape-town/55?pt=House,ApartmentFlat,TownHouseCluster&page=45",2026-04-05 20:59:18.337006
RR4632698,11733613,2 Bedroom Apartment Rondebosch East,R 14 500,14500,ZAR,Rondebosch East,"Rondebosch East 0 Rondebosch Close, 65 Lawson Road",2,1,1,,,,,https://www.privateproperty.co.za/to-rent/western-cape/cape-town/southern-suburbs/rondebosch-east/0-rondebosch-close/65-lawson-road/RR4632698,"https://www.privateproperty.co.za/to-rent/western-cape/cape-town/55?pt=House,ApartmentFlat,TownHouseCluster&page=45",2026-04-05 20:59:18.337006
RR4632644,11733481,4 Bedroom House Grassy Park,R 15 000,15000,ZAR,Grassy Park,Grassy Park,4,1,,,,,,https://www.privateproperty.co.za/to-rent/western-cape/cape-town/cape-flats/grassy-park/RR4632644,"https://www.privateproperty.co.za/to-rent/western-cape/cape-town/55?pt=House,ApartmentFlat,TownHouseCluster&page=45",2026-04-05 20:59:18.337006
RR4632639,11733470,2 Bedroom House Walmer Estate,R 15 000,15000,ZAR,Walmer Estate,Walmer Estate,2,1,,,,,,https://www.privateproperty.co.za/to-rent/western-cape/cape-town/cape-town-city-bowl/walmer-estate/RR4632639,"https://www.privateproperty.co.za/to-rent/western-cape/cape-town/55?pt=House,ApartmentFlat,TownHouseCluster&page=45",2026-04-05 20:59:18.337006
RR4632641,11733476,3 Bedroom House Longkloof,R 58 500,58500,ZAR,Longkloof,Longkloof,3,2,,7 859 m²,,,,https://www.privateproperty.co.za/to-rent/western-cape/cape-town/hout-bay/longkloof/RR4632641,"https://www.privateproperty.co.za/to-rent/western-cape/cape-town/55?pt=House,ApartmentFlat,TownHouseCluster&page=45",2026-04-05 20:59:18.337006
RR4632638,11733467,1 Bedroom Apartment Gardens,R 14 000,14000,ZAR,Gardens,Gardens,1,1,1,,,,,https://www.privateproperty.co.za/to-rent/western-cape/cape-town/cape-town-city-bowl/gardens/RR4632638,"https://www.privateproperty.co.za/to-rent/western-cape/cape-town/55?pt=House,ApartmentFlat,TownHouseCluster&page=45",2026-04-05 20:59:18.337006
RR4632625,11733436,3 Bedroom House Green Point,R 67 000,67000,ZAR,Green Point,Green Point,3,3,,164 m²,,,,https://www.privateproperty.co.za/to-rent/western-cape/cape-town/atlantic-seaboard/green-point/RR4632625,"https://www.privateproperty.co.za/to-rent/western-cape/cape-town/55?pt=House,ApartmentFlat,TownHouseCluster&page=45",2026-04-05 20:59:18.337006
RR4632617,11733418,1 Bedroom Apartment Table View,R 8 900,8900,ZAR,Table View,Table View,1,1,,,,,,https://www.privateproperty.co.za/to-rent/western-cape/cape-town/blouberg/table-view/RR4632617,"https://www.privateproperty.co.za/to-rent/western-cape/cape-town/55?pt=House,ApartmentFlat,TownHouseCluster&page=45",2026-04-05 20:59:18.337006
RR4632567,11733292,3 Bedroom House Tafelsig,R 7 500,7500,ZAR,Tafelsig,Tafelsig,3,1,3,,,,,https://www.privateproperty.co.za/to-rent/western-cape/cape-town/mitchells-plain/mitchells-plain/tafelsig/RR4632567,"https://www.privateproperty.co.za/to-rent/western-cape/cape-town/55?pt=House,ApartmentFlat,TownHouseCluster&page=45",2026-04-05 20:59:18.337006
RR4632563,11733288,1 Bedroom Apartment Big Bay,R 16 550,16550,ZAR,Big Bay,Big Bay,1,1,2,,,,,https://www.privateproperty.co.za/to-rent/western-cape/cape-town/blouberg/big-bay/RR4632563,"https://www.privateproperty.co.za/to-rent/western-cape/cape-town/55?pt=House,ApartmentFlat,TownHouseCluster&page=45",2026-04-05 20:59:18.337006
RR4632529,11733221,1 Bedroom Apartment Foreshore,R 18 000,18000,ZAR,Foreshore,"Foreshore 1207 Foreshore Place, 27 St Georges Mall",1,1,,,,,,https://www.privateproperty.co.za/to-rent/western-cape/cape-town/atlantic-seaboard/foreshore/1207-foreshore-place/27-st-georges-mall/RR4632529,"https://www.privateproperty.co.za/to-rent/western-cape/cape-town/55?pt=House,ApartmentFlat,TownHouseCluster&page=45",2026-04-05 20:59:18.337006
RR4632521,11733210,2 Bedroom Flat Costa Da Gama,R 9 500,9500,ZAR,Costa Da Gama,Costa Da Gama,2,1,1,,,,,https://www.privateproperty.co.za/to-rent/western-cape/cape-town/peninsula-false-bay/muizenberg/costa-da-gama/RR4632521,"https://www.privateproperty.co.za/to-rent/western-cape/cape-town/55?pt=House,ApartmentFlat,TownHouseCluster&page=45",2026-04-05 20:59:18.337006
RR4632411,11732944,1 Bedroom Apartment Foreshore,R 20 000,20000,ZAR,Foreshore,Foreshore,1,1,1,,,,,https://www.privateproperty.co.za/to-rent/western-cape/cape-town/atlantic-seaboard/foreshore/RR4632411,"https://www.privateproperty.co.za/to-rent/western-cape/cape-town/55?pt=House,ApartmentFlat,TownHouseCluster&page=45",2026-04-05 20:59:18.337006
RR4632392,11732906,Studio Apartment Century City,R 16 000,16000,ZAR,Century City,"Century City 104 Park Place, 1 Elephant Lane",0.5,1,1,,-33.8974693,18.5104845,,https://www.privateproperty.co.za/to-rent/western-cape/cape-town/milnerton/century-city/104-park-place/1-elephant-lane/RR4632392,"https://www.privateproperty.co.za/to-rent/western-cape/cape-town/55?pt=House,ApartmentFlat,TownHouseCluster&page=46",2026-04-05 20:59:18.337006
RR4632367,11732863,Studio Apartment Century City,R 16 000,16000,ZAR,Century City,"Century City 108 Park Place, 1 Elephant Lane",0.5,1,1,,-33.8974693,18.5104845,,https://www.privateproperty.co.za/to-rent/western-cape/cape-town/milnerton/century-city/108-park-place/1-elephant-lane/RR4632367,"https://www.privateproperty.co.za/to-rent/western-cape/cape-town/55?pt=House,ApartmentFlat,TownHouseCluster&page=46",2026-04-05 20:59:18.337006
RR4632358,11732839,Studio Apartment Century City,R 16 000,16000,ZAR,Century City,"Century City 307 Park Place, 1 Elephant Lane",0.5,1,1,,-33.8974693,18.5104845,,https://www.privateproperty.co.za/to-rent/western-cape/cape-town/milnerton/century-city/307-park-place/1-elephant-lane/RR4632358,"https://www.privateproperty.co.za/to-rent/western-cape/cape-town/55?pt=House,ApartmentFlat,TownHouseCluster&page=46",2026-04-05 20:59:18.337006
RR4632260,11732658,4 Bedroom Townhouse Sandown,R 27 500,27500,ZAR,Sandown,Sandown,4,3,1,,,,,https://www.privateproperty.co.za/to-rent/western-cape/cape-town/blouberg/sandown/RR4632260,"https://www.privateproperty.co.za/to-rent/western-cape/cape-town/55?pt=House,ApartmentFlat,TownHouseCluster&page=46",2026-04-05 20:59:18.337006
RR4632213,11732548,2 Bedroom Apartment Rondebosch,R 18 300,18300,ZAR,Rondebosch,"Rondebosch 17 Culemborg, 25 Ednam Road",2,1,1,,,,,https://www.privateproperty.co.za/to-rent/western-cape/cape-town/southern-suburbs/rondebosch/17-culemborg/25-ednam-road/RR4632213,"https://www.privateproperty.co.za/to-rent/western-cape/cape-town/55?pt=House,ApartmentFlat,TownHouseCluster&page=46",2026-04-05 20:59:18.337006
RR4632199,11732499,2 Bedroom Townhouse Highbury,R 9 500,9500,ZAR,Highbury,Highbury,2,1,2,,,,,https://www.privateproperty.co.za/to-rent/western-cape/cape-town/kuils-river/highbury/stellendale-village/RR4632199,"https://www.privateproperty.co.za/to-rent/western-cape/cape-town/55?pt=House,ApartmentFlat,TownHouseCluster&page=46",2026-04-05 20:59:18.337006
RR4631386,11730405,4 Bedroom House Fresnaye,R 10 000 per day,10000,ZAR,Fresnaye,Fresnaye 47a Kloof Road,4,4,2,,-33.9250297,18.3875487,,https://www.privateproperty.co.za/to-rent/western-cape/cape-town/atlantic-seaboard/fresnaye/47a-kloof-road/RR4631386,"https://www.privateproperty.co.za/to-rent/western-cape/cape-town/55?pt=House,ApartmentFlat,TownHouseCluster&page=46",2026-04-05 20:59:18.337006
RR4632089,11732215,3 Bedroom Townhouse Sandown,R 28 000,28000,ZAR,Sandown,Sandown,3,2,1,150 m²,,,,https://www.privateproperty.co.za/to-rent/western-cape/cape-town/blouberg/sandown/RR4632089,"https://www.privateproperty.co.za/to-rent/western-cape/cape-town/55?pt=House,ApartmentFlat,TownHouseCluster&page=46",2026-04-05 20:59:18.337006
RR4005257,10136519,1 Bedroom Apartment Paardevlei,R 14 000,14000,ZAR,Paardevlei,"Paardevlei 695 Paardevlei Lifestyle Estate, 24 Gardner Williams Avenue",1,1,1,,-34.09081339999999,18.8180864,,https://www.privateproperty.co.za/to-rent/western-cape/cape-town/somerset-west/paardevlei/695-paardevlei-lifestyle-estate/24-gardner-williams-avenue/RR4005257,"https://www.privateproperty.co.za/to-rent/western-cape/cape-town/55?pt=House,ApartmentFlat,TownHouseCluster&page=46",2026-04-05 20:59:18.337006
RR4631234,11730084,Loft Cape Town City Centre,R 13 500,13500,ZAR,Cape Town City Centre,"Cape Town City Centre 31 Uxolo, 4 Vredenburg Lane",,1,,,-33.9290374739846,18.4184836730141,,https://www.privateproperty.co.za/to-rent/western-cape/cape-town/cape-town-city-bowl/cape-town-city-centre/31-uxolo/4-vredenburg-lane/RR4631234,"https://www.privateproperty.co.za/to-rent/western-cape/cape-town/55?pt=House,ApartmentFlat,TownHouseCluster&page=46",2026-04-05 20:59:18.337006
RR4632024,11732033,1 Bedroom Apartment Strand South,R 14 500,14500,ZAR,Strand South,Strand South,1,1,,,,,,https://www.privateproperty.co.za/to-rent/western-cape/cape-town/strand/strand-south/RR4632024,"https://www.privateproperty.co.za/to-rent/western-cape/cape-town/55?pt=House,ApartmentFlat,TownHouseCluster&page=46",2026-04-05 20:59:18.337006
RR4437380,11246127,1 Bedroom Apartment Paardevlei,R 14 000,14000,ZAR,Paardevlei,"Paardevlei 662 Paardeveli Lifestyle Estate, 1 De Beers Avenue",1,1,1,,-34.091078,18.8182051,,https://www.privateproperty.co.za/to-rent/western-cape/cape-town/somerset-west/paardevlei/662-paardeveli-lifestyle-estate/1-de-beers-avenue/RR4437380,"https://www.privateproperty.co.za/to-rent/western-cape/cape-town/55?pt=House,ApartmentFlat,TownHouseCluster&page=46",2026-04-05 20:59:18.337006
RR4632002,11731954,4 Bedroom House Rondebosch East,R 30 000,30000,ZAR,Rondebosch East,Rondebosch East,4,3,,,,,,https://www.privateproperty.co.za/to-rent/western-cape/cape-town/southern-suburbs/rondebosch-east/RR4632002,"https://www.privateproperty.co.za/to-rent/western-cape/cape-town/55?pt=House,ApartmentFlat,TownHouseCluster&page=46",2026-04-05 20:59:18.337006
RR4631982,11731885,2 Bedroom Apartment Milnerton Central,R 15 000,15000,ZAR,Milnerton Central,Milnerton Central,2,1,1,,,,,https://www.privateproperty.co.za/to-rent/western-cape/cape-town/milnerton/milnerton-central/RR4631982,"https://www.privateproperty.co.za/to-rent/western-cape/cape-town/55?pt=House,ApartmentFlat,TownHouseCluster&page=46",2026-04-05 20:59:18.337006
RR4631975,11731856,2 Bedroom Apartment Thornton,R 7 900,7900,ZAR,Thornton,"Thornton 11 Range Court, 11 Pieke Road",2,1,,,,,,https://www.privateproperty.co.za/to-rent/western-cape/cape-town/southern-suburbs/thornton/11-range-court/11-pieke-road/RR4631975,"https://www.privateproperty.co.za/to-rent/western-cape/cape-town/55?pt=House,ApartmentFlat,TownHouseCluster&page=46",2026-04-05 20:59:18.337006
RR4631961,11731827,1 Bedroom Apartment Claremont,R 14 450,14450,ZAR,Claremont,Claremont,1,1,1,,,,,https://www.privateproperty.co.za/to-rent/western-cape/cape-town/southern-suburbs/claremont/RR4631961,"https://www.privateproperty.co.za/to-rent/western-cape/cape-town/55?pt=House,ApartmentFlat,TownHouseCluster&page=46",2026-04-05 20:59:18.337006
RR4631933,11731747,2 Bedroom Apartment Strand Central,R 10 600,10600,ZAR,Strand Central,Strand Central,2,1,,,,,,https://www.privateproperty.co.za/to-rent/western-cape/cape-town/strand/strand-central/RR4631933,"https://www.privateproperty.co.za/to-rent/western-cape/cape-town/55?pt=House,ApartmentFlat,TownHouseCluster&page=46",2026-04-05 20:59:18.337006
RR4631921,11731717,3 Bedroom House Capri,R 45 000,45000,ZAR,Capri,Capri,3,2.5,4,,,,,https://www.privateproperty.co.za/to-rent/western-cape/cape-town/peninsula-false-bay/capri/RR4631921,"https://www.privateproperty.co.za/to-rent/western-cape/cape-town/55?pt=House,ApartmentFlat,TownHouseCluster&page=46",2026-04-05 20:59:18.337006
RR4631864,11731590,1 Bedroom Apartment Diep River,R 9 000,9000,ZAR,Diep River,Diep River,1,1,,,,,,https://www.privateproperty.co.za/to-rent/western-cape/cape-town/southern-suburbs/diep-river/RR4631864,"https://www.privateproperty.co.za/to-rent/western-cape/cape-town/55?pt=House,ApartmentFlat,TownHouseCluster&page=46",2026-04-05 20:59:18.337006
RR4631837,11731519,Studio Apartment Woodstock,R 12 500,12500,ZAR,Woodstock,Woodstock,0.5,1,,,,,,https://www.privateproperty.co.za/to-rent/western-cape/cape-town/cape-town-city-bowl/woodstock/RR4631837,"https://www.privateproperty.co.za/to-rent/western-cape/cape-town/55?pt=House,ApartmentFlat,TownHouseCluster&page=46",2026-04-05 20:59:18.337006
RR4631834,11731512,2 Bedroom Penthouse Century City,R 50 000,50000,ZAR,Century City,Century City,2,2,2,,,,,https://www.privateproperty.co.za/to-rent/western-cape/cape-town/milnerton/century-city/RR4631834,"https://www.privateproperty.co.za/to-rent/western-cape/cape-town/55?pt=House,ApartmentFlat,TownHouseCluster&page=47",2026-04-05 20:59:18.337006
RR4631803,11731431,2 Bedroom Apartment Sea Point,R 28 000,28000,ZAR,Sea Point,Sea Point,2,2,3,,,,,https://www.privateproperty.co.za/to-rent/western-cape/cape-town/atlantic-seaboard/sea-point/RR4631803,"https://www.privateproperty.co.za/to-rent/western-cape/cape-town/55?pt=House,ApartmentFlat,TownHouseCluster&page=47",2026-04-05 20:59:18.337006
RR4631799,11731419,1 Bedroom House Rondebosch,R 5 500,5500,ZAR,Rondebosch,"Rondebosch 0 Rondebosch, 11 Balintore Rd",1,1,1,,-33.97103,18.48981,,https://www.privateproperty.co.za/to-rent/western-cape/cape-town/southern-suburbs/rondebosch/0-rondebosch/11-balintore-rd/RR4631799,"https://www.privateproperty.co.za/to-rent/western-cape/cape-town/55?pt=House,ApartmentFlat,TownHouseCluster&page=47",2026-04-05 20:59:18.337006
RR4631790,11731390,1 Bedroom House Rondebosch,R 6 200,6200,ZAR,Rondebosch,"Rondebosch 0 Rondebosch, 11 Balintore Rd",1,1,1,,-33.97103,18.48981,,https://www.privateproperty.co.za/to-rent/western-cape/cape-town/southern-suburbs/rondebosch/0-rondebosch/11-balintore-rd/RR4631790,"https://www.privateproperty.co.za/to-rent/western-cape/cape-town/55?pt=House,ApartmentFlat,TownHouseCluster&page=47",2026-04-05 20:59:18.337006
RR4631778,11731374,2 Bedroom Apartment Admirals Park,R 12 000,12000,ZAR,Admirals Park,Admirals Park,2,2,2,,,,,https://www.privateproperty.co.za/to-rent/western-cape/cape-town/gordons-bay/admirals-park/RR4631778,"https://www.privateproperty.co.za/to-rent/western-cape/cape-town/55?pt=House,ApartmentFlat,TownHouseCluster&page=47",2026-04-05 20:59:18.337006
RR4631777,11731373,Loft Claremont,R 12 500,12500,ZAR,Claremont,Claremont,1,1,1,,,,,https://www.privateproperty.co.za/to-rent/western-cape/cape-town/southern-suburbs/claremont/RR4631777,"https://www.privateproperty.co.za/to-rent/western-cape/cape-town/55?pt=House,ApartmentFlat,TownHouseCluster&page=47",2026-04-05 20:59:18.337006
RR4631773,11731362,2 Bedroom Apartment Gardens,R 23 500,23500,ZAR,Gardens,Gardens,2,1,1,,,,,https://www.privateproperty.co.za/to-rent/western-cape/cape-town/cape-town-city-bowl/gardens/RR4631773,"https://www.privateproperty.co.za/to-rent/western-cape/cape-town/55?pt=House,ApartmentFlat,TownHouseCluster&page=47",2026-04-05 20:59:18.337006
RR4631751,11731283,2 Bedroom Apartment Somerset West Central,R 15 000,15000,ZAR,Somerset West Central,Somerset West Central,2,2,2,,,,,https://www.privateproperty.co.za/to-rent/western-cape/cape-town/somerset-west/somerset-west-central/RR4631751,"https://www.privateproperty.co.za/to-rent/western-cape/cape-town/55?pt=House,ApartmentFlat,TownHouseCluster&page=47",2026-04-05 20:59:18.337006
RR4631719,11731203,4 Bedroom House Goodwood,R 26 000,26000,ZAR,Goodwood,Goodwood,4,3,2,595 m²,,,,https://www.privateproperty.co.za/to-rent/western-cape/cape-town/goodwood/goodwood/RR4631719,"https://www.privateproperty.co.za/to-rent/western-cape/cape-town/55?pt=House,ApartmentFlat,TownHouseCluster&page=47",2026-04-05 20:59:18.337006
RR4228983,10714932,3 Bedroom Apartment Paardevlei,R 22 000,22000,ZAR,Paardevlei,Paardevlei,3,2,2,,,,,https://www.privateproperty.co.za/to-rent/western-cape/cape-town/somerset-west/paardevlei/RR4228983,"https://www.privateproperty.co.za/to-rent/western-cape/cape-town/55?pt=House,ApartmentFlat,TownHouseCluster&page=47",2026-04-05 20:59:18.337006
RR4631711,11731188,2 Bedroom Apartment Lagoon Beach,R 21 000,21000,ZAR,Lagoon Beach,"Lagoon Beach A2 Leisure Bay, 3 Four Jays Road",2,2,1,,,,,https://www.privateproperty.co.za/to-rent/western-cape/cape-town/milnerton/lagoon-beach/a2-leisure-bay/3-four-jays-road/RR4631711,"https://www.privateproperty.co.za/to-rent/western-cape/cape-town/55?pt=House,ApartmentFlat,TownHouseCluster&page=47",2026-04-05 20:59:18.337006
RR4631684,11731120,3 Bedroom House Langeberg Heights,R 24 900,24900,ZAR,Langeberg Heights,Langeberg Heights,3,2.5,2,,,,,https://www.privateproperty.co.za/to-rent/western-cape/cape-town/kraaifontein/langeberg-ridge/langeberg-heights/RR4631684,"https://www.privateproperty.co.za/to-rent/western-cape/cape-town/55?pt=House,ApartmentFlat,TownHouseCluster&page=47",2026-04-05 20:59:18.337006
RR4278713,10839965,Studio apartment Lansdowne,R 8 000,8000,ZAR,Lansdowne,Lansdowne,,1,1,,,,,https://www.privateproperty.co.za/to-rent/western-cape/cape-town/cape-flats/lansdowne/RR4278713,"https://www.privateproperty.co.za/to-rent/western-cape/cape-town/55?pt=House,ApartmentFlat,TownHouseCluster&page=47",2026-04-05 20:59:18.337006
RR3978880,10075027,3 Bedroom Apartment Sea Point,R 32 000,32000,ZAR,Sea Point,Sea Point,3,2.5,1,,,,,https://www.privateproperty.co.za/to-rent/western-cape/cape-town/atlantic-seaboard/sea-point/RR3978880,"https://www.privateproperty.co.za/to-rent/western-cape/cape-town/55?pt=House,ApartmentFlat,TownHouseCluster&page=47",2026-04-05 20:59:18.337006
RR4631613,11730976,2 Bedroom Apartment Bothasig,R 12 500,12500,ZAR,Bothasig,Bothasig,2,1.5,2,200 m²,,,,https://www.privateproperty.co.za/to-rent/western-cape/cape-town/milnerton/bothasig/RR4631613,"https://www.privateproperty.co.za/to-rent/western-cape/cape-town/55?pt=House,ApartmentFlat,TownHouseCluster&page=47",2026-04-05 20:59:18.337006
RR3844020,9694166,2 Bedroom Apartment Milnerton Central,R 14 000,14000,ZAR,Milnerton Central,Milnerton Central,2,1,1,,,,,https://www.privateproperty.co.za/to-rent/western-cape/cape-town/milnerton/milnerton-central/RR3844020,"https://www.privateproperty.co.za/to-rent/western-cape/cape-town/55?pt=House,ApartmentFlat,TownHouseCluster&page=47",2026-04-05 20:59:18.337006
RR1998354,5167492,2 Bedroom Apartment Rondebosch,R 20 000,20000,ZAR,Rondebosch,Rondebosch,2,2,,,,,,https://www.privateproperty.co.za/to-rent/western-cape/cape-town/southern-suburbs/rondebosch/RR1998354,"https://www.privateproperty.co.za/to-rent/western-cape/cape-town/55?pt=House,ApartmentFlat,TownHouseCluster&page=47",2026-04-05 20:59:18.337006
RR4631176,11729925,Studio apartment Cape Town City Centre,R 20 000,20000,ZAR,Cape Town City Centre,"Cape Town City Centre 810 The Tokyo, 87 Loop Street",,1,,,-33.9290374739846,18.4184836730141,,https://www.privateproperty.co.za/to-rent/western-cape/cape-town/cape-town-city-bowl/cape-town-city-centre/810-the-tokyo/87-loop-street/RR4631176,"https://www.privateproperty.co.za/to-rent/western-cape/cape-town/55?pt=House,ApartmentFlat,TownHouseCluster&page=47",2026-04-05 20:59:18.337006
RR4631546,11730839,3 Bedroom House Buh Rein Estate,R 18 000,18000,ZAR,Buh Rein Estate,"Buh Rein Estate 10 Richmond Grove, 3 Kanonkop Close",3,2,2,,-33.8278642,18.7172408,,https://www.privateproperty.co.za/to-rent/western-cape/cape-town/kraaifontein/buh-rein-estate/10-richmond-grove/3-kanonkop-close/RR4631546,"https://www.privateproperty.co.za/to-rent/western-cape/cape-town/55?pt=House,ApartmentFlat,TownHouseCluster&page=47",2026-04-05 20:59:18.337006
RR4052172,10266523,2 Bedroom House Grassy Park,R 11 000,11000,ZAR,Grassy Park,Grassy Park,2,1,2,,,,,https://www.privateproperty.co.za/to-rent/western-cape/cape-town/cape-flats/grassy-park/RR4052172,"https://www.privateproperty.co.za/to-rent/western-cape/cape-town/55?pt=House,ApartmentFlat,TownHouseCluster&page=47",2026-04-05 20:59:18.337006
RR3365849,8309093,1 Bedroom Apartment Burgundy Estate,R 12 500,12500,ZAR,Burgundy Estate,"Burgundy Estate 200 Avenida, 2 Cinnebar Street",1,1,,,-33.8394213,18.54928480000001,,https://www.privateproperty.co.za/to-rent/western-cape/cape-town/milnerton/burgundy-estate/200-avenida/2-cinnebar-street/RR3365849,"https://www.privateproperty.co.za/to-rent/western-cape/cape-town/55?pt=House,ApartmentFlat,TownHouseCluster&page=48",2026-04-05 20:59:18.337006
RR3291670,8107187,3 Bedroom Apartment Parklands,R 14 000,14000,ZAR,Parklands,"Parklands P02 Ihlathi Estate, 1 Ihlathi Estate, Corner Of Parklands Main Road And Sandown Road",3,2,,,-33.7991074,18.5211952,,https://www.privateproperty.co.za/to-rent/western-cape/cape-town/blouberg/parklands/p02-ihlathi-estate/1-ihlathi-estate-corner-of-parklands-main-road-and-sandown-road/RR3291670,"https://www.privateproperty.co.za/to-rent/western-cape/cape-town/55?pt=House,ApartmentFlat,TownHouseCluster&page=48",2026-04-05 20:59:18.337006
RR4631474,11730661,2 Bedroom Apartment Somerset West Central,R 15 500,15500,ZAR,Somerset West Central,Somerset West Central,2,2,2,,,,,https://www.privateproperty.co.za/to-rent/western-cape/cape-town/somerset-west/somerset-west-central/RR4631474,"https://www.privateproperty.co.za/to-rent/western-cape/cape-town/55?pt=House,ApartmentFlat,TownHouseCluster&page=48",2026-04-05 20:59:18.337006
RR4627479,11720221,1 Bedroom Apartment Zevendal,R 11 000,11000,ZAR,Zevendal,"Zevendal P1311 De Kuile Lifestyle Estate, 21 Zevenhof Road",1,1,1,,-33.93831961,18.71332151,,https://www.privateproperty.co.za/to-rent/western-cape/cape-town/kuils-river/zevendal/p1311-de-kuile-lifestyle-estate/21-zevenhof-road/RR4627479,"https://www.privateproperty.co.za/to-rent/western-cape/cape-town/55?pt=House,ApartmentFlat,TownHouseCluster&page=48",2026-04-05 20:59:18.337006
RR4631440,11730559,1 Bedroom Apartment Cape Town City Centre,R 17 500,17500,ZAR,Cape Town City Centre,"Cape Town City Centre 1105 Pepper Club, 167 Loop Street",1,1,1,,-33.92509,18.415786,,https://www.privateproperty.co.za/to-rent/western-cape/cape-town/cape-town-city-bowl/cape-town-city-centre/1105-pepper-club/167-loop-street/RR4631440,"https://www.privateproperty.co.za/to-rent/western-cape/cape-town/55?pt=House,ApartmentFlat,TownHouseCluster&page=48",2026-04-05 20:59:18.337006
RR4631407,11730448,1 Bedroom Apartment De Waterkant,R 25 000,25000,ZAR,De Waterkant,De Waterkant,1,1,1,,,,,https://www.privateproperty.co.za/to-rent/western-cape/cape-town/cape-town-city-bowl/de-waterkant/RR4631407,"https://www.privateproperty.co.za/to-rent/western-cape/cape-town/55?pt=House,ApartmentFlat,TownHouseCluster&page=48",2026-04-05 20:59:18.337006
RR4631402,11730433,6 Bedroom Apartment Belgravia,R 6 300,6300,ZAR,Belgravia,"Belgravia 1 Lady Birds, 82 4th Avenue",6,2,,,-33.970675,18.517827,,https://www.privateproperty.co.za/to-rent/western-cape/cape-town/cape-flats/athlone/belgravia/1-lady-birds/82-4th-avenue/RR4631402,"https://www.privateproperty.co.za/to-rent/western-cape/cape-town/55?pt=House,ApartmentFlat,TownHouseCluster&page=48",2026-04-05 20:59:18.337006
RR4463442,11311754,1 Bedroom Apartment Somerset West Central,R 12 000,12000,ZAR,Somerset West Central,Somerset West Central,1,1,1,,,,,https://www.privateproperty.co.za/to-rent/western-cape/cape-town/somerset-west/somerset-west-central/RR4463442,"https://www.privateproperty.co.za/to-rent/western-cape/cape-town/55?pt=House,ApartmentFlat,TownHouseCluster&page=48",2026-04-05 20:59:18.337006
RR4631390,11730412,Studio apartment Goodwood,R 4 950,4950,ZAR,Goodwood,Goodwood,0.5,1,,,,,,https://www.privateproperty.co.za/to-rent/western-cape/cape-town/goodwood/goodwood/RR4631390,"https://www.privateproperty.co.za/to-rent/western-cape/cape-town/55?pt=House,ApartmentFlat,TownHouseCluster&page=48",2026-04-05 20:59:18.337006
RR4631384,11730403,1 Bedroom Apartment Clifton,R 40 000,40000,ZAR,Clifton,Clifton,1,1,1,,,,,https://www.privateproperty.co.za/to-rent/western-cape/cape-town/atlantic-seaboard/clifton/RR4631384,"https://www.privateproperty.co.za/to-rent/western-cape/cape-town/55?pt=House,ApartmentFlat,TownHouseCluster&page=48",2026-04-05 20:59:18.337006
RR4629414,11725150,2 Bedroom House Hout Bay Central,R 26 000,26000,ZAR,Hout Bay Central,Hout Bay Central 36a Whittlers Way,2,3,2,1 314 m²,-34.02367,18.373305,,https://www.privateproperty.co.za/to-rent/western-cape/cape-town/hout-bay/hout-bay-central/36a-whittlers-way/RR4629414,"https://www.privateproperty.co.za/to-rent/western-cape/cape-town/55?pt=House,ApartmentFlat,TownHouseCluster&page=48",2026-04-05 20:59:18.337006
RR4631301,11730205,1 Bedroom Apartment Sea Point,R 23 000,23000,ZAR,Sea Point,Sea Point,1,1,,,,,,https://www.privateproperty.co.za/to-rent/western-cape/cape-town/atlantic-seaboard/sea-point/RR4631301,"https://www.privateproperty.co.za/to-rent/western-cape/cape-town/55?pt=House,ApartmentFlat,TownHouseCluster&page=48",2026-04-05 20:59:18.337006
RR4631300,11730203,1 Bedroom House Lakeside,R 13 000,13000,ZAR,Lakeside,Lakeside,1,1,1,,,,,https://www.privateproperty.co.za/to-rent/western-cape/cape-town/peninsula-false-bay/lakeside/RR4631300,"https://www.privateproperty.co.za/to-rent/western-cape/cape-town/55?pt=House,ApartmentFlat,TownHouseCluster&page=48",2026-04-05 20:59:18.337006
RR4631284,11730176,2 Bedroom Apartment Kuilsriver,R 14 000,14000,ZAR,Kuilsriver,Kuilsriver,2,2,2,,,,,https://www.privateproperty.co.za/to-rent/western-cape/cape-town/kuils-river/kuilsriver/RR4631284,"https://www.privateproperty.co.za/to-rent/western-cape/cape-town/55?pt=House,ApartmentFlat,TownHouseCluster&page=48",2026-04-05 20:59:18.337006
RR4631287,11730181,2 Bedroom Apartment Table View,R 16 000,16000,ZAR,Table View,Table View,2,2,,,,,,https://www.privateproperty.co.za/to-rent/western-cape/cape-town/blouberg/table-view/RR4631287,"https://www.privateproperty.co.za/to-rent/western-cape/cape-town/55?pt=House,ApartmentFlat,TownHouseCluster&page=48",2026-04-05 20:59:18.337006
RR4384941,11116265,2 Bedroom House Bloubergrant,R 18 500,18500,ZAR,Bloubergrant,Bloubergrant,2,2,,1 004 m²,,,,https://www.privateproperty.co.za/to-rent/western-cape/cape-town/blouberg/bloubergrant/RR4384941,"https://www.privateproperty.co.za/to-rent/western-cape/cape-town/55?pt=House,ApartmentFlat,TownHouseCluster&page=48",2026-04-05 20:59:18.337006
RR4631265,11730137,1 Bedroom Apartment Pinelands,R 11 900,11900,ZAR,Pinelands,Pinelands,1,1,,,,,,https://www.privateproperty.co.za/to-rent/western-cape/cape-town/southern-suburbs/pinelands/RR4631265,"https://www.privateproperty.co.za/to-rent/western-cape/cape-town/55?pt=House,ApartmentFlat,TownHouseCluster&page=48",2026-04-05 20:59:18.337006
RR4444624,11263780,2 Bedroom Townhouse Wynberg,R 30 000,30000,ZAR,Wynberg,Wynberg,2,2.5,2,,,,,https://www.privateproperty.co.za/to-rent/western-cape/cape-town/southern-suburbs/wynberg/RR4444624,"https://www.privateproperty.co.za/to-rent/western-cape/cape-town/55?pt=House,ApartmentFlat,TownHouseCluster&page=48",2026-04-05 20:59:18.337006
RR4631192,11729970,1 Bedroom House Bridgetown,R 5 500,5500,ZAR,Bridgetown,Bridgetown,1,1,1,,,,,https://www.privateproperty.co.za/to-rent/western-cape/cape-town/cape-flats/athlone/bridgetown/RR4631192,"https://www.privateproperty.co.za/to-rent/western-cape/cape-town/55?pt=House,ApartmentFlat,TownHouseCluster&page=48",2026-04-05 20:59:18.337006
RR4631189,11729967,3 Bedroom Townhouse Royal Ascot,R 25 000,25000,ZAR,Royal Ascot,Royal Ascot,3,2,4,300 m²,,,,https://www.privateproperty.co.za/to-rent/western-cape/cape-town/milnerton/royal-ascot/RR4631189,"https://www.privateproperty.co.za/to-rent/western-cape/cape-town/55?pt=House,ApartmentFlat,TownHouseCluster&page=48",2026-04-05 20:59:18.337006
RR4631187,11729964,2 Bedroom House Tafelsig,R 5 000,5000,ZAR,Tafelsig,Tafelsig,2,1,4,276 m²,,,,https://www.privateproperty.co.za/to-rent/western-cape/cape-town/mitchells-plain/mitchells-plain/tafelsig/RR4631187,"https://www.privateproperty.co.za/to-rent/western-cape/cape-town/55?pt=House,ApartmentFlat,TownHouseCluster&page=49",2026-04-05 20:59:18.337006
RR4631164,11729886,2 Bedroom Apartment Rosebank,R 16 000,16000,ZAR,Rosebank,Rosebank,2,1,,,,,,https://www.privateproperty.co.za/to-rent/western-cape/cape-town/southern-suburbs/rosebank/RR4631164,"https://www.privateproperty.co.za/to-rent/western-cape/cape-town/55?pt=House,ApartmentFlat,TownHouseCluster&page=49",2026-04-05 20:59:18.337006
RR4631109,11729731,2 Bedroom Apartment Green Point,R 20 000,20000,ZAR,Green Point,Green Point,2,1,1,,,,,https://www.privateproperty.co.za/to-rent/western-cape/cape-town/atlantic-seaboard/green-point/RR4631109,"https://www.privateproperty.co.za/to-rent/western-cape/cape-town/55?pt=House,ApartmentFlat,TownHouseCluster&page=49",2026-04-05 20:59:18.337006
RR4631104,11729719,3 Bedroom House Eversdal,R 32 500,32500,ZAR,Eversdal,Eversdal,3,2,2,973 m²,,,,https://www.privateproperty.co.za/to-rent/western-cape/cape-town/durbanville/eversdal/RR4631104,"https://www.privateproperty.co.za/to-rent/western-cape/cape-town/55?pt=House,ApartmentFlat,TownHouseCluster&page=49",2026-04-05 20:59:18.337006
RR4631077,11729657,3 Bedroom House Mountainside,R 36 000,36000,ZAR,Mountainside,Mountainside,3,3,8,1 846 m²,,,,https://www.privateproperty.co.za/to-rent/western-cape/cape-town/gordons-bay/mountainside/RR4631077,"https://www.privateproperty.co.za/to-rent/western-cape/cape-town/55?pt=House,ApartmentFlat,TownHouseCluster&page=49",2026-04-05 20:59:18.337006
RR4631073,11729650,4 Bedroom House Hout Bay Central,R 34 500,34500,ZAR,Hout Bay Central,Hout Bay Central,4,2.5,2,497 m²,,,,https://www.privateproperty.co.za/to-rent/western-cape/cape-town/hout-bay/hout-bay-central/RR4631073,"https://www.privateproperty.co.za/to-rent/western-cape/cape-town/55?pt=House,ApartmentFlat,TownHouseCluster&page=49",2026-04-05 20:59:18.337006
RR4631056,11729591,3 Bedroom House Kuilsriver,R 21 000,21000,ZAR,Kuilsriver,Kuilsriver,3,2,6,687 m²,,,,https://www.privateproperty.co.za/to-rent/western-cape/cape-town/kuils-river/kuilsriver/RR4631056,"https://www.privateproperty.co.za/to-rent/western-cape/cape-town/55?pt=House,ApartmentFlat,TownHouseCluster&page=49",2026-04-05 20:59:18.337006
RR4631049,11729579,3 Bedroom Apartment Melkbosstrand,R 20 500,20500,ZAR,Melkbosstrand,Melkbosstrand,3,2,2,,,,,https://www.privateproperty.co.za/to-rent/western-cape/cape-town/melkbosstrand/melkbosstrand/RR4631049,"https://www.privateproperty.co.za/to-rent/western-cape/cape-town/55?pt=House,ApartmentFlat,TownHouseCluster&page=49",2026-04-05 20:59:18.337006
RR4631047,11729572,2 Bedroom Apartment Cape Town City Centre,R 27 000,27000,ZAR,Cape Town City Centre,Cape Town City Centre,2,2.5,1,,,,,https://www.privateproperty.co.za/to-rent/western-cape/cape-town/cape-town-city-bowl/cape-town-city-centre/RR4631047,"https://www.privateproperty.co.za/to-rent/western-cape/cape-town/55?pt=House,ApartmentFlat,TownHouseCluster&page=49",2026-04-05 20:59:18.337006
RR4631024,11729486,1 Bedroom House Hout Bay Central,R 18 000,18000,ZAR,Hout Bay Central,Hout Bay Central,1,1,,,,,,https://www.privateproperty.co.za/to-rent/western-cape/cape-town/hout-bay/hout-bay-central/RR4631024,"https://www.privateproperty.co.za/to-rent/western-cape/cape-town/55?pt=House,ApartmentFlat,TownHouseCluster&page=49",2026-04-05 20:59:18.337006
RR4631019,11729476,2 Bedroom House Hout Bay Central,R 23 000,23000,ZAR,Hout Bay Central,Hout Bay Central,2,1,,,,,,https://www.privateproperty.co.za/to-rent/western-cape/cape-town/hout-bay/hout-bay-central/RR4631019,"https://www.privateproperty.co.za/to-rent/western-cape/cape-town/55?pt=House,ApartmentFlat,TownHouseCluster&page=49",2026-04-05 20:59:18.337006
RR4631013,11729463,1 Bedroom Apartment Oranjezicht,R 18 000,18000,ZAR,Oranjezicht,Oranjezicht 8 Hiddingh Avenue,1,1,1,,-33.9349009,18.4169568,,https://www.privateproperty.co.za/to-rent/western-cape/cape-town/cape-town-city-bowl/oranjezicht/8-hiddingh-avenue/RR4631013,"https://www.privateproperty.co.za/to-rent/western-cape/cape-town/55?pt=House,ApartmentFlat,TownHouseCluster&page=49",2026-04-05 20:59:18.337006
RR4630932,11729267,2 Bedroom Apartment Observatory,R 18 950,18950,ZAR,Observatory,Observatory,2,2,1,,,,,https://www.privateproperty.co.za/to-rent/western-cape/cape-town/cape-town-city-bowl/observatory/RR4630932,"https://www.privateproperty.co.za/to-rent/western-cape/cape-town/55?pt=House,ApartmentFlat,TownHouseCluster&page=49",2026-04-05 20:59:18.337006
RR4630897,11729175,Studio Apartment Claremont Upper,R 13 000,13000,ZAR,Claremont Upper,Claremont Upper,0.5,1,,,,,,https://www.privateproperty.co.za/to-rent/western-cape/cape-town/southern-suburbs/claremont/claremont-upper/RR4630897,"https://www.privateproperty.co.za/to-rent/western-cape/cape-town/55?pt=House,ApartmentFlat,TownHouseCluster&page=49",2026-04-05 20:59:18.337006
RR4630894,11729171,1 Bedroom House Capri,R 15 000,15000,ZAR,Capri,Capri,1,1,1,85 m²,,,,https://www.privateproperty.co.za/to-rent/western-cape/cape-town/peninsula-false-bay/capri/RR4630894,"https://www.privateproperty.co.za/to-rent/western-cape/cape-town/55?pt=House,ApartmentFlat,TownHouseCluster&page=49",2026-04-05 20:59:18.337006
RR4090153,10369538,2 Bedroom Apartment Maitland,R 12 750,12750,ZAR,Maitland,Maitland,2,1,,,,,,https://www.privateproperty.co.za/to-rent/western-cape/cape-town/milnerton/maitland/RR4090153,"https://www.privateproperty.co.za/to-rent/western-cape/cape-town/55?pt=House,ApartmentFlat,TownHouseCluster&page=49",2026-04-05 20:59:18.337006
RR4630883,11729136,3 Bedroom House Big Bay,R 38 000,38000,ZAR,Big Bay,Big Bay,3,2,4,266 m²,,,,https://www.privateproperty.co.za/to-rent/western-cape/cape-town/blouberg/big-bay/RR4630883,"https://www.privateproperty.co.za/to-rent/western-cape/cape-town/55?pt=House,ApartmentFlat,TownHouseCluster&page=49",2026-04-05 20:59:18.337006
RR3287879,8097501,1 Bedroom Apartment Kalk Bay,R 16 500,16500,ZAR,Kalk Bay,"Kalk Bay 5 Mare Video, 56 Main Road",1,1,,,-34.12529010000002,18.45056380000001,,https://www.privateproperty.co.za/to-rent/western-cape/cape-town/peninsula-false-bay/kalk-bay/5-mare-video/56-main-road/RR3287879,"https://www.privateproperty.co.za/to-rent/western-cape/cape-town/55?pt=House,ApartmentFlat,TownHouseCluster&page=49",2026-04-05 20:59:18.337006
RR4630801,11728876,1 Bedroom Apartment Cape Town City Centre,R 18 500,18500,ZAR,Cape Town City Centre,Cape Town City Centre,1,1,1,,,,,https://www.privateproperty.co.za/to-rent/western-cape/cape-town/cape-town-city-bowl/cape-town-city-centre/RR4630801,"https://www.privateproperty.co.za/to-rent/western-cape/cape-town/55?pt=House,ApartmentFlat,TownHouseCluster&page=49",2026-04-05 20:59:18.337006
RR4630799,11728869,1 Bedroom Apartment Sea Point,R 20 000,20000,ZAR,Sea Point,Sea Point,1,1,,,,,,https://www.privateproperty.co.za/to-rent/western-cape/cape-town/atlantic-seaboard/sea-point/RR4630799,"https://www.privateproperty.co.za/to-rent/western-cape/cape-town/55?pt=House,ApartmentFlat,TownHouseCluster&page=49",2026-04-05 20:59:18.337006
RR4630789,11728843,3 Bedroom Townhouse Parklands,R 16 000,16000,ZAR,Parklands,Parklands 5 Helmsley Crescent,3,2,2,181 m²,,,,https://www.privateproperty.co.za/to-rent/western-cape/cape-town/blouberg/parklands/5-helmsley-crescent/RR4630789,"https://www.privateproperty.co.za/to-rent/western-cape/cape-town/55?pt=House,ApartmentFlat,TownHouseCluster&page=50",2026-04-05 20:59:18.337006
RR4630776,11728793,Studio Apartment Bantry Bay,R 20 000,20000,ZAR,Bantry Bay,Bantry Bay,0.5,1,1,,,,,https://www.privateproperty.co.za/to-rent/western-cape/cape-town/atlantic-seaboard/bantry-bay/RR4630776,"https://www.privateproperty.co.za/to-rent/western-cape/cape-town/55?pt=House,ApartmentFlat,TownHouseCluster&page=50",2026-04-05 20:59:18.337006
RR4630772,11728785,2 Bedroom Apartment Parklands,R 10 500,10500,ZAR,Parklands,Parklands,2,1,1,69 m²,,,,https://www.privateproperty.co.za/to-rent/western-cape/cape-town/blouberg/parklands/RR4630772,"https://www.privateproperty.co.za/to-rent/western-cape/cape-town/55?pt=House,ApartmentFlat,TownHouseCluster&page=50",2026-04-05 20:59:18.337006
RR4630746,11728722,2 Bedroom Apartment The Conifers,R 10 500,10500,ZAR,The Conifers,"The Conifers 14 Ruby Heights, 1 Endurance Rd",2,1,2,,-33.9906725104064,18.6956181036973,,https://www.privateproperty.co.za/to-rent/western-cape/cape-town/blue-downs/blue-downs/the-conifers/14-ruby-heights/1-endurance-rd/RR4630746,"https://www.privateproperty.co.za/to-rent/western-cape/cape-town/55?pt=House,ApartmentFlat,TownHouseCluster&page=50",2026-04-05 20:59:18.337006
RR4630730,11728671,2 Bedroom Apartment Durbanville Central,R 10 450,10450,ZAR,Durbanville Central,"Durbanville Central 00 Paveco Villas, 3 Louw Street",2,1,1,,,,,https://www.privateproperty.co.za/to-rent/western-cape/cape-town/durbanville/durbanville-central/00-paveco-villas/3-louw-street/RR4630730,"https://www.privateproperty.co.za/to-rent/western-cape/cape-town/55?pt=House,ApartmentFlat,TownHouseCluster&page=50",2026-04-05 20:59:18.337006
RR4630717,11728633,1 Bedroom Apartment The Conifers,R 7 950,7950,ZAR,The Conifers,The Conifers,1,1,1,,,,,https://www.privateproperty.co.za/to-rent/western-cape/cape-town/blue-downs/blue-downs/the-conifers/RR4630717,"https://www.privateproperty.co.za/to-rent/western-cape/cape-town/55?pt=House,ApartmentFlat,TownHouseCluster&page=50",2026-04-05 20:59:18.337006
RR4630671,11728498,1 Bedroom Apartment Paardevlei,R 13 800,13800,ZAR,Paardevlei,"Paardevlei 467 Paardevlei Lifestyle Estate, 3 De Beers Ave",1,1,1,,-34.092819,18.824186,,https://www.privateproperty.co.za/to-rent/western-cape/cape-town/somerset-west/paardevlei/467-paardevlei-lifestyle-estate/3-de-beers-ave/RR4630671,"https://www.privateproperty.co.za/to-rent/western-cape/cape-town/55?pt=House,ApartmentFlat,TownHouseCluster&page=50",2026-04-05 20:59:18.337006
RR4630660,11728471,1 Bedroom Apartment Parklands,R 9 500,9500,ZAR,Parklands,Parklands,1,1,1,,,,,https://www.privateproperty.co.za/to-rent/western-cape/cape-town/blouberg/parklands/RR4630660,"https://www.privateproperty.co.za/to-rent/western-cape/cape-town/55?pt=House,ApartmentFlat,TownHouseCluster&page=50",2026-04-05 20:59:18.337006
RR4630658,11728467,1 Bedroom Apartment Muizenberg,R 11 750,11750,ZAR,Muizenberg,Muizenberg,1,1,1,,,,,https://www.privateproperty.co.za/to-rent/western-cape/cape-town/peninsula-false-bay/muizenberg/RR4630658,"https://www.privateproperty.co.za/to-rent/western-cape/cape-town/55?pt=House,ApartmentFlat,TownHouseCluster&page=50",2026-04-05 20:59:18.337006
RR4204941,10654817,3 Bedroom House Marina Da Gama,R 27 000,27000,ZAR,Marina Da Gama,Marina Da Gama,3,2,1,,,,,https://www.privateproperty.co.za/to-rent/western-cape/cape-town/peninsula-false-bay/marina-da-gama/RR4204941,"https://www.privateproperty.co.za/to-rent/western-cape/cape-town/55?pt=House,ApartmentFlat,TownHouseCluster&page=50",2026-04-05 20:59:18.337006
RR4630607,11728343,3 Bedroom Apartment Beach Estate,R 27 000,27000,ZAR,Beach Estate,Beach Estate,3,2,,,,,,https://www.privateproperty.co.za/to-rent/western-cape/cape-town/hout-bay/beach-estate/RR4630607,"https://www.privateproperty.co.za/to-rent/western-cape/cape-town/55?pt=House,ApartmentFlat,TownHouseCluster&page=50",2026-04-05 20:59:18.337006
RR4357333,11044620,3 Bedroom Penthouse Bantry Bay,R 200 000,200000,ZAR,Bantry Bay,Bantry Bay,3,3.5,1,,,,,https://www.privateproperty.co.za/to-rent/western-cape/cape-town/atlantic-seaboard/bantry-bay/RR4357333,"https://www.privateproperty.co.za/to-rent/western-cape/cape-town/55?pt=House,ApartmentFlat,TownHouseCluster&page=50",2026-04-05 20:59:18.337006
RR4630590,11728297,2 Bedroom Apartment Parklands,R 16 000,16000,ZAR,Parklands,"Parklands 2 Ss Blue Mountain Village, 4 Dorchester Drive",2,1.5,2,1 ha,-33.814863,18.510777,,https://www.privateproperty.co.za/to-rent/western-cape/cape-town/blouberg/parklands/2-ss-blue-mountain-village/4-dorchester-drive/RR4630590,"https://www.privateproperty.co.za/to-rent/western-cape/cape-town/55?pt=House,ApartmentFlat,TownHouseCluster&page=50",2026-04-05 20:59:18.337006
RR4630584,11728282,1 Bedroom Apartment Macassar,R 10 500,10500,ZAR,Macassar,Macassar 5705 The Huntsman,1,1,1,,-34.0611,18.7521,,https://www.privateproperty.co.za/to-rent/western-cape/cape-town/somerset-west/macassar/5705-the-huntsman/RR4630584,"https://www.privateproperty.co.za/to-rent/western-cape/cape-town/55?pt=House,ApartmentFlat,TownHouseCluster&page=50",2026-04-05 20:59:18.337006
RR4283184,10851341,2 Bedroom Apartment Salt River,R 30 000,30000,ZAR,Salt River,Salt River,2,2,2,,,,,https://www.privateproperty.co.za/to-rent/western-cape/cape-town/cape-town-city-bowl/salt-river/RR4283184,"https://www.privateproperty.co.za/to-rent/western-cape/cape-town/55?pt=House,ApartmentFlat,TownHouseCluster&page=50",2026-04-05 20:59:18.337006
RR4630533,11728147,2 Bedroom Apartment Parklands North,R 18 000,18000,ZAR,Parklands North,"Parklands North 522 Fynbos Lifestyle Estate, 282 Tryall Road",2,2,2,,,,,https://www.privateproperty.co.za/to-rent/western-cape/cape-town/blouberg/parklands-north/522-fynbos-lifestyle-estate/282-tryall-road/RR4630533,"https://www.privateproperty.co.za/to-rent/western-cape/cape-town/55?pt=House,ApartmentFlat,TownHouseCluster&page=50",2026-04-05 20:59:18.337006
RR4456583,11294211,2 Bedroom Apartment Green Point,R 24 000,24000,ZAR,Green Point,Green Point,2,2,,,,,,https://www.privateproperty.co.za/to-rent/western-cape/cape-town/atlantic-seaboard/green-point/RR4456583,"https://www.privateproperty.co.za/to-rent/western-cape/cape-town/55?pt=House,ApartmentFlat,TownHouseCluster&page=50",2026-04-05 20:59:18.337006
RR3545694,8815542,3 Bedroom Townhouse Somerset West Central,R 18 000,18000,ZAR,Somerset West Central,Somerset West Central,3,2,2,,,,,https://www.privateproperty.co.za/to-rent/western-cape/cape-town/somerset-west/somerset-west-central/RR3545694,"https://www.privateproperty.co.za/to-rent/western-cape/cape-town/55?pt=House,ApartmentFlat,TownHouseCluster&page=50",2026-04-05 20:59:18.337006
RR4524230,11463949,3 Bedroom House Schonenberg Estate,R 33 500,33500,ZAR,Schonenberg Estate,Schonenberg Estate,3,2,2,,,,,https://www.privateproperty.co.za/to-rent/western-cape/cape-town/somerset-west/schonenberg-estate/RR4524230,"https://www.privateproperty.co.za/to-rent/western-cape/cape-town/55?pt=House,ApartmentFlat,TownHouseCluster&page=50",2026-04-05 20:59:18.337006
RR4630423,11727812,1 Bedroom Apartment Foreshore,R 19 000,19000,ZAR,Foreshore,Foreshore,1,1,1,,,,,https://www.privateproperty.co.za/to-rent/western-cape/cape-town/atlantic-seaboard/foreshore/RR4630423,"https://www.privateproperty.co.za/to-rent/western-cape/cape-town/55?pt=House,ApartmentFlat,TownHouseCluster&page=50",2026-04-05 20:59:18.337006
RR4630425,11727815,2 Bedroom Apartment Burgundy Estate,R 14 000,14000,ZAR,Burgundy Estate,Burgundy Estate,2,1,2,,,,,https://www.privateproperty.co.za/to-rent/western-cape/cape-town/milnerton/burgundy-estate/RR4630425,"https://www.privateproperty.co.za/to-rent/western-cape/cape-town/55?pt=House,ApartmentFlat,TownHouseCluster&page=51",2026-04-05 20:59:18.337006
RR3848717,9707877,2 Bedroom Apartment Sea Point,R 10 000,10000,ZAR,Sea Point,"Sea Point 1b Seven On S, 7 Selborne",2,3,2,,-33.9185772520003,18.3914566040039,,https://www.privateproperty.co.za/to-rent/western-cape/cape-town/atlantic-seaboard/sea-point/1b-seven-on-s/7-selborne/RR3848717,"https://www.privateproperty.co.za/to-rent/western-cape/cape-town/55?pt=House,ApartmentFlat,TownHouseCluster&page=51",2026-04-05 20:59:18.337006
RR4477065,11345466,2 Bedroom Townhouse Bizweni,R 15 800,15800,ZAR,Bizweni,Bizweni,2,2,1,,,,,https://www.privateproperty.co.za/to-rent/western-cape/cape-town/somerset-west/rome-glen/bizweni/RR4477065,"https://www.privateproperty.co.za/to-rent/western-cape/cape-town/55?pt=House,ApartmentFlat,TownHouseCluster&page=51",2026-04-05 20:59:18.337006
RR4630404,11727754,6 Bedroom House Constantia,R 90 000,90000,ZAR,Constantia,Constantia,6,4.5,,1 800 m²,,,,https://www.privateproperty.co.za/to-rent/western-cape/cape-town/southern-suburbs/constantia/RR4630404,"https://www.privateproperty.co.za/to-rent/western-cape/cape-town/55?pt=House,ApartmentFlat,TownHouseCluster&page=51",2026-04-05 20:59:18.337006
RR4630391,11727689,1 Bedroom Apartment The Conifers,R 8 250,8250,ZAR,The Conifers,The Conifers 3 Thomas Tucker,1,1,1,,-33.9906725104064,18.6956181036973,,https://www.privateproperty.co.za/to-rent/western-cape/cape-town/blue-downs/blue-downs/the-conifers/3-thomas-tucker/RR4630391,"https://www.privateproperty.co.za/to-rent/western-cape/cape-town/55?pt=House,ApartmentFlat,TownHouseCluster&page=51",2026-04-05 20:59:18.337006
RR4630390,11727688,2 Bedroom Apartment Marina Da Gama,R 10 000,10000,ZAR,Marina Da Gama,Marina Da Gama,2,1,1,,,,,https://www.privateproperty.co.za/to-rent/western-cape/cape-town/peninsula-false-bay/marina-da-gama/RR4630390,"https://www.privateproperty.co.za/to-rent/western-cape/cape-town/55?pt=House,ApartmentFlat,TownHouseCluster&page=51",2026-04-05 20:59:18.337006
RR4630382,11727645,2 Bedroom Apartment Somerset West Central,R 14 250,14250,ZAR,Somerset West Central,Somerset West Central,2,2,2,,,,,https://www.privateproperty.co.za/to-rent/western-cape/cape-town/somerset-west/somerset-west-central/RR4630382,"https://www.privateproperty.co.za/to-rent/western-cape/cape-town/55?pt=House,ApartmentFlat,TownHouseCluster&page=51",2026-04-05 20:59:18.337006
RR4630380,11727641,3 Bedroom House Sunningdale,R 25 000,25000,ZAR,Sunningdale,Sunningdale,3,2,4,490 m²,,,,https://www.privateproperty.co.za/to-rent/western-cape/cape-town/blouberg/sunningdale/RR4630380,"https://www.privateproperty.co.za/to-rent/western-cape/cape-town/55?pt=House,ApartmentFlat,TownHouseCluster&page=51",2026-04-05 20:59:18.337006
RR4630376,11727634,2 Bedroom Apartment Tyger Waterfront,R 12 950,12950,ZAR,Tyger Waterfront,"Tyger Waterfront 413 Cascades Terraces, 6 Waterfront Close",2,1,1,,,,,https://www.privateproperty.co.za/to-rent/western-cape/cape-town/bellville/tyger-waterfront/413-cascades-terraces/6-waterfront-close/RR4630376,"https://www.privateproperty.co.za/to-rent/western-cape/cape-town/55?pt=House,ApartmentFlat,TownHouseCluster&page=51",2026-04-05 20:59:18.337006
RR4630374,11727631,2 Bedroom Apartment The Conifers,R 10 350,10350,ZAR,The Conifers,The Conifers 2 Thomas Tucker,2,1,1,,-33.9906725104064,18.6956181036973,,https://www.privateproperty.co.za/to-rent/western-cape/cape-town/blue-downs/blue-downs/the-conifers/2-thomas-tucker/RR4630374,"https://www.privateproperty.co.za/to-rent/western-cape/cape-town/55?pt=House,ApartmentFlat,TownHouseCluster&page=51",2026-04-05 20:59:18.337006
RR4630367,11727605,2 Bedroom Apartment Bloubergrant,R 14 500,14500,ZAR,Bloubergrant,Bloubergrant,2,1,2,,,,,https://www.privateproperty.co.za/to-rent/western-cape/cape-town/blouberg/bloubergrant/RR4630367,"https://www.privateproperty.co.za/to-rent/western-cape/cape-town/55?pt=House,ApartmentFlat,TownHouseCluster&page=51",2026-04-05 20:59:18.337006
RR4630355,11727581,2 Bedroom Apartment Table View,R 18 000,18000,ZAR,Table View,Table View,2,2,1,,,,,https://www.privateproperty.co.za/to-rent/western-cape/cape-town/blouberg/table-view/RR4630355,"https://www.privateproperty.co.za/to-rent/western-cape/cape-town/55?pt=House,ApartmentFlat,TownHouseCluster&page=51",2026-04-05 20:59:18.337006
RR4630341,11727542,1 Bedroom Apartment Lochnerhof,R 8 000,8000,ZAR,Lochnerhof,Lochnerhof,1,1,,,,,,https://www.privateproperty.co.za/to-rent/western-cape/cape-town/strand/strand-central/lochnerhof/RR4630341,"https://www.privateproperty.co.za/to-rent/western-cape/cape-town/55?pt=House,ApartmentFlat,TownHouseCluster&page=51",2026-04-05 20:59:18.337006
RR4630333,11727525,1 Bedroom Apartment Big Bay,R 16 000,16000,ZAR,Big Bay,Big Bay,1,1,1,,,,,https://www.privateproperty.co.za/to-rent/western-cape/cape-town/blouberg/big-bay/RR4630333,"https://www.privateproperty.co.za/to-rent/western-cape/cape-town/55?pt=House,ApartmentFlat,TownHouseCluster&page=51",2026-04-05 20:59:18.337006
RR3886221,9815039,Studio Apartment Foreshore,R 16 000,16000,ZAR,Foreshore,Foreshore,0.5,1,,,,,,https://www.privateproperty.co.za/to-rent/western-cape/cape-town/atlantic-seaboard/foreshore/RR3886221,"https://www.privateproperty.co.za/to-rent/western-cape/cape-town/55?pt=House,ApartmentFlat,TownHouseCluster&page=51",2026-04-05 20:59:18.337006
RR4630287,11727396,2 Bedroom Townhouse Salt River,R 14 500,14500,ZAR,Salt River,Salt River,2,1,,116 m²,,,,https://www.privateproperty.co.za/to-rent/western-cape/cape-town/cape-town-city-bowl/salt-river/RR4630287,"https://www.privateproperty.co.za/to-rent/western-cape/cape-town/55?pt=House,ApartmentFlat,TownHouseCluster&page=51",2026-04-05 20:59:18.337006
RR4192479,10624009,4 Bedroom House Bergvliet,R 40 000,40000,ZAR,Bergvliet,Bergvliet 2 Drostdy Road,4,2.5,2,1 800 m²,-34.0458333,18.4541667,,https://www.privateproperty.co.za/to-rent/western-cape/cape-town/southern-suburbs/bergvliet/2-drostdy-road/RR4192479,"https://www.privateproperty.co.za/to-rent/western-cape/cape-town/55?pt=House,ApartmentFlat,TownHouseCluster&page=51",2026-04-05 20:59:18.337006
RR4630250,11727297,1 Bedroom Apartment Rondebosch,R 9 500,9500,ZAR,Rondebosch,Rondebosch,1,1,1,1 080 m²,,,,https://www.privateproperty.co.za/to-rent/western-cape/cape-town/southern-suburbs/rondebosch/RR4630250,"https://www.privateproperty.co.za/to-rent/western-cape/cape-town/55?pt=House,ApartmentFlat,TownHouseCluster&page=51",2026-04-05 20:59:18.337006
RR4630178,11727137,1 Bedroom Apartment Cape Town City Centre,R 18 500,18500,ZAR,Cape Town City Centre,"Cape Town City Centre 2101 Stonehill Place, 22 Riebeek Street",1,1,,,,,,https://www.privateproperty.co.za/to-rent/western-cape/cape-town/cape-town-city-bowl/cape-town-city-centre/2101-stonehill-place/22-riebeek-street/RR4630178,"https://www.privateproperty.co.za/to-rent/western-cape/cape-town/55?pt=House,ApartmentFlat,TownHouseCluster&page=51",2026-04-05 20:59:18.337006
RR4630177,11727131,5 Bedroom House West Beach,R 36 000,36000,ZAR,West Beach,West Beach,5,3,2,,,,,https://www.privateproperty.co.za/to-rent/western-cape/cape-town/blouberg/west-beach/RR4630177,"https://www.privateproperty.co.za/to-rent/western-cape/cape-town/55?pt=House,ApartmentFlat,TownHouseCluster&page=51",2026-04-05 20:59:18.337006
RR4630094,11726955,2 Bedroom Apartment Wynberg,R 22 000,22000,ZAR,Wynberg,Wynberg,2,1,1,,,,,https://www.privateproperty.co.za/to-rent/western-cape/cape-town/southern-suburbs/wynberg/RR4630094,"https://www.privateproperty.co.za/to-rent/western-cape/cape-town/55?pt=House,ApartmentFlat,TownHouseCluster&page=52",2026-04-05 20:59:18.337006
RR4630088,11726935,4 Bedroom House Green Point,R 50 000 per day,50000,ZAR,Green Point,Green Point,4,4,1,,,,,https://www.privateproperty.co.za/to-rent/western-cape/cape-town/atlantic-seaboard/green-point/RR4630088,"https://www.privateproperty.co.za/to-rent/western-cape/cape-town/55?pt=House,ApartmentFlat,TownHouseCluster&page=52",2026-04-05 20:59:18.337006
RR4630060,11726848,3 Bedroom House Welgedacht,R 32 000,32000,ZAR,Welgedacht,Welgedacht,3,2,2,,,,,https://www.privateproperty.co.za/to-rent/western-cape/cape-town/bellville/welgedacht/RR4630060,"https://www.privateproperty.co.za/to-rent/western-cape/cape-town/55?pt=House,ApartmentFlat,TownHouseCluster&page=52",2026-04-05 20:59:18.337006
RR4630016,11726717,3 Bedroom Townhouse Soneike,R 16 490,16490,ZAR,Soneike,Soneike,3,2,1,223 m²,,,,https://www.privateproperty.co.za/to-rent/western-cape/cape-town/kuils-river/soneike/RR4630016,"https://www.privateproperty.co.za/to-rent/western-cape/cape-town/55?pt=House,ApartmentFlat,TownHouseCluster&page=52",2026-04-05 20:59:18.337006
RR4629994,11726657,2 Bedroom Apartment Maitland,R 9 750,9750,ZAR,Maitland,Maitland,2,1,,,,,,https://www.privateproperty.co.za/to-rent/western-cape/cape-town/milnerton/maitland/RR4629994,"https://www.privateproperty.co.za/to-rent/western-cape/cape-town/55?pt=House,ApartmentFlat,TownHouseCluster&page=52",2026-04-05 20:59:18.337006
RR4629990,11726638,3 Bedroom Apartment Parklands East,R 15 500,15500,ZAR,Parklands East,Parklands East,3,2,1,,,,,https://www.privateproperty.co.za/to-rent/western-cape/cape-town/blouberg/parklands/parklands-east/RR4629990,"https://www.privateproperty.co.za/to-rent/western-cape/cape-town/55?pt=House,ApartmentFlat,TownHouseCluster&page=52",2026-04-05 20:59:18.337006
RR4629977,11726604,3 Bedroom House Flamingo Vlei,R 21 500,21500,ZAR,Flamingo Vlei,Flamingo Vlei 32 Pentz Drive,3,2,,,-33.8347477,18.494199,,https://www.privateproperty.co.za/to-rent/western-cape/cape-town/blouberg/flamingo-vlei/32-pentz-drive/RR4629977,"https://www.privateproperty.co.za/to-rent/western-cape/cape-town/55?pt=House,ApartmentFlat,TownHouseCluster&page=52",2026-04-05 20:59:18.337006
RR4629955,11726535,3 Bedroom House Buh Rein Estate,R 24 500,24500,ZAR,Buh Rein Estate,"Buh Rein Estate 18 Le Coste Lifestyle Estate, 18 Tinamou Crescent",3,2.5,4,,-33.827987199999995,18.7085614,,https://www.privateproperty.co.za/to-rent/western-cape/cape-town/kraaifontein/buh-rein-estate/18-le-coste-lifestyle-estate/18-tinamou-crescent/RR4629955,"https://www.privateproperty.co.za/to-rent/western-cape/cape-town/55?pt=House,ApartmentFlat,TownHouseCluster&page=52",2026-04-05 20:59:18.337006
RR4013473,10158108,2 Bedroom House Jagtershof,R 12 000,12000,ZAR,Jagtershof,Jagtershof,2,1,6,,,,,https://www.privateproperty.co.za/to-rent/western-cape/cape-town/kuils-river/jagtershof/RR4013473,"https://www.privateproperty.co.za/to-rent/western-cape/cape-town/55?pt=House,ApartmentFlat,TownHouseCluster&page=52",2026-04-05 20:59:18.337006
RR4629866,11726325,1 Bedroom Apartment Waterfront,R 35 000,35000,ZAR,Waterfront,Waterfront,1,1,1,,,,,https://www.privateproperty.co.za/to-rent/western-cape/cape-town/atlantic-seaboard/waterfront/RR4629866,"https://www.privateproperty.co.za/to-rent/western-cape/cape-town/55?pt=House,ApartmentFlat,TownHouseCluster&page=52",2026-04-05 20:59:18.337006
RR4629855,11726302,1 Bedroom Cluster Plattekloof,R 8 736,8736,ZAR,Plattekloof,Plattekloof,1,1,1,,,,,https://www.privateproperty.co.za/to-rent/western-cape/cape-town/parow/plattekloof/RR4629855,"https://www.privateproperty.co.za/to-rent/western-cape/cape-town/55?pt=House,ApartmentFlat,TownHouseCluster&page=52",2026-04-05 20:59:18.337006
RR3181959,7841867,3 Bedroom Apartment Fresnaye,R 55 000,55000,ZAR,Fresnaye,Fresnaye,3,3,1,,,,,https://www.privateproperty.co.za/to-rent/western-cape/cape-town/atlantic-seaboard/fresnaye/RR3181959,"https://www.privateproperty.co.za/to-rent/western-cape/cape-town/55?pt=House,ApartmentFlat,TownHouseCluster&page=52",2026-04-05 20:59:18.337006
RR4629816,11726183,2 Bedroom Apartment Claremont Upper,R 28 000,28000,ZAR,Claremont Upper,"Claremont Upper 707 Montclare Place, 21 Campground Rd",2,2,1,,-33.97723474363686,18.465693046265557,,https://www.privateproperty.co.za/to-rent/western-cape/cape-town/southern-suburbs/claremont/claremont-upper/707-montclare-place/21-campground-rd/RR4629816,"https://www.privateproperty.co.za/to-rent/western-cape/cape-town/55?pt=House,ApartmentFlat,TownHouseCluster&page=52",2026-04-05 20:59:18.337006
RR4629782,11726094,2 Bedroom Apartment Buh Rein Estate,R 9 000,9000,ZAR,Buh Rein Estate,"Buh Rein Estate 24 Rosenvale, 6 Buhrein Drive",2,1,1,,,,,https://www.privateproperty.co.za/to-rent/western-cape/cape-town/kraaifontein/buh-rein-estate/24-rosenvale/6-buhrein-drive/RR4629782,"https://www.privateproperty.co.za/to-rent/western-cape/cape-town/55?pt=House,ApartmentFlat,TownHouseCluster&page=52",2026-04-05 20:59:18.337006
RR4629751,11726038,2 Bedroom Apartment Klipkop,R 7 000,7000,ZAR,Klipkop,"Klipkop 28 Villa Di Spiranze, 87 Clarendon Street",2,1,1,,-33.9155484654237,18.6036609449228,,https://www.privateproperty.co.za/to-rent/western-cape/cape-town/parow/klipkop/28-villa-di-spiranze/87-clarendon-street/RR4629751,"https://www.privateproperty.co.za/to-rent/western-cape/cape-town/55?pt=House,ApartmentFlat,TownHouseCluster&page=52",2026-04-05 20:59:18.337006
RR4330680,10971454,3 Bedroom House Kuilsriver,R 14 500,14500,ZAR,Kuilsriver,Kuilsriver,3,2,1,,,,,https://www.privateproperty.co.za/to-rent/western-cape/cape-town/kuils-river/kuilsriver/RR4330680,"https://www.privateproperty.co.za/to-rent/western-cape/cape-town/55?pt=House,ApartmentFlat,TownHouseCluster&page=52",2026-04-05 20:59:18.337006
RR4629684,11725871,1 Bedroom Apartment Bloubergrant,R 15 000,15000,ZAR,Bloubergrant,Bloubergrant,1,1,1,,,,,https://www.privateproperty.co.za/to-rent/western-cape/cape-town/blouberg/bloubergrant/RR4629684,"https://www.privateproperty.co.za/to-rent/western-cape/cape-town/55?pt=House,ApartmentFlat,TownHouseCluster&page=52",2026-04-05 20:59:18.337006
RR4349009,11021726,2 Bedroom House Westgate,R 11 000,11000,ZAR,Westgate,Westgate,2,2,4,303 m²,,,,https://www.privateproperty.co.za/to-rent/western-cape/cape-town/mitchells-plain/mitchells-plain/westgate/RR4349009,"https://www.privateproperty.co.za/to-rent/western-cape/cape-town/55?pt=House,ApartmentFlat,TownHouseCluster&page=52",2026-04-05 20:59:18.337006
RR4629643,11725771,6 Bedroom House Constantia,R 150 000,150000,ZAR,Constantia,Constantia,6,6,,,,,,https://www.privateproperty.co.za/to-rent/western-cape/cape-town/southern-suburbs/constantia/RR4629643,"https://www.privateproperty.co.za/to-rent/western-cape/cape-town/55?pt=House,ApartmentFlat,TownHouseCluster&page=52",2026-04-05 20:59:18.337006
RR4629615,11725697,2 Bedroom Apartment Richwood,R 16 500,16500,ZAR,Richwood,Richwood,2,2,,,,,,https://www.privateproperty.co.za/to-rent/western-cape/cape-town/milnerton/richwood/RR4629615,"https://www.privateproperty.co.za/to-rent/western-cape/cape-town/55?pt=House,ApartmentFlat,TownHouseCluster&page=52",2026-04-05 20:59:18.337006
RR4629617,11725699,2 Bedroom Apartment Richwood,R 16 500,16500,ZAR,Richwood,Richwood,2,2,2,,,,,https://www.privateproperty.co.za/to-rent/western-cape/cape-town/milnerton/richwood/RR4629617,"https://www.privateproperty.co.za/to-rent/western-cape/cape-town/55?pt=House,ApartmentFlat,TownHouseCluster&page=53",2026-04-05 20:59:18.337006
RR4629590,11725648,1 Bedroom Apartment Richwood,R 16 000,16000,ZAR,Richwood,Richwood,1,1,1,63 m²,,,,https://www.privateproperty.co.za/to-rent/western-cape/cape-town/milnerton/richwood/de-aan-zicht-lifestyle-security-estate/giel-basson-dr-rooiheuwel-rd-richwood-7441/RR4629590,"https://www.privateproperty.co.za/to-rent/western-cape/cape-town/55?pt=House,ApartmentFlat,TownHouseCluster&page=53",2026-04-05 20:59:18.337006
RR4629579,11725620,3 Bedroom Apartment Kensington,R 14 500,14500,ZAR,Kensington,Kensington,3,1,2,,,,,https://www.privateproperty.co.za/to-rent/western-cape/cape-town/goodwood/goodwood/kensington/RR4629579,"https://www.privateproperty.co.za/to-rent/western-cape/cape-town/55?pt=House,ApartmentFlat,TownHouseCluster&page=53",2026-04-05 20:59:18.337006
RR4629553,11725551,1 Bedroom Apartment Glencairn Heights,R 17 000,17000,ZAR,Glencairn Heights,Glencairn Heights,1,1,,,,,,https://www.privateproperty.co.za/to-rent/western-cape/cape-town/peninsula-false-bay/glencairn/glencairn-heights/RR4629553,"https://www.privateproperty.co.za/to-rent/western-cape/cape-town/55?pt=House,ApartmentFlat,TownHouseCluster&page=53",2026-04-05 20:59:18.337006
RR4629541,11725506,1 Bedroom Apartment Observatory,R 14 500,14500,ZAR,Observatory,Observatory,1,1,,,,,,https://www.privateproperty.co.za/to-rent/western-cape/cape-town/cape-town-city-bowl/observatory/RR4629541,"https://www.privateproperty.co.za/to-rent/western-cape/cape-town/55?pt=House,ApartmentFlat,TownHouseCluster&page=53",2026-04-05 20:59:18.337006
RR4629538,11725496,3 Bedroom Apartment Mouille Point,R 185 000,185000,ZAR,Mouille Point,Mouille Point Mouille Point Mouille Point,3,3.5,2,,,,,https://www.privateproperty.co.za/to-rent/western-cape/cape-town/atlantic-seaboard/mouille-point/mouille-point-mouille-point/RR4629538,"https://www.privateproperty.co.za/to-rent/western-cape/cape-town/55?pt=House,ApartmentFlat,TownHouseCluster&page=53",2026-04-05 20:59:18.337006
RR4629524,11725463,3 Bedroom Apartment Rondebosch,R 22 000,22000,ZAR,Rondebosch,Rondebosch,3,1,1,,,,,https://www.privateproperty.co.za/to-rent/western-cape/cape-town/southern-suburbs/rondebosch/RR4629524,"https://www.privateproperty.co.za/to-rent/western-cape/cape-town/55?pt=House,ApartmentFlat,TownHouseCluster&page=53",2026-04-05 20:59:18.337006
RR3283122,8085931,Studio Apartment Table View,R 8 900,8900,ZAR,Table View,"Table View 3 42 On North, 42 North Road",0.5,1,1,1 005 m²,-33.8303181,18.5133653,,https://www.privateproperty.co.za/to-rent/western-cape/cape-town/blouberg/table-view/3-42-on-north/42-north-road/RR3283122,"https://www.privateproperty.co.za/to-rent/western-cape/cape-town/55?pt=House,ApartmentFlat,TownHouseCluster&page=53",2026-04-05 20:59:18.337006
RR4629457,11725282,2 Bedroom Apartment Kalk Bay,R 29 900,29900,ZAR,Kalk Bay,Kalk Bay 6 Colyn Road,2,1,,,,,,https://www.privateproperty.co.za/to-rent/western-cape/cape-town/peninsula-false-bay/kalk-bay/6-colyn-road/RR4629457,"https://www.privateproperty.co.za/to-rent/western-cape/cape-town/55?pt=House,ApartmentFlat,TownHouseCluster&page=53",2026-04-05 20:59:18.337006
RR4629454,11725267,1 Bedroom Apartment Audas Estate,R 8 400,8400,ZAR,Audas Estate,Audas Estate,1,1,,3 452 m²,,,,https://www.privateproperty.co.za/to-rent/western-cape/cape-town/somerset-west/audas-estate/RR4629454,"https://www.privateproperty.co.za/to-rent/western-cape/cape-town/55?pt=House,ApartmentFlat,TownHouseCluster&page=53",2026-04-05 20:59:18.337006
RR4629424,11725186,2 Bedroom Apartment Table View,R 17 500,17500,ZAR,Table View,Table View,2,1,1,,,,,https://www.privateproperty.co.za/to-rent/western-cape/cape-town/blouberg/table-view/RR4629424,"https://www.privateproperty.co.za/to-rent/western-cape/cape-town/55?pt=House,ApartmentFlat,TownHouseCluster&page=53",2026-04-05 20:59:18.337006
RR4629397,11725105,Studio Apartment Croydon Olive Estate,R 10 500,10500,ZAR,Croydon Olive Estate,Croydon Olive Estate,,1,,,,,,https://www.privateproperty.co.za/to-rent/western-cape/cape-town/somerset-west/croydon/croydon-olive-estate/RR4629397,"https://www.privateproperty.co.za/to-rent/western-cape/cape-town/55?pt=House,ApartmentFlat,TownHouseCluster&page=53",2026-04-05 20:59:18.337006
RR4629387,11725078,4 Bedroom House Newlands,R 85 000,85000,ZAR,Newlands,Newlands,4,3.5,2,,,,,https://www.privateproperty.co.za/to-rent/western-cape/cape-town/southern-suburbs/newlands/RR4629387,"https://www.privateproperty.co.za/to-rent/western-cape/cape-town/55?pt=House,ApartmentFlat,TownHouseCluster&page=53",2026-04-05 20:59:18.337006
RR4629269,11724763,1 Bedroom Apartment Richwood,R 12 500,12500,ZAR,Richwood,Richwood,1,1,1,53 m²,,,,https://www.privateproperty.co.za/to-rent/western-cape/cape-town/milnerton/richwood/de-aan-zicht-lifestyle-security-estate/giel-basson-dr-rooiheuwel-rd-richwood-7441/RR4629269,"https://www.privateproperty.co.za/to-rent/western-cape/cape-town/55?pt=House,ApartmentFlat,TownHouseCluster&page=53",2026-04-05 20:59:18.337006
RR4628965,11723860,2 Bedroom House Burgundy Estate,R 16 000,16000,ZAR,Burgundy Estate,Burgundy Estate 1 Cinnabar Street,2,2,3,200 m²,-33.8437881,18.5475271,,https://www.privateproperty.co.za/to-rent/western-cape/cape-town/milnerton/burgundy-estate/1-cinnabar-street/RR4628965,"https://www.privateproperty.co.za/to-rent/western-cape/cape-town/55?pt=House,ApartmentFlat,TownHouseCluster&page=53",2026-04-05 20:59:18.337006
RR4629198,11724590,4 Bedroom House Flamingo Vlei,R 40 000,40000,ZAR,Flamingo Vlei,Flamingo Vlei,4,3,3,695 m²,,,,https://www.privateproperty.co.za/to-rent/western-cape/cape-town/blouberg/flamingo-vlei/RR4629198,"https://www.privateproperty.co.za/to-rent/western-cape/cape-town/55?pt=House,ApartmentFlat,TownHouseCluster&page=53",2026-04-05 20:59:18.337006
RR4629192,11724571,3 Bedroom House Flamingo Vlei,R 40 000,40000,ZAR,Flamingo Vlei,Flamingo Vlei,3,5,2,918 m²,,,,https://www.privateproperty.co.za/to-rent/western-cape/cape-town/blouberg/flamingo-vlei/RR4629192,"https://www.privateproperty.co.za/to-rent/western-cape/cape-town/55?pt=House,ApartmentFlat,TownHouseCluster&page=53",2026-04-05 20:59:18.337006
RR4348809,11021258,2 Bedroom Apartment Fairview Golf Estate,R 8 400,8400,ZAR,Fairview Golf Estate,"Fairview Golf Estate 56 66 On Fairways, 38 Augusta Close",2,1,1,,-34.1375629,18.8686586,,https://www.privateproperty.co.za/to-rent/western-cape/cape-town/gordons-bay/fairview-golf-estate/56-66-on-fairways/38-augusta-close/RR4348809,"https://www.privateproperty.co.za/to-rent/western-cape/cape-town/55?pt=House,ApartmentFlat,TownHouseCluster&page=53",2026-04-05 20:59:18.337006
RR4616851,11692413,3 Bedroom House Diep River,R 23 000,23000,ZAR,Diep River,Diep River 67 Mile End Road,3,2,3,750 m²,-34.0364441700824,18.4645843505859,,https://www.privateproperty.co.za/to-rent/western-cape/cape-town/southern-suburbs/diep-river/67-mile-end-road/RR4616851,"https://www.privateproperty.co.za/to-rent/western-cape/cape-town/55?pt=House,ApartmentFlat,TownHouseCluster&page=53",2026-04-05 20:59:18.337006
RR4629165,11724477,2 Bedroom Apartment Three Anchor Bay,R 29 500,29500,ZAR,Three Anchor Bay,Three Anchor Bay,2,1,1,,,,,https://www.privateproperty.co.za/to-rent/western-cape/cape-town/atlantic-seaboard/three-anchor-bay/RR4629165,"https://www.privateproperty.co.za/to-rent/western-cape/cape-town/55?pt=House,ApartmentFlat,TownHouseCluster&page=53",2026-04-05 20:59:18.337006
RR4629152,11724429,1 Bedroom Apartment Green Point,R 15 000,15000,ZAR,Green Point,Green Point,1,1,1,44 m²,,,,https://www.privateproperty.co.za/to-rent/western-cape/cape-town/atlantic-seaboard/green-point/RR4629152,"https://www.privateproperty.co.za/to-rent/western-cape/cape-town/55?pt=House,ApartmentFlat,TownHouseCluster&page=54",2026-04-05 20:59:18.337006
RR3141437,7741505,1 Bedroom Flat Meadowridge,R 17 500,17500,ZAR,Meadowridge,Meadowridge,1,1,,,,,,https://www.privateproperty.co.za/to-rent/western-cape/cape-town/southern-suburbs/meadowridge/RR3141437,"https://www.privateproperty.co.za/to-rent/western-cape/cape-town/55?pt=House,ApartmentFlat,TownHouseCluster&page=54",2026-04-05 20:59:18.337006
RR4629118,11724311,3 Bedroom House Victorskloof,R 100 000,100000,ZAR,Victorskloof,Victorskloof,3,5.5,4,947 m²,,,,https://www.privateproperty.co.za/to-rent/western-cape/cape-town/hout-bay/victorskloof/RR4629118,"https://www.privateproperty.co.za/to-rent/western-cape/cape-town/55?pt=House,ApartmentFlat,TownHouseCluster&page=54",2026-04-05 20:59:18.337006
RR4629103,11724250,3 Bedroom Apartment Sandown,R 18 700,18700,ZAR,Sandown,Sandown,3,2,1,,,,,https://www.privateproperty.co.za/to-rent/western-cape/cape-town/blouberg/sandown/RR4629103,"https://www.privateproperty.co.za/to-rent/western-cape/cape-town/55?pt=House,ApartmentFlat,TownHouseCluster&page=54",2026-04-05 20:59:18.337006
RR4629101,11724241,1 Bedroom House Gordons Bay Central,R 14 000,14000,ZAR,Gordons Bay Central,"Gordons Bay Central 53 Nagua Bay, 36 Faure Marine Drive",1,1,,,-34.1458276,18.8535605,,https://www.privateproperty.co.za/to-rent/western-cape/cape-town/gordons-bay/gordons-bay-central/53-nagua-bay/36-faure-marine-drive/RR4629101,"https://www.privateproperty.co.za/to-rent/western-cape/cape-town/55?pt=House,ApartmentFlat,TownHouseCluster&page=54",2026-04-05 20:59:18.337006
RR4629038,11724041,1 Bedroom House Glencairn Heights,R 10 500,10500,ZAR,Glencairn Heights,Glencairn Heights,1,1,1,,,,,https://www.privateproperty.co.za/to-rent/western-cape/cape-town/peninsula-false-bay/glencairn/glencairn-heights/RR4629038,"https://www.privateproperty.co.za/to-rent/western-cape/cape-town/55?pt=House,ApartmentFlat,TownHouseCluster&page=54",2026-04-05 20:59:18.337006
RR3223866,7943321,2 Bedroom Townhouse Big Bay,R 35 000,35000,ZAR,Big Bay,Big Bay,2,2.5,5,274 m²,,,,https://www.privateproperty.co.za/to-rent/western-cape/cape-town/blouberg/big-bay/RR3223866,"https://www.privateproperty.co.za/to-rent/western-cape/cape-town/55?pt=House,ApartmentFlat,TownHouseCluster&page=54",2026-04-05 20:59:18.337006
RR4629022,11724002,3 Bedroom House Century City,R 33 000,33000,ZAR,Century City,Century City 25 Monet Avenue,3,2,4,337 m²,-33.884332,18.514181,,https://www.privateproperty.co.za/to-rent/western-cape/cape-town/milnerton/century-city/25-monet-avenue/RR4629022,"https://www.privateproperty.co.za/to-rent/western-cape/cape-town/55?pt=House,ApartmentFlat,TownHouseCluster&page=54",2026-04-05 20:59:18.337006
RR4332972,10977591,3 Bedroom House Parklands,R 21 000,21000,ZAR,Parklands,Parklands,3,2,1,325 m²,,,,https://www.privateproperty.co.za/to-rent/western-cape/cape-town/blouberg/parklands/RR4332972,"https://www.privateproperty.co.za/to-rent/western-cape/cape-town/55?pt=House,ApartmentFlat,TownHouseCluster&page=54",2026-04-05 20:59:18.337006
RR3648596,9109275,3 Bedroom House Ridgeworth,R 25 000,25000,ZAR,Ridgeworth,Ridgeworth,3,2,3,530 m²,,,,https://www.privateproperty.co.za/to-rent/western-cape/cape-town/bellville/ridgeworth/RR3648596,"https://www.privateproperty.co.za/to-rent/western-cape/cape-town/55?pt=House,ApartmentFlat,TownHouseCluster&page=54",2026-04-05 20:59:18.337006
RR4628954,11723821,Bachelor apartment Belmont Park,R 4 900,4900,ZAR,Belmont Park,Belmont Park,1,1,1,1 616 m²,,,,https://www.privateproperty.co.za/to-rent/western-cape/cape-town/kraaifontein/belmont-park/RR4628954,"https://www.privateproperty.co.za/to-rent/western-cape/cape-town/55?pt=House,ApartmentFlat,TownHouseCluster&page=54",2026-04-05 20:59:18.337006
RR4628948,11723806,2 Bedroom Apartment Vredehoek,R 26 000,26000,ZAR,Vredehoek,Vredehoek,2,1,1,,,,,https://www.privateproperty.co.za/to-rent/western-cape/cape-town/cape-town-city-bowl/vredehoek/RR4628948,"https://www.privateproperty.co.za/to-rent/western-cape/cape-town/55?pt=House,ApartmentFlat,TownHouseCluster&page=54",2026-04-05 20:59:18.337006
RR4628945,11723803,2 Bedroom House Observatory,R 22 000,22000,ZAR,Observatory,Observatory,2,2,1,,,,,https://www.privateproperty.co.za/to-rent/western-cape/cape-town/cape-town-city-bowl/observatory/RR4628945,"https://www.privateproperty.co.za/to-rent/western-cape/cape-town/55?pt=House,ApartmentFlat,TownHouseCluster&page=54",2026-04-05 20:59:18.337006
RR4628911,11723735,2 Bedroom Apartment Sea Point,R 30 000,30000,ZAR,Sea Point,"Sea Point 103 Pleasant Ways, 275 Beach Road",2,1,1,,,,,https://www.privateproperty.co.za/to-rent/western-cape/cape-town/atlantic-seaboard/sea-point/103-pleasant-ways/275-beach-road/RR4628911,"https://www.privateproperty.co.za/to-rent/western-cape/cape-town/55?pt=House,ApartmentFlat,TownHouseCluster&page=54",2026-04-05 20:59:18.337006
RR4628903,11723716,3 Bedroom House Pinehurst,R 24 000,24000,ZAR,Pinehurst,Pinehurst,3,2,2,,,,,https://www.privateproperty.co.za/to-rent/western-cape/cape-town/durbanville/pinehurst/RR4628903,"https://www.privateproperty.co.za/to-rent/western-cape/cape-town/55?pt=House,ApartmentFlat,TownHouseCluster&page=54",2026-04-05 20:59:18.337006
RR4628902,11723713,1 Bedroom Cluster Plattekloof,R 8 736,8736,ZAR,Plattekloof,Plattekloof,1,1,,,,,,https://www.privateproperty.co.za/to-rent/western-cape/cape-town/parow/plattekloof/RR4628902,"https://www.privateproperty.co.za/to-rent/western-cape/cape-town/55?pt=House,ApartmentFlat,TownHouseCluster&page=54",2026-04-05 20:59:18.337006
RR4421576,11207241,Bachelor apartment Muizenberg,R 14 000,14000,ZAR,Muizenberg,Muizenberg 196b Main Road,1,1,,,,,,https://www.privateproperty.co.za/to-rent/western-cape/cape-town/peninsula-false-bay/muizenberg/196b-main-road/RR4421576,"https://www.privateproperty.co.za/to-rent/western-cape/cape-town/55?pt=House,ApartmentFlat,TownHouseCluster&page=54",2026-04-05 20:59:18.337006
RR4390140,11128286,3 Bedroom Townhouse Big Bay,R 33 000,33000,ZAR,Big Bay,Big Bay,3,3,4,,,,,https://www.privateproperty.co.za/to-rent/western-cape/cape-town/blouberg/big-bay/RR4390140,"https://www.privateproperty.co.za/to-rent/western-cape/cape-town/55?pt=House,ApartmentFlat,TownHouseCluster&page=54",2026-04-05 20:59:18.337006
RR4628816,11723516,3 Bedroom House Fish Hoek,R 29 000,29000,ZAR,Fish Hoek,Fish Hoek 103 Hillside Road,3,2.5,1,,,,,https://www.privateproperty.co.za/to-rent/western-cape/cape-town/peninsula-false-bay/fish-hoek/103-hillside-road/RR4628816,"https://www.privateproperty.co.za/to-rent/western-cape/cape-town/55?pt=House,ApartmentFlat,TownHouseCluster&page=54",2026-04-05 20:59:18.337006
RR4628809,11723498,2 Bedroom House Wynberg Upper,R 19 800,19800,ZAR,Wynberg Upper,Wynberg Upper 71 Durban Road,2,2,,,-34.0088930333936,18.4640943087714,,https://www.privateproperty.co.za/to-rent/western-cape/cape-town/southern-suburbs/wynberg/wynberg-upper/71-durban-road/RR4628809,"https://www.privateproperty.co.za/to-rent/western-cape/cape-town/55?pt=House,ApartmentFlat,TownHouseCluster&page=54",2026-04-05 20:59:18.337006
RR4628753,11723359,3 Bedroom House Lansdowne,R 15 000,15000,ZAR,Lansdowne,Lansdowne,3,1,1,,,,,https://www.privateproperty.co.za/to-rent/western-cape/cape-town/cape-flats/lansdowne/RR4628753,"https://www.privateproperty.co.za/to-rent/western-cape/cape-town/55?pt=House,ApartmentFlat,TownHouseCluster&page=55",2026-04-05 20:59:18.337006
RR4628791,11723453,2 Bedroom House Kuilsriver,R 15 850,15850,ZAR,Kuilsriver,Kuilsriver 65 Sienna Street,2,1,4,216 m²,-33.9473393,18.7026975,,https://www.privateproperty.co.za/to-rent/western-cape/cape-town/kuils-river/kuilsriver/65-sienna-street/RR4628791,"https://www.privateproperty.co.za/to-rent/western-cape/cape-town/55?pt=House,ApartmentFlat,TownHouseCluster&page=55",2026-04-05 20:59:18.337006
RR4628786,11723432,Studio Apartment West Beach,R 12 000,12000,ZAR,West Beach,West Beach,0.5,1,,,,,,https://www.privateproperty.co.za/to-rent/western-cape/cape-town/blouberg/west-beach/RR4628786,"https://www.privateproperty.co.za/to-rent/western-cape/cape-town/55?pt=House,ApartmentFlat,TownHouseCluster&page=55",2026-04-05 20:59:18.337006
RR4628743,11723337,4 Bedroom House Sonkring,R 29 500,29500,ZAR,Sonkring,Sonkring,4,2,5,,,,,https://www.privateproperty.co.za/to-rent/western-cape/cape-town/brackenfell/sonkring/RR4628743,"https://www.privateproperty.co.za/to-rent/western-cape/cape-town/55?pt=House,ApartmentFlat,TownHouseCluster&page=55",2026-04-05 20:59:18.337006
RR4628739,11723329,Studio Apartment Century City,R 16 500,16500,ZAR,Century City,"Century City 3106 Park Place, 108 Bridgeway",0.5,1,1,,,,,https://www.privateproperty.co.za/to-rent/western-cape/cape-town/milnerton/century-city/3106-park-place/108-bridgeway/RR4628739,"https://www.privateproperty.co.za/to-rent/western-cape/cape-town/55?pt=House,ApartmentFlat,TownHouseCluster&page=55",2026-04-05 20:59:18.337006
RR4628731,11723307,1 Bedroom Apartment Sea Point,R 26 000,26000,ZAR,Sea Point,Sea Point,1,1,,,,,,https://www.privateproperty.co.za/to-rent/western-cape/cape-town/atlantic-seaboard/sea-point/RR4628731,"https://www.privateproperty.co.za/to-rent/western-cape/cape-town/55?pt=House,ApartmentFlat,TownHouseCluster&page=55",2026-04-05 20:59:18.337006
RR4628691,11723227,Studio Apartment Cape Town City Centre,R 12 700,12700,ZAR,Cape Town City Centre,Cape Town City Centre,,1,,,,,,https://www.privateproperty.co.za/to-rent/western-cape/cape-town/cape-town-city-bowl/cape-town-city-centre/RR4628691,"https://www.privateproperty.co.za/to-rent/western-cape/cape-town/55?pt=House,ApartmentFlat,TownHouseCluster&page=55",2026-04-05 20:59:18.337006
RR4628682,11723214,2 Bedroom Apartment Bloubergrant,R 19 500,19500,ZAR,Bloubergrant,Bloubergrant,2,1,1,,,,,https://www.privateproperty.co.za/to-rent/western-cape/cape-town/blouberg/bloubergrant/RR4628682,"https://www.privateproperty.co.za/to-rent/western-cape/cape-town/55?pt=House,ApartmentFlat,TownHouseCluster&page=55",2026-04-05 20:59:18.337006
RR4628667,11723183,3 Bedroom Townhouse Strand North,R 21 000,21000,ZAR,Strand North,Strand North,3,3,1,,,,,https://www.privateproperty.co.za/to-rent/western-cape/cape-town/strand/strand-north/RR4628667,"https://www.privateproperty.co.za/to-rent/western-cape/cape-town/55?pt=House,ApartmentFlat,TownHouseCluster&page=55",2026-04-05 20:59:18.337006
RR4628638,11723118,2 Bedroom Townhouse Rondebosch East,R 13 500,13500,ZAR,Rondebosch East,"Rondebosch East 7.9 Rondebosch Close, 65 Lawson Road",2,1,,,-33.9808765,18.5007356,,https://www.privateproperty.co.za/to-rent/western-cape/cape-town/southern-suburbs/rondebosch-east/79-rondebosch-close/65-lawson-road/RR4628638,"https://www.privateproperty.co.za/to-rent/western-cape/cape-town/55?pt=House,ApartmentFlat,TownHouseCluster&page=55",2026-04-05 20:59:18.337006
RR4628622,11723076,2 Bedroom Apartment Milnerton Central,R 25 000,25000,ZAR,Milnerton Central,"Milnerton Central 605 Palo Alto, 9 Knysna Road, Milnerton",2,2,1,,,,,https://www.privateproperty.co.za/to-rent/western-cape/cape-town/milnerton/milnerton-central/605-palo-alto/9-knysna-road-milnerton/RR4628622,"https://www.privateproperty.co.za/to-rent/western-cape/cape-town/55?pt=House,ApartmentFlat,TownHouseCluster&page=55",2026-04-05 20:59:18.337006
RR4628595,11723017,2 Bedroom House Melkbosstrand,R 11 000,11000,ZAR,Melkbosstrand,Melkbosstrand,2,1,1,1.7 ha,,,,https://www.privateproperty.co.za/to-rent/western-cape/cape-town/melkbosstrand/melkbosstrand/RR4628595,"https://www.privateproperty.co.za/to-rent/western-cape/cape-town/55?pt=House,ApartmentFlat,TownHouseCluster&page=55",2026-04-05 20:59:18.337006
RR4628573,11722969,2 Bedroom Apartment Burgundy Estate,R 14 500,14500,ZAR,Burgundy Estate,Burgundy Estate,2,1,1,,,,,https://www.privateproperty.co.za/to-rent/western-cape/cape-town/milnerton/burgundy-estate/RR4628573,"https://www.privateproperty.co.za/to-rent/western-cape/cape-town/55?pt=House,ApartmentFlat,TownHouseCluster&page=55",2026-04-05 20:59:18.337006
RR3800881,9562347,3 Bedroom Townhouse Sonstraal,R 17 500,17500,ZAR,Sonstraal,"Sonstraal 0 Monte Carlo, 31 Hebron Street",3,2,1,181 m²,-33.8515593,18.6622156,,https://www.privateproperty.co.za/to-rent/western-cape/cape-town/durbanville/sonstraal/0-monte-carlo/31-hebron-street/RR3800881,"https://www.privateproperty.co.za/to-rent/western-cape/cape-town/55?pt=House,ApartmentFlat,TownHouseCluster&page=55",2026-04-05 20:59:18.337006
RR2261781,5758966,2 Bedroom Flat Strand South,R 16 000,16000,ZAR,Strand South,Strand South,2,2,1,,,,,https://www.privateproperty.co.za/to-rent/western-cape/cape-town/strand/strand-south/RR2261781,"https://www.privateproperty.co.za/to-rent/western-cape/cape-town/55?pt=House,ApartmentFlat,TownHouseCluster&page=55",2026-04-05 20:59:18.337006
RR4628536,11722894,2 Bedroom Apartment Somerset West Central,R 11 700,11700,ZAR,Somerset West Central,Somerset West Central,2,1,,,,,,https://www.privateproperty.co.za/to-rent/western-cape/cape-town/somerset-west/somerset-west-central/RR4628536,"https://www.privateproperty.co.za/to-rent/western-cape/cape-town/55?pt=House,ApartmentFlat,TownHouseCluster&page=55",2026-04-05 20:59:18.337006
RR3737061,9360779,2 Bedroom Apartment Claremont,R 16 000,16000,ZAR,Claremont,Claremont,2,1,1,,,,,https://www.privateproperty.co.za/to-rent/western-cape/cape-town/southern-suburbs/claremont/RR3737061,"https://www.privateproperty.co.za/to-rent/western-cape/cape-town/55?pt=House,ApartmentFlat,TownHouseCluster&page=55",2026-04-05 20:59:18.337006
RR2776420,6915781,3 Bedroom Apartment Strand South,R 22 000,22000,ZAR,Strand South,Strand South,3,2,1,,,,,https://www.privateproperty.co.za/to-rent/western-cape/cape-town/strand/strand-south/RR2776420,"https://www.privateproperty.co.za/to-rent/western-cape/cape-town/55?pt=House,ApartmentFlat,TownHouseCluster&page=55",2026-04-05 20:59:18.337006
RR4628488,11722801,3 Bedroom House Parklands,R 18 650,18650,ZAR,Parklands,Parklands,3,2,4,367 m²,,,,https://www.privateproperty.co.za/to-rent/western-cape/cape-town/blouberg/parklands/RR4628488,"https://www.privateproperty.co.za/to-rent/western-cape/cape-town/55?pt=House,ApartmentFlat,TownHouseCluster&page=55",2026-04-05 20:59:18.337006
RR4628476,11722772,1 Bedroom Apartment Newlands,R 22 500,22500,ZAR,Newlands,Newlands,1,1,1,50 m²,,,,https://www.privateproperty.co.za/to-rent/western-cape/cape-town/southern-suburbs/newlands/RR4628476,"https://www.privateproperty.co.za/to-rent/western-cape/cape-town/55?pt=House,ApartmentFlat,TownHouseCluster&page=55",2026-04-05 20:59:18.337006
RR4439425,11250911,2 Bedroom Apartment Admirals Park,R 11 000,11000,ZAR,Admirals Park,Admirals Park,2,1,,,,,,https://www.privateproperty.co.za/to-rent/western-cape/cape-town/gordons-bay/admirals-park/RR4439425,"https://www.privateproperty.co.za/to-rent/western-cape/cape-town/55?pt=House,ApartmentFlat,TownHouseCluster&page=56",2026-04-05 20:59:18.337006
RR4628463,11722736,1 Bedroom Apartment Mountainside,R 8 000,8000,ZAR,Mountainside,Mountainside,1,1,,,,,,https://www.privateproperty.co.za/to-rent/western-cape/cape-town/gordons-bay/mountainside/RR4628463,"https://www.privateproperty.co.za/to-rent/western-cape/cape-town/55?pt=House,ApartmentFlat,TownHouseCluster&page=56",2026-04-05 20:59:18.337006
RR4628432,11722659,2 Bedroom Apartment Tamboerskloof,R 24 000,24000,ZAR,Tamboerskloof,Tamboerskloof,2,1,,,,,,https://www.privateproperty.co.za/to-rent/western-cape/cape-town/cape-town-city-bowl/tamboerskloof/RR4628432,"https://www.privateproperty.co.za/to-rent/western-cape/cape-town/55?pt=House,ApartmentFlat,TownHouseCluster&page=56",2026-04-05 20:59:18.337006
RR4628425,11722649,1 Bedroom Apartment Mountainside,R 7 200,7200,ZAR,Mountainside,Mountainside,1,1,,,,,,https://www.privateproperty.co.za/to-rent/western-cape/cape-town/gordons-bay/mountainside/RR4628425,"https://www.privateproperty.co.za/to-rent/western-cape/cape-town/55?pt=House,ApartmentFlat,TownHouseCluster&page=56",2026-04-05 20:59:18.337006
RR3768091,9464670,2 Bedroom Apartment Camps Bay,R 32 000,32000,ZAR,Camps Bay,Camps Bay,2,2,1,,,,,https://www.privateproperty.co.za/to-rent/western-cape/cape-town/atlantic-seaboard/camps-bay/RR3768091,"https://www.privateproperty.co.za/to-rent/western-cape/cape-town/55?pt=House,ApartmentFlat,TownHouseCluster&page=56",2026-04-05 20:59:18.337006
RR4628392,11722574,3 Bedroom Apartment Rondebosch,R 23 700,23700,ZAR,Rondebosch,Rondebosch,3,2,1,,,,,https://www.privateproperty.co.za/to-rent/western-cape/cape-town/southern-suburbs/rondebosch/RR4628392,"https://www.privateproperty.co.za/to-rent/western-cape/cape-town/55?pt=House,ApartmentFlat,TownHouseCluster&page=56",2026-04-05 20:59:18.337006
RR4628308,11722386,4 Bedroom House Kirstenhof,R 35 000,35000,ZAR,Kirstenhof,Kirstenhof,4,2,2,,,,,https://www.privateproperty.co.za/to-rent/western-cape/cape-town/southern-suburbs/kirstenhof/RR4628308,"https://www.privateproperty.co.za/to-rent/western-cape/cape-town/55?pt=House,ApartmentFlat,TownHouseCluster&page=56",2026-04-05 20:59:18.337006
RR4628291,11722344,4 Bedroom House Vierlanden,R 33 000,33000,ZAR,Vierlanden,Vierlanden,4,3,8,2 005 m²,,,,https://www.privateproperty.co.za/to-rent/western-cape/cape-town/durbanville/vierlanden/RR4628291,"https://www.privateproperty.co.za/to-rent/western-cape/cape-town/55?pt=House,ApartmentFlat,TownHouseCluster&page=56",2026-04-05 20:59:18.337006
RR4380205,11104387,1 Bedroom Apartment Vredehoek,R 19 500,19500,ZAR,Vredehoek,Vredehoek,1,1,,54 m²,,,,https://www.privateproperty.co.za/to-rent/western-cape/cape-town/cape-town-city-bowl/vredehoek/RR4380205,"https://www.privateproperty.co.za/to-rent/western-cape/cape-town/55?pt=House,ApartmentFlat,TownHouseCluster&page=56",2026-04-05 20:59:18.337006
RR4628215,11722153,Studio Apartment Claremont,R 12 000,12000,ZAR,Claremont,Claremont,,1,,,,,,https://www.privateproperty.co.za/to-rent/western-cape/cape-town/southern-suburbs/claremont/RR4628215,"https://www.privateproperty.co.za/to-rent/western-cape/cape-town/55?pt=House,ApartmentFlat,TownHouseCluster&page=56",2026-04-05 20:59:18.337006
RR4628204,11722109,2 Bedroom Apartment Claremont,R 20 000,20000,ZAR,Claremont,"Claremont 4 The Claremont, 53 Main Road",2,1,2,,,,,https://www.privateproperty.co.za/to-rent/western-cape/cape-town/southern-suburbs/claremont/4-the-claremont/53-main-road/RR4628204,"https://www.privateproperty.co.za/to-rent/western-cape/cape-town/55?pt=House,ApartmentFlat,TownHouseCluster&page=56",2026-04-05 20:59:18.337006
RR4628197,11722090,1 Bedroom Apartment Claremont Upper,R 18 000,18000,ZAR,Claremont Upper,"Claremont Upper 303 Ashburn, 17 Grove",1,1,1,,-34.0236211,18.4305979,,https://www.privateproperty.co.za/to-rent/western-cape/cape-town/southern-suburbs/claremont/claremont-upper/303-ashburn/17-grove/RR4628197,"https://www.privateproperty.co.za/to-rent/western-cape/cape-town/55?pt=House,ApartmentFlat,TownHouseCluster&page=56",2026-04-05 20:59:18.337006
RR4628188,11722053,2 Bedroom Apartment Gordons Bay Central,R 12 000,12000,ZAR,Gordons Bay Central,Gordons Bay Central,2,1,2,58 m²,,,,https://www.privateproperty.co.za/to-rent/western-cape/cape-town/gordons-bay/gordons-bay-central/RR4628188,"https://www.privateproperty.co.za/to-rent/western-cape/cape-town/55?pt=House,ApartmentFlat,TownHouseCluster&page=56",2026-04-05 20:59:18.337006
RR4628174,11722011,2 Bedroom Apartment Sea Point,R 75 000,75000,ZAR,Sea Point,Sea Point,2,3,2,,,,,https://www.privateproperty.co.za/to-rent/western-cape/cape-town/atlantic-seaboard/sea-point/RR4628174,"https://www.privateproperty.co.za/to-rent/western-cape/cape-town/55?pt=House,ApartmentFlat,TownHouseCluster&page=56",2026-04-05 20:59:18.337006
RR4628157,11721968,2 Bedroom Apartment Sea Point,R 37 500,37500,ZAR,Sea Point,Sea Point,2,2,,,,,,https://www.privateproperty.co.za/to-rent/western-cape/cape-town/atlantic-seaboard/sea-point/RR4628157,"https://www.privateproperty.co.za/to-rent/western-cape/cape-town/55?pt=House,ApartmentFlat,TownHouseCluster&page=56",2026-04-05 20:59:18.337006
RR4628036,11721671,3 Bedroom Apartment Clifton,R 150 000,150000,ZAR,Clifton,"Clifton 34b Clifton Boulders, 34 Victoria Road",3,3,2,506 m²,-33.934481,18.377794,,https://www.privateproperty.co.za/to-rent/western-cape/cape-town/atlantic-seaboard/clifton/34b-clifton-boulders/34-victoria-road/RR4628036,"https://www.privateproperty.co.za/to-rent/western-cape/cape-town/55?pt=House,ApartmentFlat,TownHouseCluster&page=56",2026-04-05 20:59:18.337006
RR4627975,11721525,2 Bedroom House Beach Estate,R 10 500,10500,ZAR,Beach Estate,Beach Estate,2,1,,991 m²,,,,https://www.privateproperty.co.za/to-rent/western-cape/cape-town/hout-bay/beach-estate/RR4627975,"https://www.privateproperty.co.za/to-rent/western-cape/cape-town/55?pt=House,ApartmentFlat,TownHouseCluster&page=56",2026-04-05 20:59:18.337006
RR3649604,9112041,2 Bedroom Apartment Sea Point,R 28 000,28000,ZAR,Sea Point,Sea Point,2,1,,,,,,https://www.privateproperty.co.za/to-rent/western-cape/cape-town/atlantic-seaboard/sea-point/RR3649604,"https://www.privateproperty.co.za/to-rent/western-cape/cape-town/55?pt=House,ApartmentFlat,TownHouseCluster&page=56",2026-04-05 20:59:18.337006
RR4627900,11721356,3 Bedroom Townhouse Meadowridge,R 35 000,35000,ZAR,Meadowridge,Meadowridge,3,2,,,,,,https://www.privateproperty.co.za/to-rent/western-cape/cape-town/southern-suburbs/meadowridge/RR4627900,"https://www.privateproperty.co.za/to-rent/western-cape/cape-town/55?pt=House,ApartmentFlat,TownHouseCluster&page=56",2026-04-05 20:59:18.337006
RR4627857,11721246,4 Bedroom House Heldervue,R 37 500,37500,ZAR,Heldervue,"Heldervue 12 Schonenberg Estate, 12 Kogel Street",4,3,4,646 m²,-34.0658141,18.8126569,,https://www.privateproperty.co.za/to-rent/western-cape/cape-town/somerset-west/heldervue/12-schonenberg-estate/12-kogel-street/RR4627857,"https://www.privateproperty.co.za/to-rent/western-cape/cape-town/55?pt=House,ApartmentFlat,TownHouseCluster&page=56",2026-04-05 20:59:18.337006
RR4627805,11721134,1 Bedroom Apartment Sarepta,R 6 000,6000,ZAR,Sarepta,Sarepta,1,1,1,576 m²,,,,https://www.privateproperty.co.za/to-rent/western-cape/cape-town/kuils-river/sarepta/RR4627805,"https://www.privateproperty.co.za/to-rent/western-cape/cape-town/55?pt=House,ApartmentFlat,TownHouseCluster&page=57",2026-04-05 20:59:18.337006
RR4627779,11721022,2 Bedroom Apartment Milnerton Central,R 16 500,16500,ZAR,Milnerton Central,Milnerton Central,2,2,,,,,,https://www.privateproperty.co.za/to-rent/western-cape/cape-town/milnerton/milnerton-central/RR4627779,"https://www.privateproperty.co.za/to-rent/western-cape/cape-town/55?pt=House,ApartmentFlat,TownHouseCluster&page=57",2026-04-05 20:59:18.337006
RR4627771,11721004,2 Bedroom Duplex Bloubergstrand,R 17 500,17500,ZAR,Bloubergstrand,"Bloubergstrand 0 Trossachs, 18 Viola Road",2,1,1,,-33.8185904,18.4797784,,https://www.privateproperty.co.za/to-rent/western-cape/cape-town/blouberg/bloubergstrand/0-trossachs/18-viola-road/RR4627771,"https://www.privateproperty.co.za/to-rent/western-cape/cape-town/55?pt=House,ApartmentFlat,TownHouseCluster&page=57",2026-04-05 20:59:18.337006
RR4627728,11720874,2 Bedroom Apartment De Waterkant,R 55 000,55000,ZAR,De Waterkant,De Waterkant De Waterkant De Waterkant,2,2,,,,,,https://www.privateproperty.co.za/to-rent/western-cape/cape-town/cape-town-city-bowl/de-waterkant/de-waterkant-de-waterkant/RR4627728,"https://www.privateproperty.co.za/to-rent/western-cape/cape-town/55?pt=House,ApartmentFlat,TownHouseCluster&page=57",2026-04-05 20:59:18.337006
RR4627727,11720872,1 Bedroom Apartment Cape Town City Centre,R 60 000,60000,ZAR,Cape Town City Centre,Cape Town City Centre Mandela Rhodes Place Cape Town,1,1,,,,,,https://www.privateproperty.co.za/to-rent/western-cape/cape-town/cape-town-city-bowl/cape-town-city-centre/mandela-rhodes-place-cape-town/RR4627727,"https://www.privateproperty.co.za/to-rent/western-cape/cape-town/55?pt=House,ApartmentFlat,TownHouseCluster&page=57",2026-04-05 20:59:18.337006
RR4033366,10213614,4 Bedroom House Stellenryk,R 28 500,28500,ZAR,Stellenryk,Stellenryk,4,2,5,850 m²,,,,https://www.privateproperty.co.za/to-rent/western-cape/cape-town/bellville/stellenberg/stellenryk/RR4033366,"https://www.privateproperty.co.za/to-rent/western-cape/cape-town/55?pt=House,ApartmentFlat,TownHouseCluster&page=57",2026-04-05 20:59:18.337006
RR4627683,11720761,3 Bedroom House Goodwood Estate,R 23 000,23000,ZAR,Goodwood Estate,Goodwood Estate,3,3,4,220 m²,,,,https://www.privateproperty.co.za/to-rent/western-cape/cape-town/goodwood/goodwood-estate/RR4627683,"https://www.privateproperty.co.za/to-rent/western-cape/cape-town/55?pt=House,ApartmentFlat,TownHouseCluster&page=57",2026-04-05 20:59:18.337006
RR4627682,11720759,2 Bedroom House Harfield Village,R 7 000,7000,ZAR,Harfield Village,Harfield Village,2,1,1,319 m²,,,,https://www.privateproperty.co.za/to-rent/western-cape/cape-town/southern-suburbs/harfield-village/surrey-street/RR4627682,"https://www.privateproperty.co.za/to-rent/western-cape/cape-town/55?pt=House,ApartmentFlat,TownHouseCluster&page=57",2026-04-05 20:59:18.337006
RR4627679,11720751,1 Bedroom Apartment Rosebank,R 15 500,15500,ZAR,Rosebank,"Rosebank 14 Rhodes View, 38 Sawkins Road",1,1,1,,,,,https://www.privateproperty.co.za/to-rent/western-cape/cape-town/southern-suburbs/rosebank/14-rhodes-view/38-sawkins-road/RR4627679,"https://www.privateproperty.co.za/to-rent/western-cape/cape-town/55?pt=House,ApartmentFlat,TownHouseCluster&page=57",2026-04-05 20:59:18.337006
RR4369909,11077370,1 Bedroom House Kenilworth,R 12 500,12500,ZAR,Kenilworth,Kenilworth,1,1,1,,,,,https://www.privateproperty.co.za/to-rent/western-cape/cape-town/southern-suburbs/kenilworth/RR4369909,"https://www.privateproperty.co.za/to-rent/western-cape/cape-town/55?pt=House,ApartmentFlat,TownHouseCluster&page=57",2026-04-05 20:59:18.337006
RR4627612,11720566,1 Bedroom Apartment Belhar,R 4 200,4200,ZAR,Belhar,Belhar,1,1,,,,,,https://www.privateproperty.co.za/to-rent/western-cape/cape-town/cape-flats/belhar/RR4627612,"https://www.privateproperty.co.za/to-rent/western-cape/cape-town/55?pt=House,ApartmentFlat,TownHouseCluster&page=57",2026-04-05 20:59:18.337006
RR4627599,11720521,1 Bedroom Apartment Oakdale,R 4 600,4600,ZAR,Oakdale,Oakdale,1,2,,,,,,https://www.privateproperty.co.za/to-rent/western-cape/cape-town/bellville/oakdale/RR4627599,"https://www.privateproperty.co.za/to-rent/western-cape/cape-town/55?pt=House,ApartmentFlat,TownHouseCluster&page=57",2026-04-05 20:59:18.337006
RR4627559,11720408,3 Bedroom House Flamingo Vlei,R 35 000,35000,ZAR,Flamingo Vlei,Flamingo Vlei,3,2,2,,,,,https://www.privateproperty.co.za/to-rent/western-cape/cape-town/blouberg/flamingo-vlei/RR4627559,"https://www.privateproperty.co.za/to-rent/western-cape/cape-town/55?pt=House,ApartmentFlat,TownHouseCluster&page=57",2026-04-05 20:59:18.337006
RR4627534,11720353,3 Bedroom Apartment De Velde,R 21 000,21000,ZAR,De Velde,De Velde,3,2,2,,,,,https://www.privateproperty.co.za/to-rent/western-cape/cape-town/somerset-west/de-velde/RR4627534,"https://www.privateproperty.co.za/to-rent/western-cape/cape-town/55?pt=House,ApartmentFlat,TownHouseCluster&page=57",2026-04-05 20:59:18.337006
RR4627497,11720252,2 Bedroom Apartment Sea Point,R 70 000,70000,ZAR,Sea Point,Sea Point,2,3,,,,,,https://www.privateproperty.co.za/to-rent/western-cape/cape-town/atlantic-seaboard/sea-point/RR4627497,"https://www.privateproperty.co.za/to-rent/western-cape/cape-town/55?pt=House,ApartmentFlat,TownHouseCluster&page=57",2026-04-05 20:59:18.337006
RR4627494,11720247,3 Bedroom Townhouse Camps Bay,R 57 600,57600,ZAR,Camps Bay,Camps Bay,3,2.5,1,,,,,https://www.privateproperty.co.za/to-rent/western-cape/cape-town/atlantic-seaboard/camps-bay/RR4627494,"https://www.privateproperty.co.za/to-rent/western-cape/cape-town/55?pt=House,ApartmentFlat,TownHouseCluster&page=57",2026-04-05 20:59:18.337006
RR4627478,11720218,3 Bedroom House Bloubergrant,R 60 000,60000,ZAR,Bloubergrant,Bloubergrant,3,3,2,975 m²,,,,https://www.privateproperty.co.za/to-rent/western-cape/cape-town/blouberg/bloubergrant/RR4627478,"https://www.privateproperty.co.za/to-rent/western-cape/cape-town/55?pt=House,ApartmentFlat,TownHouseCluster&page=57",2026-04-05 20:59:18.337006
RR3895607,9843141,1 Bedroom Apartment Sea Point,R 17 000,17000,ZAR,Sea Point,Sea Point,1,1,,,,,,https://www.privateproperty.co.za/to-rent/western-cape/cape-town/atlantic-seaboard/sea-point/RR3895607,"https://www.privateproperty.co.za/to-rent/western-cape/cape-town/55?pt=House,ApartmentFlat,TownHouseCluster&page=57",2026-04-05 20:59:18.337006
RR4627364,11719945,4 Bedroom House Vierlanden,R 33 000,33000,ZAR,Vierlanden,Vierlanden,4,3,4,1 500 m²,,,,https://www.privateproperty.co.za/to-rent/western-cape/cape-town/durbanville/vierlanden/RR4627364,"https://www.privateproperty.co.za/to-rent/western-cape/cape-town/55?pt=House,ApartmentFlat,TownHouseCluster&page=57",2026-04-05 20:59:18.337006
RR4627359,11719934,1 Bedroom Apartment Cape Town City Centre,R 25 000,25000,ZAR,Cape Town City Centre,Cape Town City Centre,1,1,,,,,,https://www.privateproperty.co.za/to-rent/western-cape/cape-town/cape-town-city-bowl/cape-town-city-centre/RR4627359,"https://www.privateproperty.co.za/to-rent/western-cape/cape-town/55?pt=House,ApartmentFlat,TownHouseCluster&page=57",2026-04-05 20:59:18.337006
RR4627353,11719913,2 Bedroom Apartment Mowbray,R 22 500,22500,ZAR,Mowbray,Mowbray,2,2,1,,,,,https://www.privateproperty.co.za/to-rent/western-cape/cape-town/southern-suburbs/mowbray/RR4627353,"https://www.privateproperty.co.za/to-rent/western-cape/cape-town/55?pt=House,ApartmentFlat,TownHouseCluster&page=58",2026-04-05 20:59:18.337006
RR4627317,11719800,1 Bedroom Apartment Somerset West Central,R 10 000,10000,ZAR,Somerset West Central,Somerset West Central,1,1,1,,,,,https://www.privateproperty.co.za/to-rent/western-cape/cape-town/somerset-west/somerset-west-central/RR4627317,"https://www.privateproperty.co.za/to-rent/western-cape/cape-town/55?pt=House,ApartmentFlat,TownHouseCluster&page=58",2026-04-05 20:59:18.337006
RR4627316,11719798,2 Bedroom Apartment Mowbray,R 22 500,22500,ZAR,Mowbray,Mowbray,2,2,1,,,,,https://www.privateproperty.co.za/to-rent/western-cape/cape-town/southern-suburbs/mowbray/RR4627316,"https://www.privateproperty.co.za/to-rent/western-cape/cape-town/55?pt=House,ApartmentFlat,TownHouseCluster&page=58",2026-04-05 20:59:18.337006
RR4627292,11719736,2 Bedroom House Buh Rein Estate,R 15 000,15000,ZAR,Buh Rein Estate,Buh Rein Estate,2,1,3,148 m²,,,,https://www.privateproperty.co.za/to-rent/western-cape/cape-town/kraaifontein/buh-rein-estate/RR4627292,"https://www.privateproperty.co.za/to-rent/western-cape/cape-town/55?pt=House,ApartmentFlat,TownHouseCluster&page=58",2026-04-05 20:59:18.337006
RR4627290,11719731,2 Bedroom Apartment Mowbray,R 20 000,20000,ZAR,Mowbray,Mowbray,2,2,1,,,,,https://www.privateproperty.co.za/to-rent/western-cape/cape-town/southern-suburbs/mowbray/RR4627290,"https://www.privateproperty.co.za/to-rent/western-cape/cape-town/55?pt=House,ApartmentFlat,TownHouseCluster&page=58",2026-04-05 20:59:18.337006
RR4627245,11719637,3 Bedroom Apartment Parow Central,R 12 400,12400,ZAR,Parow Central,Parow Central,3,2,,,,,,https://www.privateproperty.co.za/to-rent/western-cape/cape-town/parow/parow-central/RR4627245,"https://www.privateproperty.co.za/to-rent/western-cape/cape-town/55?pt=House,ApartmentFlat,TownHouseCluster&page=58",2026-04-05 20:59:18.337006
RR4420790,11204978,1 Bedroom Apartment De Waterkant,R 18 500,18500,ZAR,De Waterkant,De Waterkant,1,1,1,,,,,https://www.privateproperty.co.za/to-rent/western-cape/cape-town/cape-town-city-bowl/de-waterkant/RR4420790,"https://www.privateproperty.co.za/to-rent/western-cape/cape-town/55?pt=House,ApartmentFlat,TownHouseCluster&page=58",2026-04-05 20:59:18.337006
RR2289456,5822580,2 Bedroom Apartment Wynberg Upper,R 22 000,22000,ZAR,Wynberg Upper,Wynberg Upper,2,1,1,,,,,https://www.privateproperty.co.za/to-rent/western-cape/cape-town/southern-suburbs/wynberg/wynberg-upper/RR2289456,"https://www.privateproperty.co.za/to-rent/western-cape/cape-town/55?pt=House,ApartmentFlat,TownHouseCluster&page=58",2026-04-05 20:59:18.337006
RR4451628,11281500,2 Bedroom Penthouse Somerset West Central,R 16 900,16900,ZAR,Somerset West Central,Somerset West Central,2,2,1,13.3 ha,,,,https://www.privateproperty.co.za/to-rent/western-cape/cape-town/somerset-west/somerset-west-central/RR4451628,"https://www.privateproperty.co.za/to-rent/western-cape/cape-town/55?pt=House,ApartmentFlat,TownHouseCluster&page=58",2026-04-05 20:59:18.337006
RR4627181,11719471,2 Bedroom House Strandfontein,R 7 500,7500,ZAR,Strandfontein,Strandfontein 55 Reygersdal Avenue,2,1,1,,-34.0702388,18.5899817,,https://www.privateproperty.co.za/to-rent/western-cape/cape-town/cape-flats/strandfontein/55-reygersdal-avenue/RR4627181,"https://www.privateproperty.co.za/to-rent/western-cape/cape-town/55?pt=House,ApartmentFlat,TownHouseCluster&page=58",2026-04-05 20:59:18.337006
RR2894692,7178974,2 Bedroom Apartment Table View,R 17 500,17500,ZAR,Table View,Table View,2,2,1,,,,,https://www.privateproperty.co.za/to-rent/western-cape/cape-town/blouberg/table-view/RR2894692,"https://www.privateproperty.co.za/to-rent/western-cape/cape-town/55?pt=House,ApartmentFlat,TownHouseCluster&page=58",2026-04-05 20:59:18.337006
RR4478745,11350054,3 Bedroom Apartment Sea Point,R 150 000,150000,ZAR,Sea Point,Sea Point,3,3,2,322 m²,,,,https://www.privateproperty.co.za/to-rent/western-cape/cape-town/atlantic-seaboard/sea-point/RR4478745,"https://www.privateproperty.co.za/to-rent/western-cape/cape-town/55?pt=House,ApartmentFlat,TownHouseCluster&page=58",2026-04-05 20:59:18.337006
RR4627080,11719280,1 Bedroom House La Concorde,R 22 000,22000,ZAR,La Concorde,La Concorde,1,1,,,,,,https://www.privateproperty.co.za/to-rent/western-cape/cape-town/somerset-west/la-concorde/RR4627080,"https://www.privateproperty.co.za/to-rent/western-cape/cape-town/55?pt=House,ApartmentFlat,TownHouseCluster&page=58",2026-04-05 20:59:18.337006
RR4627060,11719246,3 Bedroom Townhouse Sandown,R 28 000,28000,ZAR,Sandown,Sandown,3,2,1,150 m²,,,,https://www.privateproperty.co.za/to-rent/western-cape/cape-town/blouberg/sandown/RR4627060,"https://www.privateproperty.co.za/to-rent/western-cape/cape-town/55?pt=House,ApartmentFlat,TownHouseCluster&page=58",2026-04-05 20:59:18.337006
RR4627038,11719175,0.5 Bedroom Flat Thornton,R 7 500,7500,ZAR,Thornton,Thornton,0.5,1,,,,,,https://www.privateproperty.co.za/to-rent/western-cape/cape-town/southern-suburbs/thornton/RR4627038,"https://www.privateproperty.co.za/to-rent/western-cape/cape-town/55?pt=House,ApartmentFlat,TownHouseCluster&page=58",2026-04-05 20:59:18.337006
RR4626962,11719023,Studio Apartment Green Point,R 13 000,13000,ZAR,Green Point,"Green Point 2b Westward Ho, 9a Antrim Road",0.5,1,1,,-33.91817,18.38799,,https://www.privateproperty.co.za/to-rent/western-cape/cape-town/atlantic-seaboard/green-point/2b-westward-ho/9a-antrim-road/RR4626962,"https://www.privateproperty.co.za/to-rent/western-cape/cape-town/55?pt=House,ApartmentFlat,TownHouseCluster&page=58",2026-04-05 20:59:18.337006
RR4626950,11718986,Studio apartment Goodwood,R 4 950,4950,ZAR,Goodwood,Goodwood,0.5,1,,,,,,https://www.privateproperty.co.za/to-rent/western-cape/cape-town/goodwood/goodwood/RR4626950,"https://www.privateproperty.co.za/to-rent/western-cape/cape-town/55?pt=House,ApartmentFlat,TownHouseCluster&page=58",2026-04-05 20:59:18.337006
RR4626877,11718785,2 Bedroom Apartment Century City,R 19 000,19000,ZAR,Century City,"Century City 3015 Villa Italia, 1 Ratanga Road",2,2,2,,,,,https://www.privateproperty.co.za/to-rent/western-cape/cape-town/milnerton/century-city/3015-villa-italia/1-ratanga-road/RR4626877,"https://www.privateproperty.co.za/to-rent/western-cape/cape-town/55?pt=House,ApartmentFlat,TownHouseCluster&page=58",2026-04-05 20:59:18.337006
RR4626876,11718783,2 Bedroom Apartment Wynberg Upper,R 16 500,16500,ZAR,Wynberg Upper,Wynberg Upper,2,1,2,,,,,https://www.privateproperty.co.za/to-rent/western-cape/cape-town/southern-suburbs/wynberg/wynberg-upper/RR4626876,"https://www.privateproperty.co.za/to-rent/western-cape/cape-town/55?pt=House,ApartmentFlat,TownHouseCluster&page=58",2026-04-05 20:59:18.337006
RR4626850,11718730,1 Bedroom Apartment Three Anchor Bay,R 27 000,27000,ZAR,Three Anchor Bay,Three Anchor Bay,1,1,,,,,,https://www.privateproperty.co.za/to-rent/western-cape/cape-town/atlantic-seaboard/three-anchor-bay/RR4626850,"https://www.privateproperty.co.za/to-rent/western-cape/cape-town/55?pt=House,ApartmentFlat,TownHouseCluster&page=58",2026-04-05 20:59:18.337006
RR4416481,11194478,2 Bedroom Apartment Sea Point,R 28 000,28000,ZAR,Sea Point,Sea Point,2,2,1,,,,,https://www.privateproperty.co.za/to-rent/western-cape/cape-town/atlantic-seaboard/sea-point/RR4416481,"https://www.privateproperty.co.za/to-rent/western-cape/cape-town/55?pt=House,ApartmentFlat,TownHouseCluster&page=59",2026-04-05 20:59:18.337006
RR4437642,11246715,1 Bedroom Apartment Paardevlei,R 11 500,11500,ZAR,Paardevlei,Paardevlei,1,1,1,,,,,https://www.privateproperty.co.za/to-rent/western-cape/cape-town/somerset-west/paardevlei/RR4437642,"https://www.privateproperty.co.za/to-rent/western-cape/cape-town/55?pt=House,ApartmentFlat,TownHouseCluster&page=59",2026-04-05 20:59:18.337006
RR4093107,10376796,1 Bedroom Apartment Parow Valley,R 2 900,2900,ZAR,Parow Valley,Parow Valley,1,1,,,,,,https://www.privateproperty.co.za/to-rent/western-cape/cape-town/parow/parow-valley/RR4093107,"https://www.privateproperty.co.za/to-rent/western-cape/cape-town/55?pt=House,ApartmentFlat,TownHouseCluster&page=59",2026-04-05 20:59:18.337006
RR4228694,10714043,1 Bedroom Apartment Zeekoevlei,R 5 800,5800,ZAR,Zeekoevlei,Zeekoevlei,1,1,1,,,,,https://www.privateproperty.co.za/to-rent/western-cape/cape-town/cape-flats/zeekoevlei/RR4228694,"https://www.privateproperty.co.za/to-rent/western-cape/cape-town/55?pt=House,ApartmentFlat,TownHouseCluster&page=59",2026-04-05 20:59:18.337006
RR4626613,11718217,1 Bedroom Apartment Gardens,R 14 000,14000,ZAR,Gardens,Gardens,1,1,,,,,,https://www.privateproperty.co.za/to-rent/western-cape/cape-town/cape-town-city-bowl/gardens/RR4626613,"https://www.privateproperty.co.za/to-rent/western-cape/cape-town/55?pt=House,ApartmentFlat,TownHouseCluster&page=59",2026-04-05 20:59:18.337006
RR4626535,11718001,3 Bedroom Apartment Rondebosch,R 28 500,28500,ZAR,Rondebosch,Rondebosch 6 Devonshire Hill Road,3,1,,,-33.9602351,18.4692188,,https://www.privateproperty.co.za/to-rent/western-cape/cape-town/southern-suburbs/rondebosch/6-devonshire-hill-road/RR4626535,"https://www.privateproperty.co.za/to-rent/western-cape/cape-town/55?pt=House,ApartmentFlat,TownHouseCluster&page=59",2026-04-05 20:59:18.337006
RR4626527,11717989,2 Bedroom Apartment Rondebosch,R 25 000,25000,ZAR,Rondebosch,Rondebosch 6 Devonshire Hill Road,2,1,,,-33.9602351,18.4692188,,https://www.privateproperty.co.za/to-rent/western-cape/cape-town/southern-suburbs/rondebosch/6-devonshire-hill-road/RR4626527,"https://www.privateproperty.co.za/to-rent/western-cape/cape-town/55?pt=House,ApartmentFlat,TownHouseCluster&page=59",2026-04-05 20:59:18.337006
RR4626529,11717991,1 Bedroom Apartment Rondebosch,R 20 500,20500,ZAR,Rondebosch,Rondebosch 6 Devonshire Hill Road,1,1,,,-33.9602351,18.4692188,,https://www.privateproperty.co.za/to-rent/western-cape/cape-town/southern-suburbs/rondebosch/6-devonshire-hill-road/RR4626529,"https://www.privateproperty.co.za/to-rent/western-cape/cape-town/55?pt=House,ApartmentFlat,TownHouseCluster&page=59",2026-04-05 20:59:18.337006
RR4626501,11717918,3 Bedroom Apartment Kalk Bay,R 70 000,70000,ZAR,Kalk Bay,"Kalk Bay 10 The Majestic, 24 Gatesville Road",3,3,2,,-34.1260616,18.4483875,,https://www.privateproperty.co.za/to-rent/western-cape/cape-town/peninsula-false-bay/kalk-bay/10-the-majestic/24-gatesville-road/RR4626501,"https://www.privateproperty.co.za/to-rent/western-cape/cape-town/55?pt=House,ApartmentFlat,TownHouseCluster&page=59",2026-04-05 20:59:18.337006
RR4626473,11717844,4 Bedroom House Tamboerskloof,R 55 000,55000,ZAR,Tamboerskloof,"Tamboerskloof 0 Tamboerskloof, 24 Hastings St",4,2,1,250 m²,-33.93082,18.40342,,https://www.privateproperty.co.za/to-rent/western-cape/cape-town/cape-town-city-bowl/tamboerskloof/0-tamboerskloof/24-hastings-st/RR4626473,"https://www.privateproperty.co.za/to-rent/western-cape/cape-town/55?pt=House,ApartmentFlat,TownHouseCluster&page=59",2026-04-05 20:59:18.337006
RR4626443,11717782,1 Bedroom Apartment Green Point,R 17 000,17000,ZAR,Green Point,Green Point,1,1,1,,,,,https://www.privateproperty.co.za/to-rent/western-cape/cape-town/atlantic-seaboard/green-point/RR4626443,"https://www.privateproperty.co.za/to-rent/western-cape/cape-town/55?pt=House,ApartmentFlat,TownHouseCluster&page=59",2026-04-05 20:59:18.337006
RR4626414,11717707,2 Bedroom Apartment Burgundy Estate,R 16 500,16500,ZAR,Burgundy Estate,"Burgundy Estate 7 The Lanoy, 60 Carmine Street",2,1,2,,-33.8368514,18.549571999999998,,https://www.privateproperty.co.za/to-rent/western-cape/cape-town/milnerton/burgundy-estate/7-the-lanoy/60-carmine-street/RR4626414,"https://www.privateproperty.co.za/to-rent/western-cape/cape-town/55?pt=House,ApartmentFlat,TownHouseCluster&page=59",2026-04-05 20:59:18.337006
RR4626390,11717655,2 Bedroom Apartment Sea Point,R 67 000,67000,ZAR,Sea Point,Sea Point,2,2,2,,,,,https://www.privateproperty.co.za/to-rent/western-cape/cape-town/atlantic-seaboard/sea-point/RR4626390,"https://www.privateproperty.co.za/to-rent/western-cape/cape-town/55?pt=House,ApartmentFlat,TownHouseCluster&page=59",2026-04-05 20:59:18.337006
RR4626375,11717615,3 Bedroom Townhouse Parklands,R 17 000,17000,ZAR,Parklands,Parklands,3,2,1,,,,,https://www.privateproperty.co.za/to-rent/western-cape/cape-town/blouberg/parklands/RR4626375,"https://www.privateproperty.co.za/to-rent/western-cape/cape-town/55?pt=House,ApartmentFlat,TownHouseCluster&page=59",2026-04-05 20:59:18.337006
RR4470453,11328480,5 Bedroom House Bokkemanskloof,R 80 000,80000,ZAR,Bokkemanskloof,Bokkemanskloof,5,3,9,4 512 m²,,,,https://www.privateproperty.co.za/to-rent/western-cape/cape-town/hout-bay/bokkemanskloof/RR4470453,"https://www.privateproperty.co.za/to-rent/western-cape/cape-town/55?pt=House,ApartmentFlat,TownHouseCluster&page=59",2026-04-05 20:59:18.337006
RR4626335,11717497,2 Bedroom Apartment Sea Point,R 65 000,65000,ZAR,Sea Point,Sea Point,2,2,,,,,,https://www.privateproperty.co.za/to-rent/western-cape/cape-town/atlantic-seaboard/sea-point/RR4626335,"https://www.privateproperty.co.za/to-rent/western-cape/cape-town/55?pt=House,ApartmentFlat,TownHouseCluster&page=59",2026-04-05 20:59:18.337006
RR4626326,11717474,Studio apartment Kenilworth,R 10 500,10500,ZAR,Kenilworth,Kenilworth,0.5,1,1,,,,,https://www.privateproperty.co.za/to-rent/western-cape/cape-town/southern-suburbs/kenilworth/RR4626326,"https://www.privateproperty.co.za/to-rent/western-cape/cape-town/55?pt=House,ApartmentFlat,TownHouseCluster&page=59",2026-04-05 20:59:18.337006
RR4626294,11717387,2 Bedroom Apartment Audas Estate,R 15 000,15000,ZAR,Audas Estate,Audas Estate,2,2,1,,,,,https://www.privateproperty.co.za/to-rent/western-cape/cape-town/somerset-west/audas-estate/RR4626294,"https://www.privateproperty.co.za/to-rent/western-cape/cape-town/55?pt=House,ApartmentFlat,TownHouseCluster&page=59",2026-04-05 20:59:18.337006
RR4626292,11717380,1 Bedroom Apartment Bantry Bay,R 13 000,13000,ZAR,Bantry Bay,Bantry Bay,1,1,,,,,,https://www.privateproperty.co.za/to-rent/western-cape/cape-town/atlantic-seaboard/bantry-bay/RR4626292,"https://www.privateproperty.co.za/to-rent/western-cape/cape-town/55?pt=House,ApartmentFlat,TownHouseCluster&page=59",2026-04-05 20:59:18.337006
RR4626287,11717372,1 Bedroom Apartment Pinelands,R 10 500,10500,ZAR,Pinelands,Pinelands,1,1,,,,,,https://www.privateproperty.co.za/to-rent/western-cape/cape-town/southern-suburbs/pinelands/RR4626287,"https://www.privateproperty.co.za/to-rent/western-cape/cape-town/55?pt=House,ApartmentFlat,TownHouseCluster&page=59",2026-04-05 20:59:18.337006
RR4626285,11717369,2 Bedroom Apartment Parklands,R 10 200,10200,ZAR,Parklands,Parklands,2,1,1,,,,,https://www.privateproperty.co.za/to-rent/western-cape/cape-town/blouberg/parklands/RR4626285,"https://www.privateproperty.co.za/to-rent/western-cape/cape-town/55?pt=House,ApartmentFlat,TownHouseCluster&page=60",2026-04-05 20:59:18.337006
RR4626238,11717265,3 Bedroom House Stellenridge,R 21 000,21000,ZAR,Stellenridge,Stellenridge 58 Georgia,3,2,4,735 m²,,,,https://www.privateproperty.co.za/to-rent/western-cape/cape-town/bellville/stellenridge/58-georgia/RR4626238,"https://www.privateproperty.co.za/to-rent/western-cape/cape-town/55?pt=House,ApartmentFlat,TownHouseCluster&page=60",2026-04-05 20:59:18.337006
RR4626237,11717264,3 Bedroom House Stellenridge,R 19 000,19000,ZAR,Stellenridge,Stellenridge 62 Georgia,3,2,3,695 m²,,,,https://www.privateproperty.co.za/to-rent/western-cape/cape-town/bellville/stellenridge/62-georgia/RR4626237,"https://www.privateproperty.co.za/to-rent/western-cape/cape-town/55?pt=House,ApartmentFlat,TownHouseCluster&page=60",2026-04-05 20:59:18.337006
RR3522658,8746085,2 Bedroom Duplex Table View,R 16 500,16500,ZAR,Table View,"Table View 222 Trossachs, 18 Viola Road",2,1,2,,-33.8185137,18.4796984,,https://www.privateproperty.co.za/to-rent/western-cape/cape-town/blouberg/table-view/222-trossachs/18-viola-road/RR3522658,"https://www.privateproperty.co.za/to-rent/western-cape/cape-town/55?pt=House,ApartmentFlat,TownHouseCluster&page=60",2026-04-05 20:59:18.337006
RR4626215,11717212,1 Bedroom Apartment Joostenbergvlakte,R 9 000,9000,ZAR,Joostenbergvlakte,Joostenbergvlakte 6 Rosenwood Close,1,1,1,,-33.8381323,18.7111872,,https://www.privateproperty.co.za/to-rent/western-cape/cape-town/kraaifontein/joostenbergvlakte/6-rosenwood-close/RR4626215,"https://www.privateproperty.co.za/to-rent/western-cape/cape-town/55?pt=House,ApartmentFlat,TownHouseCluster&page=60",2026-04-05 20:59:18.337006
RR4626179,11717115,2 Bedroom Apartment Sea Point,R 72 000,72000,ZAR,Sea Point,Sea Point,2,2,,,,,,https://www.privateproperty.co.za/to-rent/western-cape/cape-town/atlantic-seaboard/sea-point/RR4626179,"https://www.privateproperty.co.za/to-rent/western-cape/cape-town/55?pt=House,ApartmentFlat,TownHouseCluster&page=60",2026-04-05 20:59:18.337006
RR4517197,11446516,3 Bedroom House Parklands North,R 23 000,23000,ZAR,Parklands North,Parklands North,3,2,2,,,,,https://www.privateproperty.co.za/to-rent/western-cape/cape-town/blouberg/parklands-north/RR4517197,"https://www.privateproperty.co.za/to-rent/western-cape/cape-town/55?pt=House,ApartmentFlat,TownHouseCluster&page=60",2026-04-05 20:59:18.337006
RR3714335,9288803,2 Bedroom Apartment Sea Point,R 42 000,42000,ZAR,Sea Point,Sea Point,2,2,,,,,,https://www.privateproperty.co.za/to-rent/western-cape/cape-town/atlantic-seaboard/sea-point/RR3714335,"https://www.privateproperty.co.za/to-rent/western-cape/cape-town/55?pt=House,ApartmentFlat,TownHouseCluster&page=60",2026-04-05 20:59:18.337006
RR4389779,11127326,1 Bedroom Apartment Bothasig,R 6 000,6000,ZAR,Bothasig,Bothasig,1,1,,,,,,https://www.privateproperty.co.za/to-rent/western-cape/cape-town/milnerton/bothasig/RR4389779,"https://www.privateproperty.co.za/to-rent/western-cape/cape-town/55?pt=House,ApartmentFlat,TownHouseCluster&page=60",2026-04-05 20:59:18.337006
RR4626137,11717035,3 Bedroom Townhouse Durmonte,R 19 900,19900,ZAR,Durmonte,Durmonte,3,2,1,258 m²,,,,https://www.privateproperty.co.za/to-rent/western-cape/cape-town/durbanville/durmonte/RR4626137,"https://www.privateproperty.co.za/to-rent/western-cape/cape-town/55?pt=House,ApartmentFlat,TownHouseCluster&page=60",2026-04-05 20:59:18.337006
RR4068856,10312470,1 Bedroom Apartment Lagoon Beach,R 16 750,16750,ZAR,Lagoon Beach,"Lagoon Beach 104 Neptunes Isle, 4 Fourjays Road ,lagoon Beach,milnerton Road",1,1,,,,,,https://www.privateproperty.co.za/to-rent/western-cape/cape-town/milnerton/lagoon-beach/104-neptunes-isle/4-fourjays-road-lagoon-beachmilnerton-road/RR4068856,"https://www.privateproperty.co.za/to-rent/western-cape/cape-town/55?pt=House,ApartmentFlat,TownHouseCluster&page=60",2026-04-05 20:59:18.337006
RR4626058,11716826,1 Bedroom Flat Melkbosstrand,R 9 350,9350,ZAR,Melkbosstrand,Melkbosstrand,1,1,1,,,,,https://www.privateproperty.co.za/to-rent/western-cape/cape-town/melkbosstrand/melkbosstrand/RR4626058,"https://www.privateproperty.co.za/to-rent/western-cape/cape-town/55?pt=House,ApartmentFlat,TownHouseCluster&page=60",2026-04-05 20:59:18.337006
RR4351566,11028600,2 Bedroom Apartment Sunset Beach,R 18 600,18600,ZAR,Sunset Beach,Sunset Beach,2,1,3,748 m²,,,,https://www.privateproperty.co.za/to-rent/western-cape/cape-town/milnerton/sunset-beach/RR4351566,"https://www.privateproperty.co.za/to-rent/western-cape/cape-town/55?pt=House,ApartmentFlat,TownHouseCluster&page=60",2026-04-05 20:59:18.337006
RR4626051,11716806,2 Bedroom Apartment Goodwood,R 8 450,8450,ZAR,Goodwood,Goodwood,2,1,,,,,,https://www.privateproperty.co.za/to-rent/western-cape/cape-town/goodwood/goodwood/RR4626051,"https://www.privateproperty.co.za/to-rent/western-cape/cape-town/55?pt=House,ApartmentFlat,TownHouseCluster&page=60",2026-04-05 20:59:18.337006
RR4611028,11676363,1 Bedroom Flat Eversdal Heights,R 9 000,9000,ZAR,Eversdal Heights,Eversdal Heights,1,1,1,,,,,https://www.privateproperty.co.za/to-rent/western-cape/cape-town/durbanville/eversdal-heights/RR4611028,"https://www.privateproperty.co.za/to-rent/western-cape/cape-town/55?pt=House,ApartmentFlat,TownHouseCluster&page=60",2026-04-05 20:59:18.337006
RR4626011,11716720,2 Bedroom Apartment Strand North,R 11 500,11500,ZAR,Strand North,Strand North,2,2,,,,,,https://www.privateproperty.co.za/to-rent/western-cape/cape-town/strand/strand-north/RR4626011,"https://www.privateproperty.co.za/to-rent/western-cape/cape-town/55?pt=House,ApartmentFlat,TownHouseCluster&page=60",2026-04-05 20:59:18.337006
RR4625062,11714529,3 Bedroom Apartment Waves Edge,R 35 000,35000,ZAR,Waves Edge,"Waves Edge A110 Sea Spray, 2 Athens Road",3,2,2,,-33.7972,18.462,,https://www.privateproperty.co.za/to-rent/western-cape/cape-town/blouberg/bloubergstrand/waves-edge/a110-sea-spray/2-athens-road/RR4625062,"https://www.privateproperty.co.za/to-rent/western-cape/cape-town/55?pt=House,ApartmentFlat,TownHouseCluster&page=60",2026-04-05 20:59:18.337006
RR4625969,11716608,3 Bedroom House Melkbosstrand,R 50 000,50000,ZAR,Melkbosstrand,Melkbosstrand,3,2,2,548 m²,,,,https://www.privateproperty.co.za/to-rent/western-cape/cape-town/melkbosstrand/melkbosstrand/RR4625969,"https://www.privateproperty.co.za/to-rent/western-cape/cape-town/55?pt=House,ApartmentFlat,TownHouseCluster&page=60",2026-04-05 20:59:18.337006
RR4625972,11716613,2 Bedroom Apartment Claremont,R 19 500,19500,ZAR,Claremont,"Claremont 4 Monte Vino, 60 Rosmead Avenue",2,1,,,,,,https://www.privateproperty.co.za/to-rent/western-cape/cape-town/southern-suburbs/claremont/4-monte-vino/60-rosmead-avenue/RR4625972,"https://www.privateproperty.co.za/to-rent/western-cape/cape-town/55?pt=House,ApartmentFlat,TownHouseCluster&page=60",2026-04-05 20:59:18.337006
RR3432181,8483165,1 Bedroom Apartment Ruyteplaats,R 20 000,20000,ZAR,Ruyteplaats,Ruyteplaats,1,1,1,,,,,https://www.privateproperty.co.za/to-rent/western-cape/cape-town/hout-bay/ruyteplaats/RR3432181,"https://www.privateproperty.co.za/to-rent/western-cape/cape-town/55?pt=House,ApartmentFlat,TownHouseCluster&page=60",2026-04-05 20:59:18.337006
RR4625962,11716598,2 Bedroom Apartment Gardens,R 26 000,26000,ZAR,Gardens,Gardens,2,1,,,,,,https://www.privateproperty.co.za/to-rent/western-cape/cape-town/cape-town-city-bowl/gardens/RR4625962,"https://www.privateproperty.co.za/to-rent/western-cape/cape-town/55?pt=House,ApartmentFlat,TownHouseCluster&page=61",2026-04-05 20:59:18.337006
RR4068285,10311106,2 Bedroom Apartment Wynberg Upper,R 22 000,22000,ZAR,Wynberg Upper,Wynberg Upper,2,1,1,91 m²,,,,https://www.privateproperty.co.za/to-rent/western-cape/cape-town/southern-suburbs/wynberg/wynberg-upper/RR4068285,"https://www.privateproperty.co.za/to-rent/western-cape/cape-town/55?pt=House,ApartmentFlat,TownHouseCluster&page=61",2026-04-05 20:59:18.337006
RR4625935,11716531,1 Bedroom Apartment Century City,R 19 000,19000,ZAR,Century City,Century City,1,1,1,,,,,https://www.privateproperty.co.za/to-rent/western-cape/cape-town/milnerton/century-city/RR4625935,"https://www.privateproperty.co.za/to-rent/western-cape/cape-town/55?pt=House,ApartmentFlat,TownHouseCluster&page=61",2026-04-05 20:59:18.337006
RR4625912,11716467,1 Bedroom Apartment Gardens,R 21 000,21000,ZAR,Gardens,Gardens 173 Buitenkant Street,1,1,1,,,,,https://www.privateproperty.co.za/to-rent/western-cape/cape-town/cape-town-city-bowl/gardens/sloane-square/173-buitenkant-street/RR4625912,"https://www.privateproperty.co.za/to-rent/western-cape/cape-town/55?pt=House,ApartmentFlat,TownHouseCluster&page=61",2026-04-05 20:59:18.337006
RR4625906,11716457,2 Bedroom Apartment Westgate,R 7 600,7600,ZAR,Westgate,"Westgate 10 Broadway, 10 Broadway Circle",2,1,,,-34.044713,18.5876736,,https://www.privateproperty.co.za/to-rent/western-cape/cape-town/mitchells-plain/mitchells-plain/westgate/10-broadway/10-broadway-circle/RR4625906,"https://www.privateproperty.co.za/to-rent/western-cape/cape-town/55?pt=House,ApartmentFlat,TownHouseCluster&page=61",2026-04-05 20:59:18.337006
RR4625846,11716318,3 Bedroom Apartment Rosebank,R 7 000,7000,ZAR,Rosebank,"Rosebank 0 Rosedene, 4 Ryan Road",3,1,,,,,,https://www.privateproperty.co.za/to-rent/western-cape/cape-town/southern-suburbs/rosebank/0-rosedene/4-ryan-road/RR4625846,"https://www.privateproperty.co.za/to-rent/western-cape/cape-town/55?pt=House,ApartmentFlat,TownHouseCluster&page=61",2026-04-05 20:59:18.337006
RR4625769,11716131,1 Bedroom Apartment Pinelands,R 9 800,9800,ZAR,Pinelands,Pinelands,1,1,,,,,,https://www.privateproperty.co.za/to-rent/western-cape/cape-town/southern-suburbs/pinelands/RR4625769,"https://www.privateproperty.co.za/to-rent/western-cape/cape-town/55?pt=House,ApartmentFlat,TownHouseCluster&page=61",2026-04-05 20:59:18.337006
RR4625763,11716113,1 Bedroom Apartment Lagoon Beach,R 17 000,17000,ZAR,Lagoon Beach,"Lagoon Beach A1 Leisure Bay, 3 Four Jays Road",1,1,1,,,,,https://www.privateproperty.co.za/to-rent/western-cape/cape-town/milnerton/lagoon-beach/a1-leisure-bay/3-four-jays-road/RR4625763,"https://www.privateproperty.co.za/to-rent/western-cape/cape-town/55?pt=House,ApartmentFlat,TownHouseCluster&page=61",2026-04-05 20:59:18.337006
RR4625707,11716004,1 Bedroom Apartment Century City,R 18 500,18500,ZAR,Century City,Century City,1,1,1,141 m²,,,,https://www.privateproperty.co.za/to-rent/western-cape/cape-town/milnerton/century-city/RR4625707,"https://www.privateproperty.co.za/to-rent/western-cape/cape-town/55?pt=House,ApartmentFlat,TownHouseCluster&page=61",2026-04-05 20:59:18.337006
RR4625694,11715981,1 Bedroom Apartment Gardens,R 16 500,16500,ZAR,Gardens,Gardens,1,1,1,,,,,https://www.privateproperty.co.za/to-rent/western-cape/cape-town/cape-town-city-bowl/gardens/RR4625694,"https://www.privateproperty.co.za/to-rent/western-cape/cape-town/55?pt=House,ApartmentFlat,TownHouseCluster&page=61",2026-04-05 20:59:18.337006
RR4456042,11292997,2 Bedroom House Strandfontein,R 8 500,8500,ZAR,Strandfontein,Strandfontein 17 Clyde Street,2,1,2,,-34.0727944,18.5865647,,https://www.privateproperty.co.za/to-rent/western-cape/cape-town/cape-flats/strandfontein/17-clyde-street/RR4456042,"https://www.privateproperty.co.za/to-rent/western-cape/cape-town/55?pt=House,ApartmentFlat,TownHouseCluster&page=61",2026-04-05 20:59:18.337006
RR4625621,11715807,2 Bedroom Apartment Parklands,R 12 750,12750,ZAR,Parklands,Parklands,2,1,,,,,,https://www.privateproperty.co.za/to-rent/western-cape/cape-town/blouberg/parklands/RR4625621,"https://www.privateproperty.co.za/to-rent/western-cape/cape-town/55?pt=House,ApartmentFlat,TownHouseCluster&page=61",2026-04-05 20:59:18.337006
RR4507266,11422266,Studio apartment Constantia,R 8 500,8500,ZAR,Constantia,"Constantia 16 Woodlands Close, 16 Woodlands Close",,1,,,-34.0257608,18.4230789,,https://www.privateproperty.co.za/to-rent/western-cape/cape-town/southern-suburbs/constantia/16-woodlands-close/16-woodlands-close/RR4507266,"https://www.privateproperty.co.za/to-rent/western-cape/cape-town/55?pt=House,ApartmentFlat,TownHouseCluster&page=61",2026-04-05 20:59:18.337006
RR4476375,11343812,3 Bedroom Townhouse Ruwari,R 15 000,15000,ZAR,Ruwari,"Ruwari 20 Beon, 98 Vergenoeg Street",3,1,3,150 m²,-33.8911975,18.7079418,,https://www.privateproperty.co.za/to-rent/western-cape/cape-town/brackenfell/ruwari/20-beon/98-vergenoeg-street/RR4476375,"https://www.privateproperty.co.za/to-rent/western-cape/cape-town/55?pt=House,ApartmentFlat,TownHouseCluster&page=61",2026-04-05 20:59:18.337006
RR4625581,11715712,2 Bedroom Apartment Mouille Point,R 35 000,35000,ZAR,Mouille Point,Mouille Point,2,1,1,,,,,https://www.privateproperty.co.za/to-rent/western-cape/cape-town/atlantic-seaboard/mouille-point/RR4625581,"https://www.privateproperty.co.za/to-rent/western-cape/cape-town/55?pt=House,ApartmentFlat,TownHouseCluster&page=61",2026-04-05 20:59:18.337006
RR4625559,11715667,Studio apartment Bellville Central,R 5 200,5200,ZAR,Bellville Central,"Bellville Central 908 Bella Vista (old Holiday Inn), 11 Cross Street",0.5,1,1,,-33.902015,18.62872,,https://www.privateproperty.co.za/to-rent/western-cape/cape-town/bellville/bellville-central/908-bella-vista-old-holiday-inn/11-cross-street/RR4625559,"https://www.privateproperty.co.za/to-rent/western-cape/cape-town/55?pt=House,ApartmentFlat,TownHouseCluster&page=61",2026-04-05 20:59:18.337006
RR3836361,9671810,1 Bedroom Flat Fairview Golf Estate,R 7 500,7500,ZAR,Fairview Golf Estate,Fairview Golf Estate,1,1,1,,,,,https://www.privateproperty.co.za/to-rent/western-cape/cape-town/gordons-bay/fairview-golf-estate/RR3836361,"https://www.privateproperty.co.za/to-rent/western-cape/cape-town/55?pt=House,ApartmentFlat,TownHouseCluster&page=61",2026-04-05 20:59:18.337006
RR4625516,11715593,1 Bedroom Apartment Cape Town City Centre,R 16 000,16000,ZAR,Cape Town City Centre,Cape Town City Centre,1,1,1,,,,,https://www.privateproperty.co.za/to-rent/western-cape/cape-town/cape-town-city-bowl/cape-town-city-centre/RR4625516,"https://www.privateproperty.co.za/to-rent/western-cape/cape-town/55?pt=House,ApartmentFlat,TownHouseCluster&page=61",2026-04-05 20:59:18.337006
RR4082313,10348029,1 Bedroom Flat Strand Central,R 9 000,9000,ZAR,Strand Central,Strand Central,1,1,2,,,,,https://www.privateproperty.co.za/to-rent/western-cape/cape-town/strand/strand-central/RR4082313,"https://www.privateproperty.co.za/to-rent/western-cape/cape-town/55?pt=House,ApartmentFlat,TownHouseCluster&page=61",2026-04-05 20:59:18.337006
RR4625464,11715490,3 Bedroom House Edgemead,R 20 000,20000,ZAR,Edgemead,Edgemead 11 Greys Crescent,3,2,4,559 m²,-33.864997,18.551663,,https://www.privateproperty.co.za/to-rent/western-cape/cape-town/goodwood/edgemead/11-greys-crescent/RR4625464,"https://www.privateproperty.co.za/to-rent/western-cape/cape-town/55?pt=House,ApartmentFlat,TownHouseCluster&page=61",2026-04-05 20:59:18.337006
RR4625423,11715361,3 Bedroom House Observatory,R 6 500,6500,ZAR,Observatory,Observatory,3,3,,103 m²,,,,https://www.privateproperty.co.za/to-rent/western-cape/cape-town/cape-town-city-bowl/observatory/RR4625423,"https://www.privateproperty.co.za/to-rent/western-cape/cape-town/55?pt=House,ApartmentFlat,TownHouseCluster&page=62",2026-04-05 20:59:18.337006
RR4625406,11715320,4 Bedroom House Atlantic Beach,R 55 000,55000,ZAR,Atlantic Beach,Atlantic Beach,4,3,2,687 m²,,,,https://www.privateproperty.co.za/to-rent/western-cape/cape-town/melkbosstrand/atlantic-beach/RR4625406,"https://www.privateproperty.co.za/to-rent/western-cape/cape-town/55?pt=House,ApartmentFlat,TownHouseCluster&page=62",2026-04-05 20:59:18.337006
RR4097260,10386754,2 Bedroom Apartment Richwood,R 17 250,17250,ZAR,Richwood,Richwood,2,2,,,,,,https://www.privateproperty.co.za/to-rent/western-cape/cape-town/milnerton/richwood/RR4097260,"https://www.privateproperty.co.za/to-rent/western-cape/cape-town/55?pt=House,ApartmentFlat,TownHouseCluster&page=62",2026-04-05 20:59:18.337006
RR4625370,11715232,Studio Apartment Cape Town City Centre,R 14 500,14500,ZAR,Cape Town City Centre,Cape Town City Centre,0.5,1,1,,,,,https://www.privateproperty.co.za/to-rent/western-cape/cape-town/cape-town-city-bowl/cape-town-city-centre/RR4625370,"https://www.privateproperty.co.za/to-rent/western-cape/cape-town/55?pt=House,ApartmentFlat,TownHouseCluster&page=62",2026-04-05 20:59:18.337006
RR4625330,11715161,3 Bedroom Apartment Sandown,R 19 000,19000,ZAR,Sandown,Sandown 10 Dorothea Drive,3,2,2,,-33.8052348,18.4857745,,https://www.privateproperty.co.za/to-rent/western-cape/cape-town/blouberg/sandown/suikerbos/10-dorothea-drive/RR4625330,"https://www.privateproperty.co.za/to-rent/western-cape/cape-town/55?pt=House,ApartmentFlat,TownHouseCluster&page=62",2026-04-05 20:59:18.337006
RR4625324,11715153,2 Bedroom Apartment Cape Town City Centre,R 28 000,28000,ZAR,Cape Town City Centre,Cape Town City Centre,2,2,1,,,,,https://www.privateproperty.co.za/to-rent/western-cape/cape-town/cape-town-city-bowl/cape-town-city-centre/RR4625324,"https://www.privateproperty.co.za/to-rent/western-cape/cape-town/55?pt=House,ApartmentFlat,TownHouseCluster&page=62",2026-04-05 20:59:18.337006
RR4625244,11714994,4 Bedroom House Camps Bay,R 68 000,68000,ZAR,Camps Bay,Camps Bay,4,2,1,,,,,https://www.privateproperty.co.za/to-rent/western-cape/cape-town/atlantic-seaboard/camps-bay/RR4625244,"https://www.privateproperty.co.za/to-rent/western-cape/cape-town/55?pt=House,ApartmentFlat,TownHouseCluster&page=62",2026-04-05 20:59:18.337006
RR4625190,11714873,4 Bedroom House Zevenwacht Country Estate,R 40 000,40000,ZAR,Zevenwacht Country Estate,Zevenwacht Country Estate,4,5,2,667 m²,,,,https://www.privateproperty.co.za/to-rent/western-cape/cape-town/kuils-river/zevenwacht-country-estate/RR4625190,"https://www.privateproperty.co.za/to-rent/western-cape/cape-town/55?pt=House,ApartmentFlat,TownHouseCluster&page=62",2026-04-05 20:59:18.337006
RR4625188,11714865,Studio Apartment Sea Point,R 15 500,15500,ZAR,Sea Point,Sea Point,0.5,1,,,,,,https://www.privateproperty.co.za/to-rent/western-cape/cape-town/atlantic-seaboard/sea-point/RR4625188,"https://www.privateproperty.co.za/to-rent/western-cape/cape-town/55?pt=House,ApartmentFlat,TownHouseCluster&page=62",2026-04-05 20:59:18.337006
RR4625169,11714817,2 Bedroom Apartment Sea Point,R 28 000,28000,ZAR,Sea Point,Sea Point,2,1.5,1,,,,,https://www.privateproperty.co.za/to-rent/western-cape/cape-town/atlantic-seaboard/sea-point/RR4625169,"https://www.privateproperty.co.za/to-rent/western-cape/cape-town/55?pt=House,ApartmentFlat,TownHouseCluster&page=62",2026-04-05 20:59:18.337006
RR4625072,11714577,2 Bedroom Apartment Oakdene,R 9 750,9750,ZAR,Oakdene,Oakdene,2,1,1,200 m²,,,,https://www.privateproperty.co.za/to-rent/western-cape/cape-town/kuils-river/kuilsriver/oakdene/RR4625072,"https://www.privateproperty.co.za/to-rent/western-cape/cape-town/55?pt=House,ApartmentFlat,TownHouseCluster&page=62",2026-04-05 20:59:18.337006
RR4625053,11714495,1 Bedroom Apartment Oostersee,R 8 900,8900,ZAR,Oostersee,Oostersee,1,1,1,,,,,https://www.privateproperty.co.za/to-rent/western-cape/cape-town/parow/oostersee/RR4625053,"https://www.privateproperty.co.za/to-rent/western-cape/cape-town/55?pt=House,ApartmentFlat,TownHouseCluster&page=62",2026-04-05 20:59:18.337006
RR4625003,11714304,1 Bedroom Apartment Sea Point,R 24 000,24000,ZAR,Sea Point,Sea Point,1,1.5,,,,,,https://www.privateproperty.co.za/to-rent/western-cape/cape-town/atlantic-seaboard/sea-point/RR4625003,"https://www.privateproperty.co.za/to-rent/western-cape/cape-town/55?pt=House,ApartmentFlat,TownHouseCluster&page=62",2026-04-05 20:59:18.337006
RR4624968,11714147,3 Bedroom Townhouse Lotus River,R 13 000,13000,ZAR,Lotus River,Lotus River,3,1,3,535 m²,,,,https://www.privateproperty.co.za/to-rent/western-cape/cape-town/cape-flats/lotus-river/RR4624968,"https://www.privateproperty.co.za/to-rent/western-cape/cape-town/55?pt=House,ApartmentFlat,TownHouseCluster&page=62",2026-04-05 20:59:18.337006
RR4624965,11714136,4 Bedroom House Plattekloof,R 55 000,55000,ZAR,Plattekloof,Plattekloof,4,3.5,2,1 546 m²,,,,https://www.privateproperty.co.za/to-rent/western-cape/cape-town/parow/plattekloof/RR4624965,"https://www.privateproperty.co.za/to-rent/western-cape/cape-town/55?pt=House,ApartmentFlat,TownHouseCluster&page=62",2026-04-05 20:59:18.337006
RR4624948,11714075,4 Bedroom House Bakoven,R 120 000,120000,ZAR,Bakoven,Bakoven,4,3,6,1 607 m²,,,,https://www.privateproperty.co.za/to-rent/western-cape/cape-town/atlantic-seaboard/bakoven/RR4624948,"https://www.privateproperty.co.za/to-rent/western-cape/cape-town/55?pt=House,ApartmentFlat,TownHouseCluster&page=62",2026-04-05 20:59:18.337006
RR4624941,11714053,2 Bedroom Apartment Century City,R 23 000,23000,ZAR,Century City,"Century City 502 Quayside, 4 Park Lane",2,2,1,,-33.88684,18.512997,,https://www.privateproperty.co.za/to-rent/western-cape/cape-town/milnerton/century-city/502-quayside/4-park-lane/RR4624941,"https://www.privateproperty.co.za/to-rent/western-cape/cape-town/55?pt=House,ApartmentFlat,TownHouseCluster&page=62",2026-04-05 20:59:18.337006
RR4624927,11714009,1 Bedroom Apartment Bantry Bay,R 21 500,21500,ZAR,Bantry Bay,Bantry Bay,1,1,,,,,,https://www.privateproperty.co.za/to-rent/western-cape/cape-town/atlantic-seaboard/bantry-bay/RR4624927,"https://www.privateproperty.co.za/to-rent/western-cape/cape-town/55?pt=House,ApartmentFlat,TownHouseCluster&page=62",2026-04-05 20:59:18.337006
RR4624880,11713866,2 Bedroom Apartment Lakeside,R 16 500,16500,ZAR,Lakeside,Lakeside 1 Gloucester Road,2,1,1,,,,,https://www.privateproperty.co.za/to-rent/western-cape/cape-town/peninsula-false-bay/lakeside/1-gloucester-road/RR4624880,"https://www.privateproperty.co.za/to-rent/western-cape/cape-town/55?pt=House,ApartmentFlat,TownHouseCluster&page=62",2026-04-05 20:59:18.337006
RR4624874,11713845,4 Bedroom House Zwaanswyk,R 155 000,155000,ZAR,Zwaanswyk,Zwaanswyk,4,5,1,1 640 m²,,,,https://www.privateproperty.co.za/to-rent/western-cape/cape-town/southern-suburbs/tokai/zwaanswyk/RR4624874,"https://www.privateproperty.co.za/to-rent/western-cape/cape-town/55?pt=House,ApartmentFlat,TownHouseCluster&page=62",2026-04-05 20:59:18.337006
RR4624852,11713780,4 Bedroom House Steynsrust,R 35 000,35000,ZAR,Steynsrust,Steynsrust 22 La Montagne Street,4,3,2,700 m²,,,,https://www.privateproperty.co.za/to-rent/western-cape/cape-town/somerset-west/steynsrust/22-la-montagne-street/RR4624852,"https://www.privateproperty.co.za/to-rent/western-cape/cape-town/55?pt=House,ApartmentFlat,TownHouseCluster&page=63",2026-04-05 20:59:18.337006
RR4624853,11713781,Bachelor apartment Lansdowne,R 7 000,7000,ZAR,Lansdowne,Lansdowne,0.5,1,,,,,,https://www.privateproperty.co.za/to-rent/western-cape/cape-town/cape-flats/lansdowne/RR4624853,"https://www.privateproperty.co.za/to-rent/western-cape/cape-town/55?pt=House,ApartmentFlat,TownHouseCluster&page=63",2026-04-05 20:59:18.337006
RR4624846,11713764,4 Bedroom House Pinelands,R 36 000,36000,ZAR,Pinelands,Pinelands,4,3,4,500 m²,,,,https://www.privateproperty.co.za/to-rent/western-cape/cape-town/southern-suburbs/pinelands/RR4624846,"https://www.privateproperty.co.za/to-rent/western-cape/cape-town/55?pt=House,ApartmentFlat,TownHouseCluster&page=63",2026-04-05 20:59:18.337006
RR4624837,11713733,2 Bedroom Townhouse The Crest,R 16 900,16900,ZAR,The Crest,The Crest,2,1,2,264 m²,,,,https://www.privateproperty.co.za/to-rent/western-cape/cape-town/durbanville/the-crest/RR4624837,"https://www.privateproperty.co.za/to-rent/western-cape/cape-town/55?pt=House,ApartmentFlat,TownHouseCluster&page=63",2026-04-05 20:59:18.337006
RR4624816,11713659,2.5 Bedroom Apartment Camps Bay,R 27 500,27500,ZAR,Camps Bay,Camps Bay,2.5,1,1,,,,,https://www.privateproperty.co.za/to-rent/western-cape/cape-town/atlantic-seaboard/camps-bay/RR4624816,"https://www.privateproperty.co.za/to-rent/western-cape/cape-town/55?pt=House,ApartmentFlat,TownHouseCluster&page=63",2026-04-05 20:59:18.337006
RR4624813,11713651,Studio Apartment Strand North,R 9 200,9200,ZAR,Strand North,Strand North,,1,,,,,,https://www.privateproperty.co.za/to-rent/western-cape/cape-town/strand/strand-north/RR4624813,"https://www.privateproperty.co.za/to-rent/western-cape/cape-town/55?pt=House,ApartmentFlat,TownHouseCluster&page=63",2026-04-05 20:59:18.337006
RR4624812,11713646,2 Bedroom Apartment Beach Estate,R 25 000,25000,ZAR,Beach Estate,Beach Estate,2,2.5,1,,,,,https://www.privateproperty.co.za/to-rent/western-cape/cape-town/hout-bay/beach-estate/RR4624812,"https://www.privateproperty.co.za/to-rent/western-cape/cape-town/55?pt=House,ApartmentFlat,TownHouseCluster&page=63",2026-04-05 20:59:18.337006
RR4624806,11713635,1 Bedroom Apartment Roundhay,R 12 000,12000,ZAR,Roundhay,Roundhay,1,1,1,,,,,https://www.privateproperty.co.za/to-rent/western-cape/cape-town/somerset-west/roundhay/RR4624806,"https://www.privateproperty.co.za/to-rent/western-cape/cape-town/55?pt=House,ApartmentFlat,TownHouseCluster&page=63",2026-04-05 20:59:18.337006
RR4624800,11713621,1 Bedroom Apartment Roundhay,R 10 000,10000,ZAR,Roundhay,Roundhay,1,1,1,,,,,https://www.privateproperty.co.za/to-rent/western-cape/cape-town/somerset-west/roundhay/RR4624800,"https://www.privateproperty.co.za/to-rent/western-cape/cape-town/55?pt=House,ApartmentFlat,TownHouseCluster&page=63",2026-04-05 20:59:18.337006
RR4624796,11713608,5 Bedroom House Briza,R 39 500,39500,ZAR,Briza,Briza 3 Woodlands Road,5,3,4,1 286 m²,-34.074255,18.842265,,https://www.privateproperty.co.za/to-rent/western-cape/cape-town/somerset-west/briza/3-woodlands-road/RR4624796,"https://www.privateproperty.co.za/to-rent/western-cape/cape-town/55?pt=House,ApartmentFlat,TownHouseCluster&page=63",2026-04-05 20:59:18.337006
RR4023354,10185948,3 Bedroom Townhouse Parklands,R 16 000,16000,ZAR,Parklands,Parklands,3,2,2,,,,,https://www.privateproperty.co.za/to-rent/western-cape/cape-town/blouberg/parklands/RR4023354,"https://www.privateproperty.co.za/to-rent/western-cape/cape-town/55?pt=House,ApartmentFlat,TownHouseCluster&page=63",2026-04-05 20:59:18.337006
RR4624772,11713527,2 Bedroom Apartment Gardens,R 26 000,26000,ZAR,Gardens,Gardens,2,1,1,,,,,https://www.privateproperty.co.za/to-rent/western-cape/cape-town/cape-town-city-bowl/gardens/RR4624772,"https://www.privateproperty.co.za/to-rent/western-cape/cape-town/55?pt=House,ApartmentFlat,TownHouseCluster&page=63",2026-04-05 20:59:18.337006
RR4251804,10772071,1 Bedroom Flat Three Anchor Bay,R 25 000,25000,ZAR,Three Anchor Bay,Three Anchor Bay,1,1,,,,,,https://www.privateproperty.co.za/to-rent/western-cape/cape-town/atlantic-seaboard/three-anchor-bay/RR4251804,"https://www.privateproperty.co.za/to-rent/western-cape/cape-town/55?pt=House,ApartmentFlat,TownHouseCluster&page=63",2026-04-05 20:59:18.337006
RR4434019,11238123,2 Bedroom Apartment Table View,R 20 000,20000,ZAR,Table View,"Table View 69 Ss Monte Blu, 58 Coral Road",2,1,2,3 002 m²,-33.8218337,18.491504,,https://www.privateproperty.co.za/to-rent/western-cape/cape-town/blouberg/table-view/69-ss-monte-blu/58-coral-road/RR4434019,"https://www.privateproperty.co.za/to-rent/western-cape/cape-town/55?pt=House,ApartmentFlat,TownHouseCluster&page=63",2026-04-05 20:59:18.337006
RR4316972,10932959,1 Bedroom Apartment Southfield,R 8 900,8900,ZAR,Southfield,Southfield 4 Flintdale Road,1,1,1,626 m²,-34.0372631,18.4850717,,https://www.privateproperty.co.za/to-rent/western-cape/cape-town/southern-suburbs/southfield/4-flintdale-road/RR4316972,"https://www.privateproperty.co.za/to-rent/western-cape/cape-town/55?pt=House,ApartmentFlat,TownHouseCluster&page=63",2026-04-05 20:59:18.337006
RR4624575,11712973,2 Bedroom Apartment Sea Point,R 45 000,45000,ZAR,Sea Point,Sea Point,2,2,2,,,,,https://www.privateproperty.co.za/to-rent/western-cape/cape-town/atlantic-seaboard/sea-point/RR4624575,"https://www.privateproperty.co.za/to-rent/western-cape/cape-town/55?pt=House,ApartmentFlat,TownHouseCluster&page=63",2026-04-05 20:59:18.337006
RR4624522,11712857,6 Bedroom House Constantia,R 150 000,150000,ZAR,Constantia,Constantia,6,6.5,4,1 800 m²,,,,https://www.privateproperty.co.za/to-rent/western-cape/cape-town/southern-suburbs/constantia/RR4624522,"https://www.privateproperty.co.za/to-rent/western-cape/cape-town/55?pt=House,ApartmentFlat,TownHouseCluster&page=63",2026-04-05 20:59:18.337006
RR4624488,11712755,3 Bedroom Apartment Sea Point,R 50 000,50000,ZAR,Sea Point,Sea Point,3,3.5,2,254 m²,,,,https://www.privateproperty.co.za/to-rent/western-cape/cape-town/atlantic-seaboard/sea-point/RR4624488,"https://www.privateproperty.co.za/to-rent/western-cape/cape-town/55?pt=House,ApartmentFlat,TownHouseCluster&page=63",2026-04-05 20:59:18.337006
RR4315211,10928388,3 Bedroom House Pinelands,R 32 000,32000,ZAR,Pinelands,Pinelands,3,2,2,872 m²,,,,https://www.privateproperty.co.za/to-rent/western-cape/cape-town/southern-suburbs/pinelands/RR4315211,"https://www.privateproperty.co.za/to-rent/western-cape/cape-town/55?pt=House,ApartmentFlat,TownHouseCluster&page=63",2026-04-05 20:59:18.337006
RR4624473,11712715,3 Bedroom Apartment Strand South,R 22 000,22000,ZAR,Strand South,Strand South,3,2,1,,,,,https://www.privateproperty.co.za/to-rent/western-cape/cape-town/strand/strand-south/RR4624473,"https://www.privateproperty.co.za/to-rent/western-cape/cape-town/55?pt=House,ApartmentFlat,TownHouseCluster&page=63",2026-04-05 20:59:18.337006
RR4624463,11712695,4 Bedroom House Sitari,R 36 950,36950,ZAR,Sitari,Sitari 25 Sibaya Street,4,3,4,467 m²,-34.0464955,18.7587856,,https://www.privateproperty.co.za/to-rent/western-cape/cape-town/somerset-west/sitari/25-sibaya-street/RR4624463,"https://www.privateproperty.co.za/to-rent/western-cape/cape-town/55?pt=House,ApartmentFlat,TownHouseCluster&page=64",2026-04-05 20:59:18.337006
RR4624459,11712680,6.5 Bedroom House Salberau,R 17 500,17500,ZAR,Salberau,Salberau,6.5,4,6,538 m²,,,,https://www.privateproperty.co.za/to-rent/western-cape/cape-town/goodwood/goodwood/salberau/RR4624459,"https://www.privateproperty.co.za/to-rent/western-cape/cape-town/55?pt=House,ApartmentFlat,TownHouseCluster&page=64",2026-04-05 20:59:18.337006
RR4624442,11712638,3 Bedroom Apartment Sea Point,R 70 000,70000,ZAR,Sea Point,Sea Point,3,3.5,2,254 m²,,,,https://www.privateproperty.co.za/to-rent/western-cape/cape-town/atlantic-seaboard/sea-point/RR4624442,"https://www.privateproperty.co.za/to-rent/western-cape/cape-town/55?pt=House,ApartmentFlat,TownHouseCluster&page=64",2026-04-05 20:59:18.337006
RR4624436,11712622,2 Bedroom Apartment Big Bay,R 28 000,28000,ZAR,Big Bay,"Big Bay Fp3 Waves Edge, 1004 Otto Du Plessis Drive",2,2,2,,-33.8013085,18.4633656,,https://www.privateproperty.co.za/to-rent/western-cape/cape-town/blouberg/big-bay/fp3-waves-edge/1004-otto-du-plessis-drive/RR4624436,"https://www.privateproperty.co.za/to-rent/western-cape/cape-town/55?pt=House,ApartmentFlat,TownHouseCluster&page=64",2026-04-05 20:59:18.337006
RR4364414,11063704,3 Bedroom House Llandudno,R 95 000,95000,ZAR,Llandudno,Llandudno,3,2,2,,,,,https://www.privateproperty.co.za/to-rent/western-cape/cape-town/atlantic-seaboard/llandudno/RR4364414,"https://www.privateproperty.co.za/to-rent/western-cape/cape-town/55?pt=House,ApartmentFlat,TownHouseCluster&page=64",2026-04-05 20:59:18.337006
RR4504772,11415744,6 Bedroom House Sunset Beach,R 65 000,65000,ZAR,Sunset Beach,Sunset Beach,6,7,3,824 m²,,,,https://www.privateproperty.co.za/to-rent/western-cape/cape-town/milnerton/sunset-beach/RR4504772,"https://www.privateproperty.co.za/to-rent/western-cape/cape-town/55?pt=House,ApartmentFlat,TownHouseCluster&page=64",2026-04-05 20:59:18.337006
RR1830284,4789297,2 Bedroom Apartment Milnerton Central,R 18 000,18000,ZAR,Milnerton Central,Milnerton Central,2,1,,,,,,https://www.privateproperty.co.za/to-rent/western-cape/cape-town/milnerton/milnerton-central/RR1830284,"https://www.privateproperty.co.za/to-rent/western-cape/cape-town/55?pt=House,ApartmentFlat,TownHouseCluster&page=64",2026-04-05 20:59:18.337006
RR4624330,11712365,1 Bedroom Apartment Claremont,R 14 000,14000,ZAR,Claremont,Claremont,1,1,1,,,,,https://www.privateproperty.co.za/to-rent/western-cape/cape-town/southern-suburbs/claremont/RR4624330,"https://www.privateproperty.co.za/to-rent/western-cape/cape-town/55?pt=House,ApartmentFlat,TownHouseCluster&page=64",2026-04-05 20:59:18.337006
RR4624314,11712333,1 Bedroom Apartment Century City,R 14 500,14500,ZAR,Century City,Century City,1,1,1,,,,,https://www.privateproperty.co.za/to-rent/western-cape/cape-town/milnerton/century-city/RR4624314,"https://www.privateproperty.co.za/to-rent/western-cape/cape-town/55?pt=House,ApartmentFlat,TownHouseCluster&page=64",2026-04-05 20:59:18.337006
RR4624261,11712224,2 Bedroom House Green Point,R 55 000,55000,ZAR,Green Point,Green Point,2,3,1,,,,,https://www.privateproperty.co.za/to-rent/western-cape/cape-town/atlantic-seaboard/green-point/RR4624261,"https://www.privateproperty.co.za/to-rent/western-cape/cape-town/55?pt=House,ApartmentFlat,TownHouseCluster&page=64",2026-04-05 20:59:18.337006
RR4393826,11137394,Studio apartment Green Point,R 7 950,7950,ZAR,Green Point,Green Point 61 Joubert Road,0.5,1,,,-33.9109568200003,18.4026555937907,,https://www.privateproperty.co.za/to-rent/western-cape/cape-town/atlantic-seaboard/green-point/61-joubert-road/RR4393826,"https://www.privateproperty.co.za/to-rent/western-cape/cape-town/55?pt=House,ApartmentFlat,TownHouseCluster&page=64",2026-04-05 20:59:18.337006
RR3594017,8954474,3 Bedroom House Glencairn Heights,R 19 500,19500,ZAR,Glencairn Heights,Glencairn Heights 23 Clan Stewart Street,3,2,4,,-34.1549297,18.4306415,,https://www.privateproperty.co.za/to-rent/western-cape/cape-town/peninsula-false-bay/glencairn/glencairn-heights/23-clan-stewart-street/RR3594017,"https://www.privateproperty.co.za/to-rent/western-cape/cape-town/55?pt=House,ApartmentFlat,TownHouseCluster&page=64",2026-04-05 20:59:18.337006
RR4624075,11711688,2 Bedroom Apartment Bothasig,R 10 900,10900,ZAR,Bothasig,Bothasig,2,1,,615 m²,,,,https://www.privateproperty.co.za/to-rent/western-cape/cape-town/milnerton/bothasig/RR4624075,"https://www.privateproperty.co.za/to-rent/western-cape/cape-town/55?pt=House,ApartmentFlat,TownHouseCluster&page=64",2026-04-05 20:59:18.337006
RR4624069,11711665,2 Bedroom Apartment Bothasig,R 11 200,11200,ZAR,Bothasig,Bothasig,2,1,,615 m²,,,,https://www.privateproperty.co.za/to-rent/western-cape/cape-town/milnerton/bothasig/RR4624069,"https://www.privateproperty.co.za/to-rent/western-cape/cape-town/55?pt=House,ApartmentFlat,TownHouseCluster&page=64",2026-04-05 20:59:18.337006
RR4624054,11711625,2 Bedroom Apartment Bothasig,R 10 900,10900,ZAR,Bothasig,Bothasig,2,1,,615 m²,,,,https://www.privateproperty.co.za/to-rent/western-cape/cape-town/milnerton/bothasig/RR4624054,"https://www.privateproperty.co.za/to-rent/western-cape/cape-town/55?pt=House,ApartmentFlat,TownHouseCluster&page=64",2026-04-05 20:59:18.337006
RR4624045,11711604,Studio Apartment Bergvliet,R 13 000,13000,ZAR,Bergvliet,Bergvliet,0.5,1,1,,,,,https://www.privateproperty.co.za/to-rent/western-cape/cape-town/southern-suburbs/bergvliet/RR4624045,"https://www.privateproperty.co.za/to-rent/western-cape/cape-town/55?pt=House,ApartmentFlat,TownHouseCluster&page=64",2026-04-05 20:59:18.337006
RR4623982,11711465,2 Bedroom Apartment Costa Da Gama,R 12 000,12000,ZAR,Costa Da Gama,Costa Da Gama,2,1,1,,,,,https://www.privateproperty.co.za/to-rent/western-cape/cape-town/peninsula-false-bay/muizenberg/costa-da-gama/RR4623982,"https://www.privateproperty.co.za/to-rent/western-cape/cape-town/55?pt=House,ApartmentFlat,TownHouseCluster&page=64",2026-04-05 20:59:18.337006
RR4618442,11697171,4 Bedroom House Kommetjie,R 79 000,79000,ZAR,Kommetjie,Kommetjie 134 Southern Right Circle Klein Slangkop Estate,4,3,3,736 m²,-34.1405091643657,18.3358383178711,,https://www.privateproperty.co.za/to-rent/western-cape/cape-town/peninsula-false-bay/kommetjie/134-southern-right-circle-klein-slangkop-estate/RR4618442,"https://www.privateproperty.co.za/to-rent/western-cape/cape-town/55?pt=House,ApartmentFlat,TownHouseCluster&page=64",2026-04-05 20:59:18.337006
RR4623937,11711355,1 Bedroom Apartment Muizenberg,R 15 900,15900,ZAR,Muizenberg,Muizenberg,1,1,,,,,,https://www.privateproperty.co.za/to-rent/western-cape/cape-town/peninsula-false-bay/muizenberg/RR4623937,"https://www.privateproperty.co.za/to-rent/western-cape/cape-town/55?pt=House,ApartmentFlat,TownHouseCluster&page=64",2026-04-05 20:59:18.337006
RR4623889,11711230,1 Bedroom Apartment Harbour Island,R 16 730,16730,ZAR,Harbour Island,Harbour Island,1,1,,7 848 m²,,,,https://www.privateproperty.co.za/to-rent/western-cape/cape-town/gordons-bay/harbour-island/RR4623889,"https://www.privateproperty.co.za/to-rent/western-cape/cape-town/55?pt=House,ApartmentFlat,TownHouseCluster&page=64",2026-04-05 20:59:18.337006
RR4031804,10209065,1 Bedroom Apartment Cape Town City Centre,R 15 000,15000,ZAR,Cape Town City Centre,Cape Town City Centre,1,1,,,,,,https://www.privateproperty.co.za/to-rent/western-cape/cape-town/cape-town-city-bowl/cape-town-city-centre/RR4031804,"https://www.privateproperty.co.za/to-rent/western-cape/cape-town/55?pt=House,ApartmentFlat,TownHouseCluster&page=65",2026-04-05 20:59:18.337006
RR4475036,11340481,2 Bedroom Apartment Bloubergstrand,R 22 500,22500,ZAR,Bloubergstrand,Bloubergstrand,2,2,,,,,,https://www.privateproperty.co.za/to-rent/western-cape/cape-town/blouberg/bloubergstrand/RR4475036,"https://www.privateproperty.co.za/to-rent/western-cape/cape-town/55?pt=House,ApartmentFlat,TownHouseCluster&page=65",2026-04-05 20:59:18.337006
RR4623777,11710907,Studio Apartment Strand North,R 9 200,9200,ZAR,Strand North,Strand North,,1,1,,,,,https://www.privateproperty.co.za/to-rent/western-cape/cape-town/strand/strand-north/RR4623777,"https://www.privateproperty.co.za/to-rent/western-cape/cape-town/55?pt=House,ApartmentFlat,TownHouseCluster&page=65",2026-04-05 20:59:18.337006
RR4623756,11710860,2 Bedroom Apartment Muizenberg,R 13 000,13000,ZAR,Muizenberg,Muizenberg,2,1,1,9 081 m²,,,,https://www.privateproperty.co.za/to-rent/western-cape/cape-town/peninsula-false-bay/muizenberg/RR4623756,"https://www.privateproperty.co.za/to-rent/western-cape/cape-town/55?pt=House,ApartmentFlat,TownHouseCluster&page=65",2026-04-05 20:59:18.337006
RR4620919,11703975,2 Bedroom House Bergvliet,R 12 000,12000,ZAR,Bergvliet,Bergvliet,2,1,2,,,,,https://www.privateproperty.co.za/to-rent/western-cape/cape-town/southern-suburbs/bergvliet/RR4620919,"https://www.privateproperty.co.za/to-rent/western-cape/cape-town/55?pt=House,ApartmentFlat,TownHouseCluster&page=65",2026-04-05 20:59:18.337006
RR4623722,11710769,3 Bedroom Apartment Strand South,R 23 000,23000,ZAR,Strand South,Strand South,3,2,1,,,,,https://www.privateproperty.co.za/to-rent/western-cape/cape-town/strand/strand-south/RR4623722,"https://www.privateproperty.co.za/to-rent/western-cape/cape-town/55?pt=House,ApartmentFlat,TownHouseCluster&page=65",2026-04-05 20:59:18.337006
RR4623690,11710689,3 Bedroom Apartment Sandown,R 26 000,26000,ZAR,Sandown,Sandown,3,2,2,,,,,https://www.privateproperty.co.za/to-rent/western-cape/cape-town/blouberg/sandown/RR4623690,"https://www.privateproperty.co.za/to-rent/western-cape/cape-town/55?pt=House,ApartmentFlat,TownHouseCluster&page=65",2026-04-05 20:59:18.337006
RR4623580,11710416,4 Bedroom House Loevenstein,R 30 000,30000,ZAR,Loevenstein,Loevenstein,4,3,5,754 m²,,,,https://www.privateproperty.co.za/to-rent/western-cape/cape-town/bellville/loevenstein/RR4623580,"https://www.privateproperty.co.za/to-rent/western-cape/cape-town/55?pt=House,ApartmentFlat,TownHouseCluster&page=65",2026-04-05 20:59:18.337006
RR4623566,11710384,2 Bedroom Apartment Waterfront,R 85 000,85000,ZAR,Waterfront,Waterfront,2,2,,,,,,https://www.privateproperty.co.za/to-rent/western-cape/cape-town/atlantic-seaboard/waterfront/RR4623566,"https://www.privateproperty.co.za/to-rent/western-cape/cape-town/55?pt=House,ApartmentFlat,TownHouseCluster&page=65",2026-04-05 20:59:18.337006
RR2655680,6669305,6 Bedroom House Hout Bay Central,R 120 000,120000,ZAR,Hout Bay Central,Hout Bay Central,6,5,3,2 000 m²,,,,https://www.privateproperty.co.za/to-rent/western-cape/cape-town/hout-bay/hout-bay-central/RR2655680,"https://www.privateproperty.co.za/to-rent/western-cape/cape-town/55?pt=House,ApartmentFlat,TownHouseCluster&page=65",2026-04-05 20:59:18.337006
RR4623502,11710232,5 Bedroom House Llandudno,R 200 000,200000,ZAR,Llandudno,Llandudno,5,5,6,,,,,https://www.privateproperty.co.za/to-rent/western-cape/cape-town/atlantic-seaboard/llandudno/RR4623502,"https://www.privateproperty.co.za/to-rent/western-cape/cape-town/55?pt=House,ApartmentFlat,TownHouseCluster&page=65",2026-04-05 20:59:18.337006
RR4623475,11710163,2 Bedroom Apartment Durmonte,R 8 900,8900,ZAR,Durmonte,Durmonte,2,1,,,,,,https://www.privateproperty.co.za/to-rent/western-cape/cape-town/durbanville/durmonte/RR4623475,"https://www.privateproperty.co.za/to-rent/western-cape/cape-town/55?pt=House,ApartmentFlat,TownHouseCluster&page=65",2026-04-05 20:59:18.337006
RR4623413,11710046,2 Bedroom House Observatory,R 19 500,19500,ZAR,Observatory,Observatory,2,1,,133 m²,,,,https://www.privateproperty.co.za/to-rent/western-cape/cape-town/cape-town-city-bowl/observatory/RR4623413,"https://www.privateproperty.co.za/to-rent/western-cape/cape-town/55?pt=House,ApartmentFlat,TownHouseCluster&page=65",2026-04-05 20:59:18.337006
RR4623372,11709959,4 Bedroom House Bloubergstrand,R 55 000,55000,ZAR,Bloubergstrand,Bloubergstrand,4,3.5,6,1 021 m²,,,,https://www.privateproperty.co.za/to-rent/western-cape/cape-town/blouberg/bloubergstrand/RR4623372,"https://www.privateproperty.co.za/to-rent/western-cape/cape-town/55?pt=House,ApartmentFlat,TownHouseCluster&page=65",2026-04-05 20:59:18.337006
RR4623302,11709798,2 Bedroom Apartment Vredehoek,R 26 000,26000,ZAR,Vredehoek,Vredehoek,2,1,,,,,,https://www.privateproperty.co.za/to-rent/western-cape/cape-town/cape-town-city-bowl/vredehoek/RR4623302,"https://www.privateproperty.co.za/to-rent/western-cape/cape-town/55?pt=House,ApartmentFlat,TownHouseCluster&page=65",2026-04-05 20:59:18.337006
RR3635508,9074209,4 Bedroom House Hout Bay Central,R 44 000,44000,ZAR,Hout Bay Central,Hout Bay Central,4,2,4,1 600 m²,,,,https://www.privateproperty.co.za/to-rent/western-cape/cape-town/hout-bay/hout-bay-central/RR3635508,"https://www.privateproperty.co.za/to-rent/western-cape/cape-town/55?pt=House,ApartmentFlat,TownHouseCluster&page=65",2026-04-05 20:59:18.337006
RR4623184,11709560,1 Bedroom House Muizenberg,R 6 800,6800,ZAR,Muizenberg,Muizenberg 19 Cromer Road,1,1,,,-34.103501,18.471102,,https://www.privateproperty.co.za/to-rent/western-cape/cape-town/peninsula-false-bay/muizenberg/19-cromer-road/RR4623184,"https://www.privateproperty.co.za/to-rent/western-cape/cape-town/55?pt=House,ApartmentFlat,TownHouseCluster&page=65",2026-04-05 20:59:18.337006
RR4623137,11709450,2 Bedroom Apartment Costa Da Gama,R 15 000,15000,ZAR,Costa Da Gama,Costa Da Gama 14 St Georges Street,2,1,1,,-34.0980375,18.4862795,,https://www.privateproperty.co.za/to-rent/western-cape/cape-town/peninsula-false-bay/muizenberg/costa-da-gama/14-st-georges-street/RR4623137,"https://www.privateproperty.co.za/to-rent/western-cape/cape-town/55?pt=House,ApartmentFlat,TownHouseCluster&page=65",2026-04-05 20:59:18.337006
RR4623048,11709275,2 Bedroom Apartment Richwood,R 16 500,16500,ZAR,Richwood,Richwood,2,2,2,73 m²,,,,https://www.privateproperty.co.za/to-rent/western-cape/cape-town/milnerton/richwood/de-aan-zicht-lifestyle-security-estate/giel-basson-dr-rooiheuwel-rd-richwood-7441/RR4623048,"https://www.privateproperty.co.za/to-rent/western-cape/cape-town/55?pt=House,ApartmentFlat,TownHouseCluster&page=65",2026-04-05 20:59:18.337006
RR4489015,11376281,3 Bedroom House Sunset Beach,R 58 000,58000,ZAR,Sunset Beach,Sunset Beach,3,3,2,,,,,https://www.privateproperty.co.za/to-rent/western-cape/cape-town/milnerton/sunset-beach/RR4489015,"https://www.privateproperty.co.za/to-rent/western-cape/cape-town/55?pt=House,ApartmentFlat,TownHouseCluster&page=65",2026-04-05 20:59:18.337006
RR4622995,11709157,1 Bedroom Apartment Walmer Estate,R 5 500,5500,ZAR,Walmer Estate,Walmer Estate,1,1,,,,,,https://www.privateproperty.co.za/to-rent/western-cape/cape-town/cape-town-city-bowl/walmer-estate/RR4622995,"https://www.privateproperty.co.za/to-rent/western-cape/cape-town/55?pt=House,ApartmentFlat,TownHouseCluster&page=66",2026-04-05 20:59:18.337006
RR4622993,11709153,3 Bedroom Apartment Richwood,R 22 000,22000,ZAR,Richwood,Richwood,3,2,2,108 m²,,,,https://www.privateproperty.co.za/to-rent/western-cape/cape-town/milnerton/richwood/de-aan-zicht-security-estate/giel-basson-drive/RR4622993,"https://www.privateproperty.co.za/to-rent/western-cape/cape-town/55?pt=House,ApartmentFlat,TownHouseCluster&page=66",2026-04-05 20:59:18.337006
RR4415687,11192557,2 Bedroom House Costa Da Gama,R 16 500,16500,ZAR,Costa Da Gama,Costa Da Gama 12 Sunrise Boulevard,2,1,3,314 m²,-34.0999399,18.4838173,,https://www.privateproperty.co.za/to-rent/western-cape/cape-town/peninsula-false-bay/muizenberg/costa-da-gama/12-sunrise-boulevard/RR4415687,"https://www.privateproperty.co.za/to-rent/western-cape/cape-town/55?pt=House,ApartmentFlat,TownHouseCluster&page=66",2026-04-05 20:59:18.337006
RR4622983,11709127,1 Bedroom Apartment Richwood,R 13 000,13000,ZAR,Richwood,Richwood,1,1,1,66 m²,,,,https://www.privateproperty.co.za/to-rent/western-cape/cape-town/milnerton/richwood/de-aan-zicht-lifestyle-security-estate/giel-basson-dr-rooiheuwel-rd-richwood-7441/RR4622983,"https://www.privateproperty.co.za/to-rent/western-cape/cape-town/55?pt=House,ApartmentFlat,TownHouseCluster&page=66",2026-04-05 20:59:18.337006
RR4622981,11709122,2 Bedroom Apartment Avondale,R 10 000,10000,ZAR,Avondale,"Avondale 6 Aleena Suites, 114 Wynne Road",2,1,,,-33.9028905,18.5998896,,https://www.privateproperty.co.za/to-rent/western-cape/cape-town/parow/avondale/6-aleena-suites/114-wynne-road/RR4622981,"https://www.privateproperty.co.za/to-rent/western-cape/cape-town/55?pt=House,ApartmentFlat,TownHouseCluster&page=66",2026-04-05 20:59:18.337006
RR4061848,10293239,2 Bedroom Apartment Kenridge,R 15 500,15500,ZAR,Kenridge,Kenridge,2,1,1,,,,,https://www.privateproperty.co.za/to-rent/western-cape/cape-town/bellville/kenridge/RR4061848,"https://www.privateproperty.co.za/to-rent/western-cape/cape-town/55?pt=House,ApartmentFlat,TownHouseCluster&page=66",2026-04-05 20:59:18.337006
RR4434813,11240116,2 Bedroom Apartment Lakeside,R 15 000,15000,ZAR,Lakeside,Lakeside 2 Vlei Road,2,1,1,,-34.0866913,18.4557951,,https://www.privateproperty.co.za/to-rent/western-cape/cape-town/peninsula-false-bay/lakeside/2-vlei-road/RR4434813,"https://www.privateproperty.co.za/to-rent/western-cape/cape-town/55?pt=House,ApartmentFlat,TownHouseCluster&page=66",2026-04-05 20:59:18.337006
RR4622966,11709076,2 Bedroom Apartment Capri,R 13 500,13500,ZAR,Capri,"Capri 15 Seahof, 14 Sunray Road",2,1,1,,,,,https://www.privateproperty.co.za/to-rent/western-cape/cape-town/peninsula-false-bay/capri/15-seahof/14-sunray-road/RR4622966,"https://www.privateproperty.co.za/to-rent/western-cape/cape-town/55?pt=House,ApartmentFlat,TownHouseCluster&page=66",2026-04-05 20:59:18.337006
RR4622942,11709017,4 Bedroom House Plattekloof,R 55 000,55000,ZAR,Plattekloof,Plattekloof,4,3.5,3,1 546 m²,,,,https://www.privateproperty.co.za/to-rent/western-cape/cape-town/parow/plattekloof/RR4622942,"https://www.privateproperty.co.za/to-rent/western-cape/cape-town/55?pt=House,ApartmentFlat,TownHouseCluster&page=66",2026-04-05 20:59:18.337006
RR4622915,11708945,1 Bedroom Apartment Gardens,R 15 000,15000,ZAR,Gardens,Gardens,1,1,,,,,,https://www.privateproperty.co.za/to-rent/western-cape/cape-town/cape-town-city-bowl/gardens/RR4622915,"https://www.privateproperty.co.za/to-rent/western-cape/cape-town/55?pt=House,ApartmentFlat,TownHouseCluster&page=66",2026-04-05 20:59:18.337006
RR4622902,11708911,2 Bedroom Apartment Table View,R 20 000,20000,ZAR,Table View,Table View,2,2,1,,,,,https://www.privateproperty.co.za/to-rent/western-cape/cape-town/blouberg/table-view/RR4622902,"https://www.privateproperty.co.za/to-rent/western-cape/cape-town/55?pt=House,ApartmentFlat,TownHouseCluster&page=66",2026-04-05 20:59:18.337006
RR3272152,8057686,1 Bedroom Apartment Table View,R 13 750,13750,ZAR,Table View,Table View 26 Beach Boulevard,1,1,2,,-33.818387,18.475304,,https://www.privateproperty.co.za/to-rent/western-cape/cape-town/blouberg/table-view/26-beach-boulevard/RR3272152,"https://www.privateproperty.co.za/to-rent/western-cape/cape-town/55?pt=House,ApartmentFlat,TownHouseCluster&page=66",2026-04-05 20:59:18.337006
RR4622830,11708745,3 Bedroom Apartment Blouberg Rise,R 25 000,25000,ZAR,Blouberg Rise,Blouberg Rise,3,3,,,,,,https://www.privateproperty.co.za/to-rent/western-cape/cape-town/blouberg/blouberg-rise/RR4622830,"https://www.privateproperty.co.za/to-rent/western-cape/cape-town/55?pt=House,ApartmentFlat,TownHouseCluster&page=66",2026-04-05 20:59:18.337006
RR3794052,9543292,1 Bedroom Apartment Royal Ascot,R 13 000,13000,ZAR,Royal Ascot,Royal Ascot,1,1,2,,,,,https://www.privateproperty.co.za/to-rent/western-cape/cape-town/milnerton/royal-ascot/RR3794052,"https://www.privateproperty.co.za/to-rent/western-cape/cape-town/55?pt=House,ApartmentFlat,TownHouseCluster&page=66",2026-04-05 20:59:18.337006
RR4622768,11708599,4 Bedroom Apartment Sea Point,R 70 000,70000,ZAR,Sea Point,Sea Point,4,4,3,,,,,https://www.privateproperty.co.za/to-rent/western-cape/cape-town/atlantic-seaboard/sea-point/RR4622768,"https://www.privateproperty.co.za/to-rent/western-cape/cape-town/55?pt=House,ApartmentFlat,TownHouseCluster&page=66",2026-04-05 20:59:18.337006
RR4622722,11708511,4 Bedroom House Kalk Bay,R 85 000,85000,ZAR,Kalk Bay,"Kalk Bay 0 Kalk Bay, 18 Rosmead Rd",4,2,2,,-34.12446,18.45037,,https://www.privateproperty.co.za/to-rent/western-cape/cape-town/peninsula-false-bay/kalk-bay/0-kalk-bay/18-rosmead-rd/RR4622722,"https://www.privateproperty.co.za/to-rent/western-cape/cape-town/55?pt=House,ApartmentFlat,TownHouseCluster&page=66",2026-04-05 20:59:18.337006
RR4622713,11708497,3 Bedroom House Murdock Valley,R 47 500,47500,ZAR,Murdock Valley,Murdock Valley 16 Afrikander Street,3,3,2,555 m²,-34.208879,18.457699,,https://www.privateproperty.co.za/to-rent/western-cape/cape-town/simons-town/simons-town/murdock-valley/16-afrikander-street/RR4622713,"https://www.privateproperty.co.za/to-rent/western-cape/cape-town/55?pt=House,ApartmentFlat,TownHouseCluster&page=66",2026-04-05 20:59:18.337006
RR2768036,6898607,2 Bedroom Apartment Cape Town City Centre,R 29 500,29500,ZAR,Cape Town City Centre,Cape Town City Centre,2,2,2,,,,,https://www.privateproperty.co.za/to-rent/western-cape/cape-town/cape-town-city-bowl/cape-town-city-centre/RR2768036,"https://www.privateproperty.co.za/to-rent/western-cape/cape-town/55?pt=House,ApartmentFlat,TownHouseCluster&page=66",2026-04-05 20:59:18.337006
RR4622672,11708399,4 Bedroom House Newlands,R 75 000,75000,ZAR,Newlands,Newlands,4,3.5,2,,,,,https://www.privateproperty.co.za/to-rent/western-cape/cape-town/southern-suburbs/newlands/RR4622672,"https://www.privateproperty.co.za/to-rent/western-cape/cape-town/55?pt=House,ApartmentFlat,TownHouseCluster&page=66",2026-04-05 20:59:18.337006
RR2773151,6908686,1 Bedroom Apartment Century City,R 14 000,14000,ZAR,Century City,Century City,1,1,,,,,,https://www.privateproperty.co.za/to-rent/western-cape/cape-town/milnerton/century-city/RR2773151,"https://www.privateproperty.co.za/to-rent/western-cape/cape-town/55?pt=House,ApartmentFlat,TownHouseCluster&page=66",2026-04-05 20:59:18.337006
RR4622622,11708270,2 Bedroom Apartment Sea Point,R 40 000,40000,ZAR,Sea Point,Sea Point,2,2,1,,,,,https://www.privateproperty.co.za/to-rent/western-cape/cape-town/atlantic-seaboard/sea-point/RR4622622,"https://www.privateproperty.co.za/to-rent/western-cape/cape-town/55?pt=House,ApartmentFlat,TownHouseCluster&page=67",2026-04-05 20:59:18.337006
RR4622597,11708211,4 Bedroom House Welgelegen,R 35 000,35000,ZAR,Welgelegen,Welgelegen,4,3,6,662 m²,,,,https://www.privateproperty.co.za/to-rent/western-cape/cape-town/parow/welgelegen/RR4622597,"https://www.privateproperty.co.za/to-rent/western-cape/cape-town/55?pt=House,ApartmentFlat,TownHouseCluster&page=67",2026-04-05 20:59:18.337006
RR4622510,11708022,Studio Apartment Century City,R 14 500,14500,ZAR,Century City,Century City,0.5,1,1,,,,,https://www.privateproperty.co.za/to-rent/western-cape/cape-town/milnerton/century-city/RR4622510,"https://www.privateproperty.co.za/to-rent/western-cape/cape-town/55?pt=House,ApartmentFlat,TownHouseCluster&page=67",2026-04-05 20:59:18.337006
RR4106330,10409758,Studio apartment Foreshore,R 19 000,19000,ZAR,Foreshore,"Foreshore 12 Rockefeller, 12 Christiaan Barnard Street",,1,1,,-33.92218141,18.44095771,,https://www.privateproperty.co.za/to-rent/western-cape/cape-town/atlantic-seaboard/foreshore/12-rockefeller/12-christiaan-barnard-street/RR4106330,"https://www.privateproperty.co.za/to-rent/western-cape/cape-town/55?pt=House,ApartmentFlat,TownHouseCluster&page=67",2026-04-05 20:59:18.337006
RR4622433,11707854,2 Bedroom Penthouse Cape Town City Centre,R 50 000,50000,ZAR,Cape Town City Centre,Cape Town City Centre,2,2,4,,,,,https://www.privateproperty.co.za/to-rent/western-cape/cape-town/cape-town-city-bowl/cape-town-city-centre/RR4622433,"https://www.privateproperty.co.za/to-rent/western-cape/cape-town/55?pt=House,ApartmentFlat,TownHouseCluster&page=67",2026-04-05 20:59:18.337006
RR4622339,11707620,3 Bedroom House Constantia,R 180 000,180000,ZAR,Constantia,Constantia,3,3,,1 ha,,,,https://www.privateproperty.co.za/to-rent/western-cape/cape-town/southern-suburbs/constantia/RR4622339,"https://www.privateproperty.co.za/to-rent/western-cape/cape-town/55?pt=House,ApartmentFlat,TownHouseCluster&page=67",2026-04-05 20:59:18.337006
RR4288306,10862118,1 Bedroom Apartment Rondebosch,R 14 000,14000,ZAR,Rondebosch,Rondebosch,1,1,1,,,,,https://www.privateproperty.co.za/to-rent/western-cape/cape-town/southern-suburbs/rondebosch/RR4288306,"https://www.privateproperty.co.za/to-rent/western-cape/cape-town/55?pt=House,ApartmentFlat,TownHouseCluster&page=67",2026-04-05 20:59:18.337006
RR4207239,10660647,1 Bedroom Apartment Diep River,R 10 500,10500,ZAR,Diep River,Diep River,1,1,1,,,,,https://www.privateproperty.co.za/to-rent/western-cape/cape-town/southern-suburbs/diep-river/RR4207239,"https://www.privateproperty.co.za/to-rent/western-cape/cape-town/55?pt=House,ApartmentFlat,TownHouseCluster&page=67",2026-04-05 20:59:18.337006
RR4622283,11707474,3 Bedroom Apartment Paardevlei,R 25 800,25800,ZAR,Paardevlei,Paardevlei,3,2,2,,,,,https://www.privateproperty.co.za/to-rent/western-cape/cape-town/somerset-west/paardevlei/RR4622283,"https://www.privateproperty.co.za/to-rent/western-cape/cape-town/55?pt=House,ApartmentFlat,TownHouseCluster&page=67",2026-04-05 20:59:18.337006
RR3159622,7788952,Studio Apartment Waterfront,R 16 000,16000,ZAR,Waterfront,Waterfront,0.5,1,,,,,,https://www.privateproperty.co.za/to-rent/western-cape/cape-town/atlantic-seaboard/waterfront/RR3159622,"https://www.privateproperty.co.za/to-rent/western-cape/cape-town/55?pt=House,ApartmentFlat,TownHouseCluster&page=67",2026-04-05 20:59:18.337006
RR4041429,10236664,2 Bedroom Apartment Rondebosch,R 11 000,11000,ZAR,Rondebosch,"Rondebosch 4 Firleigh Flats, 2a Bridge Street",2,1,,,-33.95059,18.47421,,https://www.privateproperty.co.za/to-rent/western-cape/cape-town/southern-suburbs/rondebosch/4-firleigh-flats/2a-bridge-street/RR4041429,"https://www.privateproperty.co.za/to-rent/western-cape/cape-town/55?pt=House,ApartmentFlat,TownHouseCluster&page=67",2026-04-05 20:59:18.337006
RR4622238,11707353,4 Bedroom House Constantia,R 75 000,75000,ZAR,Constantia,Constantia,4,2,7,2 005 m²,,,,https://www.privateproperty.co.za/to-rent/western-cape/cape-town/southern-suburbs/constantia/RR4622238,"https://www.privateproperty.co.za/to-rent/western-cape/cape-town/55?pt=House,ApartmentFlat,TownHouseCluster&page=67",2026-04-05 20:59:18.337006
RR4345640,11012491,Studio apartment Steenberg,R 13 500,13500,ZAR,Steenberg,Steenberg,1,1,,,,,,https://www.privateproperty.co.za/to-rent/western-cape/cape-town/southern-suburbs/steenberg/RR4345640,"https://www.privateproperty.co.za/to-rent/western-cape/cape-town/55?pt=House,ApartmentFlat,TownHouseCluster&page=67",2026-04-05 20:59:18.337006
RR4622219,11707302,4 Bedroom House Hout Bay Central,R 49 999,49999,ZAR,Hout Bay Central,Hout Bay Central,4,4,2,1 240 m²,,,,https://www.privateproperty.co.za/to-rent/western-cape/cape-town/hout-bay/hout-bay-central/RR4622219,"https://www.privateproperty.co.za/to-rent/western-cape/cape-town/55?pt=House,ApartmentFlat,TownHouseCluster&page=67",2026-04-05 20:59:18.337006
RR4622212,11707285,2 Bedroom Apartment Ruwari,R 10 900,10900,ZAR,Ruwari,Ruwari,2,1,1,,,,,https://www.privateproperty.co.za/to-rent/western-cape/cape-town/brackenfell/ruwari/RR4622212,"https://www.privateproperty.co.za/to-rent/western-cape/cape-town/55?pt=House,ApartmentFlat,TownHouseCluster&page=67",2026-04-05 20:59:18.337006
RR4622205,11707265,2 Bedroom Apartment Plumstead,R 16 500,16500,ZAR,Plumstead,Plumstead 1 Alnwick Road,2,1,1,,-34.0284224,18.4663671,,https://www.privateproperty.co.za/to-rent/western-cape/cape-town/southern-suburbs/plumstead/urban-spin/1-alnwick-road/RR4622205,"https://www.privateproperty.co.za/to-rent/western-cape/cape-town/55?pt=House,ApartmentFlat,TownHouseCluster&page=67",2026-04-05 20:59:18.337006
RR4622166,11707167,3 Bedroom House Camps Bay,R 50 000,50000,ZAR,Camps Bay,Camps Bay,3,2,2,,,,,https://www.privateproperty.co.za/to-rent/western-cape/cape-town/atlantic-seaboard/camps-bay/RR4622166,"https://www.privateproperty.co.za/to-rent/western-cape/cape-town/55?pt=House,ApartmentFlat,TownHouseCluster&page=67",2026-04-05 20:59:18.337006
RR4622138,11707113,1 Bedroom Apartment Waterfront,R 40 000,40000,ZAR,Waterfront,Waterfront,1,1,1,,,,,https://www.privateproperty.co.za/to-rent/western-cape/cape-town/atlantic-seaboard/waterfront/RR4622138,"https://www.privateproperty.co.za/to-rent/western-cape/cape-town/55?pt=House,ApartmentFlat,TownHouseCluster&page=67",2026-04-05 20:59:18.337006
RR4622121,11707065,2 Bedroom Apartment Haasendal,R 9 500,9500,ZAR,Haasendal,Haasendal,2,1,1,,,,,https://www.privateproperty.co.za/to-rent/western-cape/cape-town/kuils-river/haasendal/RR4622121,"https://www.privateproperty.co.za/to-rent/western-cape/cape-town/55?pt=House,ApartmentFlat,TownHouseCluster&page=67",2026-04-05 20:59:18.337006
RR4622099,11707017,Studio apartment Llandudno,R 25 000,25000,ZAR,Llandudno,Llandudno,0.5,1,,,,,,https://www.privateproperty.co.za/to-rent/western-cape/cape-town/atlantic-seaboard/llandudno/RR4622099,"https://www.privateproperty.co.za/to-rent/western-cape/cape-town/55?pt=House,ApartmentFlat,TownHouseCluster&page=67",2026-04-05 20:59:18.337006
RR4622073,11706957,3 Bedroom Apartment Somerset West Central,R 19 294,19294,ZAR,Somerset West Central,Somerset West Central,3,2,,,,,,https://www.privateproperty.co.za/to-rent/western-cape/cape-town/somerset-west/somerset-west-central/RR4622073,"https://www.privateproperty.co.za/to-rent/western-cape/cape-town/55?pt=House,ApartmentFlat,TownHouseCluster&page=68",2026-04-05 20:59:18.337006
RR4098063,10388742,1 Bedroom Apartment Mouille Point,R 24 000,24000,ZAR,Mouille Point,"Mouille Point 108 Edward Court, 41 Beach Rd",1,1,,,-33.9004841814451,18.40407371521,,https://www.privateproperty.co.za/to-rent/western-cape/cape-town/atlantic-seaboard/mouille-point/108-edward-court/41-beach-rd/RR4098063,"https://www.privateproperty.co.za/to-rent/western-cape/cape-town/55?pt=House,ApartmentFlat,TownHouseCluster&page=68",2026-04-05 20:59:18.337006
RR4622020,11706829,2 Bedroom House Schaap Kraal,R 7 200,7200,ZAR,Schaap Kraal,Schaap Kraal,2,1,,,,,,https://www.privateproperty.co.za/to-rent/western-cape/cape-town/cape-flats/philippi/schaap-kraal/RR4622020,"https://www.privateproperty.co.za/to-rent/western-cape/cape-town/55?pt=House,ApartmentFlat,TownHouseCluster&page=68",2026-04-05 20:59:18.337006
RR3464848,8580893,1 Bedroom Apartment Green Point,R 24 000,24000,ZAR,Green Point,Green Point,1,1,,,,,,https://www.privateproperty.co.za/to-rent/western-cape/cape-town/atlantic-seaboard/green-point/RR3464848,"https://www.privateproperty.co.za/to-rent/western-cape/cape-town/55?pt=House,ApartmentFlat,TownHouseCluster&page=68",2026-04-05 20:59:18.337006
RR4622007,11706810,4 Bedroom House Big Bay,R 40 000,40000,ZAR,Big Bay,Big Bay,4,2.5,2,,,,,https://www.privateproperty.co.za/to-rent/western-cape/cape-town/blouberg/big-bay/RR4622007,"https://www.privateproperty.co.za/to-rent/western-cape/cape-town/55?pt=House,ApartmentFlat,TownHouseCluster&page=68",2026-04-05 20:59:18.337006
RR4621926,11706619,1 Bedroom Apartment Zonnebloem,R 14 500,14500,ZAR,Zonnebloem,"Zonnebloem 1016 Four Seasons, 43 Buitenkant Street",1,1,1,,-33.929141,18.422417,,https://www.privateproperty.co.za/to-rent/western-cape/cape-town/cape-town-city-bowl/zonnebloem/1016-four-seasons/43-buitenkant-street/RR4621926,"https://www.privateproperty.co.za/to-rent/western-cape/cape-town/55?pt=House,ApartmentFlat,TownHouseCluster&page=68",2026-04-05 20:59:18.337006
RR4315775,10929728,2 Bedroom Apartment West Riding,R 9 000,9000,ZAR,West Riding,"West Riding 331 River Hamlet, 52 Gie Road",2,1,1,,-33.8239735807504,18.5185330911609,,https://www.privateproperty.co.za/to-rent/western-cape/cape-town/blouberg/table-view/west-riding/331-river-hamlet/52-gie-road/RR4315775,"https://www.privateproperty.co.za/to-rent/western-cape/cape-town/55?pt=House,ApartmentFlat,TownHouseCluster&page=68",2026-04-05 20:59:18.337006
RR4621833,11706353,2 Bedroom Apartment Table View,R 30 000,30000,ZAR,Table View,"Table View 403 Blue Waters, 8 Moolman",2,2.5,2,,-22.305433954591194,36.43081037769999,,https://www.privateproperty.co.za/to-rent/western-cape/cape-town/blouberg/table-view/403-blue-waters/8-moolman/RR4621833,"https://www.privateproperty.co.za/to-rent/western-cape/cape-town/55?pt=House,ApartmentFlat,TownHouseCluster&page=68",2026-04-05 20:59:18.337006
RR4060807,10290468,2 Bedroom Apartment Milnerton Central,R 50 000,50000,ZAR,Milnerton Central,Milnerton Central 1 Lagoon Gate Drive,2,2,4,,-33.8922683,18.4827126,,https://www.privateproperty.co.za/to-rent/western-cape/cape-town/milnerton/milnerton-central/1-lagoon-gate-drive/RR4060807,"https://www.privateproperty.co.za/to-rent/western-cape/cape-town/55?pt=House,ApartmentFlat,TownHouseCluster&page=68",2026-04-05 20:59:18.337006
RR4621803,11706259,3 Bedroom Apartment Somerset West Central,R 23 900,23900,ZAR,Somerset West Central,"Somerset West Central 266 The Jade, 1 Gardner Williams Avenue",3,2,2,,-34.093655,18.813912,,https://www.privateproperty.co.za/to-rent/western-cape/cape-town/somerset-west/somerset-west-central/266-the-jade/1-gardner-williams-avenue/RR4621803,"https://www.privateproperty.co.za/to-rent/western-cape/cape-town/55?pt=House,ApartmentFlat,TownHouseCluster&page=68",2026-04-05 20:59:18.337006
RR4621755,11706136,2 Bedroom Apartment Sea Point,R 65 000,65000,ZAR,Sea Point,Sea Point,2,2,,,,,,https://www.privateproperty.co.za/to-rent/western-cape/cape-town/atlantic-seaboard/sea-point/RR4621755,"https://www.privateproperty.co.za/to-rent/western-cape/cape-town/55?pt=House,ApartmentFlat,TownHouseCluster&page=68",2026-04-05 20:59:18.337006
RR4621712,11706032,1 Bedroom House Bloubergrant,R 16 000,16000,ZAR,Bloubergrant,Bloubergrant,1,1,,100 m²,,,,https://www.privateproperty.co.za/to-rent/western-cape/cape-town/blouberg/bloubergrant/RR4621712,"https://www.privateproperty.co.za/to-rent/western-cape/cape-town/55?pt=House,ApartmentFlat,TownHouseCluster&page=68",2026-04-05 20:59:18.337006
RR4621661,11705917,Studio apartment Goodwood,R 4 950,4950,ZAR,Goodwood,Goodwood,0.5,1,,,,,,https://www.privateproperty.co.za/to-rent/western-cape/cape-town/goodwood/goodwood/RR4621661,"https://www.privateproperty.co.za/to-rent/western-cape/cape-town/55?pt=House,ApartmentFlat,TownHouseCluster&page=68",2026-04-05 20:59:18.337006
RR4621578,11705724,2 Bedroom Apartment Mouille Point,R 55 000,55000,ZAR,Mouille Point,Mouille Point,2,2.5,,,,,,https://www.privateproperty.co.za/to-rent/western-cape/cape-town/atlantic-seaboard/mouille-point/RR4621578,"https://www.privateproperty.co.za/to-rent/western-cape/cape-town/55?pt=House,ApartmentFlat,TownHouseCluster&page=68",2026-04-05 20:59:18.337006
RR4621544,11705640,3 Bedroom House Table View,R 19 500,19500,ZAR,Table View,Table View,3,1,1,,,,,https://www.privateproperty.co.za/to-rent/western-cape/cape-town/blouberg/table-view/RR4621544,"https://www.privateproperty.co.za/to-rent/western-cape/cape-town/55?pt=House,ApartmentFlat,TownHouseCluster&page=68",2026-04-05 20:59:18.337006
RR4621508,11705556,3 Bedroom House Three Anchor Bay,R 45 000,45000,ZAR,Three Anchor Bay,Three Anchor Bay,3,2,1,152 m²,,,,https://www.privateproperty.co.za/to-rent/western-cape/cape-town/atlantic-seaboard/three-anchor-bay/RR4621508,"https://www.privateproperty.co.za/to-rent/western-cape/cape-town/55?pt=House,ApartmentFlat,TownHouseCluster&page=68",2026-04-05 20:59:18.337006
RR4621506,11705550,1 Bedroom House Rondebosch,R 8 500,8500,ZAR,Rondebosch,Rondebosch,1,1,1,,,,,https://www.privateproperty.co.za/to-rent/western-cape/cape-town/southern-suburbs/rondebosch/RR4621506,"https://www.privateproperty.co.za/to-rent/western-cape/cape-town/55?pt=House,ApartmentFlat,TownHouseCluster&page=68",2026-04-05 20:59:18.337006
RR4621494,11705525,2 Bedroom Apartment Milnerton Central,R 15 000,15000,ZAR,Milnerton Central,"Milnerton Central 409 Burmeister On Park, 10 Burmeister Circle",2,1,1,,,,,https://www.privateproperty.co.za/to-rent/western-cape/cape-town/milnerton/milnerton-central/409-burmeister-on-park/10-burmeister-circle/RR4621494,"https://www.privateproperty.co.za/to-rent/western-cape/cape-town/55?pt=House,ApartmentFlat,TownHouseCluster&page=68",2026-04-05 20:59:18.337006
RR3707000,9267436,3 Bedroom Apartment Bloubergstrand,R 50 000,50000,ZAR,Bloubergstrand,Bloubergstrand,3,3.5,2,400 m²,,,,https://www.privateproperty.co.za/to-rent/western-cape/cape-town/blouberg/bloubergstrand/RR3707000,"https://www.privateproperty.co.za/to-rent/western-cape/cape-town/55?pt=House,ApartmentFlat,TownHouseCluster&page=68",2026-04-05 20:59:18.337006
RR4621424,11705348,1 Bedroom House Lakeside,R 7 000,7000,ZAR,Lakeside,Lakeside,1,1,1,,,,,https://www.privateproperty.co.za/to-rent/western-cape/cape-town/peninsula-false-bay/lakeside/RR4621424,"https://www.privateproperty.co.za/to-rent/western-cape/cape-town/55?pt=House,ApartmentFlat,TownHouseCluster&page=68",2026-04-05 20:59:18.337006
RR3766853,9460745,1 Bedroom Apartment Gordons Bay Central,R 15 000,15000,ZAR,Gordons Bay Central,Gordons Bay Central,1,1,1,,,,,https://www.privateproperty.co.za/to-rent/western-cape/cape-town/gordons-bay/gordons-bay-central/RR3766853,"https://www.privateproperty.co.za/to-rent/western-cape/cape-town/55?pt=House,ApartmentFlat,TownHouseCluster&page=69",2026-04-05 20:59:18.337006
RR4621350,11705133,Studio Apartment Cape Town City Centre,R 8 650,8650,ZAR,Cape Town City Centre,Cape Town City Centre,0.5,1,,,,,,https://www.privateproperty.co.za/to-rent/western-cape/cape-town/cape-town-city-bowl/cape-town-city-centre/RR4621350,"https://www.privateproperty.co.za/to-rent/western-cape/cape-town/55?pt=House,ApartmentFlat,TownHouseCluster&page=69",2026-04-05 20:59:18.337006
RR4621287,11704947,3 Bedroom House Kalk Bay,R 70 000,70000,ZAR,Kalk Bay,Kalk Bay,3,2,1,,,,,https://www.privateproperty.co.za/to-rent/western-cape/cape-town/peninsula-false-bay/kalk-bay/RR4621287,"https://www.privateproperty.co.za/to-rent/western-cape/cape-town/55?pt=House,ApartmentFlat,TownHouseCluster&page=69",2026-04-05 20:59:18.337006
RR4621274,11704887,2 Bedroom Apartment Belhar,R 8 700,8700,ZAR,Belhar,"Belhar Back Belhar, 7 Mimosa Cres",2,1,1,,-33.94137,18.62492,,https://www.privateproperty.co.za/to-rent/western-cape/cape-town/cape-flats/belhar/back-belhar/7-mimosa-cres/RR4621274,"https://www.privateproperty.co.za/to-rent/western-cape/cape-town/55?pt=House,ApartmentFlat,TownHouseCluster&page=69",2026-04-05 20:59:18.337006
RR4621272,11704875,3 Bedroom Apartment Sandown,R 25 500,25500,ZAR,Sandown,Sandown,3,2,2,,,,,https://www.privateproperty.co.za/to-rent/western-cape/cape-town/blouberg/sandown/RR4621272,"https://www.privateproperty.co.za/to-rent/western-cape/cape-town/55?pt=House,ApartmentFlat,TownHouseCluster&page=69",2026-04-05 20:59:18.337006
RR4621270,11704855,1 Bedroom Apartment Glenlily,R 5 500,5500,ZAR,Glenlily,Glenlily,1,7,,,,,,https://www.privateproperty.co.za/to-rent/western-cape/cape-town/parow/glenlily/RR4621270,"https://www.privateproperty.co.za/to-rent/western-cape/cape-town/55?pt=House,ApartmentFlat,TownHouseCluster&page=69",2026-04-05 20:59:18.337006
RR4621271,11704864,2 Bedroom Apartment Claremont,R 28 000,28000,ZAR,Claremont,Claremont,2,2,1,,,,,https://www.privateproperty.co.za/to-rent/western-cape/cape-town/southern-suburbs/claremont/RR4621271,"https://www.privateproperty.co.za/to-rent/western-cape/cape-town/55?pt=House,ApartmentFlat,TownHouseCluster&page=69",2026-04-05 20:59:18.337006
RR4621256,11704772,1 Bedroom Apartment Sandown,R 11 500,11500,ZAR,Sandown,Sandown,1,1,1,,,,,https://www.privateproperty.co.za/to-rent/western-cape/cape-town/blouberg/sandown/RR4621256,"https://www.privateproperty.co.za/to-rent/western-cape/cape-town/55?pt=House,ApartmentFlat,TownHouseCluster&page=69",2026-04-05 20:59:18.337006
RR4621241,11704726,4 Bedroom House Glencairn Heights,R 45 000,45000,ZAR,Glencairn Heights,Glencairn Heights,4,4,3,,,,,https://www.privateproperty.co.za/to-rent/western-cape/cape-town/peninsula-false-bay/glencairn/glencairn-heights/RR4621241,"https://www.privateproperty.co.za/to-rent/western-cape/cape-town/55?pt=House,ApartmentFlat,TownHouseCluster&page=69",2026-04-05 20:59:18.337006
RR4621244,11704733,2 Bedroom House Mitchells Plain,R 7 000,7000,ZAR,Mitchells Plain,Mitchells Plain,2,1,2,,,,,https://www.privateproperty.co.za/to-rent/western-cape/cape-town/mitchells-plain/mitchells-plain/RR4621244,"https://www.privateproperty.co.za/to-rent/western-cape/cape-town/55?pt=House,ApartmentFlat,TownHouseCluster&page=69",2026-04-05 20:59:18.337006
RR4621243,11704730,1 Bedroom Apartment Muizenberg,R 27 500,27500,ZAR,Muizenberg,Muizenberg,1,1,1,,,,,https://www.privateproperty.co.za/to-rent/western-cape/cape-town/peninsula-false-bay/muizenberg/RR4621243,"https://www.privateproperty.co.za/to-rent/western-cape/cape-town/55?pt=House,ApartmentFlat,TownHouseCluster&page=69",2026-04-05 20:59:18.337006
RR4621235,11704706,1 Bedroom Apartment Claremont,R 9 000,9000,ZAR,Claremont,Claremont,1,1,,,,,,https://www.privateproperty.co.za/to-rent/western-cape/cape-town/southern-suburbs/claremont/RR4621235,"https://www.privateproperty.co.za/to-rent/western-cape/cape-town/55?pt=House,ApartmentFlat,TownHouseCluster&page=69",2026-04-05 20:59:18.337006
RR4621238,11704713,4 Bedroom House St James,R 80 000,80000,ZAR,St James,St James,4,3.5,2,,,,,https://www.privateproperty.co.za/to-rent/western-cape/cape-town/peninsula-false-bay/st-james/RR4621238,"https://www.privateproperty.co.za/to-rent/western-cape/cape-town/55?pt=House,ApartmentFlat,TownHouseCluster&page=69",2026-04-05 20:59:18.337006
RR4621176,11704528,2 Bedroom Apartment Rosebank,R 17 500,17500,ZAR,Rosebank,Rosebank,2,2,1,,,,,https://www.privateproperty.co.za/to-rent/western-cape/cape-town/southern-suburbs/rosebank/RR4621176,"https://www.privateproperty.co.za/to-rent/western-cape/cape-town/55?pt=House,ApartmentFlat,TownHouseCluster&page=69",2026-04-05 20:59:18.337006
RR4621171,11704519,2 Bedroom Apartment Cape Town City Centre,R 27 000,27000,ZAR,Cape Town City Centre,Cape Town City Centre,2,2,,,,,,https://www.privateproperty.co.za/to-rent/western-cape/cape-town/cape-town-city-bowl/cape-town-city-centre/RR4621171,"https://www.privateproperty.co.za/to-rent/western-cape/cape-town/55?pt=House,ApartmentFlat,TownHouseCluster&page=69",2026-04-05 20:59:18.337006
RR4621154,11704479,1 Bedroom Apartment Somerset West Central,R 9 850,9850,ZAR,Somerset West Central,Somerset West Central,1,1,1,,,,,https://www.privateproperty.co.za/to-rent/western-cape/cape-town/somerset-west/somerset-west-central/RR4621154,"https://www.privateproperty.co.za/to-rent/western-cape/cape-town/55?pt=House,ApartmentFlat,TownHouseCluster&page=69",2026-04-05 20:59:18.337006
RR4342926,11005261,1 Bedroom Apartment Salt River,R 13 500,13500,ZAR,Salt River,"Salt River 312 Upper East Side, 31 Brickfield Road",1,1,1,,,,,https://www.privateproperty.co.za/to-rent/western-cape/cape-town/cape-town-city-bowl/salt-river/312-upper-east-side/31-brickfield-road/RR4342926,"https://www.privateproperty.co.za/to-rent/western-cape/cape-town/55?pt=House,ApartmentFlat,TownHouseCluster&page=69",2026-04-05 20:59:18.337006
RR2855784,7089881,1 Bedroom Apartment Paardevlei,R 10 950,10950,ZAR,Paardevlei,Paardevlei,1,1,1,,,,,https://www.privateproperty.co.za/to-rent/western-cape/cape-town/somerset-west/paardevlei/RR2855784,"https://www.privateproperty.co.za/to-rent/western-cape/cape-town/55?pt=House,ApartmentFlat,TownHouseCluster&page=69",2026-04-05 20:59:18.337006
RR4621079,11704292,2.5 Bedroom House Capri,R 25 000,25000,ZAR,Capri,Capri,2.5,2,1,,,,,https://www.privateproperty.co.za/to-rent/western-cape/cape-town/peninsula-false-bay/capri/RR4621079,"https://www.privateproperty.co.za/to-rent/western-cape/cape-town/55?pt=House,ApartmentFlat,TownHouseCluster&page=69",2026-04-05 20:59:18.337006
RR4621077,11704285,4 Bedroom House Rondebosch,R 65 000,65000,ZAR,Rondebosch,Rondebosch 7 Rondebosch Oval,4,4,2,248 m²,,,,https://www.privateproperty.co.za/to-rent/western-cape/cape-town/southern-suburbs/rondebosch/7-rondebosch-oval/RR4621077,"https://www.privateproperty.co.za/to-rent/western-cape/cape-town/55?pt=House,ApartmentFlat,TownHouseCluster&page=69",2026-04-05 20:59:18.337006
RR4621041,11704201,2 Bedroom Apartment Parow Central,R 10 600,10600,ZAR,Parow Central,Parow Central,2,1,1,1.7 ha,,,,https://www.privateproperty.co.za/to-rent/western-cape/cape-town/parow/parow-central/RR4621041,"https://www.privateproperty.co.za/to-rent/western-cape/cape-town/55?pt=House,ApartmentFlat,TownHouseCluster&page=70",2026-04-05 20:59:18.337006
RR4362315,11058266,2 Bedroom Apartment Erinvale Estate,R 25 500,25500,ZAR,Erinvale Estate,Erinvale Estate,2,2,1,7 331 m²,,,,https://www.privateproperty.co.za/to-rent/western-cape/cape-town/somerset-west/erinvale-estate/RR4362315,"https://www.privateproperty.co.za/to-rent/western-cape/cape-town/55?pt=House,ApartmentFlat,TownHouseCluster&page=70",2026-04-05 20:59:18.337006
RR4620999,11704125,1 Bedroom Apartment Muizenberg,R 12 500,12500,ZAR,Muizenberg,Muizenberg,1,1,1,,,,,https://www.privateproperty.co.za/to-rent/western-cape/cape-town/peninsula-false-bay/muizenberg/RR4620999,"https://www.privateproperty.co.za/to-rent/western-cape/cape-town/55?pt=House,ApartmentFlat,TownHouseCluster&page=70",2026-04-05 20:59:18.337006
RR4620982,11704092,1 Bedroom Apartment Richwood,R 12 000,12000,ZAR,Richwood,Richwood,1,1,,,,,,https://www.privateproperty.co.za/to-rent/western-cape/cape-town/milnerton/richwood/RR4620982,"https://www.privateproperty.co.za/to-rent/western-cape/cape-town/55?pt=House,ApartmentFlat,TownHouseCluster&page=70",2026-04-05 20:59:18.337006
RR4620962,11704063,3 Bedroom House Panorama,R 25 000,25000,ZAR,Panorama,Panorama,3,3,8,872 m²,,,,https://www.privateproperty.co.za/to-rent/western-cape/cape-town/parow/panorama/RR4620962,"https://www.privateproperty.co.za/to-rent/western-cape/cape-town/55?pt=House,ApartmentFlat,TownHouseCluster&page=70",2026-04-05 20:59:18.337006
RR4620960,11704059,2 Bedroom Apartment Cape Town City Centre,R 30 000,30000,ZAR,Cape Town City Centre,Cape Town City Centre,2,2,2,,,,,https://www.privateproperty.co.za/to-rent/western-cape/cape-town/cape-town-city-bowl/cape-town-city-centre/RR4620960,"https://www.privateproperty.co.za/to-rent/western-cape/cape-town/55?pt=House,ApartmentFlat,TownHouseCluster&page=70",2026-04-05 20:59:18.337006
RR4316749,10932422,2 Bedroom Apartment Richwood,R 16 250,16250,ZAR,Richwood,"Richwood 888 De Aan Zicht, 1 Rooiheuwel",2,2,2,2 ha,-33.8216189,18.5533353,,https://www.privateproperty.co.za/to-rent/western-cape/cape-town/milnerton/richwood/888-de-aan-zicht/1-rooiheuwel/RR4316749,"https://www.privateproperty.co.za/to-rent/western-cape/cape-town/55?pt=House,ApartmentFlat,TownHouseCluster&page=70",2026-04-05 20:59:18.337006
RR4281162,10845762,2 Bedroom Apartment Durbanville Central,R 11 900,11900,ZAR,Durbanville Central,"Durbanville Central 5 Woodlands, 13 Vrede Street",2,1,2,,,,,https://www.privateproperty.co.za/to-rent/western-cape/cape-town/durbanville/durbanville-central/5-woodlands/13-vrede-street/RR4281162,"https://www.privateproperty.co.za/to-rent/western-cape/cape-town/55?pt=House,ApartmentFlat,TownHouseCluster&page=70",2026-04-05 20:59:18.337006
RR4620898,11703936,4 Bedroom House Noordhoek,R 95 000,95000,ZAR,Noordhoek,Noordhoek,4,3,2,852 m²,,,,https://www.privateproperty.co.za/to-rent/western-cape/cape-town/peninsula-false-bay/noordhoek/RR4620898,"https://www.privateproperty.co.za/to-rent/western-cape/cape-town/55?pt=House,ApartmentFlat,TownHouseCluster&page=70",2026-04-05 20:59:18.337006
RR4620774,11703680,2 Bedroom House Green Point,R 55 000,55000,ZAR,Green Point,Green Point 18 Ashstead Road,2,2,,220 m²,-33.9092761,18.4100941,,https://www.privateproperty.co.za/to-rent/western-cape/cape-town/atlantic-seaboard/green-point/18-ashstead-road/RR4620774,"https://www.privateproperty.co.za/to-rent/western-cape/cape-town/55?pt=House,ApartmentFlat,TownHouseCluster&page=70",2026-04-05 20:59:18.337006
RR4620755,11703636,Bachelor apartment Wynberg Upper,R 12 500,12500,ZAR,Wynberg Upper,"Wynberg Upper 005 Oude Alphen, 9 Lindley Road",1,1,2,45 m²,,,,https://www.privateproperty.co.za/to-rent/western-cape/cape-town/southern-suburbs/wynberg/wynberg-upper/005-oude-alphen/9-lindley-road/RR4620755,"https://www.privateproperty.co.za/to-rent/western-cape/cape-town/55?pt=House,ApartmentFlat,TownHouseCluster&page=70",2026-04-05 20:59:18.337006
RR4620690,11703482,1 Bedroom Apartment Firlands,R 8 750,8750,ZAR,Firlands,Firlands,1,1,1,,,,,https://www.privateproperty.co.za/to-rent/western-cape/cape-town/gordons-bay/admirals-park/firlands/RR4620690,"https://www.privateproperty.co.za/to-rent/western-cape/cape-town/55?pt=House,ApartmentFlat,TownHouseCluster&page=70",2026-04-05 20:59:18.337006
RR4476724,11344660,1 Bedroom Apartment Ottery,R 7 500,7500,ZAR,Ottery,Ottery,1,1,1,,,,,https://www.privateproperty.co.za/to-rent/western-cape/cape-town/southern-suburbs/ottery/RR4476724,"https://www.privateproperty.co.za/to-rent/western-cape/cape-town/55?pt=House,ApartmentFlat,TownHouseCluster&page=70",2026-04-05 20:59:18.337006
RR4620689,11703481,1 Bedroom Apartment Grassy Park,R 5 500,5500,ZAR,Grassy Park,Grassy Park 82 Second,1,1,1,,-34.0448689850557,18.4949268593596,,https://www.privateproperty.co.za/to-rent/western-cape/cape-town/cape-flats/grassy-park/82-second/RR4620689,"https://www.privateproperty.co.za/to-rent/western-cape/cape-town/55?pt=House,ApartmentFlat,TownHouseCluster&page=70",2026-04-05 20:59:18.337006
RR4620679,11703467,3 Bedroom House Grassy Park,R 12 500,12500,ZAR,Grassy Park,Grassy Park 2 Second,3,1,1,440 m²,-34.0448689850557,18.4949268593596,,https://www.privateproperty.co.za/to-rent/western-cape/cape-town/cape-flats/grassy-park/2-second/RR4620679,"https://www.privateproperty.co.za/to-rent/western-cape/cape-town/55?pt=House,ApartmentFlat,TownHouseCluster&page=70",2026-04-05 20:59:18.337006
RR4620646,11703402,2 Bedroom Apartment St Dumas,R 8 950,8950,ZAR,St Dumas,St Dumas,2,1,1,,,,,https://www.privateproperty.co.za/to-rent/western-cape/cape-town/kuils-river/st-dumas/RR4620646,"https://www.privateproperty.co.za/to-rent/western-cape/cape-town/55?pt=House,ApartmentFlat,TownHouseCluster&page=70",2026-04-05 20:59:18.337006
RR4620619,11703349,Studio apartment Century City,R 18 000,18000,ZAR,Century City,Century City,,1,1,,,,,https://www.privateproperty.co.za/to-rent/western-cape/cape-town/milnerton/century-city/RR4620619,"https://www.privateproperty.co.za/to-rent/western-cape/cape-town/55?pt=House,ApartmentFlat,TownHouseCluster&page=70",2026-04-05 20:59:18.337006
RR4620582,11703269,3 Bedroom House Bergvliet,R 33 000,33000,ZAR,Bergvliet,Bergvliet,3,2,2,,,,,https://www.privateproperty.co.za/to-rent/western-cape/cape-town/southern-suburbs/bergvliet/RR4620582,"https://www.privateproperty.co.za/to-rent/western-cape/cape-town/55?pt=House,ApartmentFlat,TownHouseCluster&page=70",2026-04-05 20:59:18.337006
RR4620558,11703218,2 Bedroom Apartment Tijgerhof,R 15 000,15000,ZAR,Tijgerhof,"Tijgerhof 12121212 Cambridge Court, 2 Mansvelt Road",2,1,1,,,,,https://www.privateproperty.co.za/to-rent/western-cape/cape-town/milnerton/tijgerhof/12121212-cambridge-court/2-mansvelt-road/RR4620558,"https://www.privateproperty.co.za/to-rent/western-cape/cape-town/55?pt=House,ApartmentFlat,TownHouseCluster&page=70",2026-04-05 20:59:18.337006
RR3683509,9206326,1 Bedroom Apartment Oranjezicht,R 15 000,15000,ZAR,Oranjezicht,"Oranjezicht 1 Shirmal, 4 Culver Street",1,1,,,,,,https://www.privateproperty.co.za/to-rent/western-cape/cape-town/cape-town-city-bowl/oranjezicht/1-shirmal/4-culver-street/RR3683509,"https://www.privateproperty.co.za/to-rent/western-cape/cape-town/55?pt=House,ApartmentFlat,TownHouseCluster&page=70",2026-04-05 20:59:18.337006
RR4620510,11703078,2 Bedroom Apartment Mouille Point,R 45 000,45000,ZAR,Mouille Point,Mouille Point,2,2,,,,,,https://www.privateproperty.co.za/to-rent/western-cape/cape-town/atlantic-seaboard/mouille-point/RR4620510,"https://www.privateproperty.co.za/to-rent/western-cape/cape-town/55?pt=House,ApartmentFlat,TownHouseCluster&page=71",2026-04-05 20:59:18.337006
RR4620468,11702960,3 Bedroom House Bloubergrant,R 40 000,40000,ZAR,Bloubergrant,Bloubergrant,3,3,,992 m²,,,,https://www.privateproperty.co.za/to-rent/western-cape/cape-town/blouberg/bloubergrant/RR4620468,"https://www.privateproperty.co.za/to-rent/western-cape/cape-town/55?pt=House,ApartmentFlat,TownHouseCluster&page=71",2026-04-05 20:59:18.337006
RR4620460,11702946,3 Bedroom House Hoheizen,R 23 000,23000,ZAR,Hoheizen,Hoheizen 12 Byron Street,3,2.5,,1 018 m²,-33.8832604,18.6222124,,https://www.privateproperty.co.za/to-rent/western-cape/cape-town/bellville/hoheizen/12-byron-street/RR4620460,"https://www.privateproperty.co.za/to-rent/western-cape/cape-town/55?pt=House,ApartmentFlat,TownHouseCluster&page=71",2026-04-05 20:59:18.337006
RR4620436,11702858,1 Bedroom Apartment Tyger Waterfront,R 12 000,12000,ZAR,Tyger Waterfront,Tyger Waterfront,1,1,1,,,,,https://www.privateproperty.co.za/to-rent/western-cape/cape-town/bellville/tyger-waterfront/RR4620436,"https://www.privateproperty.co.za/to-rent/western-cape/cape-town/55?pt=House,ApartmentFlat,TownHouseCluster&page=71",2026-04-05 20:59:18.337006
RR4341133,11000312,2 Bedroom Townhouse Victoria Park,R 13 000,13000,ZAR,Victoria Park,Victoria Park,2,1,2,185 m²,,,,https://www.privateproperty.co.za/to-rent/western-cape/cape-town/somerset-west/somerset-ridge/victoria-park/RR4341133,"https://www.privateproperty.co.za/to-rent/western-cape/cape-town/55?pt=House,ApartmentFlat,TownHouseCluster&page=71",2026-04-05 20:59:18.337006
RR4620398,11702732,1 Bedroom Apartment Century City,R 16 000,16000,ZAR,Century City,Century City,1,1,1,1 ha,,,,https://www.privateproperty.co.za/to-rent/western-cape/cape-town/milnerton/century-city/RR4620398,"https://www.privateproperty.co.za/to-rent/western-cape/cape-town/55?pt=House,ApartmentFlat,TownHouseCluster&page=71",2026-04-05 20:59:18.337006
RR3298647,8126298,3 Bedroom House Table View,R 15 000,15000,ZAR,Table View,"Table View B Juliana, 260 Blaauwberg Road",3,1,1,100 m²,-33.8318463,18.513829,,https://www.privateproperty.co.za/to-rent/western-cape/cape-town/blouberg/table-view/b-juliana/260-blaauwberg-road/RR3298647,"https://www.privateproperty.co.za/to-rent/western-cape/cape-town/55?pt=House,ApartmentFlat,TownHouseCluster&page=71",2026-04-05 20:59:18.337006
RR4620305,11702497,2 Bedroom Apartment Waves Edge,R 17 000,17000,ZAR,Waves Edge,Waves Edge,2,2,1,,,,,https://www.privateproperty.co.za/to-rent/western-cape/cape-town/blouberg/bloubergstrand/waves-edge/RR4620305,"https://www.privateproperty.co.za/to-rent/western-cape/cape-town/55?pt=House,ApartmentFlat,TownHouseCluster&page=71",2026-04-05 20:59:18.337006
RR4151793,10523820,4 Bedroom House Kommetjie,R 38 000,38000,ZAR,Kommetjie,Kommetjie,4,3,4,,,,,https://www.privateproperty.co.za/to-rent/western-cape/cape-town/peninsula-false-bay/kommetjie/RR4151793,"https://www.privateproperty.co.za/to-rent/western-cape/cape-town/55?pt=House,ApartmentFlat,TownHouseCluster&page=71",2026-04-05 20:59:18.337006
RR4620241,11702314,2 Bedroom Apartment Whispering Pines,R 11 500,11500,ZAR,Whispering Pines,Whispering Pines,2,1,1,,,,,https://www.privateproperty.co.za/to-rent/western-cape/cape-town/gordons-bay/whispering-pines/RR4620241,"https://www.privateproperty.co.za/to-rent/western-cape/cape-town/55?pt=House,ApartmentFlat,TownHouseCluster&page=71",2026-04-05 20:59:18.337006
RR4352916,11032552,1 Bedroom House Bloubergrant,R 8 500,8500,ZAR,Bloubergrant,Bloubergrant,1,1,,,,,,https://www.privateproperty.co.za/to-rent/western-cape/cape-town/blouberg/bloubergrant/RR4352916,"https://www.privateproperty.co.za/to-rent/western-cape/cape-town/55?pt=House,ApartmentFlat,TownHouseCluster&page=71",2026-04-05 20:59:18.337006
RR4352795,11032182,2 Bedroom House Bloubergrant,R 20 000,20000,ZAR,Bloubergrant,Bloubergrant,2,2,,,,,,https://www.privateproperty.co.za/to-rent/western-cape/cape-town/blouberg/bloubergrant/RR4352795,"https://www.privateproperty.co.za/to-rent/western-cape/cape-town/55?pt=House,ApartmentFlat,TownHouseCluster&page=71",2026-04-05 20:59:18.337006
RR4404356,11164183,2 Bedroom Apartment Sea Point,R 36 950,36950,ZAR,Sea Point,Sea Point,2,2,2,,,,,https://www.privateproperty.co.za/to-rent/western-cape/cape-town/atlantic-seaboard/sea-point/RR4404356,"https://www.privateproperty.co.za/to-rent/western-cape/cape-town/55?pt=House,ApartmentFlat,TownHouseCluster&page=71",2026-04-05 20:59:18.337006
RR4466644,11319264,2 Bedroom Apartment Parklands,R 10 900,10900,ZAR,Parklands,"Parklands C25 Greencourt, 1 Corner Gie Road & Parklands Main Road",2,1,,,,,,https://www.privateproperty.co.za/to-rent/western-cape/cape-town/blouberg/parklands/c25-greencourt/1-corner-gie-road-parklands-main-road/RR4466644,"https://www.privateproperty.co.za/to-rent/western-cape/cape-town/55?pt=House,ApartmentFlat,TownHouseCluster&page=71",2026-04-05 20:59:18.337006
RR4620150,11702079,6 Bedroom House Sunset Beach,R 65 000,65000,ZAR,Sunset Beach,Sunset Beach,6,7.5,3,825 m²,,,,https://www.privateproperty.co.za/to-rent/western-cape/cape-town/milnerton/sunset-beach/RR4620150,"https://www.privateproperty.co.za/to-rent/western-cape/cape-town/55?pt=House,ApartmentFlat,TownHouseCluster&page=71",2026-04-05 20:59:18.337006
RR4423630,11211962,2 Bedroom Apartment Blue Downs,R 8 900,8900,ZAR,Blue Downs,"Blue Downs 46268 Blue Rise Village, 71 Sky Road",2,1,,,,,,https://www.privateproperty.co.za/to-rent/western-cape/cape-town/blue-downs/blue-downs/46268-blue-rise-village/71-sky-road/RR4423630,"https://www.privateproperty.co.za/to-rent/western-cape/cape-town/55?pt=House,ApartmentFlat,TownHouseCluster&page=71",2026-04-05 20:59:18.337006
RR4620062,11701839,1 Bedroom Apartment Richwood,R 13 500,13500,ZAR,Richwood,Richwood,1,1,,,,,,https://www.privateproperty.co.za/to-rent/western-cape/cape-town/milnerton/richwood/RR4620062,"https://www.privateproperty.co.za/to-rent/western-cape/cape-town/55?pt=House,ApartmentFlat,TownHouseCluster&page=71",2026-04-05 20:59:18.337006
RR4620020,11701742,1 Bedroom Apartment Wynberg,R 14 000,14000,ZAR,Wynberg,"Wynberg 0 Wynberg, 10 Waterloo Road",1,1,,,-34.0027151,18.460833,,https://www.privateproperty.co.za/to-rent/western-cape/cape-town/southern-suburbs/wynberg/0-wynberg/10-waterloo-road/RR4620020,"https://www.privateproperty.co.za/to-rent/western-cape/cape-town/55?pt=House,ApartmentFlat,TownHouseCluster&page=71",2026-04-05 20:59:18.337006
RR4619996,11701675,2 Bedroom Apartment Thornton,R 15 000,15000,ZAR,Thornton,Thornton,2,1,1,,,,,https://www.privateproperty.co.za/to-rent/western-cape/cape-town/southern-suburbs/thornton/RR4619996,"https://www.privateproperty.co.za/to-rent/western-cape/cape-town/55?pt=House,ApartmentFlat,TownHouseCluster&page=71",2026-04-05 20:59:18.337006
RR4619974,11701624,3 Bedroom House Parklands,R 32 000,32000,ZAR,Parklands,Parklands,3,2,2,609 m²,,,,https://www.privateproperty.co.za/to-rent/western-cape/cape-town/blouberg/parklands/RR4619974,"https://www.privateproperty.co.za/to-rent/western-cape/cape-town/55?pt=House,ApartmentFlat,TownHouseCluster&page=71",2026-04-05 20:59:18.337006
RR4619966,11701613,3 Bedroom House Heritage Park,R 24 000,24000,ZAR,Heritage Park,Heritage Park,3,2,2,476 m²,,,,https://www.privateproperty.co.za/to-rent/western-cape/cape-town/somerset-west/heritage-park/RR4619966,"https://www.privateproperty.co.za/to-rent/western-cape/cape-town/55?pt=House,ApartmentFlat,TownHouseCluster&page=72",2026-04-05 20:59:18.337006
RR4619899,11701452,3 Bedroom Apartment Sea Point,R 65 000,65000,ZAR,Sea Point,Sea Point,3,3,1,,,,,https://www.privateproperty.co.za/to-rent/western-cape/cape-town/atlantic-seaboard/sea-point/RR4619899,"https://www.privateproperty.co.za/to-rent/western-cape/cape-town/55?pt=House,ApartmentFlat,TownHouseCluster&page=72",2026-04-05 20:59:18.337006
RR4350528,11025541,3 Bedroom Apartment Somerset West Central,R 17 000,17000,ZAR,Somerset West Central,Somerset West Central,3,2,2,,,,,https://www.privateproperty.co.za/to-rent/western-cape/cape-town/somerset-west/somerset-west-central/RR4350528,"https://www.privateproperty.co.za/to-rent/western-cape/cape-town/55?pt=House,ApartmentFlat,TownHouseCluster&page=72",2026-04-05 20:59:18.337006
RR4619849,11701349,1 Bedroom Apartment Cape Town City Centre,R 29 000,29000,ZAR,Cape Town City Centre,Cape Town City Centre,1,1,1,,,,,https://www.privateproperty.co.za/to-rent/western-cape/cape-town/cape-town-city-bowl/cape-town-city-centre/RR4619849,"https://www.privateproperty.co.za/to-rent/western-cape/cape-town/55?pt=House,ApartmentFlat,TownHouseCluster&page=72",2026-04-05 20:59:18.337006
RR4198504,10638617,2 Bedroom House Woodstock,R 17 500,17500,ZAR,Woodstock,Woodstock 6 Brabant Road,2,1,,119 m²,,,,https://www.privateproperty.co.za/to-rent/western-cape/cape-town/cape-town-city-bowl/woodstock/6-brabant-road/RR4198504,"https://www.privateproperty.co.za/to-rent/western-cape/cape-town/55?pt=House,ApartmentFlat,TownHouseCluster&page=72",2026-04-05 20:59:18.337006
RR3713817,9286994,2 Bedroom Apartment Claremont Upper,R 18 000,18000,ZAR,Claremont Upper,Claremont Upper,2,1,,,,,,https://www.privateproperty.co.za/to-rent/western-cape/cape-town/southern-suburbs/claremont/claremont-upper/RR3713817,"https://www.privateproperty.co.za/to-rent/western-cape/cape-town/55?pt=House,ApartmentFlat,TownHouseCluster&page=72",2026-04-05 20:59:18.337006
RR4619797,11701216,1 Bedroom Apartment Kuilsriver,R 10 200,10200,ZAR,Kuilsriver,Kuilsriver,1,1,1,,,,,https://www.privateproperty.co.za/to-rent/western-cape/cape-town/kuils-river/kuilsriver/RR4619797,"https://www.privateproperty.co.za/to-rent/western-cape/cape-town/55?pt=House,ApartmentFlat,TownHouseCluster&page=72",2026-04-05 20:59:18.337006
RR3972675,10058744,3 Bedroom House Simons Town,R 22 000,22000,ZAR,Simons Town,Simons Town,3,2,2,,,,,https://www.privateproperty.co.za/to-rent/western-cape/cape-town/simons-town/simons-town/RR3972675,"https://www.privateproperty.co.za/to-rent/western-cape/cape-town/55?pt=House,ApartmentFlat,TownHouseCluster&page=72",2026-04-05 20:59:18.337006
RR4619765,11701135,3 Bedroom House Fish Hoek,R 27 500,27500,ZAR,Fish Hoek,Fish Hoek,3,1.5,,,,,,https://www.privateproperty.co.za/to-rent/western-cape/cape-town/peninsula-false-bay/fish-hoek/RR4619765,"https://www.privateproperty.co.za/to-rent/western-cape/cape-town/55?pt=House,ApartmentFlat,TownHouseCluster&page=72",2026-04-05 20:59:18.337006
RR4377598,11097490,2 Bedroom Apartment Rondebosch,R 22 000,22000,ZAR,Rondebosch,Rondebosch,2,1,,,,,,https://www.privateproperty.co.za/to-rent/western-cape/cape-town/southern-suburbs/rondebosch/RR4377598,"https://www.privateproperty.co.za/to-rent/western-cape/cape-town/55?pt=House,ApartmentFlat,TownHouseCluster&page=72",2026-04-05 20:59:18.337006
RR4619687,11700931,4 Bedroom House Roundhay,R 35 000,35000,ZAR,Roundhay,Roundhay,4,2,4,1 000 m²,,,,https://www.privateproperty.co.za/to-rent/western-cape/cape-town/somerset-west/roundhay/RR4619687,"https://www.privateproperty.co.za/to-rent/western-cape/cape-town/55?pt=House,ApartmentFlat,TownHouseCluster&page=72",2026-04-05 20:59:18.337006
RR2792624,6949110,3 Bedroom Apartment Somerset West Central,R 19 800,19800,ZAR,Somerset West Central,Somerset West Central,3,2,5,1 500 m²,,,,https://www.privateproperty.co.za/to-rent/western-cape/cape-town/somerset-west/somerset-west-central/RR2792624,"https://www.privateproperty.co.za/to-rent/western-cape/cape-town/55?pt=House,ApartmentFlat,TownHouseCluster&page=72",2026-04-05 20:59:18.337006
RR4619675,11700901,2 Bedroom Apartment Belhar,R 8 250,8250,ZAR,Belhar,"Belhar 322 Belhar Views, 9 Education Street",2,1,1,2.1 ha,-33.9387221,18.6319833,,https://www.privateproperty.co.za/to-rent/western-cape/cape-town/cape-flats/belhar/322-belhar-views/9-education-street/RR4619675,"https://www.privateproperty.co.za/to-rent/western-cape/cape-town/55?pt=House,ApartmentFlat,TownHouseCluster&page=72",2026-04-05 20:59:18.337006
RR4619654,11700854,3 Bedroom Apartment Claremont Upper,R 55 000,55000,ZAR,Claremont Upper,Claremont Upper,3,2,2,,,,,https://www.privateproperty.co.za/to-rent/western-cape/cape-town/southern-suburbs/claremont/claremont-upper/RR4619654,"https://www.privateproperty.co.za/to-rent/western-cape/cape-town/55?pt=House,ApartmentFlat,TownHouseCluster&page=72",2026-04-05 20:59:18.337006
RR3811546,9594306,2 Bedroom Apartment Cape Town City Centre,R 22 000,22000,ZAR,Cape Town City Centre,Cape Town City Centre,2,2,1,,,,,https://www.privateproperty.co.za/to-rent/western-cape/cape-town/cape-town-city-bowl/cape-town-city-centre/RR3811546,"https://www.privateproperty.co.za/to-rent/western-cape/cape-town/55?pt=House,ApartmentFlat,TownHouseCluster&page=72",2026-04-05 20:59:18.337006
RR3644182,9098094,5 Bedroom House Llandudno,R 120 000,120000,ZAR,Llandudno,Llandudno,5,4.5,4,1 000 m²,,,,https://www.privateproperty.co.za/to-rent/western-cape/cape-town/atlantic-seaboard/llandudno/RR3644182,"https://www.privateproperty.co.za/to-rent/western-cape/cape-town/55?pt=House,ApartmentFlat,TownHouseCluster&page=72",2026-04-05 20:59:18.337006
RR4619600,11700768,3 Bedroom House Strandfontein,R 11 500,11500,ZAR,Strandfontein,Strandfontein,3,2,4,242 m²,,,,https://www.privateproperty.co.za/to-rent/western-cape/cape-town/cape-flats/strandfontein/RR4619600,"https://www.privateproperty.co.za/to-rent/western-cape/cape-town/55?pt=House,ApartmentFlat,TownHouseCluster&page=72",2026-04-05 20:59:18.337006
RR4619513,11700512,2 Bedroom Apartment Royal Ascot,R 16 500,16500,ZAR,Royal Ascot,Royal Ascot,2,2,1,,,,,https://www.privateproperty.co.za/to-rent/western-cape/cape-town/milnerton/royal-ascot/RR4619513,"https://www.privateproperty.co.za/to-rent/western-cape/cape-town/55?pt=House,ApartmentFlat,TownHouseCluster&page=72",2026-04-05 20:59:18.337006
RR4619443,11700287,2 Bedroom House Simons Town,R 28 500,28500,ZAR,Simons Town,Simons Town 29 Barnard Street,2,1,1,,-34.1944033,18.423687,,https://www.privateproperty.co.za/to-rent/western-cape/cape-town/simons-town/simons-town/29-barnard-street/RR4619443,"https://www.privateproperty.co.za/to-rent/western-cape/cape-town/55?pt=House,ApartmentFlat,TownHouseCluster&page=72",2026-04-05 20:59:18.337006
RR4619401,11700152,3 Bedroom House Big Bay,R 32 000,32000,ZAR,Big Bay,Big Bay,3,2,4,275 m²,,,,https://www.privateproperty.co.za/to-rent/western-cape/cape-town/blouberg/big-bay/RR4619401,"https://www.privateproperty.co.za/to-rent/western-cape/cape-town/55?pt=House,ApartmentFlat,TownHouseCluster&page=72",2026-04-05 20:59:18.337006
RR4619375,11700071,2 Bedroom House Athlone,R 13 000,13000,ZAR,Athlone,Athlone,2,1,1,,,,,https://www.privateproperty.co.za/to-rent/western-cape/cape-town/cape-flats/athlone/RR4619375,"https://www.privateproperty.co.za/to-rent/western-cape/cape-town/55?pt=House,ApartmentFlat,TownHouseCluster&page=73",2026-04-05 20:59:18.337006
RR4619291,11699795,3 Bedroom Duplex Sandown,R 29 000,29000,ZAR,Sandown,Sandown,3,2,3,,,,,https://www.privateproperty.co.za/to-rent/western-cape/cape-town/blouberg/sandown/RR4619291,"https://www.privateproperty.co.za/to-rent/western-cape/cape-town/55?pt=House,ApartmentFlat,TownHouseCluster&page=73",2026-04-05 20:59:18.337006
RR4619269,11699720,2 Bedroom Apartment St Dumas,R 8 950,8950,ZAR,St Dumas,St Dumas,2,1,1,,,,,https://www.privateproperty.co.za/to-rent/western-cape/cape-town/kuils-river/st-dumas/RR4619269,"https://www.privateproperty.co.za/to-rent/western-cape/cape-town/55?pt=House,ApartmentFlat,TownHouseCluster&page=73",2026-04-05 20:59:18.337006
RR3622743,9036505,2 Bedroom Apartment Century City,R 20 000,20000,ZAR,Century City,"Century City 1611 Villa Italia, 1 Ratanga Road",2,2,2,,-33.88883022515366,18.506683096987867,,https://www.privateproperty.co.za/to-rent/western-cape/cape-town/milnerton/century-city/1611-villa-italia/1-ratanga-road/RR3622743,"https://www.privateproperty.co.za/to-rent/western-cape/cape-town/55?pt=House,ApartmentFlat,TownHouseCluster&page=73",2026-04-05 20:59:18.337006
RR4619209,11699574,3 Bedroom House Langeberg Ridge,R 16 500,16500,ZAR,Langeberg Ridge,Langeberg Ridge,3,2,1,253 m²,,,,https://www.privateproperty.co.za/to-rent/western-cape/cape-town/kraaifontein/langeberg-ridge/RR4619209,"https://www.privateproperty.co.za/to-rent/western-cape/cape-town/55?pt=House,ApartmentFlat,TownHouseCluster&page=73",2026-04-05 20:59:18.337006
RR4619205,11699566,2 Bedroom Apartment Sea Point,R 25 000,25000,ZAR,Sea Point,Sea Point,2,2,1,,,,,https://www.privateproperty.co.za/to-rent/western-cape/cape-town/atlantic-seaboard/sea-point/RR4619205,"https://www.privateproperty.co.za/to-rent/western-cape/cape-town/55?pt=House,ApartmentFlat,TownHouseCluster&page=73",2026-04-05 20:59:18.337006
RR4619193,11699527,3 Bedroom Apartment Sea Point,R 120 000,120000,ZAR,Sea Point,Sea Point,3,3,5,,,,,https://www.privateproperty.co.za/to-rent/western-cape/cape-town/atlantic-seaboard/sea-point/RR4619193,"https://www.privateproperty.co.za/to-rent/western-cape/cape-town/55?pt=House,ApartmentFlat,TownHouseCluster&page=73",2026-04-05 20:59:18.337006
RR3229135,7955686,1 Bedroom Apartment Cape Town City Centre,R 16 490,16490,ZAR,Cape Town City Centre,"Cape Town City Centre 101 Homii Valencia, 53 Commercial Street",1,1,,,-33.9279628,18.4217177,,https://www.privateproperty.co.za/to-rent/western-cape/cape-town/cape-town-city-bowl/cape-town-city-centre/101-homii-valencia/53-commercial-street/RR3229135,"https://www.privateproperty.co.za/to-rent/western-cape/cape-town/55?pt=House,ApartmentFlat,TownHouseCluster&page=73",2026-04-05 20:59:18.337006
RR4619148,11699362,3 Bedroom House Atlantic Beach,R 32 500,32500,ZAR,Atlantic Beach,Atlantic Beach,3,2,4,303 m²,,,,https://www.privateproperty.co.za/to-rent/western-cape/cape-town/melkbosstrand/atlantic-beach/RR4619148,"https://www.privateproperty.co.za/to-rent/western-cape/cape-town/55?pt=House,ApartmentFlat,TownHouseCluster&page=73",2026-04-05 20:59:18.337006
RR4619107,11699250,2 Bedroom Apartment Lagoon Beach,R 21 000,21000,ZAR,Lagoon Beach,Lagoon Beach,2,2,,,,,,https://www.privateproperty.co.za/to-rent/western-cape/cape-town/milnerton/lagoon-beach/RR4619107,"https://www.privateproperty.co.za/to-rent/western-cape/cape-town/55?pt=House,ApartmentFlat,TownHouseCluster&page=73",2026-04-05 20:59:18.337006
RR4619085,11699192,2 Bedroom Apartment Waterfront,R 50 000,50000,ZAR,Waterfront,Waterfront,2,2,2,,,,,https://www.privateproperty.co.za/to-rent/western-cape/cape-town/atlantic-seaboard/waterfront/RR4619085,"https://www.privateproperty.co.za/to-rent/western-cape/cape-town/55?pt=House,ApartmentFlat,TownHouseCluster&page=73",2026-04-05 20:59:18.337006
RR4618945,11698800,4 Bedroom House Strand North,R 20 000,20000,ZAR,Strand North,Strand North,4,2,1,,,,,https://www.privateproperty.co.za/to-rent/western-cape/cape-town/strand/strand-north/RR4618945,"https://www.privateproperty.co.za/to-rent/western-cape/cape-town/55?pt=House,ApartmentFlat,TownHouseCluster&page=73",2026-04-05 20:59:18.337006
RR4618938,11698784,2 Bedroom Apartment Van Der Stel,R 8 800,8800,ZAR,Van Der Stel,Van Der Stel,2,1,1,,,,,https://www.privateproperty.co.za/to-rent/western-cape/cape-town/somerset-west/somerset-west-central/van-der-stel/RR4618938,"https://www.privateproperty.co.za/to-rent/western-cape/cape-town/55?pt=House,ApartmentFlat,TownHouseCluster&page=73",2026-04-05 20:59:18.337006
RR4618907,11698703,2 Bedroom Apartment Plattekloof,R 30 000,30000,ZAR,Plattekloof,Plattekloof,2,2,1,,,,,https://www.privateproperty.co.za/to-rent/western-cape/cape-town/parow/plattekloof/RR4618907,"https://www.privateproperty.co.za/to-rent/western-cape/cape-town/55?pt=House,ApartmentFlat,TownHouseCluster&page=73",2026-04-05 20:59:18.337006
RR4618862,11698596,2 Bedroom Apartment Claremont,R 17 000,17000,ZAR,Claremont,Claremont,2,1,2,,,,,https://www.privateproperty.co.za/to-rent/western-cape/cape-town/southern-suburbs/claremont/the-claremont/RR4618862,"https://www.privateproperty.co.za/to-rent/western-cape/cape-town/55?pt=House,ApartmentFlat,TownHouseCluster&page=73",2026-04-05 20:59:18.337006
RR4618848,11698529,1 Bedroom Apartment Burgundy Estate,R 16 000,16000,ZAR,Burgundy Estate,"Burgundy Estate 4 Budapest, 22 Viridian Street",1,2,1,,-33.8425934,18.5529008,,https://www.privateproperty.co.za/to-rent/western-cape/cape-town/milnerton/burgundy-estate/4-budapest/22-viridian-street/RR4618848,"https://www.privateproperty.co.za/to-rent/western-cape/cape-town/55?pt=House,ApartmentFlat,TownHouseCluster&page=73",2026-04-05 20:59:18.337006
RR4618841,11698513,1 Bedroom Apartment Gardens,R 16 800,16800,ZAR,Gardens,Gardens,1,1,,,,,,https://www.privateproperty.co.za/to-rent/western-cape/cape-town/cape-town-city-bowl/gardens/RR4618841,"https://www.privateproperty.co.za/to-rent/western-cape/cape-town/55?pt=House,ApartmentFlat,TownHouseCluster&page=73",2026-04-05 20:59:18.337006
RR4618836,11698499,2 Bedroom Duplex Parklands,R 25 000,25000,ZAR,Parklands,"Parklands 13 Villa Rouge, 3 Helmsley Crescent",2,2.5,3,,-33.8114681,18.5167951,,https://www.privateproperty.co.za/to-rent/western-cape/cape-town/blouberg/parklands/13-villa-rouge/3-helmsley-crescent/RR4618836,"https://www.privateproperty.co.za/to-rent/western-cape/cape-town/55?pt=House,ApartmentFlat,TownHouseCluster&page=73",2026-04-05 20:59:18.337006
RR4618839,11698505,3 Bedroom House Sanddrift,R 20 000,20000,ZAR,Sanddrift,Sanddrift,3,2,6,600 m²,,,,https://www.privateproperty.co.za/to-rent/western-cape/cape-town/milnerton/sanddrift/RR4618839,"https://www.privateproperty.co.za/to-rent/western-cape/cape-town/55?pt=House,ApartmentFlat,TownHouseCluster&page=73",2026-04-05 20:59:18.337006
RR4618828,11698476,1 Bedroom Apartment Rondebosch,R 11 000,11000,ZAR,Rondebosch,Rondebosch,1,1,1,1 080 m²,,,,https://www.privateproperty.co.za/to-rent/western-cape/cape-town/southern-suburbs/rondebosch/RR4618828,"https://www.privateproperty.co.za/to-rent/western-cape/cape-town/55?pt=House,ApartmentFlat,TownHouseCluster&page=73",2026-04-05 20:59:18.337006
RR4618814,11698424,4 Bedroom House Durbanville Central,R 33 000,33000,ZAR,Durbanville Central,Durbanville Central 12 Boland Street,4,4,5,2 002 m²,-33.889727,18.653405,,https://www.privateproperty.co.za/to-rent/western-cape/cape-town/durbanville/durbanville-central/12-boland-street/RR4618814,"https://www.privateproperty.co.za/to-rent/western-cape/cape-town/55?pt=House,ApartmentFlat,TownHouseCluster&page=74",2026-04-05 20:59:18.337006
RR4618806,11698401,2 Bedroom House Sunningdale,R 24 000,24000,ZAR,Sunningdale,Sunningdale,2,1,3,227 m²,,,,https://www.privateproperty.co.za/to-rent/western-cape/cape-town/blouberg/sunningdale/RR4618806,"https://www.privateproperty.co.za/to-rent/western-cape/cape-town/55?pt=House,ApartmentFlat,TownHouseCluster&page=74",2026-04-05 20:59:18.337006
RR4618794,11698363,3 Bedroom Penthouse Table View,R 28 400,28400,ZAR,Table View,"Table View B42 The Sands, 9 Tritonia Road",3,2,,,-33.82,18.48,,https://www.privateproperty.co.za/to-rent/western-cape/cape-town/blouberg/table-view/b42-the-sands/9-tritonia-road/RR4618794,"https://www.privateproperty.co.za/to-rent/western-cape/cape-town/55?pt=House,ApartmentFlat,TownHouseCluster&page=74",2026-04-05 20:59:18.337006
RR4618767,11698290,4 Bedroom House Constantia,R 70 000,70000,ZAR,Constantia,Constantia 28 Innesfree Way,4,3,8,1 350 m²,,,,https://www.privateproperty.co.za/to-rent/western-cape/cape-town/southern-suburbs/constantia/28-innesfree-way/RR4618767,"https://www.privateproperty.co.za/to-rent/western-cape/cape-town/55?pt=House,ApartmentFlat,TownHouseCluster&page=74",2026-04-05 20:59:18.337006
RR3736938,9360465,5 Bedroom House Observatory,R 6 500,6500,ZAR,Observatory,Observatory 19 Station Road,5,5,1,234 m²,,,,https://www.privateproperty.co.za/to-rent/western-cape/cape-town/cape-town-city-bowl/observatory/19-station-road/RR3736938,"https://www.privateproperty.co.za/to-rent/western-cape/cape-town/55?pt=House,ApartmentFlat,TownHouseCluster&page=74",2026-04-05 20:59:18.337006
RR4618753,11698240,1 Bedroom Apartment Sea Point,R 20 000,20000,ZAR,Sea Point,Sea Point,1,1,,,,,,https://www.privateproperty.co.za/to-rent/western-cape/cape-town/atlantic-seaboard/sea-point/RR4618753,"https://www.privateproperty.co.za/to-rent/western-cape/cape-town/55?pt=House,ApartmentFlat,TownHouseCluster&page=74",2026-04-05 20:59:18.337006
RR4618679,11698050,2 Bedroom Apartment Beach Estate,R 25 000,25000,ZAR,Beach Estate,Beach Estate,2,1,1,,,,,https://www.privateproperty.co.za/to-rent/western-cape/cape-town/hout-bay/beach-estate/RR4618679,"https://www.privateproperty.co.za/to-rent/western-cape/cape-town/55?pt=House,ApartmentFlat,TownHouseCluster&page=74",2026-04-05 20:59:18.337006
RR4618678,11698048,3 Bedroom House Tokai,R 85 000,85000,ZAR,Tokai,Tokai,3,3.5,4,780 m²,,,,https://www.privateproperty.co.za/to-rent/western-cape/cape-town/southern-suburbs/tokai/RR4618678,"https://www.privateproperty.co.za/to-rent/western-cape/cape-town/55?pt=House,ApartmentFlat,TownHouseCluster&page=74",2026-04-05 20:59:18.337006
RR4618670,11698035,1 Bedroom Apartment Cape Town City Centre,R 20 000,20000,ZAR,Cape Town City Centre,"Cape Town City Centre J05 The Adderley Terrace, 32 Adderley Street",1,1,1,,,,,https://www.privateproperty.co.za/to-rent/western-cape/cape-town/cape-town-city-bowl/cape-town-city-centre/j05-the-adderley-terrace/32-adderley-street/RR4618670,"https://www.privateproperty.co.za/to-rent/western-cape/cape-town/55?pt=House,ApartmentFlat,TownHouseCluster&page=74",2026-04-05 20:59:18.337006
RR4618658,11697994,3 Bedroom Apartment Newlands,R 19 800,19800,ZAR,Newlands,Newlands,3,1,1,,,,,https://www.privateproperty.co.za/to-rent/western-cape/cape-town/southern-suburbs/newlands/RR4618658,"https://www.privateproperty.co.za/to-rent/western-cape/cape-town/55?pt=House,ApartmentFlat,TownHouseCluster&page=74",2026-04-05 20:59:18.337006
RR4618593,11697791,3 Bedroom Apartment Muizenberg,R 26 000,26000,ZAR,Muizenberg,Muizenberg,3,3,2,,,,,https://www.privateproperty.co.za/to-rent/western-cape/cape-town/peninsula-false-bay/muizenberg/RR4618593,"https://www.privateproperty.co.za/to-rent/western-cape/cape-town/55?pt=House,ApartmentFlat,TownHouseCluster&page=74",2026-04-05 20:59:18.337006
RR4618530,11697584,2 Bedroom Townhouse Grassy Park,R 8 000,8000,ZAR,Grassy Park,Grassy Park,2,1,1,4 073 m²,,,,https://www.privateproperty.co.za/to-rent/western-cape/cape-town/cape-flats/grassy-park/RR4618530,"https://www.privateproperty.co.za/to-rent/western-cape/cape-town/55?pt=House,ApartmentFlat,TownHouseCluster&page=74",2026-04-05 20:59:18.337006
RR4618481,11697333,Studio apartment Bellville Central,R 16 000,16000,ZAR,Bellville Central,Bellville Central,1,1,1,,,,,https://www.privateproperty.co.za/to-rent/western-cape/cape-town/bellville/bellville-central/RR4618481,"https://www.privateproperty.co.za/to-rent/western-cape/cape-town/55?pt=House,ApartmentFlat,TownHouseCluster&page=74",2026-04-05 20:59:18.337006
RR4618466,11697267,3 Bedroom Apartment Dido Valley,R 45 000,45000,ZAR,Dido Valley,Dido Valley,3,3,,,,,,https://www.privateproperty.co.za/to-rent/western-cape/cape-town/simons-town/simons-town/dido-valley/RR4618466,"https://www.privateproperty.co.za/to-rent/western-cape/cape-town/55?pt=House,ApartmentFlat,TownHouseCluster&page=74",2026-04-05 20:59:18.337006
RR4618456,11697218,2 Bedroom Apartment Cape Town City Centre,R 23 000,23000,ZAR,Cape Town City Centre,Cape Town City Centre,2,2,1,,,,,https://www.privateproperty.co.za/to-rent/western-cape/cape-town/cape-town-city-bowl/cape-town-city-centre/RR4618456,"https://www.privateproperty.co.za/to-rent/western-cape/cape-town/55?pt=House,ApartmentFlat,TownHouseCluster&page=74",2026-04-05 20:59:18.337006
RR4618282,11696612,3 Bedroom Apartment De Velde,R 21 000,21000,ZAR,De Velde,De Velde,3,2,,,,,,https://www.privateproperty.co.za/to-rent/western-cape/cape-town/somerset-west/de-velde/RR4618282,"https://www.privateproperty.co.za/to-rent/western-cape/cape-town/55?pt=House,ApartmentFlat,TownHouseCluster&page=74",2026-04-05 20:59:18.337006
RR4618200,11696350,Studio Apartment Green Point,R 14 850,14850,ZAR,Green Point,Green Point,0.5,1,,,,,,https://www.privateproperty.co.za/to-rent/western-cape/cape-town/atlantic-seaboard/green-point/RR4618200,"https://www.privateproperty.co.za/to-rent/western-cape/cape-town/55?pt=House,ApartmentFlat,TownHouseCluster&page=74",2026-04-05 20:59:18.337006
RR4618198,11696332,3 Bedroom House Berg en Dal,R 75 000,75000,ZAR,Berg en Dal,Berg en Dal,3,2,2,,,,,https://www.privateproperty.co.za/to-rent/western-cape/cape-town/hout-bay/berg-en-dal/RR4618198,"https://www.privateproperty.co.za/to-rent/western-cape/cape-town/55?pt=House,ApartmentFlat,TownHouseCluster&page=74",2026-04-05 20:59:18.337006
RR3960316,10027244,6 Bedroom House Kenilworth Upper,R 59 000,59000,ZAR,Kenilworth Upper,Kenilworth Upper 11 Highwick Avenue,6,3,8,2 974 m²,-33.990724,18.463846,,https://www.privateproperty.co.za/to-rent/western-cape/cape-town/southern-suburbs/kenilworth/kenilworth-upper/11-highwick-avenue/RR3960316,"https://www.privateproperty.co.za/to-rent/western-cape/cape-town/55?pt=House,ApartmentFlat,TownHouseCluster&page=74",2026-04-05 20:59:18.337006
RR4618084,11695938,2 Bedroom Apartment Sea Point,R 29 500,29500,ZAR,Sea Point,Sea Point,2,2,,,,,,https://www.privateproperty.co.za/to-rent/western-cape/cape-town/atlantic-seaboard/sea-point/RR4618084,"https://www.privateproperty.co.za/to-rent/western-cape/cape-town/55?pt=House,ApartmentFlat,TownHouseCluster&page=74",2026-04-05 20:59:18.337006
RR4618070,11695901,2 Bedroom Apartment Sea Point,R 29 000,29000,ZAR,Sea Point,Sea Point,2,1,1,84 m²,,,,https://www.privateproperty.co.za/to-rent/western-cape/cape-town/atlantic-seaboard/sea-point/RR4618070,"https://www.privateproperty.co.za/to-rent/western-cape/cape-town/55?pt=House,ApartmentFlat,TownHouseCluster&page=75",2026-04-05 20:59:18.337006
RR4618071,11695902,3 Bedroom Apartment Mouille Point,R 95 000,95000,ZAR,Mouille Point,Mouille Point,3,3,2,,,,,https://www.privateproperty.co.za/to-rent/western-cape/cape-town/atlantic-seaboard/mouille-point/RR4618071,"https://www.privateproperty.co.za/to-rent/western-cape/cape-town/55?pt=House,ApartmentFlat,TownHouseCluster&page=75",2026-04-05 20:59:18.337006
RR4618023,11695760,3 Bedroom House Big Bay,R 38 000,38000,ZAR,Big Bay,Big Bay,3,2.5,3,179 m²,,,,https://www.privateproperty.co.za/to-rent/western-cape/cape-town/blouberg/big-bay/RR4618023,"https://www.privateproperty.co.za/to-rent/western-cape/cape-town/55?pt=House,ApartmentFlat,TownHouseCluster&page=75",2026-04-05 20:59:18.337006
RR4617969,11695596,2 Bedroom Apartment De Waterkant,R 32 000,32000,ZAR,De Waterkant,De Waterkant,2,2,,,,,,https://www.privateproperty.co.za/to-rent/western-cape/cape-town/cape-town-city-bowl/de-waterkant/RR4617969,"https://www.privateproperty.co.za/to-rent/western-cape/cape-town/55?pt=House,ApartmentFlat,TownHouseCluster&page=75",2026-04-05 20:59:18.337006
RR3924019,9926311,1 Bedroom Apartment Kuilsriver,R 10 250,10250,ZAR,Kuilsriver,Kuilsriver,1,1,1,,,,,https://www.privateproperty.co.za/to-rent/western-cape/cape-town/kuils-river/kuilsriver/RR3924019,"https://www.privateproperty.co.za/to-rent/western-cape/cape-town/55?pt=House,ApartmentFlat,TownHouseCluster&page=75",2026-04-05 20:59:18.337006
RR4617863,11695320,3 Bedroom House Strand North,R 15 000,15000,ZAR,Strand North,Strand North,3,2,,,,,,https://www.privateproperty.co.za/to-rent/western-cape/cape-town/strand/strand-north/RR4617863,"https://www.privateproperty.co.za/to-rent/western-cape/cape-town/55?pt=House,ApartmentFlat,TownHouseCluster&page=75",2026-04-05 20:59:18.337006
RR4617855,11695301,2 Bedroom Apartment Cape Town City Centre,R 27 500,27500,ZAR,Cape Town City Centre,Cape Town City Centre,2,2,2,,,,,https://www.privateproperty.co.za/to-rent/western-cape/cape-town/cape-town-city-bowl/cape-town-city-centre/RR4617855,"https://www.privateproperty.co.za/to-rent/western-cape/cape-town/55?pt=House,ApartmentFlat,TownHouseCluster&page=75",2026-04-05 20:59:18.337006
RR4191852,10622429,2 Bedroom Apartment Parow Valley,R 7 000,7000,ZAR,Parow Valley,Parow Valley,2,1,1,,,,,https://www.privateproperty.co.za/to-rent/western-cape/cape-town/parow/parow-valley/RR4191852,"https://www.privateproperty.co.za/to-rent/western-cape/cape-town/55?pt=House,ApartmentFlat,TownHouseCluster&page=75",2026-04-05 20:59:18.337006
RR4617812,11695195,2 Bedroom Apartment Philippi,R 11 000,11000,ZAR,Philippi,"Philippi 7 Boundary Road, 3 Boundary Road",2,1,,,-34.0321048,18.5257511,,https://www.privateproperty.co.za/to-rent/western-cape/cape-town/cape-flats/philippi/7-boundary-road/3-boundary-road/RR4617812,"https://www.privateproperty.co.za/to-rent/western-cape/cape-town/55?pt=House,ApartmentFlat,TownHouseCluster&page=75",2026-04-05 20:59:18.337006
RR834992,1973682,2 Bedroom House Vredehoek,R 26 500,26500,ZAR,Vredehoek,Vredehoek,2,2,4,,,,,https://www.privateproperty.co.za/to-rent/western-cape/cape-town/cape-town-city-bowl/vredehoek/RR834992,"https://www.privateproperty.co.za/to-rent/western-cape/cape-town/55?pt=House,ApartmentFlat,TownHouseCluster&page=75",2026-04-05 20:59:18.337006
RR4617668,11694740,2 Bedroom Apartment Macassar,R 14 500,14500,ZAR,Macassar,Macassar,2,2,2,,,,,https://www.privateproperty.co.za/to-rent/western-cape/cape-town/somerset-west/macassar/RR4617668,"https://www.privateproperty.co.za/to-rent/western-cape/cape-town/55?pt=House,ApartmentFlat,TownHouseCluster&page=75",2026-04-05 20:59:18.337006
RR4617655,11694676,1 Bedroom Apartment Muizenberg,R 19 000,19000,ZAR,Muizenberg,Muizenberg,1,1,,,,,,https://www.privateproperty.co.za/to-rent/western-cape/cape-town/peninsula-false-bay/muizenberg/RR4617655,"https://www.privateproperty.co.za/to-rent/western-cape/cape-town/55?pt=House,ApartmentFlat,TownHouseCluster&page=75",2026-04-05 20:59:18.337006
RR4617648,11694628,Bachelor apartment Woodstock,R 12 500,12500,ZAR,Woodstock,Woodstock,1,1,,,,,,https://www.privateproperty.co.za/to-rent/western-cape/cape-town/cape-town-city-bowl/woodstock/RR4617648,"https://www.privateproperty.co.za/to-rent/western-cape/cape-town/55?pt=House,ApartmentFlat,TownHouseCluster&page=75",2026-04-05 20:59:18.337006
RR4617639,11694598,5 Bedroom House Rome Glen,R 38 500,38500,ZAR,Rome Glen,Rome Glen,5,3,4,500 m²,,,,https://www.privateproperty.co.za/to-rent/western-cape/cape-town/somerset-west/rome-glen/RR4617639,"https://www.privateproperty.co.za/to-rent/western-cape/cape-town/55?pt=House,ApartmentFlat,TownHouseCluster&page=75",2026-04-05 20:59:18.337006
RR4434399,11239080,5 Bedroom House Scarborough,R 40 000,40000,ZAR,Scarborough,Scarborough,5,1,4,946 m²,,,,https://www.privateproperty.co.za/to-rent/western-cape/cape-town/peninsula-false-bay/scarborough/RR4434399,"https://www.privateproperty.co.za/to-rent/western-cape/cape-town/55?pt=House,ApartmentFlat,TownHouseCluster&page=75",2026-04-05 20:59:18.337006
RR4617551,11694345,3 Bedroom Duplex Brackenfell Central,R 16 700,16700,ZAR,Brackenfell Central,Brackenfell Central,3,2,6,255 m²,,,,https://www.privateproperty.co.za/to-rent/western-cape/cape-town/brackenfell/brackenfell-central/RR4617551,"https://www.privateproperty.co.za/to-rent/western-cape/cape-town/55?pt=House,ApartmentFlat,TownHouseCluster&page=75",2026-04-05 20:59:18.337006
RR4617530,11694284,3 Bedroom House Hout Bay Central,R 35 000,35000,ZAR,Hout Bay Central,Hout Bay Central,3,3,,,,,,https://www.privateproperty.co.za/to-rent/western-cape/cape-town/hout-bay/hout-bay-central/RR4617530,"https://www.privateproperty.co.za/to-rent/western-cape/cape-town/55?pt=House,ApartmentFlat,TownHouseCluster&page=75",2026-04-05 20:59:18.337006
RR4617512,11694246,4 Bedroom House West Beach,R 42 000,42000,ZAR,West Beach,West Beach,4,2,4,585 m²,,,,https://www.privateproperty.co.za/to-rent/western-cape/cape-town/blouberg/west-beach/RR4617512,"https://www.privateproperty.co.za/to-rent/western-cape/cape-town/55?pt=House,ApartmentFlat,TownHouseCluster&page=75",2026-04-05 20:59:18.337006
RR4617462,11694106,2 Bedroom Apartment Milnerton Central,R 16 500,16500,ZAR,Milnerton Central,Milnerton Central,2,2,,,,,,https://www.privateproperty.co.za/to-rent/western-cape/cape-town/milnerton/milnerton-central/RR4617462,"https://www.privateproperty.co.za/to-rent/western-cape/cape-town/55?pt=House,ApartmentFlat,TownHouseCluster&page=75",2026-04-05 20:59:18.337006
RR4617442,11694041,1 Bedroom Apartment Vredenberg,R 14 500,14500,ZAR,Vredenberg,Vredenberg,1,1,,,,,,https://www.privateproperty.co.za/to-rent/western-cape/cape-town/bellville/bellville-central/vredenberg/RR4617442,"https://www.privateproperty.co.za/to-rent/western-cape/cape-town/55?pt=House,ApartmentFlat,TownHouseCluster&page=75",2026-04-05 20:59:18.337006
RR4617440,11694035,1 Bedroom Apartment Vredenberg,R 14 500,14500,ZAR,Vredenberg,Vredenberg,1,1,,,,,,https://www.privateproperty.co.za/to-rent/western-cape/cape-town/bellville/bellville-central/vredenberg/RR4617440,"https://www.privateproperty.co.za/to-rent/western-cape/cape-town/55?pt=House,ApartmentFlat,TownHouseCluster&page=76",2026-04-05 20:59:18.337006
RR4617415,11693961,1 Bedroom Apartment Vredenberg,R 14 500,14500,ZAR,Vredenberg,Vredenberg,1,1,,,,,,https://www.privateproperty.co.za/to-rent/western-cape/cape-town/bellville/bellville-central/vredenberg/RR4617415,"https://www.privateproperty.co.za/to-rent/western-cape/cape-town/55?pt=House,ApartmentFlat,TownHouseCluster&page=76",2026-04-05 20:59:18.337006
RR4617302,11693670,2 Bedroom Apartment Mouille Point,R 45 000,45000,ZAR,Mouille Point,Mouille Point,2,2,1,,,,,https://www.privateproperty.co.za/to-rent/western-cape/cape-town/atlantic-seaboard/mouille-point/RR4617302,"https://www.privateproperty.co.za/to-rent/western-cape/cape-town/55?pt=House,ApartmentFlat,TownHouseCluster&page=76",2026-04-05 20:59:18.337006
RR3806547,9578866,1 Bedroom House Bloubergrant,R 7 200,7200,ZAR,Bloubergrant,Bloubergrant,1,1,,,,,,https://www.privateproperty.co.za/to-rent/western-cape/cape-town/blouberg/bloubergrant/RR3806547,"https://www.privateproperty.co.za/to-rent/western-cape/cape-town/55?pt=House,ApartmentFlat,TownHouseCluster&page=76",2026-04-05 20:59:18.337006
RR4617277,11693602,1.5 Bedroom Apartment Mouille Point,R 23 000,23000,ZAR,Mouille Point,Mouille Point,1.5,2,1,,,,,https://www.privateproperty.co.za/to-rent/western-cape/cape-town/atlantic-seaboard/mouille-point/RR4617277,"https://www.privateproperty.co.za/to-rent/western-cape/cape-town/55?pt=House,ApartmentFlat,TownHouseCluster&page=76",2026-04-05 20:59:18.337006
RR4617228,11693468,1 Bedroom Apartment Observatory,R 17 000,17000,ZAR,Observatory,Observatory,1,1,1,,,,,https://www.privateproperty.co.za/to-rent/western-cape/cape-town/cape-town-city-bowl/observatory/RR4617228,"https://www.privateproperty.co.za/to-rent/western-cape/cape-town/55?pt=House,ApartmentFlat,TownHouseCluster&page=76",2026-04-05 20:59:18.337006
RR4617183,11693369,Bachelor apartment Woodstock,R 12 500,12500,ZAR,Woodstock,Woodstock,,1,,,,,,https://www.privateproperty.co.za/to-rent/western-cape/cape-town/cape-town-city-bowl/woodstock/RR4617183,"https://www.privateproperty.co.za/to-rent/western-cape/cape-town/55?pt=House,ApartmentFlat,TownHouseCluster&page=76",2026-04-05 20:59:18.337006
RR4617179,11693355,2 Bedroom Apartment Sea Point,R 42 500,42500,ZAR,Sea Point,Sea Point,2,2,,,,,,https://www.privateproperty.co.za/to-rent/western-cape/cape-town/atlantic-seaboard/sea-point/RR4617179,"https://www.privateproperty.co.za/to-rent/western-cape/cape-town/55?pt=House,ApartmentFlat,TownHouseCluster&page=76",2026-04-05 20:59:18.337006
RR4617147,11693272,3 Bedroom House Mountainside,R 18 500,18500,ZAR,Mountainside,"Mountainside 4 Atlantic View, 33 Protea Drive",3,3,1,,-34.1711347,18.8483566,,https://www.privateproperty.co.za/to-rent/western-cape/cape-town/gordons-bay/mountainside/4-atlantic-view/33-protea-drive/RR4617147,"https://www.privateproperty.co.za/to-rent/western-cape/cape-town/55?pt=House,ApartmentFlat,TownHouseCluster&page=76",2026-04-05 20:59:18.337006
RR4616982,11692825,Studio apartment Table View,R 11 500,11500,ZAR,Table View,Table View,,1,1,,,,,https://www.privateproperty.co.za/to-rent/western-cape/cape-town/blouberg/table-view/RR4616982,"https://www.privateproperty.co.za/to-rent/western-cape/cape-town/55?pt=House,ApartmentFlat,TownHouseCluster&page=76",2026-04-05 20:59:18.337006
RR4404864,11165453,2 Bedroom Apartment Parklands East,R 9 800,9800,ZAR,Parklands East,"Parklands East Ff Sahara Mews, 34 Dartford Drive",2,1,,,,,,https://www.privateproperty.co.za/to-rent/western-cape/cape-town/blouberg/parklands/parklands-east/ff-sahara-mews/34-dartford-drive/RR4404864,"https://www.privateproperty.co.za/to-rent/western-cape/cape-town/55?pt=House,ApartmentFlat,TownHouseCluster&page=76",2026-04-05 20:59:18.337006
RR4616873,11692476,1 Bedroom Apartment Milnerton Ridge,R 12 000,12000,ZAR,Milnerton Ridge,Milnerton Ridge,1,1,1,,,,,https://www.privateproperty.co.za/to-rent/western-cape/cape-town/milnerton/milnerton-ridge/RR4616873,"https://www.privateproperty.co.za/to-rent/western-cape/cape-town/55?pt=House,ApartmentFlat,TownHouseCluster&page=76",2026-04-05 20:59:18.337006
RR4616865,11692462,2 Bedroom Apartment Richwood,R 16 450,16450,ZAR,Richwood,Richwood,2,2,2,,,,,https://www.privateproperty.co.za/to-rent/western-cape/cape-town/milnerton/richwood/RR4616865,"https://www.privateproperty.co.za/to-rent/western-cape/cape-town/55?pt=House,ApartmentFlat,TownHouseCluster&page=76",2026-04-05 20:59:18.337006
RR3864657,9752079,4 Bedroom House Atlantic Beach Golf Estate,R 45 000,45000,ZAR,Atlantic Beach Golf Estate,Atlantic Beach Golf Estate,4,3.5,4,714 m²,,,,https://www.privateproperty.co.za/to-rent/western-cape/cape-town/melkbosstrand/atlantic-beach/atlantic-beach-golf-estate/RR3864657,"https://www.privateproperty.co.za/to-rent/western-cape/cape-town/55?pt=House,ApartmentFlat,TownHouseCluster&page=76",2026-04-05 20:59:18.337006
RR4616790,11692209,3 Bedroom Townhouse Kenilworth Upper,R 36 500,36500,ZAR,Kenilworth Upper,Kenilworth Upper,3,2.5,2,,,,,https://www.privateproperty.co.za/to-rent/western-cape/cape-town/southern-suburbs/kenilworth/kenilworth-upper/RR4616790,"https://www.privateproperty.co.za/to-rent/western-cape/cape-town/55?pt=House,ApartmentFlat,TownHouseCluster&page=76",2026-04-05 20:59:18.337006
RR4616783,11692179,3 Bedroom House Somerset West Central,R 32 000,32000,ZAR,Somerset West Central,Somerset West Central,3,2,2,1 608 m²,,,,https://www.privateproperty.co.za/to-rent/western-cape/cape-town/somerset-west/somerset-west-central/RR4616783,"https://www.privateproperty.co.za/to-rent/western-cape/cape-town/55?pt=House,ApartmentFlat,TownHouseCluster&page=76",2026-04-05 20:59:18.337006
RR4616780,11692166,2 Bedroom Apartment Bloubergrant,R 18 000,18000,ZAR,Bloubergrant,Bloubergrant,2,1,1,,,,,https://www.privateproperty.co.za/to-rent/western-cape/cape-town/blouberg/bloubergrant/RR4616780,"https://www.privateproperty.co.za/to-rent/western-cape/cape-town/55?pt=House,ApartmentFlat,TownHouseCluster&page=76",2026-04-05 20:59:18.337006
RR4616759,11692110,1 Bedroom House Table View,R 7 000,7000,ZAR,Table View,Table View,1,1,1,993 m²,,,,https://www.privateproperty.co.za/to-rent/western-cape/cape-town/blouberg/table-view/RR4616759,"https://www.privateproperty.co.za/to-rent/western-cape/cape-town/55?pt=House,ApartmentFlat,TownHouseCluster&page=76",2026-04-05 20:59:18.337006
RR4616743,11692068,1 Bedroom Apartment Paardevlei,R 14 000,14000,ZAR,Paardevlei,Paardevlei,1,1,1,,,,,https://www.privateproperty.co.za/to-rent/western-cape/cape-town/somerset-west/paardevlei/RR4616743,"https://www.privateproperty.co.za/to-rent/western-cape/cape-town/55?pt=House,ApartmentFlat,TownHouseCluster&page=76",2026-04-05 20:59:18.337006
RR4616737,11692057,1 Bedroom Flat Mountview,R 7 000,7000,ZAR,Mountview,Mountview,1,1,,,,,,https://www.privateproperty.co.za/to-rent/western-cape/cape-town/cape-flats/athlone/mountview/RR4616737,"https://www.privateproperty.co.za/to-rent/western-cape/cape-town/55?pt=House,ApartmentFlat,TownHouseCluster&page=76",2026-04-05 20:59:18.337006
RR4616656,11691786,3 Bedroom House Pinelands,R 35 000,35000,ZAR,Pinelands,Pinelands 8 Acacia Way,3,2,4,850 m²,,,,https://www.privateproperty.co.za/to-rent/western-cape/cape-town/southern-suburbs/pinelands/8-acacia-way/RR4616656,"https://www.privateproperty.co.za/to-rent/western-cape/cape-town/55?pt=House,ApartmentFlat,TownHouseCluster&page=77",2026-04-05 20:59:18.337006
RR4039478,10231246,1 Bedroom Apartment Cape Town City Centre,R 12 300,12300,ZAR,Cape Town City Centre,"Cape Town City Centre 309 Blackbrick, 6 Saint Georges Mall",1,1,1,,-33.92043,18.42341,,https://www.privateproperty.co.za/to-rent/western-cape/cape-town/cape-town-city-bowl/cape-town-city-centre/309-blackbrick/6-saint-georges-mall/RR4039478,"https://www.privateproperty.co.za/to-rent/western-cape/cape-town/55?pt=House,ApartmentFlat,TownHouseCluster&page=77",2026-04-05 20:59:18.337006
RR4616559,11691533,2 Bedroom Apartment Melkbosstrand,R 21 000,21000,ZAR,Melkbosstrand,Melkbosstrand,2,2,2,,,,,https://www.privateproperty.co.za/to-rent/western-cape/cape-town/melkbosstrand/melkbosstrand/RR4616559,"https://www.privateproperty.co.za/to-rent/western-cape/cape-town/55?pt=House,ApartmentFlat,TownHouseCluster&page=77",2026-04-05 20:59:18.337006
RR4097616,10387608,2 Bedroom Apartment Big Bay,R 18 000,18000,ZAR,Big Bay,Big Bay,2,2,1,,,,,https://www.privateproperty.co.za/to-rent/western-cape/cape-town/blouberg/big-bay/RR4097616,"https://www.privateproperty.co.za/to-rent/western-cape/cape-town/55?pt=House,ApartmentFlat,TownHouseCluster&page=77",2026-04-05 20:59:18.337006
RR4616509,11691370,2 Bedroom Apartment Waterfront,R 55 000,55000,ZAR,Waterfront,Waterfront,2,2,1,,,,,https://www.privateproperty.co.za/to-rent/western-cape/cape-town/atlantic-seaboard/waterfront/RR4616509,"https://www.privateproperty.co.za/to-rent/western-cape/cape-town/55?pt=House,ApartmentFlat,TownHouseCluster&page=77",2026-04-05 20:59:18.337006
RR4616494,11691330,2 Bedroom Apartment Cape Town City Centre,R 23 000,23000,ZAR,Cape Town City Centre,Cape Town City Centre,2,1,1,,,,,https://www.privateproperty.co.za/to-rent/western-cape/cape-town/cape-town-city-bowl/cape-town-city-centre/RR4616494,"https://www.privateproperty.co.za/to-rent/western-cape/cape-town/55?pt=House,ApartmentFlat,TownHouseCluster&page=77",2026-04-05 20:59:18.337006
RR4616475,11691278,4 Bedroom Apartment Gordons Bay Central,R 32 000,32000,ZAR,Gordons Bay Central,Gordons Bay Central,4,4,1,,,,,https://www.privateproperty.co.za/to-rent/western-cape/cape-town/gordons-bay/gordons-bay-central/RR4616475,"https://www.privateproperty.co.za/to-rent/western-cape/cape-town/55?pt=House,ApartmentFlat,TownHouseCluster&page=77",2026-04-05 20:59:18.337006
RR4616468,11691253,2 Bedroom Apartment Bloubergstrand,R 25 000,25000,ZAR,Bloubergstrand,Bloubergstrand,2,2,1,,,,,https://www.privateproperty.co.za/to-rent/western-cape/cape-town/blouberg/bloubergstrand/RR4616468,"https://www.privateproperty.co.za/to-rent/western-cape/cape-town/55?pt=House,ApartmentFlat,TownHouseCluster&page=77",2026-04-05 20:59:18.337006
RR3631564,9063467,3 Bedroom Apartment De Velde,R 20 000,20000,ZAR,De Velde,De Velde 2 De Beers Road,3,2,2,,-34.0906989,18.8214932,,https://www.privateproperty.co.za/to-rent/western-cape/cape-town/somerset-west/de-velde/2-de-beers-road/RR3631564,"https://www.privateproperty.co.za/to-rent/western-cape/cape-town/55?pt=House,ApartmentFlat,TownHouseCluster&page=77",2026-04-05 20:59:18.337006
RR4616394,11691031,2 Bedroom Apartment Zonnebloem,R 23 000,23000,ZAR,Zonnebloem,Zonnebloem 49 Chapel Street,2,1,1,,-33.9285866,18.4339029,,https://www.privateproperty.co.za/to-rent/western-cape/cape-town/cape-town-city-bowl/zonnebloem/49-chapel-street/RR4616394,"https://www.privateproperty.co.za/to-rent/western-cape/cape-town/55?pt=House,ApartmentFlat,TownHouseCluster&page=77",2026-04-05 20:59:18.337006
RR4400156,11153407,2 Bedroom Apartment Big Bay,R 28 000,28000,ZAR,Big Bay,Big Bay,2,2,2,,,,,https://www.privateproperty.co.za/to-rent/western-cape/cape-town/blouberg/big-bay/RR4400156,"https://www.privateproperty.co.za/to-rent/western-cape/cape-town/55?pt=House,ApartmentFlat,TownHouseCluster&page=77",2026-04-05 20:59:18.337006
RR4616313,11690784,3 Bedroom House Churchill Estate,R 16 500,16500,ZAR,Churchill Estate,Churchill Estate,3,1,1,,,,,https://www.privateproperty.co.za/to-rent/western-cape/cape-town/parow/churchill-estate/RR4616313,"https://www.privateproperty.co.za/to-rent/western-cape/cape-town/55?pt=House,ApartmentFlat,TownHouseCluster&page=77",2026-04-05 20:59:18.337006
RR4616260,11690630,3 Bedroom Townhouse Table View,R 30 000,30000,ZAR,Table View,Table View 8 Tafelzicht,3,2,,,-33.827005,18.4980539,,https://www.privateproperty.co.za/to-rent/western-cape/cape-town/blouberg/table-view/8-tafelzicht/blaauwberg-road/RR4616260,"https://www.privateproperty.co.za/to-rent/western-cape/cape-town/55?pt=House,ApartmentFlat,TownHouseCluster&page=77",2026-04-05 20:59:18.337006
RR4453393,11286009,1 Bedroom Apartment Helgarda Estate,R 16 500,16500,ZAR,Helgarda Estate,Helgarda Estate,1,1,1,,,,,https://www.privateproperty.co.za/to-rent/western-cape/cape-town/hout-bay/helgarda-estate/RR4453393,"https://www.privateproperty.co.za/to-rent/western-cape/cape-town/55?pt=House,ApartmentFlat,TownHouseCluster&page=77",2026-04-05 20:59:18.337006
RR4458046,11298233,1 Bedroom Apartment Helgarda Estate,R 16 500,16500,ZAR,Helgarda Estate,Helgarda Estate,1,1,1,,,,,https://www.privateproperty.co.za/to-rent/western-cape/cape-town/hout-bay/helgarda-estate/RR4458046,"https://www.privateproperty.co.za/to-rent/western-cape/cape-town/55?pt=House,ApartmentFlat,TownHouseCluster&page=77",2026-04-05 20:59:18.337006
RR3349932,8265081,2 Bedroom Apartment Gordons Bay Central,R 15 000,15000,ZAR,Gordons Bay Central,Gordons Bay Central,2,1,3,811 m²,,,,https://www.privateproperty.co.za/to-rent/western-cape/cape-town/gordons-bay/gordons-bay-central/RR3349932,"https://www.privateproperty.co.za/to-rent/western-cape/cape-town/55?pt=House,ApartmentFlat,TownHouseCluster&page=77",2026-04-05 20:59:18.337006
RR4616155,11690360,3 Bedroom Apartment Paardevlei,R 24 000,24000,ZAR,Paardevlei,Paardevlei,3,2,2,,,,,https://www.privateproperty.co.za/to-rent/western-cape/cape-town/somerset-west/paardevlei/RR4616155,"https://www.privateproperty.co.za/to-rent/western-cape/cape-town/55?pt=House,ApartmentFlat,TownHouseCluster&page=77",2026-04-05 20:59:18.337006
RR4616144,11690333,Studio apartment Bergvliet,R 6 900,6900,ZAR,Bergvliet,Bergvliet,0.5,1,,,,,,https://www.privateproperty.co.za/to-rent/western-cape/cape-town/southern-suburbs/bergvliet/RR4616144,"https://www.privateproperty.co.za/to-rent/western-cape/cape-town/55?pt=House,ApartmentFlat,TownHouseCluster&page=77",2026-04-05 20:59:18.337006
RR4162880,10550827,3 Bedroom House Soneike,R 19 000,19000,ZAR,Soneike,Soneike,3,2,4,497 m²,,,,https://www.privateproperty.co.za/to-rent/western-cape/cape-town/kuils-river/soneike/RR4162880,"https://www.privateproperty.co.za/to-rent/western-cape/cape-town/55?pt=House,ApartmentFlat,TownHouseCluster&page=77",2026-04-05 20:59:18.337006
RR4615803,11689470,2 Bedroom House Helderberg Village,R 35 000,35000,ZAR,Helderberg Village,Helderberg Village 1094 Acacia,2,2,4,,-34.050952698833,18.8212966918945,,https://www.privateproperty.co.za/to-rent/western-cape/cape-town/somerset-west/steynsrust/helderberg-village/1094-acacia/RR4615803,"https://www.privateproperty.co.za/to-rent/western-cape/cape-town/55?pt=House,ApartmentFlat,TownHouseCluster&page=77",2026-04-05 20:59:18.337006
RR4615980,11689941,2 Bedroom Apartment Sunridge,R 13 000,13000,ZAR,Sunridge,"Sunridge 97 Mary''s View, 21 North Road",2,1,1,1 079 m²,-33.828125,18.5082759,,https://www.privateproperty.co.za/to-rent/western-cape/cape-town/blouberg/table-view/sunridge/97-marys-view/21-north-road/RR4615980,"https://www.privateproperty.co.za/to-rent/western-cape/cape-town/55?pt=House,ApartmentFlat,TownHouseCluster&page=78",2026-04-05 20:59:18.337006
RR4615979,11689939,2 Bedroom Apartment Van Ryneveld,R 14 000,14000,ZAR,Van Ryneveld,Van Ryneveld,2,2,,,,,,https://www.privateproperty.co.za/to-rent/western-cape/cape-town/strand/van-ryneveld/RR4615979,"https://www.privateproperty.co.za/to-rent/western-cape/cape-town/55?pt=House,ApartmentFlat,TownHouseCluster&page=78",2026-04-05 20:59:18.337006
RR4615970,11689921,2 Bedroom Townhouse Green Point,R 55 000,55000,ZAR,Green Point,Green Point,2,2,,,,,,https://www.privateproperty.co.za/to-rent/western-cape/cape-town/atlantic-seaboard/green-point/RR4615970,"https://www.privateproperty.co.za/to-rent/western-cape/cape-town/55?pt=House,ApartmentFlat,TownHouseCluster&page=78",2026-04-05 20:59:18.337006
RR4615959,11689902,3 Bedroom Apartment De Velde,R 18 000,18000,ZAR,De Velde,"De Velde 531 De Velde Lifestyle Estate, 2 De Beers Street",3,2,2,99 m²,-34.090638436899944,18.82209599018097,,https://www.privateproperty.co.za/to-rent/western-cape/cape-town/somerset-west/de-velde/531-de-velde-lifestyle-estate/2-de-beers-street/RR4615959,"https://www.privateproperty.co.za/to-rent/western-cape/cape-town/55?pt=House,ApartmentFlat,TownHouseCluster&page=78",2026-04-05 20:59:18.337006
RR4615919,11689813,1 Bedroom Apartment Richwood,R 14 500,14500,ZAR,Richwood,Richwood,1,1,1,,,,,https://www.privateproperty.co.za/to-rent/western-cape/cape-town/milnerton/richwood/RR4615919,"https://www.privateproperty.co.za/to-rent/western-cape/cape-town/55?pt=House,ApartmentFlat,TownHouseCluster&page=78",2026-04-05 20:59:18.337006
RR4615823,11689527,2 Bedroom Apartment Richwood,R 13 000,13000,ZAR,Richwood,Richwood,2,1,1,,,,,https://www.privateproperty.co.za/to-rent/western-cape/cape-town/milnerton/richwood/RR4615823,"https://www.privateproperty.co.za/to-rent/western-cape/cape-town/55?pt=House,ApartmentFlat,TownHouseCluster&page=78",2026-04-05 20:59:18.337006
RR4154359,10529910,2 Bedroom Apartment Big Bay,R 23 000,23000,ZAR,Big Bay,Big Bay,2,2,2,,,,,https://www.privateproperty.co.za/to-rent/western-cape/cape-town/blouberg/big-bay/RR4154359,"https://www.privateproperty.co.za/to-rent/western-cape/cape-town/55?pt=House,ApartmentFlat,TownHouseCluster&page=78",2026-04-05 20:59:18.337006
RR4615772,11689373,3 Bedroom House Tara,R 24 000,24000,ZAR,Tara,Tara,3,1.5,1,327 m²,,,,https://www.privateproperty.co.za/to-rent/western-cape/cape-town/durbanville/tara/RR4615772,"https://www.privateproperty.co.za/to-rent/western-cape/cape-town/55?pt=House,ApartmentFlat,TownHouseCluster&page=78",2026-04-05 20:59:18.337006
RR4615763,11689344,4 Bedroom House Kenridge Heights,R 35 000,35000,ZAR,Kenridge Heights,Kenridge Heights,4,2,2,1 030 m²,,,,https://www.privateproperty.co.za/to-rent/western-cape/cape-town/bellville/kenridge/kenridge-heights/RR4615763,"https://www.privateproperty.co.za/to-rent/western-cape/cape-town/55?pt=House,ApartmentFlat,TownHouseCluster&page=78",2026-04-05 20:59:18.337006
RR4615758,11689322,3 Bedroom House Oranjezicht,R 75 000,75000,ZAR,Oranjezicht,Oranjezicht,3,3,1,962 m²,,,,https://www.privateproperty.co.za/to-rent/western-cape/cape-town/cape-town-city-bowl/oranjezicht/RR4615758,"https://www.privateproperty.co.za/to-rent/western-cape/cape-town/55?pt=House,ApartmentFlat,TownHouseCluster&page=78",2026-04-05 20:59:18.337006
RR4615742,11689286,1 Bedroom Apartment Sea Point,R 24 000,24000,ZAR,Sea Point,Sea Point,1,2,,,,,,https://www.privateproperty.co.za/to-rent/western-cape/cape-town/atlantic-seaboard/sea-point/RR4615742,"https://www.privateproperty.co.za/to-rent/western-cape/cape-town/55?pt=House,ApartmentFlat,TownHouseCluster&page=78",2026-04-05 20:59:18.337006
RR4615726,11689242,3 Bedroom Townhouse Montclair,R 24 500,24500,ZAR,Montclair,Montclair,3,2,2,,,,,https://www.privateproperty.co.za/to-rent/western-cape/cape-town/somerset-west/montclair/RR4615726,"https://www.privateproperty.co.za/to-rent/western-cape/cape-town/55?pt=House,ApartmentFlat,TownHouseCluster&page=78",2026-04-05 20:59:18.337006
RR4501458,11407220,2 Bedroom Apartment Cape Town City Centre,R 28 000,28000,ZAR,Cape Town City Centre,Cape Town City Centre,2,2,2,,,,,https://www.privateproperty.co.za/to-rent/western-cape/cape-town/cape-town-city-bowl/cape-town-city-centre/RR4501458,"https://www.privateproperty.co.za/to-rent/western-cape/cape-town/55?pt=House,ApartmentFlat,TownHouseCluster&page=78",2026-04-05 20:59:18.337006
RR4615642,11688995,3 Bedroom Apartment Higgovale,R 45 000,45000,ZAR,Higgovale,Higgovale,3,3,3,,,,,https://www.privateproperty.co.za/to-rent/western-cape/cape-town/cape-town-city-bowl/higgovale/RR4615642,"https://www.privateproperty.co.za/to-rent/western-cape/cape-town/55?pt=House,ApartmentFlat,TownHouseCluster&page=78",2026-04-05 20:59:18.337006
RR4615639,11688985,3 Bedroom House Sea Point,R 48 000,48000,ZAR,Sea Point,Sea Point,3,3,2,453 m²,,,,https://www.privateproperty.co.za/to-rent/western-cape/cape-town/atlantic-seaboard/sea-point/RR4615639,"https://www.privateproperty.co.za/to-rent/western-cape/cape-town/55?pt=House,ApartmentFlat,TownHouseCluster&page=78",2026-04-05 20:59:18.337006
RR4615631,11688966,1 Bedroom Apartment Muizenberg,R 22 000,22000,ZAR,Muizenberg,Muizenberg,1,1,1,,,,,https://www.privateproperty.co.za/to-rent/western-cape/cape-town/peninsula-false-bay/muizenberg/RR4615631,"https://www.privateproperty.co.za/to-rent/western-cape/cape-town/55?pt=House,ApartmentFlat,TownHouseCluster&page=78",2026-04-05 20:59:18.337006
RR4615618,11688925,2 Bedroom Apartment Van Riebeeckstrand,R 48 000,48000,ZAR,Van Riebeeckstrand,Van Riebeeckstrand,2,2,4,,,,,https://www.privateproperty.co.za/to-rent/western-cape/cape-town/melkbosstrand/van-riebeeckstrand/RR4615618,"https://www.privateproperty.co.za/to-rent/western-cape/cape-town/55?pt=House,ApartmentFlat,TownHouseCluster&page=78",2026-04-05 20:59:18.337006
RR4615615,11688916,3 Bedroom Apartment Waves Edge,R 35 000,35000,ZAR,Waves Edge,Waves Edge,3,2,,,,,,https://www.privateproperty.co.za/to-rent/western-cape/cape-town/blouberg/bloubergstrand/waves-edge/RR4615615,"https://www.privateproperty.co.za/to-rent/western-cape/cape-town/55?pt=House,ApartmentFlat,TownHouseCluster&page=78",2026-04-05 20:59:18.337006
RR4615532,11688689,4 Bedroom Apartment Kenilworth Upper,R 48 000,48000,ZAR,Kenilworth Upper,Kenilworth Upper,4,1.5,,,,,,https://www.privateproperty.co.za/to-rent/western-cape/cape-town/southern-suburbs/kenilworth/kenilworth-upper/RR4615532,"https://www.privateproperty.co.za/to-rent/western-cape/cape-town/55?pt=House,ApartmentFlat,TownHouseCluster&page=78",2026-04-05 20:59:18.337006
RR4615528,11688680,3 Bedroom Apartment Waterfront,R 110 000,110000,ZAR,Waterfront,Waterfront,3,2,2,,,,,https://www.privateproperty.co.za/to-rent/western-cape/cape-town/atlantic-seaboard/waterfront/RR4615528,"https://www.privateproperty.co.za/to-rent/western-cape/cape-town/55?pt=House,ApartmentFlat,TownHouseCluster&page=78",2026-04-05 20:59:18.337006
RR4615523,11688661,2.5 Bedroom Apartment Waterfront,R 75 000,75000,ZAR,Waterfront,Waterfront,2.5,2,2,,,,,https://www.privateproperty.co.za/to-rent/western-cape/cape-town/atlantic-seaboard/waterfront/RR4615523,"https://www.privateproperty.co.za/to-rent/western-cape/cape-town/55?pt=House,ApartmentFlat,TownHouseCluster&page=79",2026-04-05 20:59:18.337006
RR3643895,9097412,4 Bedroom House Amanda Glen,R 29 500,29500,ZAR,Amanda Glen,Amanda Glen,4,2.5,2,,,,,https://www.privateproperty.co.za/to-rent/western-cape/cape-town/bellville/amanda-glen/RR3643895,"https://www.privateproperty.co.za/to-rent/western-cape/cape-town/55?pt=House,ApartmentFlat,TownHouseCluster&page=79",2026-04-05 20:59:18.337006
RR4615457,11688506,4 Bedroom House Camps Bay,R 99 000,99000,ZAR,Camps Bay,Camps Bay,4,4,3,905 m²,,,,https://www.privateproperty.co.za/to-rent/western-cape/cape-town/atlantic-seaboard/camps-bay/RR4615457,"https://www.privateproperty.co.za/to-rent/western-cape/cape-town/55?pt=House,ApartmentFlat,TownHouseCluster&page=79",2026-04-05 20:59:18.337006
RR4615445,11688465,3 Bedroom House Heldervue,R 29 000,29000,ZAR,Heldervue,Heldervue,3,2,2,500 m²,,,,https://www.privateproperty.co.za/to-rent/western-cape/cape-town/somerset-west/heldervue/RR4615445,"https://www.privateproperty.co.za/to-rent/western-cape/cape-town/55?pt=House,ApartmentFlat,TownHouseCluster&page=79",2026-04-05 20:59:18.337006
RR4615437,11688428,3 Bedroom House New Woodlands,R 8 500,8500,ZAR,New Woodlands,New Woodlands,3,1,4,,,,,https://www.privateproperty.co.za/to-rent/western-cape/cape-town/mitchells-plain/mitchells-plain/new-woodlands/RR4615437,"https://www.privateproperty.co.za/to-rent/western-cape/cape-town/55?pt=House,ApartmentFlat,TownHouseCluster&page=79",2026-04-05 20:59:18.337006
RR4615343,11688161,1 Bedroom Apartment Costa Da Gama,R 12 000,12000,ZAR,Costa Da Gama,"Costa Da Gama 107 Sunrise Villas, 1 Saint Davids Street",1,1,1,,-34.1015267,18.4817374,,https://www.privateproperty.co.za/to-rent/western-cape/cape-town/peninsula-false-bay/muizenberg/costa-da-gama/107-sunrise-villas/1-saint-davids-street/RR4615343,"https://www.privateproperty.co.za/to-rent/western-cape/cape-town/55?pt=House,ApartmentFlat,TownHouseCluster&page=79",2026-04-05 20:59:18.337006
RR3212437,7914823,1 Bedroom Apartment Bloubergrant,R 18 000,18000,ZAR,Bloubergrant,"Bloubergrant 106 Sea Spray, Athens Roa 405 A Road",1,1,,,-33.8231185,18.4786609,,https://www.privateproperty.co.za/to-rent/western-cape/cape-town/blouberg/bloubergrant/106-sea-spray/athens-roa-405-a-road/RR3212437,"https://www.privateproperty.co.za/to-rent/western-cape/cape-town/55?pt=House,ApartmentFlat,TownHouseCluster&page=79",2026-04-05 20:59:18.337006
RR4615333,11688132,3 Bedroom House Flamingo Vlei,R 32 000,32000,ZAR,Flamingo Vlei,Flamingo Vlei 139 Pentz Drive,3,2,2,775 m²,-33.835921,18.503321,,https://www.privateproperty.co.za/to-rent/western-cape/cape-town/blouberg/flamingo-vlei/139-pentz-drive/RR4615333,"https://www.privateproperty.co.za/to-rent/western-cape/cape-town/55?pt=House,ApartmentFlat,TownHouseCluster&page=79",2026-04-05 20:59:18.337006
RR3579519,8913678,1 Bedroom Apartment Big Bay,R 18 000,18000,ZAR,Big Bay,"Big Bay Cg1 Seaside Village, 17 Otto Du Plessis Street",1,1,,,-33.7855849,18.4548636,,https://www.privateproperty.co.za/to-rent/western-cape/cape-town/blouberg/big-bay/cg1-seaside-village/17-otto-du-plessis-street/RR3579519,"https://www.privateproperty.co.za/to-rent/western-cape/cape-town/55?pt=House,ApartmentFlat,TownHouseCluster&page=79",2026-04-05 20:59:18.337006
RR4615295,11688040,2 Bedroom Apartment Pinelands,R 13 000,13000,ZAR,Pinelands,Pinelands,2,1,2,,,,,https://www.privateproperty.co.za/to-rent/western-cape/cape-town/southern-suburbs/pinelands/RR4615295,"https://www.privateproperty.co.za/to-rent/western-cape/cape-town/55?pt=House,ApartmentFlat,TownHouseCluster&page=79",2026-04-05 20:59:18.337006
RR4614762,11686748,3 Bedroom Duplex Hout Bay Central,R 32 000,32000,ZAR,Hout Bay Central,"Hout Bay Central 20 Summerville, 105 Brighton St",3,2.5,1,,-34.04203513919037,18.353407642327863,,https://www.privateproperty.co.za/to-rent/western-cape/cape-town/hout-bay/hout-bay-central/20-summerville/105-brighton-st/RR4614762,"https://www.privateproperty.co.za/to-rent/western-cape/cape-town/55?pt=House,ApartmentFlat,TownHouseCluster&page=79",2026-04-05 20:59:18.337006
RR4615126,11687622,1 Bedroom Apartment Diep River,R 9 000,9000,ZAR,Diep River,Diep River,1,1,,,,,,https://www.privateproperty.co.za/to-rent/western-cape/cape-town/southern-suburbs/diep-river/RR4615126,"https://www.privateproperty.co.za/to-rent/western-cape/cape-town/55?pt=House,ApartmentFlat,TownHouseCluster&page=79",2026-04-05 20:59:18.337006
RR4615073,11687481,1 Bedroom Apartment Diep River,R 8 500,8500,ZAR,Diep River,Diep River,1,1,,,,,,https://www.privateproperty.co.za/to-rent/western-cape/cape-town/southern-suburbs/diep-river/RR4615073,"https://www.privateproperty.co.za/to-rent/western-cape/cape-town/55?pt=House,ApartmentFlat,TownHouseCluster&page=79",2026-04-05 20:59:18.337006
RR3501797,8684532,2 Bedroom Apartment Parklands North,R 9 800,9800,ZAR,Parklands North,"Parklands North C16 Forest Place, 36 Dartford Drive",2,1,,,-33.8036438,18.5242541,,https://www.privateproperty.co.za/to-rent/western-cape/cape-town/blouberg/parklands-north/c16-forest-place/36-dartford-drive/RR3501797,"https://www.privateproperty.co.za/to-rent/western-cape/cape-town/55?pt=House,ApartmentFlat,TownHouseCluster&page=79",2026-04-05 20:59:18.337006
RR4320185,10942089,4 Bedroom House Sandown,R 40 000,40000,ZAR,Sandown,Sandown,4,2.5,4,250 m²,,,,https://www.privateproperty.co.za/to-rent/western-cape/cape-town/blouberg/sandown/RR4320185,"https://www.privateproperty.co.za/to-rent/western-cape/cape-town/55?pt=House,ApartmentFlat,TownHouseCluster&page=79",2026-04-05 20:59:18.337006
RR4614989,11687273,2 Bedroom Apartment Mouille Point,R 40 000,40000,ZAR,Mouille Point,Mouille Point,2,2,1,,,,,https://www.privateproperty.co.za/to-rent/western-cape/cape-town/atlantic-seaboard/mouille-point/RR4614989,"https://www.privateproperty.co.za/to-rent/western-cape/cape-town/55?pt=House,ApartmentFlat,TownHouseCluster&page=79",2026-04-05 20:59:18.337006
RR4351603,11028677,2 Bedroom Apartment Clifton,R 90 000,90000,ZAR,Clifton,Clifton,2,2,,,,,,https://www.privateproperty.co.za/to-rent/western-cape/cape-town/atlantic-seaboard/clifton/RR4351603,"https://www.privateproperty.co.za/to-rent/western-cape/cape-town/55?pt=House,ApartmentFlat,TownHouseCluster&page=79",2026-04-05 20:59:18.337006
RR4614878,11687063,2 Bedroom House Wynberg Upper,R 27 000,27000,ZAR,Wynberg Upper,Wynberg Upper,2,3,2,,,,,https://www.privateproperty.co.za/to-rent/western-cape/cape-town/southern-suburbs/wynberg/wynberg-upper/RR4614878,"https://www.privateproperty.co.za/to-rent/western-cape/cape-town/55?pt=House,ApartmentFlat,TownHouseCluster&page=79",2026-04-05 20:59:18.337006
RR4614840,11686980,2 Bedroom House Tamboerskloof,R 42 000,42000,ZAR,Tamboerskloof,Tamboerskloof,2,1,,,,,,https://www.privateproperty.co.za/to-rent/western-cape/cape-town/cape-town-city-bowl/tamboerskloof/RR4614840,"https://www.privateproperty.co.za/to-rent/western-cape/cape-town/55?pt=House,ApartmentFlat,TownHouseCluster&page=79",2026-04-05 20:59:18.337006
RR4614773,11686770,2 Bedroom Apartment Century City,R 26 990,26990,ZAR,Century City,Century City,2,2,2,,,,,https://www.privateproperty.co.za/to-rent/western-cape/cape-town/milnerton/century-city/RR4614773,"https://www.privateproperty.co.za/to-rent/western-cape/cape-town/55?pt=House,ApartmentFlat,TownHouseCluster&page=79",2026-04-05 20:59:18.337006
RR4614521,11686008,2 Bedroom Apartment Zonnebloem,R 15 000,15000,ZAR,Zonnebloem,Zonnebloem,2,1,1,,,,,https://www.privateproperty.co.za/to-rent/western-cape/cape-town/cape-town-city-bowl/zonnebloem/RR4614521,"https://www.privateproperty.co.za/to-rent/western-cape/cape-town/55?pt=House,ApartmentFlat,TownHouseCluster&page=80",2026-04-05 20:59:18.337006
RR4614481,11685912,2 Bedroom House Ferndale,R 10 900,10900,ZAR,Ferndale,"Ferndale 20 Olympus, 39 Olympus Road",2,1,2,,-33.8786659,18.6786127,,https://www.privateproperty.co.za/to-rent/western-cape/cape-town/brackenfell/brackenfell-central/ferndale/20-olympus/39-olympus-road/RR4614481,"https://www.privateproperty.co.za/to-rent/western-cape/cape-town/55?pt=House,ApartmentFlat,TownHouseCluster&page=80",2026-04-05 20:59:18.337006
RR4614465,11685854,1 Bedroom Apartment Kuilsriver,R 11 000,11000,ZAR,Kuilsriver,Kuilsriver,1,1,1,,,,,https://www.privateproperty.co.za/to-rent/western-cape/cape-town/kuils-river/kuilsriver/RR4614465,"https://www.privateproperty.co.za/to-rent/western-cape/cape-town/55?pt=House,ApartmentFlat,TownHouseCluster&page=80",2026-04-05 20:59:18.337006
RR4614401,11685641,4 Bedroom House Milnerton Central,R 29 000,29000,ZAR,Milnerton Central,Milnerton Central,4,2,4,980 m²,,,,https://www.privateproperty.co.za/to-rent/western-cape/cape-town/milnerton/milnerton-central/RR4614401,"https://www.privateproperty.co.za/to-rent/western-cape/cape-town/55?pt=House,ApartmentFlat,TownHouseCluster&page=80",2026-04-05 20:59:18.337006
RR4614344,11685468,2 Bedroom Apartment Cape Town City Centre,R 24 500,24500,ZAR,Cape Town City Centre,"Cape Town City Centre 608 Flatrock, 8 Buiten Street",2,2,1,,-33.9257123,18.4146805,,https://www.privateproperty.co.za/to-rent/western-cape/cape-town/cape-town-city-bowl/cape-town-city-centre/608-flatrock/8-buiten-street/RR4614344,"https://www.privateproperty.co.za/to-rent/western-cape/cape-town/55?pt=House,ApartmentFlat,TownHouseCluster&page=80",2026-04-05 20:59:18.337006
RR4614321,11685405,2 Bedroom Apartment Wynberg Upper,R 45 000,45000,ZAR,Wynberg Upper,Wynberg Upper,2,2,,,,,,https://www.privateproperty.co.za/to-rent/western-cape/cape-town/southern-suburbs/wynberg/wynberg-upper/RR4614321,"https://www.privateproperty.co.za/to-rent/western-cape/cape-town/55?pt=House,ApartmentFlat,TownHouseCluster&page=80",2026-04-05 20:59:18.337006
RR4614319,11685399,5 Bedroom House West Beach,R 55 000,55000,ZAR,West Beach,West Beach 4 Arundel Road,5,5,3,701 m²,-33.8076295961275,18.4723246969508,,https://www.privateproperty.co.za/to-rent/western-cape/cape-town/blouberg/west-beach/4-arundel-road/RR4614319,"https://www.privateproperty.co.za/to-rent/western-cape/cape-town/55?pt=House,ApartmentFlat,TownHouseCluster&page=80",2026-04-05 20:59:18.337006
RR4614129,11684815,4 Bedroom Cluster Hout Bay Central,R 40 000,40000,ZAR,Hout Bay Central,"Hout Bay Central 3 Pondicherry Place, 2 Pondicherry Avenue",4,3,6,,-34.0416510586862,18.3480374118985,,https://www.privateproperty.co.za/to-rent/western-cape/cape-town/hout-bay/hout-bay-central/3-pondicherry-place/2-pondicherry-avenue/RR4614129,"https://www.privateproperty.co.za/to-rent/western-cape/cape-town/55?pt=House,ApartmentFlat,TownHouseCluster&page=80",2026-04-05 20:59:18.337006
RR4614250,11685192,3 Bedroom House Noordhaven,R 2 500 per day,2500,ZAR,Noordhaven,Noordhaven,3,2,2,,,,,https://www.privateproperty.co.za/to-rent/western-cape/cape-town/peninsula-false-bay/noordhoek/noordhaven/RR4614250,"https://www.privateproperty.co.za/to-rent/western-cape/cape-town/55?pt=House,ApartmentFlat,TownHouseCluster&page=80",2026-04-05 20:59:18.337006
RR4614232,11685154,3 Bedroom Townhouse Waves Edge,R 35 000,35000,ZAR,Waves Edge,Waves Edge,3,2,3,,,,,https://www.privateproperty.co.za/to-rent/western-cape/cape-town/blouberg/bloubergstrand/waves-edge/RR4614232,"https://www.privateproperty.co.za/to-rent/western-cape/cape-town/55?pt=House,ApartmentFlat,TownHouseCluster&page=80",2026-04-05 20:59:18.337006
RR4614219,11685106,3 Bedroom House Parklands North,R 40 000,40000,ZAR,Parklands North,Parklands North,3,2,2,,,,,https://www.privateproperty.co.za/to-rent/western-cape/cape-town/blouberg/parklands-north/RR4614219,"https://www.privateproperty.co.za/to-rent/western-cape/cape-town/55?pt=House,ApartmentFlat,TownHouseCluster&page=80",2026-04-05 20:59:18.337006
RR4614214,11685071,1 Bedroom House Pinelands,R 12 000,12000,ZAR,Pinelands,Pinelands,1,1,1,1 219 m²,,,,https://www.privateproperty.co.za/to-rent/western-cape/cape-town/southern-suburbs/pinelands/RR4614214,"https://www.privateproperty.co.za/to-rent/western-cape/cape-town/55?pt=House,ApartmentFlat,TownHouseCluster&page=80",2026-04-05 20:59:18.337006
RR3104880,7652741,3 Bedroom House Noordhoek,R 75 000,75000,ZAR,Noordhoek,Noordhoek 430 Mountain Road,3,3,2,1 127 m²,-34.096016,18.359389,,https://www.privateproperty.co.za/to-rent/western-cape/cape-town/peninsula-false-bay/noordhoek/430-mountain-road/RR3104880,"https://www.privateproperty.co.za/to-rent/western-cape/cape-town/55?pt=House,ApartmentFlat,TownHouseCluster&page=80",2026-04-05 20:59:18.337006
RR4614081,11684710,2 Bedroom Apartment Sonstraal Heights,R 12 500,12500,ZAR,Sonstraal Heights,Sonstraal Heights,2,1,,3 742 m²,,,,https://www.privateproperty.co.za/to-rent/western-cape/cape-town/durbanville/sonstraal-heights/RR4614081,"https://www.privateproperty.co.za/to-rent/western-cape/cape-town/55?pt=House,ApartmentFlat,TownHouseCluster&page=80",2026-04-05 20:59:18.337006
RR4614021,11684534,1 Bedroom Apartment Hout Bay Central,R 14 000,14000,ZAR,Hout Bay Central,Hout Bay Central,1,1,,2 000 m²,,,,https://www.privateproperty.co.za/to-rent/western-cape/cape-town/hout-bay/hout-bay-central/RR4614021,"https://www.privateproperty.co.za/to-rent/western-cape/cape-town/55?pt=House,ApartmentFlat,TownHouseCluster&page=80",2026-04-05 20:59:18.337006
RR4614013,11684512,2 Bedroom House Claremont,R 27 000,27000,ZAR,Claremont,Claremont,2,2,1,,,,,https://www.privateproperty.co.za/to-rent/western-cape/cape-town/southern-suburbs/claremont/RR4614013,"https://www.privateproperty.co.za/to-rent/western-cape/cape-town/55?pt=House,ApartmentFlat,TownHouseCluster&page=80",2026-04-05 20:59:18.337006
RR4613956,11684354,1 Bedroom House Rouxville,R 14 000,14000,ZAR,Rouxville,Rouxville,1,1,1,600 m²,,,,https://www.privateproperty.co.za/to-rent/western-cape/cape-town/kuils-river/rouxville/RR4613956,"https://www.privateproperty.co.za/to-rent/western-cape/cape-town/55?pt=House,ApartmentFlat,TownHouseCluster&page=80",2026-04-05 20:59:18.337006
RR4613931,11684290,2 Bedroom House Lochnerhof,R 32 000,32000,ZAR,Lochnerhof,Lochnerhof,2,2,3,495 m²,,,,https://www.privateproperty.co.za/to-rent/western-cape/cape-town/strand/strand-central/lochnerhof/RR4613931,"https://www.privateproperty.co.za/to-rent/western-cape/cape-town/55?pt=House,ApartmentFlat,TownHouseCluster&page=80",2026-04-05 20:59:18.337006
RR4613925,11684278,3 Bedroom House Somerset Ridge,R 27 500,27500,ZAR,Somerset Ridge,Somerset Ridge,3,2,3,357 m²,,,,https://www.privateproperty.co.za/to-rent/western-cape/cape-town/somerset-west/somerset-ridge/RR4613925,"https://www.privateproperty.co.za/to-rent/western-cape/cape-town/55?pt=House,ApartmentFlat,TownHouseCluster&page=80",2026-04-05 20:59:18.337006
RR4613735,11683788,3 Bedroom Apartment Sea Point,R 43 000,43000,ZAR,Sea Point,"Sea Point 011 Bayswater, 1 Walter",3,3,2,,-33.91026799999999,18.3993783,,https://www.privateproperty.co.za/to-rent/western-cape/cape-town/atlantic-seaboard/sea-point/011-bayswater/1-walter/RR4613735,"https://www.privateproperty.co.za/to-rent/western-cape/cape-town/55?pt=House,ApartmentFlat,TownHouseCluster&page=80",2026-04-05 20:59:18.337006
RR4613605,11683433,2 Bedroom Apartment Three Anchor Bay,R 30 000,30000,ZAR,Three Anchor Bay,Three Anchor Bay,2,2,,,,,,https://www.privateproperty.co.za/to-rent/western-cape/cape-town/atlantic-seaboard/three-anchor-bay/RR4613605,"https://www.privateproperty.co.za/to-rent/western-cape/cape-town/55?pt=House,ApartmentFlat,TownHouseCluster&page=81",2026-04-05 20:59:18.337006
RR4613540,11683269,3 Bedroom House Rondebosch East,R 22 000,22000,ZAR,Rondebosch East,Rondebosch East,3,1,,496 m²,,,,https://www.privateproperty.co.za/to-rent/western-cape/cape-town/southern-suburbs/rondebosch-east/RR4613540,"https://www.privateproperty.co.za/to-rent/western-cape/cape-town/55?pt=House,ApartmentFlat,TownHouseCluster&page=81",2026-04-05 20:59:18.337006
RR3956909,10019115,1 Bedroom Apartment Sandown,R 12 000,12000,ZAR,Sandown,Sandown,1,1,1,,,,,https://www.privateproperty.co.za/to-rent/western-cape/cape-town/blouberg/sandown/RR3956909,"https://www.privateproperty.co.za/to-rent/western-cape/cape-town/55?pt=House,ApartmentFlat,TownHouseCluster&page=81",2026-04-05 20:59:18.337006
RR4613514,11683189,1 Bedroom Apartment Green Point,R 14 500,14500,ZAR,Green Point,Green Point 1 Boundary Road,1,1,,,,,,https://www.privateproperty.co.za/to-rent/western-cape/cape-town/atlantic-seaboard/green-point/ceramic-court/1-boundary-road/RR4613514,"https://www.privateproperty.co.za/to-rent/western-cape/cape-town/55?pt=House,ApartmentFlat,TownHouseCluster&page=81",2026-04-05 20:59:18.337006
RR4613427,11682935,3 Bedroom House Protea Heights,R 2 200 per day,2200,ZAR,Protea Heights,Protea Heights,3,1,,,,,,https://www.privateproperty.co.za/to-rent/western-cape/cape-town/brackenfell/protea-heights/RR4613427,"https://www.privateproperty.co.za/to-rent/western-cape/cape-town/55?pt=House,ApartmentFlat,TownHouseCluster&page=81",2026-04-05 20:59:18.337006
RR4613397,11682829,1 Bedroom Apartment Bothasig,R 8 000,8000,ZAR,Bothasig,Bothasig,1,1,1,,,,,https://www.privateproperty.co.za/to-rent/western-cape/cape-town/milnerton/bothasig/RR4613397,"https://www.privateproperty.co.za/to-rent/western-cape/cape-town/55?pt=House,ApartmentFlat,TownHouseCluster&page=81",2026-04-05 20:59:18.337006
RR4613318,11682618,3 Bedroom House Claremont,R 27 500,27500,ZAR,Claremont,Claremont,3,2,1,,,,,https://www.privateproperty.co.za/to-rent/western-cape/cape-town/southern-suburbs/claremont/RR4613318,"https://www.privateproperty.co.za/to-rent/western-cape/cape-town/55?pt=House,ApartmentFlat,TownHouseCluster&page=81",2026-04-05 20:59:18.337006
RR4613239,11682420,3 Bedroom House Ottery,R 16 000,16000,ZAR,Ottery,Ottery,3,1,1,,,,,https://www.privateproperty.co.za/to-rent/western-cape/cape-town/southern-suburbs/ottery/RR4613239,"https://www.privateproperty.co.za/to-rent/western-cape/cape-town/55?pt=House,ApartmentFlat,TownHouseCluster&page=81",2026-04-05 20:59:18.337006
RR4613015,11681810,1 Bedroom Apartment Richwood,R 10 500,10500,ZAR,Richwood,Richwood,1,1,1,,,,,https://www.privateproperty.co.za/to-rent/western-cape/cape-town/milnerton/richwood/RR4613015,"https://www.privateproperty.co.za/to-rent/western-cape/cape-town/55?pt=House,ApartmentFlat,TownHouseCluster&page=81",2026-04-05 20:59:18.337006
RR4491372,11382116,Studio apartment Cape Town City Centre,R 12 500,12500,ZAR,Cape Town City Centre,"Cape Town City Centre 050 Blackbrick, 6 St Goerges Mall",,1,1,,-33.92043,18.42341,,https://www.privateproperty.co.za/to-rent/western-cape/cape-town/cape-town-city-bowl/cape-town-city-centre/050-blackbrick/6-st-goerges-mall/RR4491372,"https://www.privateproperty.co.za/to-rent/western-cape/cape-town/55?pt=House,ApartmentFlat,TownHouseCluster&page=81",2026-04-05 20:59:18.337006
RR4612739,11681123,2 Bedroom Apartment Sea Point,R 27 500,27500,ZAR,Sea Point,Sea Point,2,2,1,,,,,https://www.privateproperty.co.za/to-rent/western-cape/cape-town/atlantic-seaboard/sea-point/RR4612739,"https://www.privateproperty.co.za/to-rent/western-cape/cape-town/55?pt=House,ApartmentFlat,TownHouseCluster&page=81",2026-04-05 20:59:18.337006
RR4612733,11681114,1 Bedroom Apartment Oostersee,R 5 000,5000,ZAR,Oostersee,Oostersee,1,1,1,,,,,https://www.privateproperty.co.za/to-rent/western-cape/cape-town/parow/oostersee/RR4612733,"https://www.privateproperty.co.za/to-rent/western-cape/cape-town/55?pt=House,ApartmentFlat,TownHouseCluster&page=81",2026-04-05 20:59:18.337006
RR4452928,11284892,4 Bedroom House Bergsig,R 43 500,43500,ZAR,Bergsig,Bergsig,4,3,2,2 200 m²,,,,https://www.privateproperty.co.za/to-rent/western-cape/cape-town/durbanville/bergsig/RR4452928,"https://www.privateproperty.co.za/to-rent/western-cape/cape-town/55?pt=House,ApartmentFlat,TownHouseCluster&page=81",2026-04-05 20:59:18.337006
RR4612681,11680980,2 Bedroom Apartment Hout Bay Central,R 25 000,25000,ZAR,Hout Bay Central,Hout Bay Central,2,2,1,,,,,https://www.privateproperty.co.za/to-rent/western-cape/cape-town/hout-bay/hout-bay-central/RR4612681,"https://www.privateproperty.co.za/to-rent/western-cape/cape-town/55?pt=House,ApartmentFlat,TownHouseCluster&page=81",2026-04-05 20:59:18.337006
RR4612619,11680852,3 Bedroom House Protea Valley,R 35 000,35000,ZAR,Protea Valley,Protea Valley 11 Geelbos Street,3,2,2,922 m²,-33.8630199,18.615936899999998,,https://www.privateproperty.co.za/to-rent/western-cape/cape-town/bellville/protea-valley/11-geelbos-street/RR4612619,"https://www.privateproperty.co.za/to-rent/western-cape/cape-town/55?pt=House,ApartmentFlat,TownHouseCluster&page=81",2026-04-05 20:59:18.337006
RR4612591,11680789,2 Bedroom Apartment Belhar,R 5 000,5000,ZAR,Belhar,Belhar,2,1,,,,,,https://www.privateproperty.co.za/to-rent/western-cape/cape-town/cape-flats/belhar/RR4612591,"https://www.privateproperty.co.za/to-rent/western-cape/cape-town/55?pt=House,ApartmentFlat,TownHouseCluster&page=81",2026-04-05 20:59:18.337006
RR3946201,9988486,Studio Apartment Foreshore,R 15 290,15290,ZAR,Foreshore,"Foreshore 523 Vida D''chette, 21 Martin Hammerschlag Way",,1,,,-33.9196358,18.4326861,,https://www.privateproperty.co.za/to-rent/western-cape/cape-town/atlantic-seaboard/foreshore/523-vida-dchette/21-martin-hammerschlag-way/RR3946201,"https://www.privateproperty.co.za/to-rent/western-cape/cape-town/55?pt=House,ApartmentFlat,TownHouseCluster&page=81",2026-04-05 20:59:18.337006
RR4498647,11399957,1 Bedroom Apartment Muizenberg,R 20 000,20000,ZAR,Muizenberg,Muizenberg,1,1,1,,,,,https://www.privateproperty.co.za/to-rent/western-cape/cape-town/peninsula-false-bay/muizenberg/RR4498647,"https://www.privateproperty.co.za/to-rent/western-cape/cape-town/55?pt=House,ApartmentFlat,TownHouseCluster&page=81",2026-04-05 20:59:18.337006
RR4612480,11680387,3 Bedroom Townhouse Century City,R 29 995,29995,ZAR,Century City,Century City 17 The Grange Avenue,3,2,2,234 m²,-33.885496,18.503194,,https://www.privateproperty.co.za/to-rent/western-cape/cape-town/milnerton/century-city/17-the-grange-avenue/RR4612480,"https://www.privateproperty.co.za/to-rent/western-cape/cape-town/55?pt=House,ApartmentFlat,TownHouseCluster&page=81",2026-04-05 20:59:18.337006
RR4612352,11680043,1 Bedroom Apartment Sea Point,R 14 500,14500,ZAR,Sea Point,"Sea Point 00 Sea Point, 17 Marais Road",1,1,,57 m²,-33.91337,18.39077,,https://www.privateproperty.co.za/to-rent/western-cape/cape-town/atlantic-seaboard/sea-point/00-sea-point/17-marais-road/RR4612352,"https://www.privateproperty.co.za/to-rent/western-cape/cape-town/55?pt=House,ApartmentFlat,TownHouseCluster&page=81",2026-04-05 20:59:18.337006
RR4612347,11680033,1 Bedroom Apartment Gardens,R 25 000,25000,ZAR,Gardens,Gardens,1,1,1,60 m²,,,,https://www.privateproperty.co.za/to-rent/western-cape/cape-town/cape-town-city-bowl/gardens/RR4612347,"https://www.privateproperty.co.za/to-rent/western-cape/cape-town/55?pt=House,ApartmentFlat,TownHouseCluster&page=82",2026-04-05 20:59:18.337006
RR4612283,11679865,3 Bedroom Apartment Sea Point,R 50 000,50000,ZAR,Sea Point,Sea Point,3,2,1,,,,,https://www.privateproperty.co.za/to-rent/western-cape/cape-town/atlantic-seaboard/sea-point/RR4612283,"https://www.privateproperty.co.za/to-rent/western-cape/cape-town/55?pt=House,ApartmentFlat,TownHouseCluster&page=82",2026-04-05 20:59:18.337006
RR2208838,5636700,2 Bedroom Apartment Century City,R 20 000,20000,ZAR,Century City,Century City,2,2,,,,,,https://www.privateproperty.co.za/to-rent/western-cape/cape-town/milnerton/century-city/RR2208838,"https://www.privateproperty.co.za/to-rent/western-cape/cape-town/55?pt=House,ApartmentFlat,TownHouseCluster&page=82",2026-04-05 20:59:18.337006
RR4612260,11679796,3 Bedroom House Eden Park,R 25 000,25000,ZAR,Eden Park,Eden Park 32c Sipres Street,3,2.5,4,225 m²,,,,https://www.privateproperty.co.za/to-rent/western-cape/cape-town/brackenfell/brackenfell-central/eden-park/edenpark/32c-sipres-street/RR4612260,"https://www.privateproperty.co.za/to-rent/western-cape/cape-town/55?pt=House,ApartmentFlat,TownHouseCluster&page=82",2026-04-05 20:59:18.337006
RR4370093,11077892,2 Bedroom Apartment Table View,R 25 000,25000,ZAR,Table View,Table View,2,2,,,,,,https://www.privateproperty.co.za/to-rent/western-cape/cape-town/blouberg/table-view/RR4370093,"https://www.privateproperty.co.za/to-rent/western-cape/cape-town/55?pt=House,ApartmentFlat,TownHouseCluster&page=82",2026-04-05 20:59:18.337006
RR4612109,11679365,2 Bedroom Apartment Cape Town City Centre,R 27 000,27000,ZAR,Cape Town City Centre,Cape Town City Centre,2,1,1,,,,,https://www.privateproperty.co.za/to-rent/western-cape/cape-town/cape-town-city-bowl/cape-town-city-centre/RR4612109,"https://www.privateproperty.co.za/to-rent/western-cape/cape-town/55?pt=House,ApartmentFlat,TownHouseCluster&page=82",2026-04-05 20:59:18.337006
RR4612098,11679338,2 Bedroom Apartment Waves Edge,R 16 500,16500,ZAR,Waves Edge,Waves Edge,2,1,,,,,,https://www.privateproperty.co.za/to-rent/western-cape/cape-town/blouberg/bloubergstrand/waves-edge/RR4612098,"https://www.privateproperty.co.za/to-rent/western-cape/cape-town/55?pt=House,ApartmentFlat,TownHouseCluster&page=82",2026-04-05 20:59:18.337006
RR4612096,11679329,3 Bedroom House Beach Estate,R 28 000,28000,ZAR,Beach Estate,Beach Estate,3,2,2,,,,,https://www.privateproperty.co.za/to-rent/western-cape/cape-town/hout-bay/beach-estate/RR4612096,"https://www.privateproperty.co.za/to-rent/western-cape/cape-town/55?pt=House,ApartmentFlat,TownHouseCluster&page=82",2026-04-05 20:59:18.337006
RR4612066,11679257,2 Bedroom Apartment Somerset West Central,R 15 000,15000,ZAR,Somerset West Central,Somerset West Central,2,2,2,,,,,https://www.privateproperty.co.za/to-rent/western-cape/cape-town/somerset-west/somerset-west-central/RR4612066,"https://www.privateproperty.co.za/to-rent/western-cape/cape-town/55?pt=House,ApartmentFlat,TownHouseCluster&page=82",2026-04-05 20:59:18.337006
RR4612032,11679176,3 Bedroom House Victorskloof,R 100 000,100000,ZAR,Victorskloof,Victorskloof,3,5,2,945 m²,,,,https://www.privateproperty.co.za/to-rent/western-cape/cape-town/hout-bay/victorskloof/RR4612032,"https://www.privateproperty.co.za/to-rent/western-cape/cape-town/55?pt=House,ApartmentFlat,TownHouseCluster&page=82",2026-04-05 20:59:18.337006
RR4612031,11679170,3 Bedroom House Beach Estate,R 26 000,26000,ZAR,Beach Estate,Beach Estate,3,2,2,,,,,https://www.privateproperty.co.za/to-rent/western-cape/cape-town/hout-bay/beach-estate/RR4612031,"https://www.privateproperty.co.za/to-rent/western-cape/cape-town/55?pt=House,ApartmentFlat,TownHouseCluster&page=82",2026-04-05 20:59:18.337006
RR4457329,11296314,3 Bedroom House Blouberg Rise,R 25 000,25000,ZAR,Blouberg Rise,Blouberg Rise,3,3,,,,,,https://www.privateproperty.co.za/to-rent/western-cape/cape-town/blouberg/blouberg-rise/RR4457329,"https://www.privateproperty.co.za/to-rent/western-cape/cape-town/55?pt=House,ApartmentFlat,TownHouseCluster&page=82",2026-04-05 20:59:18.337006
RR4611929,11678906,3 Bedroom House Windsor Park,R 15 000,15000,ZAR,Windsor Park,Windsor Park,3,1.5,1,,,,,https://www.privateproperty.co.za/to-rent/western-cape/cape-town/kraaifontein/windsor-park/RR4611929,"https://www.privateproperty.co.za/to-rent/western-cape/cape-town/55?pt=House,ApartmentFlat,TownHouseCluster&page=82",2026-04-05 20:59:18.337006
RR4409393,11177227,Studio Apartment Sea Point,R 14 500,14500,ZAR,Sea Point,Sea Point,0.5,1,,,,,,https://www.privateproperty.co.za/to-rent/western-cape/cape-town/atlantic-seaboard/sea-point/RR4409393,"https://www.privateproperty.co.za/to-rent/western-cape/cape-town/55?pt=House,ApartmentFlat,TownHouseCluster&page=82",2026-04-05 20:59:18.337006
RR4611849,11678703,3 Bedroom Townhouse Eden Park,R 25 000,25000,ZAR,Eden Park,Eden Park 32b Sipres Street,3,2.5,4,225 m²,,,,https://www.privateproperty.co.za/to-rent/western-cape/cape-town/brackenfell/brackenfell-central/eden-park/32b-sipres-street/RR4611849,"https://www.privateproperty.co.za/to-rent/western-cape/cape-town/55?pt=House,ApartmentFlat,TownHouseCluster&page=82",2026-04-05 20:59:18.337006
RR4611841,11678678,2 Bedroom Apartment Bantry Bay,R 38 000,38000,ZAR,Bantry Bay,Bantry Bay,2,2,,,,,,https://www.privateproperty.co.za/to-rent/western-cape/cape-town/atlantic-seaboard/bantry-bay/RR4611841,"https://www.privateproperty.co.za/to-rent/western-cape/cape-town/55?pt=House,ApartmentFlat,TownHouseCluster&page=82",2026-04-05 20:59:18.337006
RR4435564,11241810,3 Bedroom Townhouse Sonstraal Heights,R 17 000,17000,ZAR,Sonstraal Heights,Sonstraal Heights,3,2,1,,,,,https://www.privateproperty.co.za/to-rent/western-cape/cape-town/durbanville/sonstraal-heights/RR4435564,"https://www.privateproperty.co.za/to-rent/western-cape/cape-town/55?pt=House,ApartmentFlat,TownHouseCluster&page=82",2026-04-05 20:59:18.337006
RR4337243,10990021,3 Bedroom Apartment Paardevlei,R 21 000,21000,ZAR,Paardevlei,Paardevlei,3,2,2,,,,,https://www.privateproperty.co.za/to-rent/western-cape/cape-town/somerset-west/paardevlei/RR4337243,"https://www.privateproperty.co.za/to-rent/western-cape/cape-town/55?pt=House,ApartmentFlat,TownHouseCluster&page=82",2026-04-05 20:59:18.337006
RR4422720,11209808,4 Bedroom House Constantia,R 80 000,80000,ZAR,Constantia,Constantia,4,3,2,,,,,https://www.privateproperty.co.za/to-rent/western-cape/cape-town/southern-suburbs/constantia/RR4422720,"https://www.privateproperty.co.za/to-rent/western-cape/cape-town/55?pt=House,ApartmentFlat,TownHouseCluster&page=82",2026-04-05 20:59:18.337006
RR4214550,10679092,3 Bedroom Cluster Grassy Park,R 10 000,10000,ZAR,Grassy Park,"Grassy Park 41 Sandpiper Road, 41 Sandpiper Road",3,1,1,,-34.0464557142858,18.5012209523809,,https://www.privateproperty.co.za/to-rent/western-cape/cape-town/cape-flats/grassy-park/41-sandpiper-road/41-sandpiper-road/RR4214550,"https://www.privateproperty.co.za/to-rent/western-cape/cape-town/55?pt=House,ApartmentFlat,TownHouseCluster&page=82",2026-04-05 20:59:18.337006
RR4370744,11079843,1 Bedroom Flat West Beach,R 15 000,15000,ZAR,West Beach,West Beach,1,1,1,,,,,https://www.privateproperty.co.za/to-rent/western-cape/cape-town/blouberg/west-beach/RR4370744,"https://www.privateproperty.co.za/to-rent/western-cape/cape-town/55?pt=House,ApartmentFlat,TownHouseCluster&page=83",2026-04-05 20:59:18.337006
RR4611702,11678300,3 Bedroom Townhouse Rondebosch,R 57 500,57500,ZAR,Rondebosch,Rondebosch,3,3,3,280 m²,,,,https://www.privateproperty.co.za/to-rent/western-cape/cape-town/southern-suburbs/rondebosch/RR4611702,"https://www.privateproperty.co.za/to-rent/western-cape/cape-town/55?pt=House,ApartmentFlat,TownHouseCluster&page=83",2026-04-05 20:59:18.337006
RR4611662,11678203,2 Bedroom Apartment Kraaifontein Central,R 8 000,8000,ZAR,Kraaifontein Central,Kraaifontein Central 31 Viking Drive,2,1,1,,-33.8293502,18.7167017,,https://www.privateproperty.co.za/to-rent/western-cape/cape-town/kraaifontein/kraaifontein-central/viking-villas/31-viking-drive/RR4611662,"https://www.privateproperty.co.za/to-rent/western-cape/cape-town/55?pt=House,ApartmentFlat,TownHouseCluster&page=83",2026-04-05 20:59:18.337006
RR4611627,11678121,2 Bedroom House Sunningdale,R 15 000,15000,ZAR,Sunningdale,Sunningdale,2,2,,,,,,https://www.privateproperty.co.za/to-rent/western-cape/cape-town/blouberg/sunningdale/RR4611627,"https://www.privateproperty.co.za/to-rent/western-cape/cape-town/55?pt=House,ApartmentFlat,TownHouseCluster&page=83",2026-04-05 20:59:18.337006
RR4611587,11677978,2 Bedroom Apartment Green Point,R 30 000,30000,ZAR,Green Point,Green Point,2,2,1,,,,,https://www.privateproperty.co.za/to-rent/western-cape/cape-town/atlantic-seaboard/green-point/RR4611587,"https://www.privateproperty.co.za/to-rent/western-cape/cape-town/55?pt=House,ApartmentFlat,TownHouseCluster&page=83",2026-04-05 20:59:18.337006
RR4611544,11677830,2 Bedroom Apartment St James,R 25 500,25500,ZAR,St James,St James,2,2,2,,,,,https://www.privateproperty.co.za/to-rent/western-cape/cape-town/peninsula-false-bay/st-james/RR4611544,"https://www.privateproperty.co.za/to-rent/western-cape/cape-town/55?pt=House,ApartmentFlat,TownHouseCluster&page=83",2026-04-05 20:59:18.337006
RR4611502,11677722,9 Bedroom House Constantia,R 230 000,230000,ZAR,Constantia,Constantia,9,9,13,4 500 m²,,,,https://www.privateproperty.co.za/to-rent/western-cape/cape-town/southern-suburbs/constantia/RR4611502,"https://www.privateproperty.co.za/to-rent/western-cape/cape-town/55?pt=House,ApartmentFlat,TownHouseCluster&page=83",2026-04-05 20:59:18.337006
RR4611433,11677527,5 Bedroom House West Beach,R 39 000,39000,ZAR,West Beach,West Beach,5,4.5,5,,,,,https://www.privateproperty.co.za/to-rent/western-cape/cape-town/blouberg/west-beach/RR4611433,"https://www.privateproperty.co.za/to-rent/western-cape/cape-town/55?pt=House,ApartmentFlat,TownHouseCluster&page=83",2026-04-05 20:59:18.337006
RR4611431,11677525,3 Bedroom Apartment Scott Estate,R 27 000,27000,ZAR,Scott Estate,Scott Estate,3,2,2,,,,,https://www.privateproperty.co.za/to-rent/western-cape/cape-town/hout-bay/scott-estate/RR4611431,"https://www.privateproperty.co.za/to-rent/western-cape/cape-town/55?pt=House,ApartmentFlat,TownHouseCluster&page=83",2026-04-05 20:59:18.337006
RR4611404,11677452,3 Bedroom House Rondebosch East,R 27 000,27000,ZAR,Rondebosch East,Rondebosch East,3,2,6,497 m²,,,,https://www.privateproperty.co.za/to-rent/western-cape/cape-town/southern-suburbs/rondebosch-east/RR4611404,"https://www.privateproperty.co.za/to-rent/western-cape/cape-town/55?pt=House,ApartmentFlat,TownHouseCluster&page=83",2026-04-05 20:59:18.337006
RR3882515,9804467,2 Bedroom Apartment Table View,R 16 500,16500,ZAR,Table View,"Table View 12 Ss Xanadu Heights, 14 North Road",2,1,1,1 006 m²,-33.8293393,18.5098292,,https://www.privateproperty.co.za/to-rent/western-cape/cape-town/blouberg/table-view/12-ss-xanadu-heights/14-north-road/RR3882515,"https://www.privateproperty.co.za/to-rent/western-cape/cape-town/55?pt=House,ApartmentFlat,TownHouseCluster&page=83",2026-04-05 20:59:18.337006
RR4611305,11677150,3 Bedroom Duplex Parklands,R 18 300,18300,ZAR,Parklands,Parklands,3,3,1,,,,,https://www.privateproperty.co.za/to-rent/western-cape/cape-town/blouberg/parklands/RR4611305,"https://www.privateproperty.co.za/to-rent/western-cape/cape-town/55?pt=House,ApartmentFlat,TownHouseCluster&page=83",2026-04-05 20:59:18.337006
RR4345438,11011868,1 Bedroom Flat Tokai,R 12 000,12000,ZAR,Tokai,Tokai 27 Anderson Furnished Close,1,1,,,-34.0601585,18.4340371,,https://www.privateproperty.co.za/to-rent/western-cape/cape-town/southern-suburbs/tokai/27-anderson-furnished-close/RR4345438,"https://www.privateproperty.co.za/to-rent/western-cape/cape-town/55?pt=House,ApartmentFlat,TownHouseCluster&page=83",2026-04-05 20:59:18.337006
RR4611274,11677055,3 Bedroom Apartment Sea Point,R 75 000,75000,ZAR,Sea Point,Sea Point,3,2,2,,,,,https://www.privateproperty.co.za/to-rent/western-cape/cape-town/atlantic-seaboard/sea-point/RR4611274,"https://www.privateproperty.co.za/to-rent/western-cape/cape-town/55?pt=House,ApartmentFlat,TownHouseCluster&page=83",2026-04-05 20:59:18.337006
RR4611224,11676918,3 Bedroom Apartment Big Bay,R 60 000,60000,ZAR,Big Bay,Big Bay,3,3,2,,,,,https://www.privateproperty.co.za/to-rent/western-cape/cape-town/blouberg/big-bay/RR4611224,"https://www.privateproperty.co.za/to-rent/western-cape/cape-town/55?pt=House,ApartmentFlat,TownHouseCluster&page=83",2026-04-05 20:59:18.337006
RR4611218,11676907,3 Bedroom Apartment Bridgetown,R 10 500,10500,ZAR,Bridgetown,Bridgetown 52 Tarentaal Road,3,2,1,,,,,https://www.privateproperty.co.za/to-rent/western-cape/cape-town/cape-flats/athlone/bridgetown/tarentaal/52-tarentaal-road/RR4611218,"https://www.privateproperty.co.za/to-rent/western-cape/cape-town/55?pt=House,ApartmentFlat,TownHouseCluster&page=83",2026-04-05 20:59:18.337006
RR4611158,11676749,2 Bedroom Apartment Woodstock,R 22 500,22500,ZAR,Woodstock,Woodstock,2,1,,60 m²,,,,https://www.privateproperty.co.za/to-rent/western-cape/cape-town/cape-town-city-bowl/woodstock/RR4611158,"https://www.privateproperty.co.za/to-rent/western-cape/cape-town/55?pt=House,ApartmentFlat,TownHouseCluster&page=83",2026-04-05 20:59:18.337006
RR4611114,11676614,4 Bedroom Penthouse Green Point,R 120 000,120000,ZAR,Green Point,Green Point,4,4.5,,,,,,https://www.privateproperty.co.za/to-rent/western-cape/cape-town/atlantic-seaboard/green-point/RR4611114,"https://www.privateproperty.co.za/to-rent/western-cape/cape-town/55?pt=House,ApartmentFlat,TownHouseCluster&page=83",2026-04-05 20:59:18.337006
RR4610973,11676214,4 Bedroom House Newlands,R 85 000,85000,ZAR,Newlands,Newlands,4,4.5,4,,,,,https://www.privateproperty.co.za/to-rent/western-cape/cape-town/southern-suburbs/newlands/RR4610973,"https://www.privateproperty.co.za/to-rent/western-cape/cape-town/55?pt=House,ApartmentFlat,TownHouseCluster&page=83",2026-04-05 20:59:18.337006
RR4610957,11676169,2 Bedroom Apartment Llandudno,R 43 000,43000,ZAR,Llandudno,Llandudno,2,2.5,,,,,,https://www.privateproperty.co.za/to-rent/western-cape/cape-town/atlantic-seaboard/llandudno/RR4610957,"https://www.privateproperty.co.za/to-rent/western-cape/cape-town/55?pt=House,ApartmentFlat,TownHouseCluster&page=83",2026-04-05 20:59:18.337006
RR4610927,11676095,3 Bedroom House Capri,R 50 000,50000,ZAR,Capri,Capri,3,2.5,4,,,,,https://www.privateproperty.co.za/to-rent/western-cape/cape-town/peninsula-false-bay/capri/RR4610927,"https://www.privateproperty.co.za/to-rent/western-cape/cape-town/55?pt=House,ApartmentFlat,TownHouseCluster&page=84",2026-04-05 20:59:18.337006
RR4610889,11675997,2 Bedroom Apartment Sunningdale,R 15 500,15500,ZAR,Sunningdale,Sunningdale,2,1,1,,,,,https://www.privateproperty.co.za/to-rent/western-cape/cape-town/blouberg/sunningdale/RR4610889,"https://www.privateproperty.co.za/to-rent/western-cape/cape-town/55?pt=House,ApartmentFlat,TownHouseCluster&page=84",2026-04-05 20:59:18.337006
RR4610843,11675899,2 Bedroom Apartment Table View,R 17 500,17500,ZAR,Table View,Table View,2,1,1,,,,,https://www.privateproperty.co.za/to-rent/western-cape/cape-town/blouberg/table-view/RR4610843,"https://www.privateproperty.co.za/to-rent/western-cape/cape-town/55?pt=House,ApartmentFlat,TownHouseCluster&page=84",2026-04-05 20:59:18.337006
RR4610758,11675682,1 Bedroom Apartment Sea Point,R 21 500,21500,ZAR,Sea Point,Sea Point,1,1,1,,,,,https://www.privateproperty.co.za/to-rent/western-cape/cape-town/atlantic-seaboard/sea-point/RR4610758,"https://www.privateproperty.co.za/to-rent/western-cape/cape-town/55?pt=House,ApartmentFlat,TownHouseCluster&page=84",2026-04-05 20:59:18.337006
RR4007712,10142874,2 Bedroom Apartment Table View,R 16 000,16000,ZAR,Table View,Table View,2,1,2,,,,,https://www.privateproperty.co.za/to-rent/western-cape/cape-town/blouberg/table-view/RR4007712,"https://www.privateproperty.co.za/to-rent/western-cape/cape-town/55?pt=House,ApartmentFlat,TownHouseCluster&page=84",2026-04-05 20:59:18.337006
RR4610672,11675519,2 Bedroom Apartment Vredehoek,R 24 500,24500,ZAR,Vredehoek,Vredehoek,2,1,1,,,,,https://www.privateproperty.co.za/to-rent/western-cape/cape-town/cape-town-city-bowl/vredehoek/RR4610672,"https://www.privateproperty.co.za/to-rent/western-cape/cape-town/55?pt=House,ApartmentFlat,TownHouseCluster&page=84",2026-04-05 20:59:18.337006
RR4610506,11675103,2 Bedroom Apartment Melkbosstrand,R 17 000,17000,ZAR,Melkbosstrand,"Melkbosstrand 1604 De Aan-zicht, 1 Tygervalley Street",2,2,2,8.5 ha,-33.8216189,18.5533353,,https://www.privateproperty.co.za/to-rent/western-cape/cape-town/melkbosstrand/melkbosstrand/1604-de-aan-zicht/1-tygervalley-street/RR4610506,"https://www.privateproperty.co.za/to-rent/western-cape/cape-town/55?pt=House,ApartmentFlat,TownHouseCluster&page=84",2026-04-05 20:59:18.337006
RR4610479,11675032,1 Bedroom Apartment Bridgewater,R 10 000,10000,ZAR,Bridgewater,Bridgewater,1,1,1,,,,,https://www.privateproperty.co.za/to-rent/western-cape/cape-town/somerset-west/bridgewater/RR4610479,"https://www.privateproperty.co.za/to-rent/western-cape/cape-town/55?pt=House,ApartmentFlat,TownHouseCluster&page=84",2026-04-05 20:59:18.337006
RR4610415,11674849,1 Bedroom Apartment Milnerton Ridge,R 12 000,12000,ZAR,Milnerton Ridge,Milnerton Ridge,1,1,1,,,,,https://www.privateproperty.co.za/to-rent/western-cape/cape-town/milnerton/milnerton-ridge/RR4610415,"https://www.privateproperty.co.za/to-rent/western-cape/cape-town/55?pt=House,ApartmentFlat,TownHouseCluster&page=84",2026-04-05 20:59:18.337006
RR4610374,11674731,2 Bedroom Apartment Gordons Bay Central,R 16 500,16500,ZAR,Gordons Bay Central,Gordons Bay Central,2,1,2,,,,,https://www.privateproperty.co.za/to-rent/western-cape/cape-town/gordons-bay/gordons-bay-central/RR4610374,"https://www.privateproperty.co.za/to-rent/western-cape/cape-town/55?pt=House,ApartmentFlat,TownHouseCluster&page=84",2026-04-05 20:59:18.337006
RR4610353,11674688,2 Bedroom Apartment Kenilworth,R 17 500,17500,ZAR,Kenilworth,Kenilworth,2,2,1,,,,,https://www.privateproperty.co.za/to-rent/western-cape/cape-town/southern-suburbs/kenilworth/RR4610353,"https://www.privateproperty.co.za/to-rent/western-cape/cape-town/55?pt=House,ApartmentFlat,TownHouseCluster&page=84",2026-04-05 20:59:18.337006
RR4610347,11674679,2 Bedroom Apartment Welgelegen,R 12 000,12000,ZAR,Welgelegen,"Welgelegen 206 Ss Fontaine Bleau, 71 Versailles Circle",2,1,,,-33.876682,18.570314,,https://www.privateproperty.co.za/to-rent/western-cape/cape-town/parow/welgelegen/206-ss-fontaine-bleau/71-versailles-circle/RR4610347,"https://www.privateproperty.co.za/to-rent/western-cape/cape-town/55?pt=House,ApartmentFlat,TownHouseCluster&page=84",2026-04-05 20:59:18.337006
RR4366739,11069099,2 Bedroom Apartment Sea Point,R 55 000,55000,ZAR,Sea Point,Sea Point,2,2,1,,,,,https://www.privateproperty.co.za/to-rent/western-cape/cape-town/atlantic-seaboard/sea-point/RR4366739,"https://www.privateproperty.co.za/to-rent/western-cape/cape-town/55?pt=House,ApartmentFlat,TownHouseCluster&page=84",2026-04-05 20:59:18.337006
RR4610232,11674413,2 Bedroom Apartment Century City,R 29 000,29000,ZAR,Century City,"Century City A1 The Terraces, 3 Socrates Way",2,2,2,,,,,https://www.privateproperty.co.za/to-rent/western-cape/cape-town/milnerton/century-city/a1-the-terraces/3-socrates-way/RR4610232,"https://www.privateproperty.co.za/to-rent/western-cape/cape-town/55?pt=House,ApartmentFlat,TownHouseCluster&page=84",2026-04-05 20:59:18.337006
RR4610219,11674388,3 Bedroom House Sunningdale,R 27 890,27890,ZAR,Sunningdale,Sunningdale,3,2,6,428 m²,,,,https://www.privateproperty.co.za/to-rent/western-cape/cape-town/blouberg/sunningdale/RR4610219,"https://www.privateproperty.co.za/to-rent/western-cape/cape-town/55?pt=House,ApartmentFlat,TownHouseCluster&page=84",2026-04-05 20:59:18.337006
RR3704567,9261760,1 Bedroom House Edgemead,R 8 000,8000,ZAR,Edgemead,Edgemead,1,1,,,,,,https://www.privateproperty.co.za/to-rent/western-cape/cape-town/goodwood/edgemead/RR3704567,"https://www.privateproperty.co.za/to-rent/western-cape/cape-town/55?pt=House,ApartmentFlat,TownHouseCluster&page=84",2026-04-05 20:59:18.337006
RR4460577,11305111,1 Bedroom Apartment Athlone,R 8 900,8900,ZAR,Athlone,Athlone,1,1,1,,,,,https://www.privateproperty.co.za/to-rent/western-cape/cape-town/cape-flats/athlone/RR4460577,"https://www.privateproperty.co.za/to-rent/western-cape/cape-town/55?pt=House,ApartmentFlat,TownHouseCluster&page=84",2026-04-05 20:59:18.337006
RR4610187,11674329,1 Bedroom House Firlands,R 10 000,10000,ZAR,Firlands,"Firlands 1 Firlands Farm, 183 Third Avenue",1,1,,,-34.1275427,18.8945988,,https://www.privateproperty.co.za/to-rent/western-cape/cape-town/gordons-bay/admirals-park/firlands/1-firlands-farm/183-third-avenue/RR4610187,"https://www.privateproperty.co.za/to-rent/western-cape/cape-town/55?pt=House,ApartmentFlat,TownHouseCluster&page=84",2026-04-05 20:59:18.337006
RR4325021,10956288,3 Bedroom Apartment Table View,R 26 500,26500,ZAR,Table View,Table View,3,2,,,,,,https://www.privateproperty.co.za/to-rent/western-cape/cape-town/blouberg/table-view/RR4325021,"https://www.privateproperty.co.za/to-rent/western-cape/cape-town/55?pt=House,ApartmentFlat,TownHouseCluster&page=84",2026-04-05 20:59:18.337006
RR4610062,11674068,3 Bedroom Penthouse Big Bay,R 35 000,35000,ZAR,Big Bay,Big Bay,3,2,2,,,,,https://www.privateproperty.co.za/to-rent/western-cape/cape-town/blouberg/big-bay/RR4610062,"https://www.privateproperty.co.za/to-rent/western-cape/cape-town/55?pt=House,ApartmentFlat,TownHouseCluster&page=84",2026-04-05 20:59:18.337006
RR4610045,11674037,2 Bedroom Apartment Sea Point,R 70 000,70000,ZAR,Sea Point,Sea Point,2,2.5,2,,,,,https://www.privateproperty.co.za/to-rent/western-cape/cape-town/atlantic-seaboard/sea-point/RR4610045,"https://www.privateproperty.co.za/to-rent/western-cape/cape-town/55?pt=House,ApartmentFlat,TownHouseCluster&page=85",2026-04-05 20:59:18.337006
RR4610024,11673986,3 Bedroom Apartment Waterfront,R 125 000,125000,ZAR,Waterfront,Waterfront,3,3,2,,,,,https://www.privateproperty.co.za/to-rent/western-cape/cape-town/atlantic-seaboard/waterfront/RR4610024,"https://www.privateproperty.co.za/to-rent/western-cape/cape-town/55?pt=House,ApartmentFlat,TownHouseCluster&page=85",2026-04-05 20:59:18.337006
RR4610018,11673971,3 Bedroom Apartment Paardevlei,R 25 000,25000,ZAR,Paardevlei,Paardevlei,3,2,,,,,,https://www.privateproperty.co.za/to-rent/western-cape/cape-town/somerset-west/paardevlei/RR4610018,"https://www.privateproperty.co.za/to-rent/western-cape/cape-town/55?pt=House,ApartmentFlat,TownHouseCluster&page=85",2026-04-05 20:59:18.337006
RR4609959,11673829,3 Bedroom House Bridgewater,R 25 000,25000,ZAR,Bridgewater,Bridgewater,3,2,3,1 031 m²,,,,https://www.privateproperty.co.za/to-rent/western-cape/cape-town/somerset-west/bridgewater/RR4609959,"https://www.privateproperty.co.za/to-rent/western-cape/cape-town/55?pt=House,ApartmentFlat,TownHouseCluster&page=85",2026-04-05 20:59:18.337006
RR4609922,11673721,1 Bedroom Apartment Big Bay,R 17 000,17000,ZAR,Big Bay,Big Bay,1,1,1,,,,,https://www.privateproperty.co.za/to-rent/western-cape/cape-town/blouberg/big-bay/RR4609922,"https://www.privateproperty.co.za/to-rent/western-cape/cape-town/55?pt=House,ApartmentFlat,TownHouseCluster&page=85",2026-04-05 20:59:18.337006
RR4609885,11673609,2 Bedroom Apartment Rondebosch,R 19 500,19500,ZAR,Rondebosch,"Rondebosch 2 Windsor Mansions, 3 Lulworth",2,1,1,,,,,https://www.privateproperty.co.za/to-rent/western-cape/cape-town/southern-suburbs/rondebosch/2-windsor-mansions/3-lulworth/RR4609885,"https://www.privateproperty.co.za/to-rent/western-cape/cape-town/55?pt=House,ApartmentFlat,TownHouseCluster&page=85",2026-04-05 20:59:18.337006
RR4609810,11673435,3 Bedroom Apartment Camps Bay,R 85 000,85000,ZAR,Camps Bay,Camps Bay,3,2.5,1,,,,,https://www.privateproperty.co.za/to-rent/western-cape/cape-town/atlantic-seaboard/camps-bay/RR4609810,"https://www.privateproperty.co.za/to-rent/western-cape/cape-town/55?pt=House,ApartmentFlat,TownHouseCluster&page=85",2026-04-05 20:59:18.337006
RR4609749,11673297,2 Bedroom Apartment Mouille Point,R 35 000,35000,ZAR,Mouille Point,Mouille Point,2,1.5,,,,,,https://www.privateproperty.co.za/to-rent/western-cape/cape-town/atlantic-seaboard/mouille-point/RR4609749,"https://www.privateproperty.co.za/to-rent/western-cape/cape-town/55?pt=House,ApartmentFlat,TownHouseCluster&page=85",2026-04-05 20:59:18.337006
RR4609705,11673217,3 Bedroom Townhouse Marina Da Gama,R 25 000,25000,ZAR,Marina Da Gama,Marina Da Gama,3,2.5,2,448 m²,,,,https://www.privateproperty.co.za/to-rent/western-cape/cape-town/peninsula-false-bay/marina-da-gama/RR4609705,"https://www.privateproperty.co.za/to-rent/western-cape/cape-town/55?pt=House,ApartmentFlat,TownHouseCluster&page=85",2026-04-05 20:59:18.337006
RR4609686,11673163,2 Bedroom Apartment Century City,R 32 000,32000,ZAR,Century City,Century City,2,2,,,,,,https://www.privateproperty.co.za/to-rent/western-cape/cape-town/milnerton/century-city/RR4609686,"https://www.privateproperty.co.za/to-rent/western-cape/cape-town/55?pt=House,ApartmentFlat,TownHouseCluster&page=85",2026-04-05 20:59:18.337006
RR4609654,11673092,4 Bedroom House Rondebosch,R 80 000,80000,ZAR,Rondebosch,Rondebosch 4 Fife Road,4,3.5,2,,-33.9701754,18.474276,,https://www.privateproperty.co.za/to-rent/western-cape/cape-town/southern-suburbs/rondebosch/4-fife-road/RR4609654,"https://www.privateproperty.co.za/to-rent/western-cape/cape-town/55?pt=House,ApartmentFlat,TownHouseCluster&page=85",2026-04-05 20:59:18.337006
RR4609637,11673055,3 Bedroom Apartment Sea Point,R 70 000,70000,ZAR,Sea Point,Sea Point,3,3,,,,,,https://www.privateproperty.co.za/to-rent/western-cape/cape-town/atlantic-seaboard/sea-point/RR4609637,"https://www.privateproperty.co.za/to-rent/western-cape/cape-town/55?pt=House,ApartmentFlat,TownHouseCluster&page=85",2026-04-05 20:59:18.337006
RR4418294,11198769,1 Bedroom Apartment Table View,R 9 800,9800,ZAR,Table View,Table View,1,1,,,,,,https://www.privateproperty.co.za/to-rent/western-cape/cape-town/blouberg/table-view/RR4418294,"https://www.privateproperty.co.za/to-rent/western-cape/cape-town/55?pt=House,ApartmentFlat,TownHouseCluster&page=85",2026-04-05 20:59:18.337006
RR4609500,11672713,1 Bedroom Apartment Gardens,R 23 000,23000,ZAR,Gardens,"Gardens 108 The Aster, 8 Firdale Avenue",1,1,1,124 m²,-33.935743,18.402641,,https://www.privateproperty.co.za/to-rent/western-cape/cape-town/cape-town-city-bowl/gardens/108-the-aster/8-firdale-avenue/RR4609500,"https://www.privateproperty.co.za/to-rent/western-cape/cape-town/55?pt=House,ApartmentFlat,TownHouseCluster&page=85",2026-04-05 20:59:18.337006
RR4609250,11672112,1 Bedroom Apartment Loevenstein,R 20 000,20000,ZAR,Loevenstein,Loevenstein,1,1,1,,,,,https://www.privateproperty.co.za/to-rent/western-cape/cape-town/bellville/loevenstein/RR4609250,"https://www.privateproperty.co.za/to-rent/western-cape/cape-town/55?pt=House,ApartmentFlat,TownHouseCluster&page=85",2026-04-05 20:59:18.337006
RR4098457,10389905,2 Bedroom Apartment Sandown,R 21 000,21000,ZAR,Sandown,Sandown,2,2,2,,,,,https://www.privateproperty.co.za/to-rent/western-cape/cape-town/blouberg/sandown/RR4098457,"https://www.privateproperty.co.za/to-rent/western-cape/cape-town/55?pt=House,ApartmentFlat,TownHouseCluster&page=85",2026-04-05 20:59:18.337006
RR4373193,11085856,1 Bedroom Apartment Richwood,R 13 500,13500,ZAR,Richwood,Richwood,1,1,,,,,,https://www.privateproperty.co.za/to-rent/western-cape/cape-town/milnerton/richwood/RR4373193,"https://www.privateproperty.co.za/to-rent/western-cape/cape-town/55?pt=House,ApartmentFlat,TownHouseCluster&page=85",2026-04-05 20:59:18.337006
RR4609152,11671825,1 Bedroom Apartment Sea Point,R 23 000,23000,ZAR,Sea Point,Sea Point,1,1,1,,,,,https://www.privateproperty.co.za/to-rent/western-cape/cape-town/atlantic-seaboard/sea-point/RR4609152,"https://www.privateproperty.co.za/to-rent/western-cape/cape-town/55?pt=House,ApartmentFlat,TownHouseCluster&page=85",2026-04-05 20:59:18.337006
RR4609144,11671794,2 Bedroom Penthouse Woodstock,R 26 000,26000,ZAR,Woodstock,Woodstock,2,2,1,,,,,https://www.privateproperty.co.za/to-rent/western-cape/cape-town/cape-town-city-bowl/woodstock/RR4609144,"https://www.privateproperty.co.za/to-rent/western-cape/cape-town/55?pt=House,ApartmentFlat,TownHouseCluster&page=85",2026-04-05 20:59:18.337006
RR4609083,11671612,2 Bedroom Apartment Sea Point,R 28 000,28000,ZAR,Sea Point,Sea Point,2,2,,,,,,https://www.privateproperty.co.za/to-rent/western-cape/cape-town/atlantic-seaboard/sea-point/RR4609083,"https://www.privateproperty.co.za/to-rent/western-cape/cape-town/55?pt=House,ApartmentFlat,TownHouseCluster&page=85",2026-04-05 20:59:18.337006
RR4384981,11116353,2 Bedroom Apartment Sea Point,R 33 000,33000,ZAR,Sea Point,Sea Point 277 Beach Road,2,2,,,,,,https://www.privateproperty.co.za/to-rent/western-cape/cape-town/atlantic-seaboard/sea-point/277-beach-road/RR4384981,"https://www.privateproperty.co.za/to-rent/western-cape/cape-town/55?pt=House,ApartmentFlat,TownHouseCluster&page=86",2026-04-05 20:59:18.337006
RR4608988,11671297,2 Bedroom House Newfields,R 15 000,15000,ZAR,Newfields,Newfields,2,2,1,,,,,https://www.privateproperty.co.za/to-rent/western-cape/cape-town/cape-flats/athlone/newfields/RR4608988,"https://www.privateproperty.co.za/to-rent/western-cape/cape-town/55?pt=House,ApartmentFlat,TownHouseCluster&page=86",2026-04-05 20:59:18.337006
RR4608968,11671214,4 Bedroom Apartment Gordons Bay Central,R 32 000,32000,ZAR,Gordons Bay Central,Gordons Bay Central,4,4,1,,,,,https://www.privateproperty.co.za/to-rent/western-cape/cape-town/gordons-bay/gordons-bay-central/RR4608968,"https://www.privateproperty.co.za/to-rent/western-cape/cape-town/55?pt=House,ApartmentFlat,TownHouseCluster&page=86",2026-04-05 20:59:18.337006
RR4608958,11671171,1 Bedroom Apartment Big Bay,R 16 500,16500,ZAR,Big Bay,"Big Bay 180 Eden On The Bay, 5 Beach Estate Boulevard",1,1,1,,-33.792292,18.457878,,https://www.privateproperty.co.za/to-rent/western-cape/cape-town/blouberg/big-bay/180-eden-on-the-bay/5-beach-estate-boulevard/RR4608958,"https://www.privateproperty.co.za/to-rent/western-cape/cape-town/55?pt=House,ApartmentFlat,TownHouseCluster&page=86",2026-04-05 20:59:18.337006
RR4608912,11671022,2 Bedroom Apartment Waves Edge,R 16 500,16500,ZAR,Waves Edge,Waves Edge,2,1,3,,,,,https://www.privateproperty.co.za/to-rent/western-cape/cape-town/blouberg/bloubergstrand/waves-edge/RR4608912,"https://www.privateproperty.co.za/to-rent/western-cape/cape-town/55?pt=House,ApartmentFlat,TownHouseCluster&page=86",2026-04-05 20:59:18.337006
RR4608900,11670978,2 Bedroom Apartment Melkbosstrand,R 39 000,39000,ZAR,Melkbosstrand,"Melkbosstrand 203 84 On Beach Road, 82 14th Avenue Avenue",2,2.5,2,,-33.7251862659964,18.443195689175,,https://www.privateproperty.co.za/to-rent/western-cape/cape-town/melkbosstrand/melkbosstrand/203-84-on-beach-road/82-14th-avenue-avenue/RR4608900,"https://www.privateproperty.co.za/to-rent/western-cape/cape-town/55?pt=House,ApartmentFlat,TownHouseCluster&page=86",2026-04-05 20:59:18.337006
RR4608873,11670896,1 Bedroom Apartment Sea Point,R 25 000,25000,ZAR,Sea Point,Sea Point,1,1,1,,,,,https://www.privateproperty.co.za/to-rent/western-cape/cape-town/atlantic-seaboard/sea-point/RR4608873,"https://www.privateproperty.co.za/to-rent/western-cape/cape-town/55?pt=House,ApartmentFlat,TownHouseCluster&page=86",2026-04-05 20:59:18.337006
RR4608825,11670756,3 Bedroom Apartment Bantry Bay,R 69 950,69950,ZAR,Bantry Bay,"Bantry Bay # Bantry Place, 323 Beach Road",3,2.5,2,,-33.9283054,18.3793897,,https://www.privateproperty.co.za/to-rent/western-cape/cape-town/atlantic-seaboard/bantry-bay/bantry-place/323-beach-road/RR4608825,"https://www.privateproperty.co.za/to-rent/western-cape/cape-town/55?pt=House,ApartmentFlat,TownHouseCluster&page=86",2026-04-05 20:59:18.337006
RR3493785,8662776,2 Bedroom House Bloubergstrand,R 18 500,18500,ZAR,Bloubergstrand,Bloubergstrand,2,2,,,,,,https://www.privateproperty.co.za/to-rent/western-cape/cape-town/blouberg/bloubergstrand/RR3493785,"https://www.privateproperty.co.za/to-rent/western-cape/cape-town/55?pt=House,ApartmentFlat,TownHouseCluster&page=86",2026-04-05 20:59:18.337006
RR4608826,11670764,2 Bedroom Apartment Strand North,R 1 850 per day,1850,ZAR,Strand North,"Strand North 2 Ss Palms, 12 Burnard Street",2,2,1,,-34.111161,18.82398,,https://www.privateproperty.co.za/to-rent/western-cape/cape-town/strand/strand-north/2-ss-palms/12-burnard-street/RR4608826,"https://www.privateproperty.co.za/to-rent/western-cape/cape-town/55?pt=House,ApartmentFlat,TownHouseCluster&page=86",2026-04-05 20:59:18.337006
RR4608730,11670485,2 Bedroom Apartment Sandown,R 15 000,15000,ZAR,Sandown,Sandown,2,1,,,,,,https://www.privateproperty.co.za/to-rent/western-cape/cape-town/blouberg/sandown/RR4608730,"https://www.privateproperty.co.za/to-rent/western-cape/cape-town/55?pt=House,ApartmentFlat,TownHouseCluster&page=86",2026-04-05 20:59:18.337006
RR4608701,11670413,3 Bedroom House Blue Downs,R 10 000,10000,ZAR,Blue Downs,Blue Downs,3,2,2,733 m²,,,,https://www.privateproperty.co.za/to-rent/western-cape/cape-town/blue-downs/blue-downs/RR4608701,"https://www.privateproperty.co.za/to-rent/western-cape/cape-town/55?pt=House,ApartmentFlat,TownHouseCluster&page=86",2026-04-05 20:59:18.337006
RR4608700,11670411,3 Bedroom Apartment Paardevlei,R 22 000,22000,ZAR,Paardevlei,Paardevlei,3,2,2,,,,,https://www.privateproperty.co.za/to-rent/western-cape/cape-town/somerset-west/paardevlei/RR4608700,"https://www.privateproperty.co.za/to-rent/western-cape/cape-town/55?pt=House,ApartmentFlat,TownHouseCluster&page=86",2026-04-05 20:59:18.337006
RR4608641,11670245,2 Bedroom Apartment Kuilsriver,R 15 000,15000,ZAR,Kuilsriver,Kuilsriver,2,2,1,,,,,https://www.privateproperty.co.za/to-rent/western-cape/cape-town/kuils-river/kuilsriver/de-kuile-lifestyle-estate/zevenhof/RR4608641,"https://www.privateproperty.co.za/to-rent/western-cape/cape-town/55?pt=House,ApartmentFlat,TownHouseCluster&page=86",2026-04-05 20:59:18.337006
RR4608591,11670139,2 Bedroom Apartment Zonnebloem,R 22 500,22500,ZAR,Zonnebloem,"Zonnebloem 35 Canterbury Square, 3 Vogelgezang",2,1,1,91 m²,,,,https://www.privateproperty.co.za/to-rent/western-cape/cape-town/cape-town-city-bowl/zonnebloem/35-canterbury-square/3-vogelgezang/RR4608591,"https://www.privateproperty.co.za/to-rent/western-cape/cape-town/55?pt=House,ApartmentFlat,TownHouseCluster&page=86",2026-04-05 20:59:18.337006
RR4222400,10698502,1 Bedroom Apartment Newlands,R 19 000,19000,ZAR,Newlands,Newlands,1,1,,,,,,https://www.privateproperty.co.za/to-rent/western-cape/cape-town/southern-suburbs/newlands/RR4222400,"https://www.privateproperty.co.za/to-rent/western-cape/cape-town/55?pt=House,ApartmentFlat,TownHouseCluster&page=86",2026-04-05 20:59:18.337006
RR4353675,11034831,3 Bedroom House Parklands North,R 54 000,54000,ZAR,Parklands North,Parklands North,3,3,4,326 m²,,,,https://www.privateproperty.co.za/to-rent/western-cape/cape-town/blouberg/parklands-north/RR4353675,"https://www.privateproperty.co.za/to-rent/western-cape/cape-town/55?pt=House,ApartmentFlat,TownHouseCluster&page=86",2026-04-05 20:59:18.337006
RR4608355,11669562,2 Bedroom Apartment Bloubergstrand,R 16 000,16000,ZAR,Bloubergstrand,Bloubergstrand,2,1.5,1,,,,,https://www.privateproperty.co.za/to-rent/western-cape/cape-town/blouberg/bloubergstrand/RR4608355,"https://www.privateproperty.co.za/to-rent/western-cape/cape-town/55?pt=House,ApartmentFlat,TownHouseCluster&page=86",2026-04-05 20:59:18.337006
RR4608304,11669455,2 Bedroom Apartment Century City,R 12 000,12000,ZAR,Century City,Century City,2,1,,,,,,https://www.privateproperty.co.za/to-rent/western-cape/cape-town/milnerton/century-city/quest/RR4608304,"https://www.privateproperty.co.za/to-rent/western-cape/cape-town/55?pt=House,ApartmentFlat,TownHouseCluster&page=86",2026-04-05 20:59:18.337006
RR4608232,11669278,1 Bedroom Apartment Milnerton Central,R 13 500,13500,ZAR,Milnerton Central,"Milnerton Central Cape Farms De Aan Zicht Lifestyle Estate, 6809 Rooiheuwel Rd",1,1,1,,-33.82052,18.553403,,https://www.privateproperty.co.za/to-rent/western-cape/cape-town/milnerton/milnerton-central/cape-farms-de-aan-zicht-lifestyle-estate/6809-rooiheuwel-rd/RR4608232,"https://www.privateproperty.co.za/to-rent/western-cape/cape-town/55?pt=House,ApartmentFlat,TownHouseCluster&page=86",2026-04-05 20:59:18.337006
RR4401976,11157848,2 Bedroom Townhouse Kelderhof Country Village,R 22 500,22500,ZAR,Kelderhof Country Village,Kelderhof Country Village,2,2.5,3,248 m²,,,,https://www.privateproperty.co.za/to-rent/western-cape/cape-town/somerset-west/croydon/kelderhof-country-village/RR4401976,"https://www.privateproperty.co.za/to-rent/western-cape/cape-town/55?pt=House,ApartmentFlat,TownHouseCluster&page=87",2026-04-05 20:59:18.337006
RR4267903,10812966,3 Bedroom House Croydon,R 25 000,25000,ZAR,Croydon,Croydon,3,3,2,,,,,https://www.privateproperty.co.za/to-rent/western-cape/cape-town/somerset-west/croydon/RR4267903,"https://www.privateproperty.co.za/to-rent/western-cape/cape-town/55?pt=House,ApartmentFlat,TownHouseCluster&page=87",2026-04-05 20:59:18.337006
RR4608151,11669041,3 Bedroom House Marina Da Gama,R 37 000,37000,ZAR,Marina Da Gama,Marina Da Gama,3,2,3,345 m²,,,,https://www.privateproperty.co.za/to-rent/western-cape/cape-town/peninsula-false-bay/marina-da-gama/RR4608151,"https://www.privateproperty.co.za/to-rent/western-cape/cape-town/55?pt=House,ApartmentFlat,TownHouseCluster&page=87",2026-04-05 20:59:18.337006
RR4608022,11668712,2 Bedroom Apartment Camelot,R 8 500,8500,ZAR,Camelot,Camelot 22 Sir Bedivere Street,2,2,1,,-33.9625912,18.6694176,,https://www.privateproperty.co.za/to-rent/western-cape/cape-town/kuils-river/hagley/camelot/22-sir-bedivere-street/RR4608022,"https://www.privateproperty.co.za/to-rent/western-cape/cape-town/55?pt=House,ApartmentFlat,TownHouseCluster&page=87",2026-04-05 20:59:18.337006
RR4607925,11668467,2 Bedroom House Bantry Bay,R 5 000 per day,5000,ZAR,Bantry Bay,"Bantry Bay 0 Marlborough Mansions, 20 Queens Road",2,2,,,-33.9229157,18.380217,,https://www.privateproperty.co.za/to-rent/western-cape/cape-town/atlantic-seaboard/bantry-bay/0-marlborough-mansions/20-queens-road/RR4607925,"https://www.privateproperty.co.za/to-rent/western-cape/cape-town/55?pt=House,ApartmentFlat,TownHouseCluster&page=87",2026-04-05 20:59:18.337006
RR3237025,7973662,2 Bedroom Apartment Strand South,R 15 000,15000,ZAR,Strand South,Strand South,2,1,,,,,,https://www.privateproperty.co.za/to-rent/western-cape/cape-town/strand/strand-south/RR3237025,"https://www.privateproperty.co.za/to-rent/western-cape/cape-town/55?pt=House,ApartmentFlat,TownHouseCluster&page=87",2026-04-05 20:59:18.337006
RR4607834,11668246,2 Bedroom Apartment Gardens,R 21 500,21500,ZAR,Gardens,Gardens,2,1,1,,,,,https://www.privateproperty.co.za/to-rent/western-cape/cape-town/cape-town-city-bowl/gardens/RR4607834,"https://www.privateproperty.co.za/to-rent/western-cape/cape-town/55?pt=House,ApartmentFlat,TownHouseCluster&page=87",2026-04-05 20:59:18.337006
RR4607830,11668237,3 Bedroom House Parklands North,R 31 000,31000,ZAR,Parklands North,Parklands North,3,2,2,,,,,https://www.privateproperty.co.za/to-rent/western-cape/cape-town/blouberg/parklands-north/RR4607830,"https://www.privateproperty.co.za/to-rent/western-cape/cape-town/55?pt=House,ApartmentFlat,TownHouseCluster&page=87",2026-04-05 20:59:18.337006
RR4607826,11668225,1 Bedroom Apartment Ridgeworth,R 14 400,14400,ZAR,Ridgeworth,"Ridgeworth 4009 La Recolte Retirement Village, 44 Basalt",1,1,1,1.5 ha,,,,https://www.privateproperty.co.za/to-rent/western-cape/cape-town/bellville/ridgeworth/4009-la-recolte-retirement-village/44-basalt/RR4607826,"https://www.privateproperty.co.za/to-rent/western-cape/cape-town/55?pt=House,ApartmentFlat,TownHouseCluster&page=87",2026-04-05 20:59:18.337006
RR4005042,10136001,2 Bedroom Townhouse Parklands,R 16 500,16500,ZAR,Parklands,Parklands,2,1.5,,,,,,https://www.privateproperty.co.za/to-rent/western-cape/cape-town/blouberg/parklands/RR4005042,"https://www.privateproperty.co.za/to-rent/western-cape/cape-town/55?pt=House,ApartmentFlat,TownHouseCluster&page=87",2026-04-05 20:59:18.337006
RR4607635,11667716,2 Bedroom Apartment Cravenby,R 8 500,8500,ZAR,Cravenby,Cravenby,2,1,1,,,,,https://www.privateproperty.co.za/to-rent/western-cape/cape-town/parow/cravenby/RR4607635,"https://www.privateproperty.co.za/to-rent/western-cape/cape-town/55?pt=House,ApartmentFlat,TownHouseCluster&page=87",2026-04-05 20:59:18.337006
RR4607574,11667532,Bachelor apartment Cape Town City Centre,R 15 500,15500,ZAR,Cape Town City Centre,Cape Town City Centre,,1,,43 m²,,,,https://www.privateproperty.co.za/to-rent/western-cape/cape-town/cape-town-city-bowl/cape-town-city-centre/RR4607574,"https://www.privateproperty.co.za/to-rent/western-cape/cape-town/55?pt=House,ApartmentFlat,TownHouseCluster&page=87",2026-04-05 20:59:18.337006
RR4607446,11667218,3 Bedroom Apartment Sea Point,R 110 000,110000,ZAR,Sea Point,Sea Point,3,3,2,,,,,https://www.privateproperty.co.za/to-rent/western-cape/cape-town/atlantic-seaboard/sea-point/RR4607446,"https://www.privateproperty.co.za/to-rent/western-cape/cape-town/55?pt=House,ApartmentFlat,TownHouseCluster&page=87",2026-04-05 20:59:18.337006
RR4106184,10409432,3 Bedroom House Schonenberg Estate,R 28 000,28000,ZAR,Schonenberg Estate,Schonenberg Estate 3 Forest Close,3,2,4,399 m²,-34.0656319,18.8148373,,https://www.privateproperty.co.za/to-rent/western-cape/cape-town/somerset-west/schonenberg-estate/3-forest-close/RR4106184,"https://www.privateproperty.co.za/to-rent/western-cape/cape-town/55?pt=House,ApartmentFlat,TownHouseCluster&page=87",2026-04-05 20:59:18.337006
RR4602744,11655259,1 Bedroom Apartment Foreshore,R 16 500,16500,ZAR,Foreshore,"Foreshore 1000 Charlie And The Chairman, 8 Hans Strijdom Ave, Cape Town City Centre, Cape Town, 8000",1,1,,,-33.92218141,18.44095771,,https://www.privateproperty.co.za/to-rent/western-cape/cape-town/atlantic-seaboard/foreshore/1000-charlie-and-the-chairman/8-hans-strijdom-ave-cape-town-city-centre-cape-town-8000/RR4602744,"https://www.privateproperty.co.za/to-rent/western-cape/cape-town/55?pt=House,ApartmentFlat,TownHouseCluster&page=87",2026-04-05 20:59:18.337006
RR4607305,11666776,3 Bedroom House Lotus River,R 13 000,13000,ZAR,Lotus River,Lotus River,3,1,2,,,,,https://www.privateproperty.co.za/to-rent/western-cape/cape-town/cape-flats/lotus-river/RR4607305,"https://www.privateproperty.co.za/to-rent/western-cape/cape-town/55?pt=House,ApartmentFlat,TownHouseCluster&page=87",2026-04-05 20:59:18.337006
RR4607250,11666654,2 Bedroom Apartment Llandudno,R 35 000,35000,ZAR,Llandudno,Llandudno,2,2,1,,,,,https://www.privateproperty.co.za/to-rent/western-cape/cape-town/atlantic-seaboard/llandudno/RR4607250,"https://www.privateproperty.co.za/to-rent/western-cape/cape-town/55?pt=House,ApartmentFlat,TownHouseCluster&page=87",2026-04-05 20:59:18.337006
RR4607232,11666604,1 Bedroom Apartment Sandown,R 13 500,13500,ZAR,Sandown,Sandown,1,1,2,,,,,https://www.privateproperty.co.za/to-rent/western-cape/cape-town/blouberg/sandown/RR4607232,"https://www.privateproperty.co.za/to-rent/western-cape/cape-town/55?pt=House,ApartmentFlat,TownHouseCluster&page=87",2026-04-05 20:59:18.337006
RR4607228,11666588,1 Bedroom Apartment Sandown,R 14 000,14000,ZAR,Sandown,Sandown,1,1,1,,,,,https://www.privateproperty.co.za/to-rent/western-cape/cape-town/blouberg/sandown/RR4607228,"https://www.privateproperty.co.za/to-rent/western-cape/cape-town/55?pt=House,ApartmentFlat,TownHouseCluster&page=87",2026-04-05 20:59:18.337006
RR4607039,11666032,1 Bedroom Apartment Waterfront,R 38 000,38000,ZAR,Waterfront,Waterfront,1,1,1,,,,,https://www.privateproperty.co.za/to-rent/western-cape/cape-town/atlantic-seaboard/waterfront/RR4607039,"https://www.privateproperty.co.za/to-rent/western-cape/cape-town/55?pt=House,ApartmentFlat,TownHouseCluster&page=87",2026-04-05 20:59:18.337006
RR4607022,11665987,3 Bedroom Apartment Waterfront,R 125 000,125000,ZAR,Waterfront,Waterfront,3,3,2,,,,,https://www.privateproperty.co.za/to-rent/western-cape/cape-town/atlantic-seaboard/waterfront/RR4607022,"https://www.privateproperty.co.za/to-rent/western-cape/cape-town/55?pt=House,ApartmentFlat,TownHouseCluster&page=88",2026-04-05 20:59:18.337006
RR4606998,11665922,1 Bedroom Apartment Sea Point,R 24 000,24000,ZAR,Sea Point,Sea Point,1,1,,,,,,https://www.privateproperty.co.za/to-rent/western-cape/cape-town/atlantic-seaboard/sea-point/RR4606998,"https://www.privateproperty.co.za/to-rent/western-cape/cape-town/55?pt=House,ApartmentFlat,TownHouseCluster&page=88",2026-04-05 20:59:18.337006
RR4606910,11665685,1 Bedroom Apartment Bellville Central,R 4 500,4500,ZAR,Bellville Central,"Bellville Central 18 Sanford Street, Oakdale, Belville 18 Sanford Street, Oakdale, Belville",1,1,,,-33.8860082,18.6385538,,https://www.privateproperty.co.za/to-rent/western-cape/cape-town/bellville/bellville-central/18-sanford-street-oakdale-belville-18-sanford-street-oakdale-belville/RR4606910,"https://www.privateproperty.co.za/to-rent/western-cape/cape-town/55?pt=House,ApartmentFlat,TownHouseCluster&page=88",2026-04-05 20:59:18.337006
RR4606895,11665636,1 Bedroom Apartment De Waterkant,R 30 000,30000,ZAR,De Waterkant,De Waterkant,1,1,1,,,,,https://www.privateproperty.co.za/to-rent/western-cape/cape-town/cape-town-city-bowl/de-waterkant/RR4606895,"https://www.privateproperty.co.za/to-rent/western-cape/cape-town/55?pt=House,ApartmentFlat,TownHouseCluster&page=88",2026-04-05 20:59:18.337006
RR4606884,11665599,2 Bedroom Apartment Gordons Bay Central,R 16 500,16500,ZAR,Gordons Bay Central,Gordons Bay Central,2,2,,,,,,https://www.privateproperty.co.za/to-rent/western-cape/cape-town/gordons-bay/gordons-bay-central/RR4606884,"https://www.privateproperty.co.za/to-rent/western-cape/cape-town/55?pt=House,ApartmentFlat,TownHouseCluster&page=88",2026-04-05 20:59:18.337006
RR4503152,11411492,2 Bedroom Apartment Century City,R 24 000,24000,ZAR,Century City,Century City,2,1,,,,,,https://www.privateproperty.co.za/to-rent/western-cape/cape-town/milnerton/century-city/RR4503152,"https://www.privateproperty.co.za/to-rent/western-cape/cape-town/55?pt=House,ApartmentFlat,TownHouseCluster&page=88",2026-04-05 20:59:18.337006
RR4606756,11665231,4 Bedroom Apartment Gordons Bay Central,R 32 000,32000,ZAR,Gordons Bay Central,Gordons Bay Central,4,4,1,257 m²,,,,https://www.privateproperty.co.za/to-rent/western-cape/cape-town/gordons-bay/gordons-bay-central/RR4606756,"https://www.privateproperty.co.za/to-rent/western-cape/cape-town/55?pt=House,ApartmentFlat,TownHouseCluster&page=88",2026-04-05 20:59:18.337006
RR4073079,10323435,2 Bedroom Apartment Cape Town City Centre,R 27 000,27000,ZAR,Cape Town City Centre,Cape Town City Centre,2,1,,,,,,https://www.privateproperty.co.za/to-rent/western-cape/cape-town/cape-town-city-bowl/cape-town-city-centre/RR4073079,"https://www.privateproperty.co.za/to-rent/western-cape/cape-town/55?pt=House,ApartmentFlat,TownHouseCluster&page=88",2026-04-05 20:59:18.337006
RR4606656,11664972,3 Bedroom House Parklands East,R 20 000,20000,ZAR,Parklands East,Parklands East 1a Stamford Street,3,2,2,299 m²,,,,https://www.privateproperty.co.za/to-rent/western-cape/cape-town/blouberg/parklands/parklands-east/1a-stamford-street/RR4606656,"https://www.privateproperty.co.za/to-rent/western-cape/cape-town/55?pt=House,ApartmentFlat,TownHouseCluster&page=88",2026-04-05 20:59:18.337006
RR4517130,11446349,2 Bedroom Apartment Big Bay,R 27 000,27000,ZAR,Big Bay,Big Bay,2,2,,,,,,https://www.privateproperty.co.za/to-rent/western-cape/cape-town/blouberg/big-bay/RR4517130,"https://www.privateproperty.co.za/to-rent/western-cape/cape-town/55?pt=House,ApartmentFlat,TownHouseCluster&page=88",2026-04-05 20:59:18.337006
RR4606631,11664910,2 Bedroom Apartment Sea Point,R 35 500,35500,ZAR,Sea Point,Sea Point,2,2,1,,,,,https://www.privateproperty.co.za/to-rent/western-cape/cape-town/atlantic-seaboard/sea-point/RR4606631,"https://www.privateproperty.co.za/to-rent/western-cape/cape-town/55?pt=House,ApartmentFlat,TownHouseCluster&page=88",2026-04-05 20:59:18.337006
RR4606529,11664632,3 Bedroom House Table View,R 30 000,30000,ZAR,Table View,Table View,3,2,4,,,,,https://www.privateproperty.co.za/to-rent/western-cape/cape-town/blouberg/table-view/RR4606529,"https://www.privateproperty.co.za/to-rent/western-cape/cape-town/55?pt=House,ApartmentFlat,TownHouseCluster&page=88",2026-04-05 20:59:18.337006
RR4606505,11664584,5 Bedroom House Fresnaye,R 135 000,135000,ZAR,Fresnaye,Fresnaye,5,5.5,3,,,,,https://www.privateproperty.co.za/to-rent/western-cape/cape-town/atlantic-seaboard/fresnaye/RR4606505,"https://www.privateproperty.co.za/to-rent/western-cape/cape-town/55?pt=House,ApartmentFlat,TownHouseCluster&page=88",2026-04-05 20:59:18.337006
RR4606498,11664573,3 Bedroom House Parow Central,R 26 400,26400,ZAR,Parow Central,Parow Central 39 Leerdam Street,3,3,3,,-33.8928518,18.6004679,,https://www.privateproperty.co.za/to-rent/western-cape/cape-town/parow/parow-central/39-leerdam-street/RR4606498,"https://www.privateproperty.co.za/to-rent/western-cape/cape-town/55?pt=House,ApartmentFlat,TownHouseCluster&page=88",2026-04-05 20:59:18.337006
RR4606488,11664543,1 Bedroom Apartment De Waterkant,R 30 000,30000,ZAR,De Waterkant,De Waterkant,1,1,1,,,,,https://www.privateproperty.co.za/to-rent/western-cape/cape-town/cape-town-city-bowl/de-waterkant/RR4606488,"https://www.privateproperty.co.za/to-rent/western-cape/cape-town/55?pt=House,ApartmentFlat,TownHouseCluster&page=88",2026-04-05 20:59:18.337006
RR4606449,11664445,5 Bedroom House Tierboskloof,R 62 000,62000,ZAR,Tierboskloof,Tierboskloof,5,4,4,,,,,https://www.privateproperty.co.za/to-rent/western-cape/cape-town/hout-bay/tierboskloof/RR4606449,"https://www.privateproperty.co.za/to-rent/western-cape/cape-town/55?pt=House,ApartmentFlat,TownHouseCluster&page=88",2026-04-05 20:59:18.337006
RR4606385,11664277,3 Bedroom Apartment Gardens,R 55 000,55000,ZAR,Gardens,Gardens,3,3.5,2,,,,,https://www.privateproperty.co.za/to-rent/western-cape/cape-town/cape-town-city-bowl/gardens/RR4606385,"https://www.privateproperty.co.za/to-rent/western-cape/cape-town/55?pt=House,ApartmentFlat,TownHouseCluster&page=88",2026-04-05 20:59:18.337006
RR3941255,9973891,2 Bedroom Apartment Rosebank,R 11 500,11500,ZAR,Rosebank,Rosebank,2,1,,,,,,https://www.privateproperty.co.za/to-rent/western-cape/cape-town/southern-suburbs/rosebank/RR3941255,"https://www.privateproperty.co.za/to-rent/western-cape/cape-town/55?pt=House,ApartmentFlat,TownHouseCluster&page=88",2026-04-05 20:59:18.337006
RR4606291,11664063,3 Bedroom House Bishopscourt,R 55 000,55000,ZAR,Bishopscourt,Bishopscourt,3,3.5,,,,,,https://www.privateproperty.co.za/to-rent/western-cape/cape-town/southern-suburbs/bishopscourt/RR4606291,"https://www.privateproperty.co.za/to-rent/western-cape/cape-town/55?pt=House,ApartmentFlat,TownHouseCluster&page=88",2026-04-05 20:59:18.337006
RR4606246,11663974,2 Bedroom Apartment Century City,R 39 500,39500,ZAR,Century City,"Century City 888 Knightsbridge, 6 Esplanade",2,2,2,2 625 m²,-33.890062,18.511185,,https://www.privateproperty.co.za/to-rent/western-cape/cape-town/milnerton/century-city/888-knightsbridge/6-esplanade/RR4606246,"https://www.privateproperty.co.za/to-rent/western-cape/cape-town/55?pt=House,ApartmentFlat,TownHouseCluster&page=88",2026-04-05 20:59:18.337006
RR4606176,11663805,2 Bedroom Apartment Sea Point,R 45 000,45000,ZAR,Sea Point,"Sea Point 809 Rapallo, 292 Beach Road",2,2,1,,-33.9185772520003,18.3914566040039,,https://www.privateproperty.co.za/to-rent/western-cape/cape-town/atlantic-seaboard/sea-point/809-rapallo/292-beach-road/RR4606176,"https://www.privateproperty.co.za/to-rent/western-cape/cape-town/55?pt=House,ApartmentFlat,TownHouseCluster&page=89",2026-04-05 20:59:18.337006
RR4606209,11663882,3 Bedroom Townhouse Century City,R 29 995,29995,ZAR,Century City,Century City,3,3,2,,,,,https://www.privateproperty.co.za/to-rent/western-cape/cape-town/milnerton/century-city/RR4606209,"https://www.privateproperty.co.za/to-rent/western-cape/cape-town/55?pt=House,ApartmentFlat,TownHouseCluster&page=89",2026-04-05 20:59:18.337006
RR4606158,11663759,3 Bedroom House Noordhaven,R 35 000,35000,ZAR,Noordhaven,Noordhaven,3,2,2,,,,,https://www.privateproperty.co.za/to-rent/western-cape/cape-town/peninsula-false-bay/noordhoek/noordhaven/RR4606158,"https://www.privateproperty.co.za/to-rent/western-cape/cape-town/55?pt=House,ApartmentFlat,TownHouseCluster&page=89",2026-04-05 20:59:18.337006
RR4606113,11663613,5 Bedroom House Camps Bay,R 115 000,115000,ZAR,Camps Bay,Camps Bay,5,6,1,,,,,https://www.privateproperty.co.za/to-rent/western-cape/cape-town/atlantic-seaboard/camps-bay/RR4606113,"https://www.privateproperty.co.za/to-rent/western-cape/cape-town/55?pt=House,ApartmentFlat,TownHouseCluster&page=89",2026-04-05 20:59:18.337006
RR4606103,11663582,3 Bedroom Apartment Sea Point,R 110 000,110000,ZAR,Sea Point,Sea Point,3,3,,,,,,https://www.privateproperty.co.za/to-rent/western-cape/cape-town/atlantic-seaboard/sea-point/RR4606103,"https://www.privateproperty.co.za/to-rent/western-cape/cape-town/55?pt=House,ApartmentFlat,TownHouseCluster&page=89",2026-04-05 20:59:18.337006
RR4606030,11663367,3 Bedroom Apartment Sea Point,R 55 000,55000,ZAR,Sea Point,Sea Point,3,3,1,,,,,https://www.privateproperty.co.za/to-rent/western-cape/cape-town/atlantic-seaboard/sea-point/RR4606030,"https://www.privateproperty.co.za/to-rent/western-cape/cape-town/55?pt=House,ApartmentFlat,TownHouseCluster&page=89",2026-04-05 20:59:18.337006
RR3618562,9024937,2 Bedroom House Newlands,R 21 000,21000,ZAR,Newlands,Newlands,2,1,,,,,,https://www.privateproperty.co.za/to-rent/western-cape/cape-town/southern-suburbs/newlands/RR3618562,"https://www.privateproperty.co.za/to-rent/western-cape/cape-town/55?pt=House,ApartmentFlat,TownHouseCluster&page=89",2026-04-05 20:59:18.337006
RR4605913,11663089,3 Bedroom House Sunningdale,R 22 000,22000,ZAR,Sunningdale,Sunningdale 13 Orchard Hills Way,3,2,,303 m²,-33.7976218,18.4814854,,https://www.privateproperty.co.za/to-rent/western-cape/cape-town/blouberg/sunningdale/13-orchard-hills-way/RR4605913,"https://www.privateproperty.co.za/to-rent/western-cape/cape-town/55?pt=House,ApartmentFlat,TownHouseCluster&page=89",2026-04-05 20:59:18.337006
RR2986533,7372481,Studio Apartment Oranjezicht,R 12 500,12500,ZAR,Oranjezicht,"Oranjezicht 1 Nederburg, 8 Morray Pl",0.5,1,1,,-33.9416667,18.4138889,,https://www.privateproperty.co.za/to-rent/western-cape/cape-town/cape-town-city-bowl/oranjezicht/1-nederburg/8-morray-pl/RR2986533,"https://www.privateproperty.co.za/to-rent/western-cape/cape-town/55?pt=House,ApartmentFlat,TownHouseCluster&page=89",2026-04-05 20:59:18.337006
RR4605820,11662858,2 Bedroom Townhouse Ottery,R 9 500,9500,ZAR,Ottery,Ottery,2,1,,,,,,https://www.privateproperty.co.za/to-rent/western-cape/cape-town/southern-suburbs/ottery/RR4605820,"https://www.privateproperty.co.za/to-rent/western-cape/cape-town/55?pt=House,ApartmentFlat,TownHouseCluster&page=89",2026-04-05 20:59:18.337006
RR4605785,11662770,3 Bedroom Apartment Observatory,R 17 000,17000,ZAR,Observatory,Observatory,3,1,,,,,,https://www.privateproperty.co.za/to-rent/western-cape/cape-town/cape-town-city-bowl/observatory/RR4605785,"https://www.privateproperty.co.za/to-rent/western-cape/cape-town/55?pt=House,ApartmentFlat,TownHouseCluster&page=89",2026-04-05 20:59:18.337006
RR4605773,11662745,3 Bedroom Apartment Newlands,R 28 000,28000,ZAR,Newlands,Newlands,3,1,1,,,,,https://www.privateproperty.co.za/to-rent/western-cape/cape-town/southern-suburbs/newlands/RR4605773,"https://www.privateproperty.co.za/to-rent/western-cape/cape-town/55?pt=House,ApartmentFlat,TownHouseCluster&page=89",2026-04-05 20:59:18.337006
RR4445523,11265863,3 Bedroom House Sandown,R 38 000,38000,ZAR,Sandown,Sandown,3,3,2,,,,,https://www.privateproperty.co.za/to-rent/western-cape/cape-town/blouberg/sandown/RR4445523,"https://www.privateproperty.co.za/to-rent/western-cape/cape-town/55?pt=House,ApartmentFlat,TownHouseCluster&page=89",2026-04-05 20:59:18.337006
RR4605664,11662430,2 Bedroom Apartment Llandudno,R 29 000,29000,ZAR,Llandudno,Llandudno,2,1.5,1,,,,,https://www.privateproperty.co.za/to-rent/western-cape/cape-town/atlantic-seaboard/llandudno/RR4605664,"https://www.privateproperty.co.za/to-rent/western-cape/cape-town/55?pt=House,ApartmentFlat,TownHouseCluster&page=89",2026-04-05 20:59:18.337006
RR4605657,11662408,2 Bedroom Apartment Rivergate,R 12 000,12000,ZAR,Rivergate,Rivergate,2,1,,,,,,https://www.privateproperty.co.za/to-rent/western-cape/cape-town/milnerton/rivergate/RR4605657,"https://www.privateproperty.co.za/to-rent/western-cape/cape-town/55?pt=House,ApartmentFlat,TownHouseCluster&page=89",2026-04-05 20:59:18.337006
RR4605630,11662337,2 Bedroom House Strandfontein,R 8 500,8500,ZAR,Strandfontein,Strandfontein,2,1,1,278 m²,,,,https://www.privateproperty.co.za/to-rent/western-cape/cape-town/cape-flats/strandfontein/RR4605630,"https://www.privateproperty.co.za/to-rent/western-cape/cape-town/55?pt=House,ApartmentFlat,TownHouseCluster&page=89",2026-04-05 20:59:18.337006
RR4605538,11662090,4 Bedroom Apartment Gordons Bay Central,R 35 000,35000,ZAR,Gordons Bay Central,Gordons Bay Central,4,4,1,,,,,https://www.privateproperty.co.za/to-rent/western-cape/cape-town/gordons-bay/gordons-bay-central/RR4605538,"https://www.privateproperty.co.za/to-rent/western-cape/cape-town/55?pt=House,ApartmentFlat,TownHouseCluster&page=89",2026-04-05 20:59:18.337006
RR4605515,11662032,2 Bedroom House Strand Central,R 32 000,32000,ZAR,Strand Central,Strand Central 90 Union Street,2,2,3,496 m²,,,,https://www.privateproperty.co.za/to-rent/western-cape/cape-town/strand/strand-central/90-union-street/RR4605515,"https://www.privateproperty.co.za/to-rent/western-cape/cape-town/55?pt=House,ApartmentFlat,TownHouseCluster&page=89",2026-04-05 20:59:18.337006
RR4605471,11661924,1 Bedroom Apartment Observatory,R 15 500,15500,ZAR,Observatory,Observatory,1,1,1,,,,,https://www.privateproperty.co.za/to-rent/western-cape/cape-town/cape-town-city-bowl/observatory/RR4605471,"https://www.privateproperty.co.za/to-rent/western-cape/cape-town/55?pt=House,ApartmentFlat,TownHouseCluster&page=89",2026-04-05 20:59:18.337006
RR4605279,11661475,2 Bedroom Townhouse Joostenbergvlakte,R 10 500,10500,ZAR,Joostenbergvlakte,Joostenbergvlakte 5c Anderson West Street,2,1,1,,-33.830984,18.725301,,https://www.privateproperty.co.za/to-rent/western-cape/cape-town/kraaifontein/joostenbergvlakte/5c-anderson-west-street/RR4605279,"https://www.privateproperty.co.za/to-rent/western-cape/cape-town/55?pt=House,ApartmentFlat,TownHouseCluster&page=89",2026-04-05 20:59:18.337006
RR4462667,11310046,2 Bedroom Apartment Big Bay,R 25 000,25000,ZAR,Big Bay,"Big Bay 221 Azure 221, 1003 Otto Du Plessis Drive",2,1,2,,-33.7900903,18.4587626,,https://www.privateproperty.co.za/to-rent/western-cape/cape-town/blouberg/big-bay/221-azure-221/1003-otto-du-plessis-drive/RR4462667,"https://www.privateproperty.co.za/to-rent/western-cape/cape-town/55?pt=House,ApartmentFlat,TownHouseCluster&page=90",2026-04-05 20:59:18.337006
RR4605223,11661330,3 Bedroom House Parklands North,R 18 000,18000,ZAR,Parklands North,Parklands North,3,2,2,,,,,https://www.privateproperty.co.za/to-rent/western-cape/cape-town/blouberg/parklands-north/RR4605223,"https://www.privateproperty.co.za/to-rent/western-cape/cape-town/55?pt=House,ApartmentFlat,TownHouseCluster&page=90",2026-04-05 20:59:18.337006
RR4605015,11660858,3 Bedroom House Brackenfell Central,R 16 000,16000,ZAR,Brackenfell Central,Brackenfell Central,3,2,1,,,,,https://www.privateproperty.co.za/to-rent/western-cape/cape-town/brackenfell/brackenfell-central/RR4605015,"https://www.privateproperty.co.za/to-rent/western-cape/cape-town/55?pt=House,ApartmentFlat,TownHouseCluster&page=90",2026-04-05 20:59:18.337006
RR4604949,11660677,2 Bedroom Apartment Blaauwberg,R 25 500,25500,ZAR,Blaauwberg,Blaauwberg,2,2,2,,,,,https://www.privateproperty.co.za/to-rent/western-cape/cape-town/blouberg/bloubergstrand/blaauwberg/RR4604949,"https://www.privateproperty.co.za/to-rent/western-cape/cape-town/55?pt=House,ApartmentFlat,TownHouseCluster&page=90",2026-04-05 20:59:18.337006
RR4604947,11660670,1 Bedroom Apartment Cape Town City Centre,R 16 500,16500,ZAR,Cape Town City Centre,Cape Town City Centre,1,1,1,,,,,https://www.privateproperty.co.za/to-rent/western-cape/cape-town/cape-town-city-bowl/cape-town-city-centre/RR4604947,"https://www.privateproperty.co.za/to-rent/western-cape/cape-town/55?pt=House,ApartmentFlat,TownHouseCluster&page=90",2026-04-05 20:59:18.337006
RR4604917,11660598,4 Bedroom House Heldervue,R 45 000,45000,ZAR,Heldervue,Heldervue,4,4,4,1 025 m²,,,,https://www.privateproperty.co.za/to-rent/western-cape/cape-town/somerset-west/heldervue/RR4604917,"https://www.privateproperty.co.za/to-rent/western-cape/cape-town/55?pt=House,ApartmentFlat,TownHouseCluster&page=90",2026-04-05 20:59:18.337006
RR4604862,11660483,1 Bedroom Flat Peerless Park,R 6 200,6200,ZAR,Peerless Park,Peerless Park,1,1,1,,,,,https://www.privateproperty.co.za/to-rent/western-cape/cape-town/kraaifontein/peerless-park/RR4604862,"https://www.privateproperty.co.za/to-rent/western-cape/cape-town/55?pt=House,ApartmentFlat,TownHouseCluster&page=90",2026-04-05 20:59:18.337006
RR4604661,11660002,2 Bedroom Apartment Beach Estate,R 25 000,25000,ZAR,Beach Estate,Beach Estate,2,1,1,,,,,https://www.privateproperty.co.za/to-rent/western-cape/cape-town/hout-bay/beach-estate/RR4604661,"https://www.privateproperty.co.za/to-rent/western-cape/cape-town/55?pt=House,ApartmentFlat,TownHouseCluster&page=90",2026-04-05 20:59:18.337006
RR4604575,11659827,1 Bedroom Apartment Pinelands,R 10 500,10500,ZAR,Pinelands,Pinelands,1,1,,,,,,https://www.privateproperty.co.za/to-rent/western-cape/cape-town/southern-suburbs/pinelands/RR4604575,"https://www.privateproperty.co.za/to-rent/western-cape/cape-town/55?pt=House,ApartmentFlat,TownHouseCluster&page=90",2026-04-05 20:59:18.337006
RR3888330,9821165,Studio Apartment Green Point,R 8 950,8950,ZAR,Green Point,Green Point,0.5,1,,,,,,https://www.privateproperty.co.za/to-rent/western-cape/cape-town/atlantic-seaboard/green-point/RR3888330,"https://www.privateproperty.co.za/to-rent/western-cape/cape-town/55?pt=House,ApartmentFlat,TownHouseCluster&page=90",2026-04-05 20:59:18.337006
RR3511219,8710713,Studio Apartment Green Point,R 9 500,9500,ZAR,Green Point,Green Point,0.5,1,,,,,,https://www.privateproperty.co.za/to-rent/western-cape/cape-town/atlantic-seaboard/green-point/RR3511219,"https://www.privateproperty.co.za/to-rent/western-cape/cape-town/55?pt=House,ApartmentFlat,TownHouseCluster&page=90",2026-04-05 20:59:18.337006
RR4604519,11659683,2 Bedroom Apartment Milnerton Central,R 15 000,15000,ZAR,Milnerton Central,Milnerton Central,2,1,,,,,,https://www.privateproperty.co.za/to-rent/western-cape/cape-town/milnerton/milnerton-central/RR4604519,"https://www.privateproperty.co.za/to-rent/western-cape/cape-town/55?pt=House,ApartmentFlat,TownHouseCluster&page=90",2026-04-05 20:59:18.337006
RR4604494,11659604,2 Bedroom Apartment Claremont Upper,R 16 500,16500,ZAR,Claremont Upper,Claremont Upper,2,1,2,,,,,https://www.privateproperty.co.za/to-rent/western-cape/cape-town/southern-suburbs/claremont/claremont-upper/RR4604494,"https://www.privateproperty.co.za/to-rent/western-cape/cape-town/55?pt=House,ApartmentFlat,TownHouseCluster&page=90",2026-04-05 20:59:18.337006
RR2838351,7049864,2 Bedroom Apartment Big Bay,R 25 000,25000,ZAR,Big Bay,"Big Bay 24 Azure, 0b Otto Du Plessis",2,1,2,,-33.7927367786667,18.4583616256714,,https://www.privateproperty.co.za/to-rent/western-cape/cape-town/blouberg/big-bay/24-azure/0b-otto-du-plessis/RR2838351,"https://www.privateproperty.co.za/to-rent/western-cape/cape-town/55?pt=House,ApartmentFlat,TownHouseCluster&page=90",2026-04-05 20:59:18.337006
RR4604446,11659475,4 Bedroom Apartment Green Point,R 120 000,120000,ZAR,Green Point,Green Point,4,4.5,,,,,,https://www.privateproperty.co.za/to-rent/western-cape/cape-town/atlantic-seaboard/green-point/RR4604446,"https://www.privateproperty.co.za/to-rent/western-cape/cape-town/55?pt=House,ApartmentFlat,TownHouseCluster&page=90",2026-04-05 20:59:18.337006
RR4192941,10625268,2 Bedroom Apartment Table View,R 18 000,18000,ZAR,Table View,"Table View 17 Chelsea Square, 45 Arum Road",2,1,,,,,,https://www.privateproperty.co.za/to-rent/western-cape/cape-town/blouberg/table-view/17-chelsea-square/45-arum-road/RR4192941,"https://www.privateproperty.co.za/to-rent/western-cape/cape-town/55?pt=House,ApartmentFlat,TownHouseCluster&page=90",2026-04-05 20:59:18.337006
RR3181992,7841920,2 Bedroom Apartment Bloubergrant,R 25 000,25000,ZAR,Bloubergrant,"Bloubergrant 701 The Waves, 701 36 Beach Boulevard/cnr Foam",2,2,,,-33.8174702,18.4746401,,https://www.privateproperty.co.za/to-rent/western-cape/cape-town/blouberg/bloubergrant/701-the-waves/701-36-beach-boulevardcnr-foam/RR3181992,"https://www.privateproperty.co.za/to-rent/western-cape/cape-town/55?pt=House,ApartmentFlat,TownHouseCluster&page=90",2026-04-05 20:59:18.337006
RR4001150,10126888,2 Bedroom Apartment Table View,R 20 000,20000,ZAR,Table View,"Table View 106 Costa Azul, 55 Arum Road",2,2,,,-33.8225634,18.4864366,,https://www.privateproperty.co.za/to-rent/western-cape/cape-town/blouberg/table-view/106-costa-azul/55-arum-road/RR4001150,"https://www.privateproperty.co.za/to-rent/western-cape/cape-town/55?pt=House,ApartmentFlat,TownHouseCluster&page=90",2026-04-05 20:59:18.337006
RR4173486,10577155,2 Bedroom Apartment Table View,R 25 000,25000,ZAR,Table View,"Table View 7 San Sabrino, 6 Viola Road",2,2,1,,-33.8195032,18.4783377,,https://www.privateproperty.co.za/to-rent/western-cape/cape-town/blouberg/table-view/7-san-sabrino/6-viola-road/RR4173486,"https://www.privateproperty.co.za/to-rent/western-cape/cape-town/55?pt=House,ApartmentFlat,TownHouseCluster&page=90",2026-04-05 20:59:18.337006
RR3399356,8391162,2 Bedroom Apartment Parklands,R 25 000,25000,ZAR,Parklands,"Parklands 531 The Sandown, 2 Colege Road",2,2,2,,-33.8004011,18.5052034,,https://www.privateproperty.co.za/to-rent/western-cape/cape-town/blouberg/parklands/531-the-sandown/2-colege-road/RR3399356,"https://www.privateproperty.co.za/to-rent/western-cape/cape-town/55?pt=House,ApartmentFlat,TownHouseCluster&page=90",2026-04-05 20:59:18.337006
RR4604414,11659385,3 Bedroom House Parklands North,R 40 000,40000,ZAR,Parklands North,Parklands North,3,2,2,,,,,https://www.privateproperty.co.za/to-rent/western-cape/cape-town/blouberg/parklands-north/RR4604414,"https://www.privateproperty.co.za/to-rent/western-cape/cape-town/55?pt=House,ApartmentFlat,TownHouseCluster&page=91",2026-04-05 20:59:18.337006
RR4424636,11214469,4 Bedroom House Heldervue,R 56 000,56000,ZAR,Heldervue,Heldervue 4b Juniper Street,4,4,4,470 m²,-34.0643277,18.8183732,,https://www.privateproperty.co.za/to-rent/western-cape/cape-town/somerset-west/heldervue/4b-juniper-street/RR4424636,"https://www.privateproperty.co.za/to-rent/western-cape/cape-town/55?pt=House,ApartmentFlat,TownHouseCluster&page=91",2026-04-05 20:59:18.337006
RR4604384,11659308,4 Bedroom House Newlands,R 85 000,85000,ZAR,Newlands,Newlands,4,4.5,2,,,,,https://www.privateproperty.co.za/to-rent/western-cape/cape-town/southern-suburbs/newlands/RR4604384,"https://www.privateproperty.co.za/to-rent/western-cape/cape-town/55?pt=House,ApartmentFlat,TownHouseCluster&page=91",2026-04-05 20:59:18.337006
RR4604381,11659299,3 Bedroom House Bridgewater,R 20 000,20000,ZAR,Bridgewater,Bridgewater,3,1,1,310 m²,,,,https://www.privateproperty.co.za/to-rent/western-cape/cape-town/somerset-west/bridgewater/RR4604381,"https://www.privateproperty.co.za/to-rent/western-cape/cape-town/55?pt=House,ApartmentFlat,TownHouseCluster&page=91",2026-04-05 20:59:18.337006
RR4604372,11659270,3 Bedroom House Stellenberg,R 23 000,23000,ZAR,Stellenberg,Stellenberg 11 Fairbairn Road,3,2,2,,,,,https://www.privateproperty.co.za/to-rent/western-cape/cape-town/bellville/stellenberg/11-fairbairn-road/RR4604372,"https://www.privateproperty.co.za/to-rent/western-cape/cape-town/55?pt=House,ApartmentFlat,TownHouseCluster&page=91",2026-04-05 20:59:18.337006
RR4604361,11659252,2 Bedroom Apartment Tyger Waterfront,R 13 000,13000,ZAR,Tyger Waterfront,Tyger Waterfront,2,1,1,,,,,https://www.privateproperty.co.za/to-rent/western-cape/cape-town/bellville/tyger-waterfront/RR4604361,"https://www.privateproperty.co.za/to-rent/western-cape/cape-town/55?pt=House,ApartmentFlat,TownHouseCluster&page=91",2026-04-05 20:59:18.337006
RR4604145,11658768,3 Bedroom House Plumstead,R 23 000,23000,ZAR,Plumstead,Plumstead,3,2,1,,,,,https://www.privateproperty.co.za/to-rent/western-cape/cape-town/southern-suburbs/plumstead/RR4604145,"https://www.privateproperty.co.za/to-rent/western-cape/cape-town/55?pt=House,ApartmentFlat,TownHouseCluster&page=91",2026-04-05 20:59:18.337006
RR4604127,11658736,1 Bedroom Apartment Parow Valley,R 4 000,4000,ZAR,Parow Valley,Parow Valley,1,2,,,,,,https://www.privateproperty.co.za/to-rent/western-cape/cape-town/parow/parow-valley/RR4604127,"https://www.privateproperty.co.za/to-rent/western-cape/cape-town/55?pt=House,ApartmentFlat,TownHouseCluster&page=91",2026-04-05 20:59:18.337006
RR3893074,9834970,5 Bedroom House Bishopscourt,R 125 000,125000,ZAR,Bishopscourt,Bishopscourt,5,3,5,6 730 m²,,,,https://www.privateproperty.co.za/to-rent/western-cape/cape-town/southern-suburbs/bishopscourt/RR3893074,"https://www.privateproperty.co.za/to-rent/western-cape/cape-town/55?pt=House,ApartmentFlat,TownHouseCluster&page=91",2026-04-05 20:59:18.337006
RR4603900,11658216,4 Bedroom House Northshore,R 49 000,49000,ZAR,Northshore,Northshore,4,4,6,1 240 m²,,,,https://www.privateproperty.co.za/to-rent/western-cape/cape-town/hout-bay/northshore/RR4603900,"https://www.privateproperty.co.za/to-rent/western-cape/cape-town/55?pt=House,ApartmentFlat,TownHouseCluster&page=91",2026-04-05 20:59:18.337006
RR4603841,11658108,1 Bedroom Apartment Mouille Point,R 23 000,23000,ZAR,Mouille Point,Mouille Point,1,1,,,,,,https://www.privateproperty.co.za/to-rent/western-cape/cape-town/atlantic-seaboard/mouille-point/RR4603841,"https://www.privateproperty.co.za/to-rent/western-cape/cape-town/55?pt=House,ApartmentFlat,TownHouseCluster&page=91",2026-04-05 20:59:18.337006
RR4603778,11657987,4 Bedroom House Pinehurst,R 29 500,29500,ZAR,Pinehurst,Pinehurst,4,1.5,2,543 m²,,,,https://www.privateproperty.co.za/to-rent/western-cape/cape-town/durbanville/pinehurst/RR4603778,"https://www.privateproperty.co.za/to-rent/western-cape/cape-town/55?pt=House,ApartmentFlat,TownHouseCluster&page=91",2026-04-05 20:59:18.337006
RR4603695,11657828,2 Bedroom Apartment Three Anchor Bay,R 23 000,23000,ZAR,Three Anchor Bay,Three Anchor Bay,2,1,,,,,,https://www.privateproperty.co.za/to-rent/western-cape/cape-town/atlantic-seaboard/three-anchor-bay/RR4603695,"https://www.privateproperty.co.za/to-rent/western-cape/cape-town/55?pt=House,ApartmentFlat,TownHouseCluster&page=91",2026-04-05 20:59:18.337006
RR4603542,11657460,3 Bedroom House Cape Farms,R 55 000,55000,ZAR,Cape Farms,Cape Farms,3,3,4,270 m²,,,,https://www.privateproperty.co.za/to-rent/western-cape/cape-town/cape-farms/cape-farms/RR4603542,"https://www.privateproperty.co.za/to-rent/western-cape/cape-town/55?pt=House,ApartmentFlat,TownHouseCluster&page=91",2026-04-05 20:59:18.337006
RR3984714,10089428,2 Bedroom Apartment Sea Point,R 30 000,30000,ZAR,Sea Point,Sea Point,2,2,2,,,,,https://www.privateproperty.co.za/to-rent/western-cape/cape-town/atlantic-seaboard/sea-point/RR3984714,"https://www.privateproperty.co.za/to-rent/western-cape/cape-town/55?pt=House,ApartmentFlat,TownHouseCluster&page=91",2026-04-05 20:59:18.337006
RR4603368,11657021,3 Bedroom House Plumstead,R 32 500,32500,ZAR,Plumstead,Plumstead,3,3,3,,,,,https://www.privateproperty.co.za/to-rent/western-cape/cape-town/southern-suburbs/plumstead/RR4603368,"https://www.privateproperty.co.za/to-rent/western-cape/cape-town/55?pt=House,ApartmentFlat,TownHouseCluster&page=91",2026-04-05 20:59:18.337006
RR4424247,11213481,4 Bedroom House Imhoffs Gift,R 40 000,40000,ZAR,Imhoffs Gift,Imhoffs Gift,4,4,,482 m²,,,,https://www.privateproperty.co.za/to-rent/western-cape/cape-town/peninsula-false-bay/imhoffs-gift/RR4424247,"https://www.privateproperty.co.za/to-rent/western-cape/cape-town/55?pt=House,ApartmentFlat,TownHouseCluster&page=91",2026-04-05 20:59:18.337006
RR4603333,11656925,1 Bedroom Apartment West Beach,R 23 000,23000,ZAR,West Beach,West Beach,1,1,1,,,,,https://www.privateproperty.co.za/to-rent/western-cape/cape-town/blouberg/west-beach/RR4603333,"https://www.privateproperty.co.za/to-rent/western-cape/cape-town/55?pt=House,ApartmentFlat,TownHouseCluster&page=91",2026-04-05 20:59:18.337006
RR4603266,11656687,2 Bedroom Apartment Sea Point,R 30 000,30000,ZAR,Sea Point,Sea Point,2,1,1,,,,,https://www.privateproperty.co.za/to-rent/western-cape/cape-town/atlantic-seaboard/sea-point/RR4603266,"https://www.privateproperty.co.za/to-rent/western-cape/cape-town/55?pt=House,ApartmentFlat,TownHouseCluster&page=91",2026-04-05 20:59:18.337006
RR4603228,11656540,2 Bedroom Apartment Century City,R 22 000,22000,ZAR,Century City,Century City,2,2,2,,,,,https://www.privateproperty.co.za/to-rent/western-cape/cape-town/milnerton/century-city/RR4603228,"https://www.privateproperty.co.za/to-rent/western-cape/cape-town/55?pt=House,ApartmentFlat,TownHouseCluster&page=91",2026-04-05 20:59:18.337006
RR4603211,11656485,4 Bedroom Apartment Clifton,R 150 000,150000,ZAR,Clifton,Clifton,4,4,4,,,,,https://www.privateproperty.co.za/to-rent/western-cape/cape-town/atlantic-seaboard/clifton/RR4603211,"https://www.privateproperty.co.za/to-rent/western-cape/cape-town/55?pt=House,ApartmentFlat,TownHouseCluster&page=92",2026-04-05 20:59:18.337006
RR4603125,11656207,1 Bedroom House Firlands,R 12 000,12000,ZAR,Firlands,"Firlands 2 Firlands Farm, 183 Third Avenue",1,1,,,-34.1275427,18.8945988,,https://www.privateproperty.co.za/to-rent/western-cape/cape-town/gordons-bay/admirals-park/firlands/2-firlands-farm/183-third-avenue/RR4603125,"https://www.privateproperty.co.za/to-rent/western-cape/cape-town/55?pt=House,ApartmentFlat,TownHouseCluster&page=92",2026-04-05 20:59:18.337006
RR4600246,11648963,2 Bedroom Flat Camps Bay,R 32 000,32000,ZAR,Camps Bay,"Camps Bay 309 Daleway, 29 Shanklin Crescent",2,1,1,,-33.9524736061628,18.3815002441406,,https://www.privateproperty.co.za/to-rent/western-cape/cape-town/atlantic-seaboard/camps-bay/309-daleway/29-shanklin-crescent/RR4600246,"https://www.privateproperty.co.za/to-rent/western-cape/cape-town/55?pt=House,ApartmentFlat,TownHouseCluster&page=92",2026-04-05 20:59:18.337006
RR4603065,11656051,2 Bedroom Apartment Milnerton Central,R 25 000,25000,ZAR,Milnerton Central,Milnerton Central,2,1,2,,,,,https://www.privateproperty.co.za/to-rent/western-cape/cape-town/milnerton/milnerton-central/RR4603065,"https://www.privateproperty.co.za/to-rent/western-cape/cape-town/55?pt=House,ApartmentFlat,TownHouseCluster&page=92",2026-04-05 20:59:18.337006
RR4602981,11655843,3 Bedroom House Sunningdale,R 25 000,25000,ZAR,Sunningdale,Sunningdale,3,2,2,575 m²,,,,https://www.privateproperty.co.za/to-rent/western-cape/cape-town/blouberg/sunningdale/RR4602981,"https://www.privateproperty.co.za/to-rent/western-cape/cape-town/55?pt=House,ApartmentFlat,TownHouseCluster&page=92",2026-04-05 20:59:18.337006
RR4602966,11655822,2 Bedroom Apartment Sunridge,R 14 000,14000,ZAR,Sunridge,Sunridge,2,1,1,1 079 m²,,,,https://www.privateproperty.co.za/to-rent/western-cape/cape-town/blouberg/table-view/sunridge/RR4602966,"https://www.privateproperty.co.za/to-rent/western-cape/cape-town/55?pt=House,ApartmentFlat,TownHouseCluster&page=92",2026-04-05 20:59:18.337006
RR4602853,11655559,2 Bedroom Apartment Waterfront,R 75 000,75000,ZAR,Waterfront,Waterfront,2,2.5,2,,,,,https://www.privateproperty.co.za/to-rent/western-cape/cape-town/atlantic-seaboard/waterfront/RR4602853,"https://www.privateproperty.co.za/to-rent/western-cape/cape-town/55?pt=House,ApartmentFlat,TownHouseCluster&page=92",2026-04-05 20:59:18.337006
RR4602765,11655309,5 Bedroom House Constantia,R 85 000,85000,ZAR,Constantia,Constantia,5,3.5,6,2 123 m²,,,,https://www.privateproperty.co.za/to-rent/western-cape/cape-town/southern-suburbs/constantia/RR4602765,"https://www.privateproperty.co.za/to-rent/western-cape/cape-town/55?pt=House,ApartmentFlat,TownHouseCluster&page=92",2026-04-05 20:59:18.337006
RR4602728,11655221,2 Bedroom Apartment Milnerton Central,R 16 500,16500,ZAR,Milnerton Central,Milnerton Central,2,2,,,,,,https://www.privateproperty.co.za/to-rent/western-cape/cape-town/milnerton/milnerton-central/RR4602728,"https://www.privateproperty.co.za/to-rent/western-cape/cape-town/55?pt=House,ApartmentFlat,TownHouseCluster&page=92",2026-04-05 20:59:18.337006
RR2590662,6515887,2 Bedroom Apartment Morgenster,R 8 985,8985,ZAR,Morgenster,"Morgenster 14 Csa Mia, 1 Oudedam",2,1,1,7 096 m²,-33.87398,18.69408,,https://www.privateproperty.co.za/to-rent/western-cape/cape-town/brackenfell/morgenster/14-csa-mia/1-oudedam/RR2590662,"https://www.privateproperty.co.za/to-rent/western-cape/cape-town/55?pt=House,ApartmentFlat,TownHouseCluster&page=92",2026-04-05 20:59:18.337006
RR4602675,11655086,2 Bedroom Apartment Green Point,R 30 000,30000,ZAR,Green Point,Green Point,2,1,1,,,,,https://www.privateproperty.co.za/to-rent/western-cape/cape-town/atlantic-seaboard/green-point/RR4602675,"https://www.privateproperty.co.za/to-rent/western-cape/cape-town/55?pt=House,ApartmentFlat,TownHouseCluster&page=92",2026-04-05 20:59:18.337006
RR4602585,11654863,3 Bedroom House Parklands,R 22 000,22000,ZAR,Parklands,Parklands,3,1.5,1,228 m²,,,,https://www.privateproperty.co.za/to-rent/western-cape/cape-town/blouberg/parklands/RR4602585,"https://www.privateproperty.co.za/to-rent/western-cape/cape-town/55?pt=House,ApartmentFlat,TownHouseCluster&page=92",2026-04-05 20:59:18.337006
RR2449221,6195555,1 Bedroom Apartment Kenilworth,R 8 500,8500,ZAR,Kenilworth,Kenilworth,1,1,,,,,,https://www.privateproperty.co.za/to-rent/western-cape/cape-town/southern-suburbs/kenilworth/RR2449221,"https://www.privateproperty.co.za/to-rent/western-cape/cape-town/55?pt=House,ApartmentFlat,TownHouseCluster&page=92",2026-04-05 20:59:18.337006
RR4602384,11654428,2 Bedroom Apartment Waterfront,R 65 000,65000,ZAR,Waterfront,Waterfront,2,2,,,,,,https://www.privateproperty.co.za/to-rent/western-cape/cape-town/atlantic-seaboard/waterfront/RR4602384,"https://www.privateproperty.co.za/to-rent/western-cape/cape-town/55?pt=House,ApartmentFlat,TownHouseCluster&page=92",2026-04-05 20:59:18.337006
RR4602253,11654113,1 Bedroom Apartment Milnerton Central,R 11 000,11000,ZAR,Milnerton Central,Milnerton Central,1,1,2,,,,,https://www.privateproperty.co.za/to-rent/western-cape/cape-town/milnerton/milnerton-central/RR4602253,"https://www.privateproperty.co.za/to-rent/western-cape/cape-town/55?pt=House,ApartmentFlat,TownHouseCluster&page=92",2026-04-05 20:59:18.337006
RR4602153,11653839,1 Bedroom Apartment Atlantic Beach,R 19 500,19500,ZAR,Atlantic Beach,Atlantic Beach,1,1,1,,,,,https://www.privateproperty.co.za/to-rent/western-cape/cape-town/melkbosstrand/atlantic-beach/RR4602153,"https://www.privateproperty.co.za/to-rent/western-cape/cape-town/55?pt=House,ApartmentFlat,TownHouseCluster&page=92",2026-04-05 20:59:18.337006
RR4392829,11134806,1 Bedroom Apartment Muizenberg,R 16 000,16000,ZAR,Muizenberg,"Muizenberg G205 Empire Building, 96 Beach Road",1,1,5,,,,,https://www.privateproperty.co.za/to-rent/western-cape/cape-town/peninsula-false-bay/muizenberg/g205-empire-building/96-beach-road/RR4392829,"https://www.privateproperty.co.za/to-rent/western-cape/cape-town/55?pt=House,ApartmentFlat,TownHouseCluster&page=92",2026-04-05 20:59:18.337006
RR4602068,11653608,5 Bedroom House Constantia,R 120 000,120000,ZAR,Constantia,Constantia 65 Rathvelder Avenue,5,5,2,3 338 m²,,,,https://www.privateproperty.co.za/to-rent/western-cape/cape-town/southern-suburbs/constantia/65-rathvelder-avenue/RR4602068,"https://www.privateproperty.co.za/to-rent/western-cape/cape-town/55?pt=House,ApartmentFlat,TownHouseCluster&page=92",2026-04-05 20:59:18.337006
RR4602005,11653452,2 Bedroom Apartment Table View,R 27 000,27000,ZAR,Table View,Table View,2,2,,,,,,https://www.privateproperty.co.za/to-rent/western-cape/cape-town/blouberg/table-view/RR4602005,"https://www.privateproperty.co.za/to-rent/western-cape/cape-town/55?pt=House,ApartmentFlat,TownHouseCluster&page=92",2026-04-05 20:59:18.337006
RR4601903,11653192,1 Bedroom House Belhar,R 5 500,5500,ZAR,Belhar,Belhar,1,1,1,430 m²,,,,https://www.privateproperty.co.za/to-rent/western-cape/cape-town/cape-flats/belhar/RR4601903,"https://www.privateproperty.co.za/to-rent/western-cape/cape-town/55?pt=House,ApartmentFlat,TownHouseCluster&page=92",2026-04-05 20:59:18.337006
RR3973859,10061711,2 Bedroom Apartment Melkbosstrand,R 11 500,11500,ZAR,Melkbosstrand,Melkbosstrand,2,1,,,,,,https://www.privateproperty.co.za/to-rent/western-cape/cape-town/melkbosstrand/melkbosstrand/RR3973859,"https://www.privateproperty.co.za/to-rent/western-cape/cape-town/55?pt=House,ApartmentFlat,TownHouseCluster&page=93",2026-04-05 20:59:18.337006
RR4601822,11653005,3 Bedroom Duplex Big Bay,R 40 000,40000,ZAR,Big Bay,Big Bay,3,3,1,,,,,https://www.privateproperty.co.za/to-rent/western-cape/cape-town/blouberg/big-bay/RR4601822,"https://www.privateproperty.co.za/to-rent/western-cape/cape-town/55?pt=House,ApartmentFlat,TownHouseCluster&page=93",2026-04-05 20:59:18.337006
RR4601809,11652978,Bachelor apartment Cape Town City Centre,R 12 499,12499,ZAR,Cape Town City Centre,Cape Town City Centre,,1,,,,,,https://www.privateproperty.co.za/to-rent/western-cape/cape-town/cape-town-city-bowl/cape-town-city-centre/RR4601809,"https://www.privateproperty.co.za/to-rent/western-cape/cape-town/55?pt=House,ApartmentFlat,TownHouseCluster&page=93",2026-04-05 20:59:18.337006
RR4601724,11652765,2 Bedroom Apartment Bloubergstrand,R 16 000,16000,ZAR,Bloubergstrand,Bloubergstrand,2,1,2,,,,,https://www.privateproperty.co.za/to-rent/western-cape/cape-town/blouberg/bloubergstrand/RR4601724,"https://www.privateproperty.co.za/to-rent/western-cape/cape-town/55?pt=House,ApartmentFlat,TownHouseCluster&page=93",2026-04-05 20:59:18.337006
RR4601687,11652658,4 Bedroom House Sandown,R 45 000,45000,ZAR,Sandown,Sandown,4,4,1,345 m²,,,,https://www.privateproperty.co.za/to-rent/western-cape/cape-town/blouberg/sandown/RR4601687,"https://www.privateproperty.co.za/to-rent/western-cape/cape-town/55?pt=House,ApartmentFlat,TownHouseCluster&page=93",2026-04-05 20:59:18.337006
RR4601683,11652650,2 Bedroom Apartment Langeberg Heights,R 10 700,10700,ZAR,Langeberg Heights,Langeberg Heights,2,1,1,,,,,https://www.privateproperty.co.za/to-rent/western-cape/cape-town/kraaifontein/langeberg-ridge/langeberg-heights/RR4601683,"https://www.privateproperty.co.za/to-rent/western-cape/cape-town/55?pt=House,ApartmentFlat,TownHouseCluster&page=93",2026-04-05 20:59:18.337006
RR4601659,11652582,2 Bedroom Apartment Klipkop,R 9 500,9500,ZAR,Klipkop,Klipkop,2,1,1,,,,,https://www.privateproperty.co.za/to-rent/western-cape/cape-town/parow/klipkop/RR4601659,"https://www.privateproperty.co.za/to-rent/western-cape/cape-town/55?pt=House,ApartmentFlat,TownHouseCluster&page=93",2026-04-05 20:59:18.337006
RR4601641,11652534,5 Bedroom House Constantia,R 100 000,100000,ZAR,Constantia,Constantia,5,5,3,,,,,https://www.privateproperty.co.za/to-rent/western-cape/cape-town/southern-suburbs/constantia/RR4601641,"https://www.privateproperty.co.za/to-rent/western-cape/cape-town/55?pt=House,ApartmentFlat,TownHouseCluster&page=93",2026-04-05 20:59:18.337006
RR4601563,11652346,2 Bedroom Apartment Claremont Upper,R 26 000,26000,ZAR,Claremont Upper,Claremont Upper,2,2.5,1,,,,,https://www.privateproperty.co.za/to-rent/western-cape/cape-town/southern-suburbs/claremont/claremont-upper/RR4601563,"https://www.privateproperty.co.za/to-rent/western-cape/cape-town/55?pt=House,ApartmentFlat,TownHouseCluster&page=93",2026-04-05 20:59:18.337006
RR4601495,11652176,3 Bedroom Apartment Sea Point,R 30 000,30000,ZAR,Sea Point,Sea Point 3 Skyways Highlevel Road,3,1,,,,,,https://www.privateproperty.co.za/to-rent/western-cape/cape-town/atlantic-seaboard/sea-point/3-skyways-highlevel-road/RR4601495,"https://www.privateproperty.co.za/to-rent/western-cape/cape-town/55?pt=House,ApartmentFlat,TownHouseCluster&page=93",2026-04-05 20:59:18.337006
RR4601368,11651856,2 Bedroom Apartment Flamingo Vlei,R 15 500,15500,ZAR,Flamingo Vlei,Flamingo Vlei,2,2.5,2,,,,,https://www.privateproperty.co.za/to-rent/western-cape/cape-town/blouberg/flamingo-vlei/RR4601368,"https://www.privateproperty.co.za/to-rent/western-cape/cape-town/55?pt=House,ApartmentFlat,TownHouseCluster&page=93",2026-04-05 20:59:18.337006
RR4601365,11651851,1 Bedroom Apartment Kuilsriver,R 10 500,10500,ZAR,Kuilsriver,Kuilsriver,1,1,1,,,,,https://www.privateproperty.co.za/to-rent/western-cape/cape-town/kuils-river/kuilsriver/RR4601365,"https://www.privateproperty.co.za/to-rent/western-cape/cape-town/55?pt=House,ApartmentFlat,TownHouseCluster&page=93",2026-04-05 20:59:18.337006
RR4601291,11651678,1 Bedroom Apartment Waterfront,R 35 000,35000,ZAR,Waterfront,Waterfront,1,1,1,65 m²,,,,https://www.privateproperty.co.za/to-rent/western-cape/cape-town/atlantic-seaboard/waterfront/RR4601291,"https://www.privateproperty.co.za/to-rent/western-cape/cape-town/55?pt=House,ApartmentFlat,TownHouseCluster&page=93",2026-04-05 20:59:18.337006
RR4601276,11651645,3 Bedroom Apartment Bantry Bay,R 55 000,55000,ZAR,Bantry Bay,Bantry Bay,3,2.5,2,,,,,https://www.privateproperty.co.za/to-rent/western-cape/cape-town/atlantic-seaboard/bantry-bay/RR4601276,"https://www.privateproperty.co.za/to-rent/western-cape/cape-town/55?pt=House,ApartmentFlat,TownHouseCluster&page=93",2026-04-05 20:59:18.337006
RR4601020,11651028,1 Bedroom Flat Macassar,R 3 200,3200,ZAR,Macassar,Macassar,1,1,,495 m²,,,,https://www.privateproperty.co.za/to-rent/western-cape/cape-town/somerset-west/macassar/RR4601020,"https://www.privateproperty.co.za/to-rent/western-cape/cape-town/55?pt=House,ApartmentFlat,TownHouseCluster&page=93",2026-04-05 20:59:18.337006
RR4601009,11651005,3 Bedroom House Sandown,R 55 000,55000,ZAR,Sandown,Sandown,3,2.5,4,250 m²,,,,https://www.privateproperty.co.za/to-rent/western-cape/cape-town/blouberg/sandown/RR4601009,"https://www.privateproperty.co.za/to-rent/western-cape/cape-town/55?pt=House,ApartmentFlat,TownHouseCluster&page=93",2026-04-05 20:59:18.337006
RR4600988,11650945,2 Bedroom Apartment Milnerton Central,R 16 000,16000,ZAR,Milnerton Central,Milnerton Central,2,2,,,,,,https://www.privateproperty.co.za/to-rent/western-cape/cape-town/milnerton/milnerton-central/RR4600988,"https://www.privateproperty.co.za/to-rent/western-cape/cape-town/55?pt=House,ApartmentFlat,TownHouseCluster&page=93",2026-04-05 20:59:18.337006
RR4600837,11650457,2 Bedroom Apartment Whispering Pines,R 11 500,11500,ZAR,Whispering Pines,"Whispering Pines 124 Gordon Sands, 44 Hibiscus Avenue",2,2,1,1.8 ha,-34.141679,18.86282,,https://www.privateproperty.co.za/to-rent/western-cape/cape-town/gordons-bay/whispering-pines/124-gordon-sands/44-hibiscus-avenue/RR4600837,"https://www.privateproperty.co.za/to-rent/western-cape/cape-town/55?pt=House,ApartmentFlat,TownHouseCluster&page=93",2026-04-05 20:59:18.337006
RR4600671,11650057,3 Bedroom Apartment Sandown,R 19 000,19000,ZAR,Sandown,Sandown,3,2,,118 m²,,,,https://www.privateproperty.co.za/to-rent/western-cape/cape-town/blouberg/sandown/RR4600671,"https://www.privateproperty.co.za/to-rent/western-cape/cape-town/55?pt=House,ApartmentFlat,TownHouseCluster&page=93",2026-04-05 20:59:18.337006
RR4600656,11650015,3 Bedroom House Plumstead,R 21 500,21500,ZAR,Plumstead,Plumstead,3,1,2,139 m²,,,,https://www.privateproperty.co.za/to-rent/western-cape/cape-town/southern-suburbs/plumstead/RR4600656,"https://www.privateproperty.co.za/to-rent/western-cape/cape-town/55?pt=House,ApartmentFlat,TownHouseCluster&page=93",2026-04-05 20:59:18.337006
RR4600546,11649725,1 Bedroom Apartment Foreshore,R 18 500,18500,ZAR,Foreshore,Foreshore,1,1,,,,,,https://www.privateproperty.co.za/to-rent/western-cape/cape-town/atlantic-seaboard/foreshore/RR4600546,"https://www.privateproperty.co.za/to-rent/western-cape/cape-town/55?pt=House,ApartmentFlat,TownHouseCluster&page=94",2026-04-05 20:59:18.337006
RR4600420,11649379,2 Bedroom Apartment Century City,R 35 000,35000,ZAR,Century City,Century City,2,2,,,,,,https://www.privateproperty.co.za/to-rent/western-cape/cape-town/milnerton/century-city/RR4600420,"https://www.privateproperty.co.za/to-rent/western-cape/cape-town/55?pt=House,ApartmentFlat,TownHouseCluster&page=94",2026-04-05 20:59:18.337006
RR4600335,11649184,2 Bedroom Apartment Waterfront,R 55 000,55000,ZAR,Waterfront,Waterfront,2,2,2,,,,,https://www.privateproperty.co.za/to-rent/western-cape/cape-town/atlantic-seaboard/waterfront/RR4600335,"https://www.privateproperty.co.za/to-rent/western-cape/cape-town/55?pt=House,ApartmentFlat,TownHouseCluster&page=94",2026-04-05 20:59:18.337006
RR4600221,11648887,1 Bedroom Apartment Woodstock,R 13 500,13500,ZAR,Woodstock,Woodstock,1,1,1,,,,,https://www.privateproperty.co.za/to-rent/western-cape/cape-town/cape-town-city-bowl/woodstock/RR4600221,"https://www.privateproperty.co.za/to-rent/western-cape/cape-town/55?pt=House,ApartmentFlat,TownHouseCluster&page=94",2026-04-05 20:59:18.337006
RR3485422,8639131,3 Bedroom House Mountainside,R 45 000,45000,ZAR,Mountainside,Mountainside,3,3,1,925 m²,,,,https://www.privateproperty.co.za/to-rent/western-cape/cape-town/gordons-bay/mountainside/RR3485422,"https://www.privateproperty.co.za/to-rent/western-cape/cape-town/55?pt=House,ApartmentFlat,TownHouseCluster&page=94",2026-04-05 20:59:18.337006
RR4600106,11648624,3 Bedroom House Goodwood,R 23 000,23000,ZAR,Goodwood,Goodwood,3,3,4,320 m²,,,,https://www.privateproperty.co.za/to-rent/western-cape/cape-town/goodwood/goodwood/RR4600106,"https://www.privateproperty.co.za/to-rent/western-cape/cape-town/55?pt=House,ApartmentFlat,TownHouseCluster&page=94",2026-04-05 20:59:18.337006
RR4600048,11648460,2 Bedroom Apartment Buh Rein Estate,R 9 000,9000,ZAR,Buh Rein Estate,Buh Rein Estate,2,1,1,,,,,https://www.privateproperty.co.za/to-rent/western-cape/cape-town/kraaifontein/buh-rein-estate/RR4600048,"https://www.privateproperty.co.za/to-rent/western-cape/cape-town/55?pt=House,ApartmentFlat,TownHouseCluster&page=94",2026-04-05 20:59:18.337006
RR4320062,10941805,2 Bedroom Apartment Zonnebloem,R 16 000,16000,ZAR,Zonnebloem,Zonnebloem,2,1,1,,,,,https://www.privateproperty.co.za/to-rent/western-cape/cape-town/cape-town-city-bowl/zonnebloem/RR4320062,"https://www.privateproperty.co.za/to-rent/western-cape/cape-town/55?pt=House,ApartmentFlat,TownHouseCluster&page=94",2026-04-05 20:59:18.337006
RR4599834,11647923,3 Bedroom House Big Bay,R 55 000,55000,ZAR,Big Bay,Big Bay,3,3.5,2,430 m²,,,,https://www.privateproperty.co.za/to-rent/western-cape/cape-town/blouberg/big-bay/RR4599834,"https://www.privateproperty.co.za/to-rent/western-cape/cape-town/55?pt=House,ApartmentFlat,TownHouseCluster&page=94",2026-04-05 20:59:18.337006
RR4468907,11324631,Studio Apartment Glenhaven,R 7 500,7500,ZAR,Glenhaven,"Glenhaven A304 The Glen, 1 Corner Of Bester And Peter Barlow D",0.5,1,,,,,,https://www.privateproperty.co.za/to-rent/western-cape/cape-town/bellville/bellville-central/glenhaven/a304-the-glen/1-corner-of-bester-and-peter-barlow-d/RR4468907,"https://www.privateproperty.co.za/to-rent/western-cape/cape-town/55?pt=House,ApartmentFlat,TownHouseCluster&page=94",2026-04-05 20:59:18.337006
RR4599808,11647854,3 Bedroom House Sunningdale,R 32 000,32000,ZAR,Sunningdale,Sunningdale,3,2,4,350 m²,,,,https://www.privateproperty.co.za/to-rent/western-cape/cape-town/blouberg/sunningdale/RR4599808,"https://www.privateproperty.co.za/to-rent/western-cape/cape-town/55?pt=House,ApartmentFlat,TownHouseCluster&page=94",2026-04-05 20:59:18.337006
RR4488132,11374096,Studio Apartment Glenhaven,R 7 500,7500,ZAR,Glenhaven,"Glenhaven A103 The Glen, 1 Unit 103, Corner Peter Barlow & Bester Dri",0.5,1,,,,,,https://www.privateproperty.co.za/to-rent/western-cape/cape-town/bellville/bellville-central/glenhaven/a103-the-glen/1-unit-103-corner-peter-barlow-bester-dri/RR4488132,"https://www.privateproperty.co.za/to-rent/western-cape/cape-town/55?pt=House,ApartmentFlat,TownHouseCluster&page=94",2026-04-05 20:59:18.337006
RR4599768,11647756,1 Bedroom Apartment Beach Estate,R 12 000,12000,ZAR,Beach Estate,Beach Estate,1,1,,,,,,https://www.privateproperty.co.za/to-rent/western-cape/cape-town/hout-bay/beach-estate/RR4599768,"https://www.privateproperty.co.za/to-rent/western-cape/cape-town/55?pt=House,ApartmentFlat,TownHouseCluster&page=94",2026-04-05 20:59:18.337006
RR4599742,11647692,1 Bedroom Apartment Muizenberg,R 18 000,18000,ZAR,Muizenberg,Muizenberg,1,1,1,,,,,https://www.privateproperty.co.za/to-rent/western-cape/cape-town/peninsula-false-bay/muizenberg/RR4599742,"https://www.privateproperty.co.za/to-rent/western-cape/cape-town/55?pt=House,ApartmentFlat,TownHouseCluster&page=94",2026-04-05 20:59:18.337006
RR4599719,11647646,1 Bedroom Apartment Cape Town City Centre,R 19 999,19999,ZAR,Cape Town City Centre,Cape Town City Centre,1,1,,,,,,https://www.privateproperty.co.za/to-rent/western-cape/cape-town/cape-town-city-bowl/cape-town-city-centre/RR4599719,"https://www.privateproperty.co.za/to-rent/western-cape/cape-town/55?pt=House,ApartmentFlat,TownHouseCluster&page=94",2026-04-05 20:59:18.337006
RR4599698,11647577,2 Bedroom Apartment Waterfront,R 70 000,70000,ZAR,Waterfront,Waterfront,2,2,2,,,,,https://www.privateproperty.co.za/to-rent/western-cape/cape-town/atlantic-seaboard/waterfront/RR4599698,"https://www.privateproperty.co.za/to-rent/western-cape/cape-town/55?pt=House,ApartmentFlat,TownHouseCluster&page=94",2026-04-05 20:59:18.337006
RR4599668,11647477,2 Bedroom House Marina Da Gama,R 18 500,18500,ZAR,Marina Da Gama,"Marina Da Gama 00 Marina Da Gama, 142 Main Road",2,1,,285 m²,-34.0918172,18.4625968,,https://www.privateproperty.co.za/to-rent/western-cape/cape-town/peninsula-false-bay/marina-da-gama/00-marina-da-gama/142-main-road/RR4599668,"https://www.privateproperty.co.za/to-rent/western-cape/cape-town/55?pt=House,ApartmentFlat,TownHouseCluster&page=94",2026-04-05 20:59:18.337006
RR4599566,11647219,1 Bedroom Apartment Waves Edge,R 10 000,10000,ZAR,Waves Edge,Waves Edge,1,1,1,,,,,https://www.privateproperty.co.za/to-rent/western-cape/cape-town/blouberg/bloubergstrand/waves-edge/RR4599566,"https://www.privateproperty.co.za/to-rent/western-cape/cape-town/55?pt=House,ApartmentFlat,TownHouseCluster&page=94",2026-04-05 20:59:18.337006
RR4599546,11647167,3 Bedroom House Constantia,R 60 000,60000,ZAR,Constantia,Constantia,3,2.5,2,461 m²,,,,https://www.privateproperty.co.za/to-rent/western-cape/cape-town/southern-suburbs/constantia/RR4599546,"https://www.privateproperty.co.za/to-rent/western-cape/cape-town/55?pt=House,ApartmentFlat,TownHouseCluster&page=94",2026-04-05 20:59:18.337006
RR4599531,11647135,4 Bedroom House Constantia,R 75 000,75000,ZAR,Constantia,Constantia,4,3,2,,,,,https://www.privateproperty.co.za/to-rent/western-cape/cape-town/southern-suburbs/constantia/RR4599531,"https://www.privateproperty.co.za/to-rent/western-cape/cape-town/55?pt=House,ApartmentFlat,TownHouseCluster&page=94",2026-04-05 20:59:18.337006
RR4599492,11647049,Studio apartment Cape Town City Centre,R 18 000,18000,ZAR,Cape Town City Centre,Cape Town City Centre,,1,1,,,,,https://www.privateproperty.co.za/to-rent/western-cape/cape-town/cape-town-city-bowl/cape-town-city-centre/RR4599492,"https://www.privateproperty.co.za/to-rent/western-cape/cape-town/55?pt=House,ApartmentFlat,TownHouseCluster&page=95",2026-04-05 20:59:18.337006
RR4599434,11646883,4 Bedroom House Sandown,R 45 000,45000,ZAR,Sandown,Sandown,4,3,2,347 m²,,,,https://www.privateproperty.co.za/to-rent/western-cape/cape-town/blouberg/sandown/RR4599434,"https://www.privateproperty.co.za/to-rent/western-cape/cape-town/55?pt=House,ApartmentFlat,TownHouseCluster&page=95",2026-04-05 20:59:18.337006
RR4599314,11646567,5 Bedroom House Constantia,R 140 000,140000,ZAR,Constantia,Constantia,5,5,8,,,,,https://www.privateproperty.co.za/to-rent/western-cape/cape-town/southern-suburbs/constantia/RR4599314,"https://www.privateproperty.co.za/to-rent/western-cape/cape-town/55?pt=House,ApartmentFlat,TownHouseCluster&page=95",2026-04-05 20:59:18.337006
RR4599270,11646483,2 Bedroom Apartment Cape Town City Centre,R 25 500,25500,ZAR,Cape Town City Centre,Cape Town City Centre,2,2,1,,,,,https://www.privateproperty.co.za/to-rent/western-cape/cape-town/cape-town-city-bowl/cape-town-city-centre/RR4599270,"https://www.privateproperty.co.za/to-rent/western-cape/cape-town/55?pt=House,ApartmentFlat,TownHouseCluster&page=95",2026-04-05 20:59:18.337006
RR3739511,9367972,1 Bedroom Apartment Pinelands,R 11 500,11500,ZAR,Pinelands,Pinelands,1,1,,,,,,https://www.privateproperty.co.za/to-rent/western-cape/cape-town/southern-suburbs/pinelands/RR3739511,"https://www.privateproperty.co.za/to-rent/western-cape/cape-town/55?pt=House,ApartmentFlat,TownHouseCluster&page=95",2026-04-05 20:59:18.337006
RR4599199,11646343,3 Bedroom Townhouse Monte Vista,R 18 700,18700,ZAR,Monte Vista,Monte Vista,3,3,,,,,,https://www.privateproperty.co.za/to-rent/western-cape/cape-town/goodwood/monte-vista/RR4599199,"https://www.privateproperty.co.za/to-rent/western-cape/cape-town/55?pt=House,ApartmentFlat,TownHouseCluster&page=95",2026-04-05 20:59:18.337006
RR4599059,11646046,1 Bedroom Apartment Westgate,R 4 500,4500,ZAR,Westgate,Westgate,1,1,,,,,,https://www.privateproperty.co.za/to-rent/western-cape/cape-town/mitchells-plain/mitchells-plain/westgate/RR4599059,"https://www.privateproperty.co.za/to-rent/western-cape/cape-town/55?pt=House,ApartmentFlat,TownHouseCluster&page=95",2026-04-05 20:59:18.337006
RR4599018,11645945,2 Bedroom Apartment Parklands East,R 995 000,995000,ZAR,Parklands East,Parklands East,2,1,1,,,,,https://www.privateproperty.co.za/to-rent/western-cape/cape-town/blouberg/parklands/parklands-east/RR4599018,"https://www.privateproperty.co.za/to-rent/western-cape/cape-town/55?pt=House,ApartmentFlat,TownHouseCluster&page=95",2026-04-05 20:59:18.337006
RR4598969,11645823,3 Bedroom House Green Point,R 85 000,85000,ZAR,Green Point,Green Point,3,2.5,2,169 m²,,,,https://www.privateproperty.co.za/to-rent/western-cape/cape-town/atlantic-seaboard/green-point/RR4598969,"https://www.privateproperty.co.za/to-rent/western-cape/cape-town/55?pt=House,ApartmentFlat,TownHouseCluster&page=95",2026-04-05 20:59:18.337006
RR4598753,11645316,1 Bedroom Apartment Richwood,R 11 500,11500,ZAR,Richwood,"Richwood 00 De-aan Zicth, 111 Giel Basson Dr &, Rooiheuwel Rd",1,1,2,,-33.8347754976476,18.5432052612305,,https://www.privateproperty.co.za/to-rent/western-cape/cape-town/milnerton/richwood/00-de-aan-zicth/111-giel-basson-dr-rooiheuwel-rd/RR4598753,"https://www.privateproperty.co.za/to-rent/western-cape/cape-town/55?pt=House,ApartmentFlat,TownHouseCluster&page=95",2026-04-05 20:59:18.337006
RR4483790,11362940,1 Bedroom Apartment Cape Town City Centre,R 27 000,27000,ZAR,Cape Town City Centre,Cape Town City Centre,1,1,,,,,,https://www.privateproperty.co.za/to-rent/western-cape/cape-town/cape-town-city-bowl/cape-town-city-centre/RR4483790,"https://www.privateproperty.co.za/to-rent/western-cape/cape-town/55?pt=House,ApartmentFlat,TownHouseCluster&page=95",2026-04-05 20:59:18.337006
RR4598716,11645232,4 Bedroom House Atlantic Beach Golf Estate,R 55 000,55000,ZAR,Atlantic Beach Golf Estate,Atlantic Beach Golf Estate,4,3,4,687 m²,,,,https://www.privateproperty.co.za/to-rent/western-cape/cape-town/melkbosstrand/atlantic-beach/atlantic-beach-golf-estate/RR4598716,"https://www.privateproperty.co.za/to-rent/western-cape/cape-town/55?pt=House,ApartmentFlat,TownHouseCluster&page=95",2026-04-05 20:59:18.337006
RR4598625,11645036,3 Bedroom Duplex Parklands,R 17 000,17000,ZAR,Parklands,Parklands,3,3,1,,,,,https://www.privateproperty.co.za/to-rent/western-cape/cape-town/blouberg/parklands/RR4598625,"https://www.privateproperty.co.za/to-rent/western-cape/cape-town/55?pt=House,ApartmentFlat,TownHouseCluster&page=95",2026-04-05 20:59:18.337006
RR4598594,11644963,Studio Apartment Cape Town City Centre,R 14 500,14500,ZAR,Cape Town City Centre,"Cape Town City Centre 411 St Martini, 70 Queen Victoria Street",0.5,1,,,-33.9270498,18.415133,,https://www.privateproperty.co.za/to-rent/western-cape/cape-town/cape-town-city-bowl/cape-town-city-centre/411-st-martini/70-queen-victoria-street/RR4598594,"https://www.privateproperty.co.za/to-rent/western-cape/cape-town/55?pt=House,ApartmentFlat,TownHouseCluster&page=95",2026-04-05 20:59:18.337006
RR3709764,9274846,Studio apartment Cape Town City Centre,R 13 900,13900,ZAR,Cape Town City Centre,Cape Town City Centre,0.5,1,1,,,,,https://www.privateproperty.co.za/to-rent/western-cape/cape-town/cape-town-city-bowl/cape-town-city-centre/RR3709764,"https://www.privateproperty.co.za/to-rent/western-cape/cape-town/55?pt=House,ApartmentFlat,TownHouseCluster&page=95",2026-04-05 20:59:18.337006
RR3709763,9274845,Studio apartment Cape Town City Centre,R 13 900,13900,ZAR,Cape Town City Centre,Cape Town City Centre,0.5,1,1,,,,,https://www.privateproperty.co.za/to-rent/western-cape/cape-town/cape-town-city-bowl/cape-town-city-centre/RR3709763,"https://www.privateproperty.co.za/to-rent/western-cape/cape-town/55?pt=House,ApartmentFlat,TownHouseCluster&page=95",2026-04-05 20:59:18.337006
RR4598275,11644211,1 Bedroom Apartment Zonnebloem,R 12 000,12000,ZAR,Zonnebloem,Zonnebloem,1,1,,,,,,https://www.privateproperty.co.za/to-rent/western-cape/cape-town/cape-town-city-bowl/zonnebloem/RR4598275,"https://www.privateproperty.co.za/to-rent/western-cape/cape-town/55?pt=House,ApartmentFlat,TownHouseCluster&page=95",2026-04-05 20:59:18.337006
RR3322063,8189305,3 Bedroom House Gardens,R 35 000,35000,ZAR,Gardens,Gardens,3,3,,419 m²,,,,https://www.privateproperty.co.za/to-rent/western-cape/cape-town/cape-town-city-bowl/gardens/RR3322063,"https://www.privateproperty.co.za/to-rent/western-cape/cape-town/55?pt=House,ApartmentFlat,TownHouseCluster&page=95",2026-04-05 20:59:18.337006
RR2139369,5469348,2 Bedroom Apartment Rome Glen,R 20 000,20000,ZAR,Rome Glen,Rome Glen,2,2,2,,,,,https://www.privateproperty.co.za/to-rent/western-cape/cape-town/somerset-west/rome-glen/RR2139369,"https://www.privateproperty.co.za/to-rent/western-cape/cape-town/55?pt=House,ApartmentFlat,TownHouseCluster&page=95",2026-04-05 20:59:18.337006
RR4598084,11643711,2 Bedroom Apartment Big Bay,R 22 500,22500,ZAR,Big Bay,Big Bay,2,2,2,,,,,https://www.privateproperty.co.za/to-rent/western-cape/cape-town/blouberg/big-bay/RR4598084,"https://www.privateproperty.co.za/to-rent/western-cape/cape-town/55?pt=House,ApartmentFlat,TownHouseCluster&page=95",2026-04-05 20:59:18.337006
RR4597953,11643397,3 Bedroom House Noordhoek,R 75 000,75000,ZAR,Noordhoek,Noordhoek 8 Erica Street,3,3,,1 126 m²,,,,https://www.privateproperty.co.za/to-rent/western-cape/cape-town/peninsula-false-bay/noordhoek/8-erica-street/RR4597953,"https://www.privateproperty.co.za/to-rent/western-cape/cape-town/55?pt=House,ApartmentFlat,TownHouseCluster&page=96",2026-04-05 20:59:18.337006
RR4597939,11643369,2 Bedroom House Simons Town,R 20 000,20000,ZAR,Simons Town,Simons Town,2,2,2,,,,,https://www.privateproperty.co.za/to-rent/western-cape/cape-town/simons-town/simons-town/RR4597939,"https://www.privateproperty.co.za/to-rent/western-cape/cape-town/55?pt=House,ApartmentFlat,TownHouseCluster&page=96",2026-04-05 20:59:18.337006
RR4597808,11642990,3 Bedroom Apartment De Velde,R 21 500,21500,ZAR,De Velde,De Velde,3,2,2,,,,,https://www.privateproperty.co.za/to-rent/western-cape/cape-town/somerset-west/de-velde/RR4597808,"https://www.privateproperty.co.za/to-rent/western-cape/cape-town/55?pt=House,ApartmentFlat,TownHouseCluster&page=96",2026-04-05 20:59:18.337006
RR4335540,10985570,2 Bedroom House Vredehoek,R 35 000,35000,ZAR,Vredehoek,Vredehoek,2,2,2,290 m²,,,,https://www.privateproperty.co.za/to-rent/western-cape/cape-town/cape-town-city-bowl/vredehoek/RR4335540,"https://www.privateproperty.co.za/to-rent/western-cape/cape-town/55?pt=House,ApartmentFlat,TownHouseCluster&page=96",2026-04-05 20:59:18.337006
RR4597779,11642922,3 Bedroom Apartment Century City,R 39 995,39995,ZAR,Century City,Century City,3,2,2,,,,,https://www.privateproperty.co.za/to-rent/western-cape/cape-town/milnerton/century-city/RR4597779,"https://www.privateproperty.co.za/to-rent/western-cape/cape-town/55?pt=House,ApartmentFlat,TownHouseCluster&page=96",2026-04-05 20:59:18.337006
RR4171281,10571799,1 Bedroom Apartment Somerset West Central,R 14 000,14000,ZAR,Somerset West Central,Somerset West Central,1,1,1,,,,,https://www.privateproperty.co.za/to-rent/western-cape/cape-town/somerset-west/somerset-west-central/RR4171281,"https://www.privateproperty.co.za/to-rent/western-cape/cape-town/55?pt=House,ApartmentFlat,TownHouseCluster&page=96",2026-04-05 20:59:18.337006
RR4597545,11642408,5 Bedroom House Ruyteplaats,R 110 000,110000,ZAR,Ruyteplaats,Ruyteplaats,5,4,4,,,,,https://www.privateproperty.co.za/to-rent/western-cape/cape-town/hout-bay/ruyteplaats/RR4597545,"https://www.privateproperty.co.za/to-rent/western-cape/cape-town/55?pt=House,ApartmentFlat,TownHouseCluster&page=96",2026-04-05 20:59:18.337006
RR4597538,11642393,Studio apartment Cape Town City Centre,R 12 000,12000,ZAR,Cape Town City Centre,"Cape Town City Centre 100 Black Brick, 6 St Georges",1,1,,,-33.92043,18.42341,,https://www.privateproperty.co.za/to-rent/western-cape/cape-town/cape-town-city-bowl/cape-town-city-centre/100-black-brick/6-st-georges/RR4597538,"https://www.privateproperty.co.za/to-rent/western-cape/cape-town/55?pt=House,ApartmentFlat,TownHouseCluster&page=96",2026-04-05 20:59:18.337006
RR4597525,11642362,5 Bedroom House Sandown,R 60 000,60000,ZAR,Sandown,Sandown,5,3,3,361 m²,,,,https://www.privateproperty.co.za/to-rent/western-cape/cape-town/blouberg/sandown/RR4597525,"https://www.privateproperty.co.za/to-rent/western-cape/cape-town/55?pt=House,ApartmentFlat,TownHouseCluster&page=96",2026-04-05 20:59:18.337006
RR4597373,11641973,1 Bedroom Apartment Green Point,R 24 000,24000,ZAR,Green Point,Green Point,1,1,,,,,,https://www.privateproperty.co.za/to-rent/western-cape/cape-town/atlantic-seaboard/green-point/RR4597373,"https://www.privateproperty.co.za/to-rent/western-cape/cape-town/55?pt=House,ApartmentFlat,TownHouseCluster&page=96",2026-04-05 20:59:18.337006
RR4597358,11641925,4 Bedroom Duplex Sandown,R 37 000,37000,ZAR,Sandown,Sandown,4,3,1,184 m²,,,,https://www.privateproperty.co.za/to-rent/western-cape/cape-town/blouberg/sandown/RR4597358,"https://www.privateproperty.co.za/to-rent/western-cape/cape-town/55?pt=House,ApartmentFlat,TownHouseCluster&page=96",2026-04-05 20:59:18.337006
RR3984244,10088399,2 Bedroom Simplex Hout Bay Central,R 23 000,23000,ZAR,Hout Bay Central,Hout Bay Central,2,2,1,,,,,https://www.privateproperty.co.za/to-rent/western-cape/cape-town/hout-bay/hout-bay-central/RR3984244,"https://www.privateproperty.co.za/to-rent/western-cape/cape-town/55?pt=House,ApartmentFlat,TownHouseCluster&page=96",2026-04-05 20:59:18.337006
RR4597160,11641298,1 Bedroom Apartment Oakdale,R 4 500,4500,ZAR,Oakdale,"Oakdale 18 Sanford Street, Oakdale, Belville 18 Sanford Street, Oakdale, Belville",1,1,,,-33.8860082,18.6385538,,https://www.privateproperty.co.za/to-rent/western-cape/cape-town/bellville/oakdale/18-sanford-street-oakdale-belville-18-sanford-street-oakdale-belville/RR4597160,"https://www.privateproperty.co.za/to-rent/western-cape/cape-town/55?pt=House,ApartmentFlat,TownHouseCluster&page=96",2026-04-05 20:59:18.337006
RR4354492,11036900,3 Bedroom Apartment Greenways Golf Estate,R 15 500,15500,ZAR,Greenways Golf Estate,Greenways Golf Estate,3,2,,,,,,https://www.privateproperty.co.za/to-rent/western-cape/cape-town/strand/greenways/greenways-golf-estate/RR4354492,"https://www.privateproperty.co.za/to-rent/western-cape/cape-town/55?pt=House,ApartmentFlat,TownHouseCluster&page=96",2026-04-05 20:59:18.337006
RR4597062,11641037,3 Bedroom House Croydon,R 32 500,32500,ZAR,Croydon,Croydon 29 Hildebrandt Road,3,3,4,476 m²,-34.0460138,18.7629578,,https://www.privateproperty.co.za/to-rent/western-cape/cape-town/somerset-west/croydon/29-hildebrandt-road/RR4597062,"https://www.privateproperty.co.za/to-rent/western-cape/cape-town/55?pt=House,ApartmentFlat,TownHouseCluster&page=96",2026-04-05 20:59:18.337006
RR4455831,11292425,2 Bedroom Flat Green Point,R 20 000,20000,ZAR,Green Point,"Green Point 6 Devonshire, 7 Main Road",2,1,1,,-33.9045518,18.4068343,,https://www.privateproperty.co.za/to-rent/western-cape/cape-town/atlantic-seaboard/green-point/6-devonshire/7-main-road/RR4455831,"https://www.privateproperty.co.za/to-rent/western-cape/cape-town/55?pt=House,ApartmentFlat,TownHouseCluster&page=96",2026-04-05 20:59:18.337006
RR4596794,11640164,2 Bedroom Apartment Waterfront,R 90 000,90000,ZAR,Waterfront,Waterfront,2,2,2,,,,,https://www.privateproperty.co.za/to-rent/western-cape/cape-town/atlantic-seaboard/waterfront/RR4596794,"https://www.privateproperty.co.za/to-rent/western-cape/cape-town/55?pt=House,ApartmentFlat,TownHouseCluster&page=96",2026-04-05 20:59:18.337006
RR4363941,11062428,Studio apartment Green Point,R 16 500,16500,ZAR,Green Point,"Green Point 12a Sloene Square, 159 Main Road",,1,,,-33.9045518,18.4068343,,https://www.privateproperty.co.za/to-rent/western-cape/cape-town/atlantic-seaboard/green-point/12a-sloene-square/159-main-road/RR4363941,"https://www.privateproperty.co.za/to-rent/western-cape/cape-town/55?pt=House,ApartmentFlat,TownHouseCluster&page=96",2026-04-05 20:59:18.337006
RR4596630,11639726,2 Bedroom House Observatory,R 14 500,14500,ZAR,Observatory,Observatory,2,1,,,,,,https://www.privateproperty.co.za/to-rent/western-cape/cape-town/cape-town-city-bowl/observatory/RR4596630,"https://www.privateproperty.co.za/to-rent/western-cape/cape-town/55?pt=House,ApartmentFlat,TownHouseCluster&page=96",2026-04-05 20:59:18.337006
RR4596567,11639522,1 Bedroom Apartment Milnerton Central,R 14 500,14500,ZAR,Milnerton Central,Milnerton Central,1,1,2,,,,,https://www.privateproperty.co.za/to-rent/western-cape/cape-town/milnerton/milnerton-central/RR4596567,"https://www.privateproperty.co.za/to-rent/western-cape/cape-town/55?pt=House,ApartmentFlat,TownHouseCluster&page=96",2026-04-05 20:59:18.337006
RR4596539,11639442,2 Bedroom Apartment Sea Point,R 35 000,35000,ZAR,Sea Point,Sea Point,2,2,1,,,,,https://www.privateproperty.co.za/to-rent/western-cape/cape-town/atlantic-seaboard/sea-point/RR4596539,"https://www.privateproperty.co.za/to-rent/western-cape/cape-town/55?pt=House,ApartmentFlat,TownHouseCluster&page=97",2026-04-05 20:59:18.337006
RR4596499,11639301,3 Bedroom Apartment Green Point,R 40 000,40000,ZAR,Green Point,Green Point,3,3,1,,,,,https://www.privateproperty.co.za/to-rent/western-cape/cape-town/atlantic-seaboard/green-point/RR4596499,"https://www.privateproperty.co.za/to-rent/western-cape/cape-town/55?pt=House,ApartmentFlat,TownHouseCluster&page=97",2026-04-05 20:59:18.337006
RR4596485,11639258,2 Bedroom House Lavender Hill,R 6 500,6500,ZAR,Lavender Hill,Lavender Hill,2,1,1,150 m²,,,,https://www.privateproperty.co.za/to-rent/western-cape/cape-town/cape-flats/retreat/lavender-hill/RR4596485,"https://www.privateproperty.co.za/to-rent/western-cape/cape-town/55?pt=House,ApartmentFlat,TownHouseCluster&page=97",2026-04-05 20:59:18.337006
RR4596449,11639154,3 Bedroom Duplex Croydon,R 25 000,25000,ZAR,Croydon,Croydon,3,2.5,1,175 m²,,,,https://www.privateproperty.co.za/to-rent/western-cape/cape-town/somerset-west/croydon/RR4596449,"https://www.privateproperty.co.za/to-rent/western-cape/cape-town/55?pt=House,ApartmentFlat,TownHouseCluster&page=97",2026-04-05 20:59:18.337006
RR4596344,11638827,2 Bedroom Apartment Mouille Point,R 24 000,24000,ZAR,Mouille Point,Mouille Point,2,1,1,,,,,https://www.privateproperty.co.za/to-rent/western-cape/cape-town/atlantic-seaboard/mouille-point/RR4596344,"https://www.privateproperty.co.za/to-rent/western-cape/cape-town/55?pt=House,ApartmentFlat,TownHouseCluster&page=97",2026-04-05 20:59:18.337006
RR4011493,10152699,2 Bedroom Apartment Kenilworth,R 18 000,18000,ZAR,Kenilworth,Kenilworth,2,1,1,,,,,https://www.privateproperty.co.za/to-rent/western-cape/cape-town/southern-suburbs/kenilworth/RR4011493,"https://www.privateproperty.co.za/to-rent/western-cape/cape-town/55?pt=House,ApartmentFlat,TownHouseCluster&page=97",2026-04-05 20:59:18.337006
RR4062808,10296112,2 Bedroom Apartment Fresnaye,R 65 000,65000,ZAR,Fresnaye,Fresnaye,2,2.5,3,833 m²,,,,https://www.privateproperty.co.za/to-rent/western-cape/cape-town/atlantic-seaboard/fresnaye/RR4062808,"https://www.privateproperty.co.za/to-rent/western-cape/cape-town/55?pt=House,ApartmentFlat,TownHouseCluster&page=97",2026-04-05 20:59:18.337006
RR4596183,11638369,2 Bedroom House Costa Da Gama,R 16 000,16000,ZAR,Costa Da Gama,Costa Da Gama,2,1.5,3,210 m²,,,,https://www.privateproperty.co.za/to-rent/western-cape/cape-town/peninsula-false-bay/muizenberg/costa-da-gama/RR4596183,"https://www.privateproperty.co.za/to-rent/western-cape/cape-town/55?pt=House,ApartmentFlat,TownHouseCluster&page=97",2026-04-05 20:59:18.337006
RR4596130,11638201,10 Bedroom House Constantia,R 260 000,260000,ZAR,Constantia,Constantia,10,8,3,4 376 m²,,,,https://www.privateproperty.co.za/to-rent/western-cape/cape-town/southern-suburbs/constantia/RR4596130,"https://www.privateproperty.co.za/to-rent/western-cape/cape-town/55?pt=House,ApartmentFlat,TownHouseCluster&page=97",2026-04-05 20:59:18.337006
RR3167788,7808144,2 Bedroom Apartment Waterfront,R 40 800,40800,ZAR,Waterfront,Waterfront,2,2,,,,,,https://www.privateproperty.co.za/to-rent/western-cape/cape-town/atlantic-seaboard/waterfront/RR3167788,"https://www.privateproperty.co.za/to-rent/western-cape/cape-town/55?pt=House,ApartmentFlat,TownHouseCluster&page=97",2026-04-05 20:59:18.337006
RR2775834,6914587,2 Bedroom House Ferness,R 4 500,4500,ZAR,Ferness,Ferness,2,2,1,449 m²,,,,https://www.privateproperty.co.za/to-rent/western-cape/cape-town/southern-suburbs/ottery/ferness/RR2775834,"https://www.privateproperty.co.za/to-rent/western-cape/cape-town/55?pt=House,ApartmentFlat,TownHouseCluster&page=97",2026-04-05 20:59:18.337006
RR4595715,11637128,1 Bedroom House Westridge,R 11 000,11000,ZAR,Westridge,Westridge,1,1,,,,,,https://www.privateproperty.co.za/to-rent/western-cape/cape-town/somerset-west/westridge/RR4595715,"https://www.privateproperty.co.za/to-rent/western-cape/cape-town/55?pt=House,ApartmentFlat,TownHouseCluster&page=97",2026-04-05 20:59:18.337006
RR4595712,11637119,1 Bedroom Apartment Waterfront,R 35 000,35000,ZAR,Waterfront,Waterfront,1,1,1,,,,,https://www.privateproperty.co.za/to-rent/western-cape/cape-town/atlantic-seaboard/waterfront/RR4595712,"https://www.privateproperty.co.za/to-rent/western-cape/cape-town/55?pt=House,ApartmentFlat,TownHouseCluster&page=97",2026-04-05 20:59:18.337006
RR4595423,11636306,1 Bedroom House Wynberg,R 10 000,10000,ZAR,Wynberg,Wynberg 13 Mars,1,1,2,642 m²,-34.0096679771607,18.476370840393,,https://www.privateproperty.co.za/to-rent/western-cape/cape-town/southern-suburbs/wynberg/13-mars/RR4595423,"https://www.privateproperty.co.za/to-rent/western-cape/cape-town/55?pt=House,ApartmentFlat,TownHouseCluster&page=97",2026-04-05 20:59:18.337006
RR3765914,9457394,3 Bedroom House Northshore,R 32 000,32000,ZAR,Northshore,Northshore,3,2,,,,,,https://www.privateproperty.co.za/to-rent/western-cape/cape-town/hout-bay/northshore/RR3765914,"https://www.privateproperty.co.za/to-rent/western-cape/cape-town/55?pt=House,ApartmentFlat,TownHouseCluster&page=97",2026-04-05 20:59:18.337006
RR4595292,11635936,2 Bedroom Apartment Wynberg Upper,R 17 000,17000,ZAR,Wynberg Upper,Wynberg Upper,2,1,,81 m²,,,,https://www.privateproperty.co.za/to-rent/western-cape/cape-town/southern-suburbs/wynberg/wynberg-upper/RR4595292,"https://www.privateproperty.co.za/to-rent/western-cape/cape-town/55?pt=House,ApartmentFlat,TownHouseCluster&page=97",2026-04-05 20:59:18.337006
RR4247949,10763053,2 Bedroom House Malibu Village,R 6 600,6600,ZAR,Malibu Village,Malibu Village,2,1,2,,,,,https://www.privateproperty.co.za/to-rent/western-cape/cape-town/blue-downs/blue-downs/malibu-village/RR4247949,"https://www.privateproperty.co.za/to-rent/western-cape/cape-town/55?pt=House,ApartmentFlat,TownHouseCluster&page=97",2026-04-05 20:59:18.337006
RR4595120,11635465,3 Bedroom House Tamboerskloof,R 55 000,55000,ZAR,Tamboerskloof,Tamboerskloof,3,2,1,422 m²,,,,https://www.privateproperty.co.za/to-rent/western-cape/cape-town/cape-town-city-bowl/tamboerskloof/RR4595120,"https://www.privateproperty.co.za/to-rent/western-cape/cape-town/55?pt=House,ApartmentFlat,TownHouseCluster&page=97",2026-04-05 20:59:18.337006
RR4595009,11635195,2 Bedroom Apartment Green Point,R 50 000,50000,ZAR,Green Point,Green Point,2,2,,,,,,https://www.privateproperty.co.za/to-rent/western-cape/cape-town/atlantic-seaboard/green-point/RR4595009,"https://www.privateproperty.co.za/to-rent/western-cape/cape-town/55?pt=House,ApartmentFlat,TownHouseCluster&page=97",2026-04-05 20:59:18.337006
RR4594993,11635153,3 Bedroom House High Riding Country Estate,R 33 000,33000,ZAR,High Riding Country Estate,High Riding Country Estate,3,2.5,,9 018 m²,,,,https://www.privateproperty.co.za/to-rent/western-cape/cape-town/somerset-west/sir-lowrys-and-surrounds/high-riding-country-estate/RR4594993,"https://www.privateproperty.co.za/to-rent/western-cape/cape-town/55?pt=House,ApartmentFlat,TownHouseCluster&page=97",2026-04-05 20:59:18.337006
RR4594982,11635117,2 Bedroom Apartment Big Bay,R 20 000,20000,ZAR,Big Bay,Big Bay,2,1,1,,,,,https://www.privateproperty.co.za/to-rent/western-cape/cape-town/blouberg/big-bay/RR4594982,"https://www.privateproperty.co.za/to-rent/western-cape/cape-town/55?pt=House,ApartmentFlat,TownHouseCluster&page=98",2026-04-05 20:59:18.337006
RR4594759,11634542,5 Bedroom House Parklands North,R 60 000,60000,ZAR,Parklands North,Parklands North,5,4,2,392 m²,,,,https://www.privateproperty.co.za/to-rent/western-cape/cape-town/blouberg/parklands-north/RR4594759,"https://www.privateproperty.co.za/to-rent/western-cape/cape-town/55?pt=House,ApartmentFlat,TownHouseCluster&page=98",2026-04-05 20:59:18.337006
RR4594743,11634499,1 Bedroom Apartment Helgarda Estate,R 21 000,21000,ZAR,Helgarda Estate,Helgarda Estate,1,1,1,,,,,https://www.privateproperty.co.za/to-rent/western-cape/cape-town/hout-bay/helgarda-estate/RR4594743,"https://www.privateproperty.co.za/to-rent/western-cape/cape-town/55?pt=House,ApartmentFlat,TownHouseCluster&page=98",2026-04-05 20:59:18.337006
RR4594688,11634361,5 Bedroom House Maitland,R 5 000,5000,ZAR,Maitland,"Maitland 0 Maitland, 21 Montague Road",5,1,2,731 m²,-33.9260713,18.4847602,,https://www.privateproperty.co.za/to-rent/western-cape/cape-town/milnerton/maitland/0-maitland/21-montague-road/RR4594688,"https://www.privateproperty.co.za/to-rent/western-cape/cape-town/55?pt=House,ApartmentFlat,TownHouseCluster&page=98",2026-04-05 20:59:18.337006
RR4594078,11632658,1 Bedroom Apartment Mouille Point,R 24 999,24999,ZAR,Mouille Point,Mouille Point,1,1,1,,,,,https://www.privateproperty.co.za/to-rent/western-cape/cape-town/atlantic-seaboard/mouille-point/RR4594078,"https://www.privateproperty.co.za/to-rent/western-cape/cape-town/55?pt=House,ApartmentFlat,TownHouseCluster&page=98",2026-04-05 20:59:18.337006
RR4594604,11634132,2 Bedroom Apartment Strand Central,R 33 500,33500,ZAR,Strand Central,Strand Central,2,3,1,3 150 m²,,,,https://www.privateproperty.co.za/to-rent/western-cape/cape-town/strand/strand-central/RR4594604,"https://www.privateproperty.co.za/to-rent/western-cape/cape-town/55?pt=House,ApartmentFlat,TownHouseCluster&page=98",2026-04-05 20:59:18.337006
RR4594522,11633936,1 Bedroom Apartment Richwood,R 13 000,13000,ZAR,Richwood,Richwood,1,1,1,,,,,https://www.privateproperty.co.za/to-rent/western-cape/cape-town/milnerton/richwood/RR4594522,"https://www.privateproperty.co.za/to-rent/western-cape/cape-town/55?pt=House,ApartmentFlat,TownHouseCluster&page=98",2026-04-05 20:59:18.337006
RR4594478,11633803,1 Bedroom Apartment Cape Town City Centre,R 14 000,14000,ZAR,Cape Town City Centre,Cape Town City Centre 21 Adderley Street,1,1,1,,,,,https://www.privateproperty.co.za/to-rent/western-cape/cape-town/cape-town-city-bowl/cape-town-city-centre/the-adderley/21-adderley-street/RR4594478,"https://www.privateproperty.co.za/to-rent/western-cape/cape-town/55?pt=House,ApartmentFlat,TownHouseCluster&page=98",2026-04-05 20:59:18.337006
RR4594279,11633231,2 Bedroom House Green Point,R 55 000,55000,ZAR,Green Point,Green Point,2,2,,,,,,https://www.privateproperty.co.za/to-rent/western-cape/cape-town/atlantic-seaboard/green-point/RR4594279,"https://www.privateproperty.co.za/to-rent/western-cape/cape-town/55?pt=House,ApartmentFlat,TownHouseCluster&page=98",2026-04-05 20:59:18.337006
RR4594236,11633098,1 Bedroom Apartment Cape Town City Centre,R 15 700,15700,ZAR,Cape Town City Centre,"Cape Town City Centre 608 St Martini Gardens, 70 Queen Victoria Street",1,1,1,,-33.9270601,18.4151486,,https://www.privateproperty.co.za/to-rent/western-cape/cape-town/cape-town-city-bowl/cape-town-city-centre/608-st-martini-gardens/70-queen-victoria-street/RR4594236,"https://www.privateproperty.co.za/to-rent/western-cape/cape-town/55?pt=House,ApartmentFlat,TownHouseCluster&page=98",2026-04-05 20:59:18.337006
RR4594218,11633042,2 Bedroom Apartment Haasendal,R 9 500,9500,ZAR,Haasendal,"Haasendal 01 Papegaaiberg, 2 Haasendal Road",2,1,,,-33.9052116,18.705857299999998,,https://www.privateproperty.co.za/to-rent/western-cape/cape-town/kuils-river/haasendal/01-papegaaiberg/2-haasendal-road/RR4594218,"https://www.privateproperty.co.za/to-rent/western-cape/cape-town/55?pt=House,ApartmentFlat,TownHouseCluster&page=98",2026-04-05 20:59:18.337006
RR4041346,10236393,2 Bedroom House Green Point,R 55 000,55000,ZAR,Green Point,Green Point,2,2,,150 m²,,,,https://www.privateproperty.co.za/to-rent/western-cape/cape-town/atlantic-seaboard/green-point/RR4041346,"https://www.privateproperty.co.za/to-rent/western-cape/cape-town/55?pt=House,ApartmentFlat,TownHouseCluster&page=98",2026-04-05 20:59:18.337006
RR4594106,11632734,3 Bedroom House Parklands North,R 28 500,28500,ZAR,Parklands North,Parklands North,3,3,2,520 m²,,,,https://www.privateproperty.co.za/to-rent/western-cape/cape-town/blouberg/parklands-north/RR4594106,"https://www.privateproperty.co.za/to-rent/western-cape/cape-town/55?pt=House,ApartmentFlat,TownHouseCluster&page=98",2026-04-05 20:59:18.337006
RR4594068,11632637,3 Bedroom Apartment Somerset West Central,R 28 000,28000,ZAR,Somerset West Central,Somerset West Central,3,2,2,,,,,https://www.privateproperty.co.za/to-rent/western-cape/cape-town/somerset-west/somerset-west-central/RR4594068,"https://www.privateproperty.co.za/to-rent/western-cape/cape-town/55?pt=House,ApartmentFlat,TownHouseCluster&page=98",2026-04-05 20:59:18.337006
RR4354253,11036206,4 Bedroom House Sandown,R 31 000,31000,ZAR,Sandown,Sandown,4,2.5,3,397 m²,,,,https://www.privateproperty.co.za/to-rent/western-cape/cape-town/blouberg/sandown/RR4354253,"https://www.privateproperty.co.za/to-rent/western-cape/cape-town/55?pt=House,ApartmentFlat,TownHouseCluster&page=98",2026-04-05 20:59:18.337006
RR4594064,11632630,Studio apartment Gardens,R 19 000,19000,ZAR,Gardens,Gardens,0.5,1,1,60 m²,,,,https://www.privateproperty.co.za/to-rent/western-cape/cape-town/cape-town-city-bowl/gardens/RR4594064,"https://www.privateproperty.co.za/to-rent/western-cape/cape-town/55?pt=House,ApartmentFlat,TownHouseCluster&page=98",2026-04-05 20:59:18.337006
RR4593991,11632453,2 Bedroom Apartment Waterfront,R 70 000,70000,ZAR,Waterfront,Waterfront,2,2,2,,,,,https://www.privateproperty.co.za/to-rent/western-cape/cape-town/atlantic-seaboard/waterfront/RR4593991,"https://www.privateproperty.co.za/to-rent/western-cape/cape-town/55?pt=House,ApartmentFlat,TownHouseCluster&page=98",2026-04-05 20:59:18.337006
RR3551515,8833050,1 Bedroom Apartment Bellville Central,R 4 200,4200,ZAR,Bellville Central,Bellville Central,1,4,1,,,,,https://www.privateproperty.co.za/to-rent/western-cape/cape-town/bellville/bellville-central/RR3551515,"https://www.privateproperty.co.za/to-rent/western-cape/cape-town/55?pt=House,ApartmentFlat,TownHouseCluster&page=98",2026-04-05 20:59:18.337006
RR4593968,11632409,4 Bedroom House Monte Vista,R 22 500,22500,ZAR,Monte Vista,Monte Vista,4,2,6,,,,,https://www.privateproperty.co.za/to-rent/western-cape/cape-town/goodwood/monte-vista/RR4593968,"https://www.privateproperty.co.za/to-rent/western-cape/cape-town/55?pt=House,ApartmentFlat,TownHouseCluster&page=98",2026-04-05 20:59:18.337006
RR4465520,11316480,1 Bedroom Apartment Durbanville Central,R 9 500,9500,ZAR,Durbanville Central,"Durbanville Central 35 Zomerwind, 1 Manchester",1,1,2,,-33.8124142581022,18.6898748562573,,https://www.privateproperty.co.za/to-rent/western-cape/cape-town/durbanville/durbanville-central/35-zomerwind/1-manchester/RR4465520,"https://www.privateproperty.co.za/to-rent/western-cape/cape-town/55?pt=House,ApartmentFlat,TownHouseCluster&page=98",2026-04-05 20:59:18.337006
RR4593645,11631591,1 Bedroom Apartment Haasendal,R 18 000,18000,ZAR,Haasendal,"Haasendal 190 Cederberg Estate, 1 Haasendal Road",1,1,1,,-33.904211544519164,18.704379200935367,,https://www.privateproperty.co.za/to-rent/western-cape/cape-town/kuils-river/haasendal/190-cederberg-estate/1-haasendal-road/RR4593645,"https://www.privateproperty.co.za/to-rent/western-cape/cape-town/55?pt=House,ApartmentFlat,TownHouseCluster&page=99",2026-04-05 20:59:18.337006
RR4508744,11426110,3 Bedroom Apartment Sandown,R 19 000,19000,ZAR,Sandown,Sandown,3,2,1,,,,,https://www.privateproperty.co.za/to-rent/western-cape/cape-town/blouberg/sandown/RR4508744,"https://www.privateproperty.co.za/to-rent/western-cape/cape-town/55?pt=House,ApartmentFlat,TownHouseCluster&page=99",2026-04-05 20:59:18.337006
RR4593613,11631512,3 Bedroom Apartment Clifton,R 135 000,135000,ZAR,Clifton,Clifton,3,3,1,,,,,https://www.privateproperty.co.za/to-rent/western-cape/cape-town/atlantic-seaboard/clifton/RR4593613,"https://www.privateproperty.co.za/to-rent/western-cape/cape-town/55?pt=House,ApartmentFlat,TownHouseCluster&page=99",2026-04-05 20:59:18.337006
RR4593610,11631508,2 Bedroom Apartment Richwood,R 35 000,35000,ZAR,Richwood,Richwood,2,2,2,143 m²,,,,https://www.privateproperty.co.za/to-rent/western-cape/cape-town/milnerton/richwood/de-aan-zicht-lifestyle-security-estate/giel-basson-dr-rooiheuwel-rd-richwood-7441/RR4593610,"https://www.privateproperty.co.za/to-rent/western-cape/cape-town/55?pt=House,ApartmentFlat,TownHouseCluster&page=99",2026-04-05 20:59:18.337006
RR4593581,11631439,3 Bedroom House Valley Estate,R 52 000,52000,ZAR,Valley Estate,Valley Estate,3,2.5,2,,,,,https://www.privateproperty.co.za/to-rent/western-cape/cape-town/hout-bay/valley-estate/RR4593581,"https://www.privateproperty.co.za/to-rent/western-cape/cape-town/55?pt=House,ApartmentFlat,TownHouseCluster&page=99",2026-04-05 20:59:18.337006
RR4593567,11631399,1 Bedroom Apartment Beach Estate,R 32 000,32000,ZAR,Beach Estate,Beach Estate,1,1,1,,,,,https://www.privateproperty.co.za/to-rent/western-cape/cape-town/hout-bay/beach-estate/RR4593567,"https://www.privateproperty.co.za/to-rent/western-cape/cape-town/55?pt=House,ApartmentFlat,TownHouseCluster&page=99",2026-04-05 20:59:18.337006
RR4593525,11631269,3 Bedroom House Kenilworth Upper,R 60 000,60000,ZAR,Kenilworth Upper,Kenilworth Upper,3,3,2,,,,,https://www.privateproperty.co.za/to-rent/western-cape/cape-town/southern-suburbs/kenilworth/kenilworth-upper/RR4593525,"https://www.privateproperty.co.za/to-rent/western-cape/cape-town/55?pt=House,ApartmentFlat,TownHouseCluster&page=99",2026-04-05 20:59:18.337006
RR4593284,11630619,2 Bedroom Apartment Bloubergstrand,R 29 000,29000,ZAR,Bloubergstrand,Bloubergstrand,2,2,2,,,,,https://www.privateproperty.co.za/to-rent/western-cape/cape-town/blouberg/bloubergstrand/RR4593284,"https://www.privateproperty.co.za/to-rent/western-cape/cape-town/55?pt=House,ApartmentFlat,TownHouseCluster&page=99",2026-04-05 20:59:18.337006
RR4593442,11631075,9 Bedroom House Maitland,R 5 000,5000,ZAR,Maitland,Maitland,9,9,,,,,,https://www.privateproperty.co.za/to-rent/western-cape/cape-town/milnerton/maitland/RR4593442,"https://www.privateproperty.co.za/to-rent/western-cape/cape-town/55?pt=House,ApartmentFlat,TownHouseCluster&page=99",2026-04-05 20:59:18.337006
RR4593401,11630957,1 Bedroom Apartment Camps Bay,R 24 000,24000,ZAR,Camps Bay,"Camps Bay 0 Camps Bay, 27 Medburn Rd",1,1,1,,-33.95434,18.38547,,https://www.privateproperty.co.za/to-rent/western-cape/cape-town/atlantic-seaboard/camps-bay/0-camps-bay/27-medburn-rd/RR4593401,"https://www.privateproperty.co.za/to-rent/western-cape/cape-town/55?pt=House,ApartmentFlat,TownHouseCluster&page=99",2026-04-05 20:59:18.337006
RR4593388,11630916,3 Bedroom House Blouberg Rise,R 35 000,35000,ZAR,Blouberg Rise,Blouberg Rise,3,2,4,,,,,https://www.privateproperty.co.za/to-rent/western-cape/cape-town/blouberg/blouberg-rise/RR4593388,"https://www.privateproperty.co.za/to-rent/western-cape/cape-town/55?pt=House,ApartmentFlat,TownHouseCluster&page=99",2026-04-05 20:59:18.337006
RR4593380,11630900,3 Bedroom Apartment Bantry Bay,R 120 000,120000,ZAR,Bantry Bay,Bantry Bay,3,3,2,,,,,https://www.privateproperty.co.za/to-rent/western-cape/cape-town/atlantic-seaboard/bantry-bay/RR4593380,"https://www.privateproperty.co.za/to-rent/western-cape/cape-town/55?pt=House,ApartmentFlat,TownHouseCluster&page=99",2026-04-05 20:59:18.337006
RR4583794,11606851,1 Bedroom Apartment Green Point,R 23 000,23000,ZAR,Green Point,"Green Point 16 Overton Court, 151 High Level Road",1,1,,,-33.9045518,18.4068343,,https://www.privateproperty.co.za/to-rent/western-cape/cape-town/atlantic-seaboard/green-point/16-overton-court/151-high-level-road/RR4583794,"https://www.privateproperty.co.za/to-rent/western-cape/cape-town/55?pt=House,ApartmentFlat,TownHouseCluster&page=99",2026-04-05 20:59:18.337006
RR4593056,11630061,1 Bedroom House Scarborough,R 14 000,14000,ZAR,Scarborough,Scarborough,1,1,1,,,,,https://www.privateproperty.co.za/to-rent/western-cape/cape-town/peninsula-false-bay/scarborough/RR4593056,"https://www.privateproperty.co.za/to-rent/western-cape/cape-town/55?pt=House,ApartmentFlat,TownHouseCluster&page=99",2026-04-05 20:59:18.337006
RR4593022,11629974,3 Bedroom House Salt River,R 5 500,5500,ZAR,Salt River,Salt River,3,1.5,,,,,,https://www.privateproperty.co.za/to-rent/western-cape/cape-town/cape-town-city-bowl/salt-river/RR4593022,"https://www.privateproperty.co.za/to-rent/western-cape/cape-town/55?pt=House,ApartmentFlat,TownHouseCluster&page=99",2026-04-05 20:59:18.337006
RR4326046,10958833,2 Bedroom Townhouse Green Point,R 55 000,55000,ZAR,Green Point,Green Point,2,2,,,,,,https://www.privateproperty.co.za/to-rent/western-cape/cape-town/atlantic-seaboard/green-point/RR4326046,"https://www.privateproperty.co.za/to-rent/western-cape/cape-town/55?pt=House,ApartmentFlat,TownHouseCluster&page=99",2026-04-05 20:59:18.337006
RR4592946,11629766,1 Bedroom House Observatory,R 14 500,14500,ZAR,Observatory,Observatory 41 Milton,1,1,1,186 m²,-33.9376171432861,18.4662887627128,,https://www.privateproperty.co.za/to-rent/western-cape/cape-town/cape-town-city-bowl/observatory/41-milton/RR4592946,"https://www.privateproperty.co.za/to-rent/western-cape/cape-town/55?pt=House,ApartmentFlat,TownHouseCluster&page=99",2026-04-05 20:59:18.337006
RR4592871,11629565,1 Bedroom Apartment Zonnebloem,R 13 000,13000,ZAR,Zonnebloem,Zonnebloem 6 Sydney Street,1,1,1,,,,,https://www.privateproperty.co.za/to-rent/western-cape/cape-town/cape-town-city-bowl/zonnebloem/six/6-sydney-street/RR4592871,"https://www.privateproperty.co.za/to-rent/western-cape/cape-town/55?pt=House,ApartmentFlat,TownHouseCluster&page=99",2026-04-05 20:59:18.337006
RR4592596,11628859,2 Bedroom Apartment Zonnebloem,R 19 000,19000,ZAR,Zonnebloem,Zonnebloem,2,1,1,,,,,https://www.privateproperty.co.za/to-rent/western-cape/cape-town/cape-town-city-bowl/zonnebloem/RR4592596,"https://www.privateproperty.co.za/to-rent/western-cape/cape-town/55?pt=House,ApartmentFlat,TownHouseCluster&page=99",2026-04-05 20:59:18.337006
RR4592552,11628738,3 Bedroom Townhouse Muizenberg,R 17 000,17000,ZAR,Muizenberg,Muizenberg,3,3,1,125 m²,,,,https://www.privateproperty.co.za/to-rent/western-cape/cape-town/peninsula-false-bay/muizenberg/RR4592552,"https://www.privateproperty.co.za/to-rent/western-cape/cape-town/55?pt=House,ApartmentFlat,TownHouseCluster&page=99",2026-04-05 20:59:18.337006
RR4592441,11628449,1 Bedroom Apartment De Velde,R 10 500,10500,ZAR,De Velde,De Velde,1,1,1,,,,,https://www.privateproperty.co.za/to-rent/western-cape/cape-town/somerset-west/de-velde/RR4592441,"https://www.privateproperty.co.za/to-rent/western-cape/cape-town/55?pt=House,ApartmentFlat,TownHouseCluster&page=100",2026-04-05 20:59:18.337006
RR4592406,11628348,2 Bedroom House Green Point,R 35 000,35000,ZAR,Green Point,"Green Point 96 Waterkant, 96 Waterkant",2,2,,,,,,https://www.privateproperty.co.za/to-rent/western-cape/cape-town/atlantic-seaboard/green-point/96-waterkant/96-waterkant/RR4592406,"https://www.privateproperty.co.za/to-rent/western-cape/cape-town/55?pt=House,ApartmentFlat,TownHouseCluster&page=100",2026-04-05 20:59:18.337006
RR4592381,11628281,2 Bedroom Apartment Sir Lowrys Pass,R 9 500,9500,ZAR,Sir Lowrys Pass,Sir Lowrys Pass,2,1,,,,,,https://www.privateproperty.co.za/to-rent/western-cape/cape-town/somerset-west/sir-lowrys-and-surrounds/sir-lowrys-pass/RR4592381,"https://www.privateproperty.co.za/to-rent/western-cape/cape-town/55?pt=House,ApartmentFlat,TownHouseCluster&page=100",2026-04-05 20:59:18.337006
RR3648477,9108995,2 Bedroom Apartment Green Point,R 25 000,25000,ZAR,Green Point,Green Point,2,2,,95 m²,,,,https://www.privateproperty.co.za/to-rent/western-cape/cape-town/atlantic-seaboard/green-point/RR3648477,"https://www.privateproperty.co.za/to-rent/western-cape/cape-town/55?pt=House,ApartmentFlat,TownHouseCluster&page=100",2026-04-05 20:59:18.337006
RR4592295,11628062,Studio Apartment Gardens,R 17 500,17500,ZAR,Gardens,Gardens,0.5,1,,,,,,https://www.privateproperty.co.za/to-rent/western-cape/cape-town/cape-town-city-bowl/gardens/RR4592295,"https://www.privateproperty.co.za/to-rent/western-cape/cape-town/55?pt=House,ApartmentFlat,TownHouseCluster&page=100",2026-04-05 20:59:18.337006
RR4592253,11627924,3 Bedroom House Muizenberg,R 21 500,21500,ZAR,Muizenberg,Muizenberg,3,2,,,,,,https://www.privateproperty.co.za/to-rent/western-cape/cape-town/peninsula-false-bay/muizenberg/RR4592253,"https://www.privateproperty.co.za/to-rent/western-cape/cape-town/55?pt=House,ApartmentFlat,TownHouseCluster&page=100",2026-04-05 20:59:18.337006
RR4592155,11627554,2 Bedroom Apartment Cape Town City Centre,R 25 000,25000,ZAR,Cape Town City Centre,"Cape Town City Centre 702 Ss Mutual Heights, 19 Parliament Street",2,2,,,-33.924332,18.422294,,https://www.privateproperty.co.za/to-rent/western-cape/cape-town/cape-town-city-bowl/cape-town-city-centre/702-ss-mutual-heights/19-parliament-street/RR4592155,"https://www.privateproperty.co.za/to-rent/western-cape/cape-town/55?pt=House,ApartmentFlat,TownHouseCluster&page=100",2026-04-05 20:59:18.337006
RR4592145,11627479,2 Bedroom House De Waterkant,R 35 000,35000,ZAR,De Waterkant,De Waterkant,2,2,1,95 m²,,,,https://www.privateproperty.co.za/to-rent/western-cape/cape-town/cape-town-city-bowl/de-waterkant/RR4592145,"https://www.privateproperty.co.za/to-rent/western-cape/cape-town/55?pt=House,ApartmentFlat,TownHouseCluster&page=100",2026-04-05 20:59:18.337006
RR4371100,11080563,4 Bedroom House Kommetjie,R 65 000,65000,ZAR,Kommetjie,Kommetjie,4,3,4,,,,,https://www.privateproperty.co.za/to-rent/western-cape/cape-town/peninsula-false-bay/kommetjie/RR4371100,"https://www.privateproperty.co.za/to-rent/western-cape/cape-town/55?pt=House,ApartmentFlat,TownHouseCluster&page=100",2026-04-05 20:59:18.337006
RR4592009,11627107,1 Bedroom House University Estate,R 7 500,7500,ZAR,University Estate,University Estate,1,1,,,,,,https://www.privateproperty.co.za/to-rent/western-cape/cape-town/cape-town-city-bowl/woodstock/university-estate/RR4592009,"https://www.privateproperty.co.za/to-rent/western-cape/cape-town/55?pt=House,ApartmentFlat,TownHouseCluster&page=100",2026-04-05 20:59:18.337006
RR4591991,11627059,3 Bedroom Townhouse Plumstead,R 18 500,18500,ZAR,Plumstead,Plumstead,3,2,1,,,,,https://www.privateproperty.co.za/to-rent/western-cape/cape-town/southern-suburbs/plumstead/RR4591991,"https://www.privateproperty.co.za/to-rent/western-cape/cape-town/55?pt=House,ApartmentFlat,TownHouseCluster&page=100",2026-04-05 20:59:18.337006
RR4366927,11069591,3 Bedroom Apartment Green Point,R 78 000,78000,ZAR,Green Point,Green Point,3,3,2,,,,,https://www.privateproperty.co.za/to-rent/western-cape/cape-town/atlantic-seaboard/green-point/RR4366927,"https://www.privateproperty.co.za/to-rent/western-cape/cape-town/55?pt=House,ApartmentFlat,TownHouseCluster&page=100",2026-04-05 20:59:18.337006
RR4591931,11626904,4 Bedroom House Dennegeur,R 60 000,60000,ZAR,Dennegeur,Dennegeur 20 Gabbro Crescent,4,4,8,533 m²,-34.095107,18.8757757,,https://www.privateproperty.co.za/to-rent/western-cape/cape-town/somerset-west/dennegeur/20-gabbro-crescent/RR4591931,"https://www.privateproperty.co.za/to-rent/western-cape/cape-town/55?pt=House,ApartmentFlat,TownHouseCluster&page=100",2026-04-05 20:59:18.337006
RR4591884,11626750,2 Bedroom Apartment Muizenberg,R 30 000,30000,ZAR,Muizenberg,Muizenberg,2,2,1,,,,,https://www.privateproperty.co.za/to-rent/western-cape/cape-town/peninsula-false-bay/muizenberg/RR4591884,"https://www.privateproperty.co.za/to-rent/western-cape/cape-town/55?pt=House,ApartmentFlat,TownHouseCluster&page=100",2026-04-05 20:59:18.337006
RR4591859,11626673,5 Bedroom House Mountainside,R 45 000,45000,ZAR,Mountainside,Mountainside,5,4,2,,,,,https://www.privateproperty.co.za/to-rent/western-cape/cape-town/gordons-bay/mountainside/RR4591859,"https://www.privateproperty.co.za/to-rent/western-cape/cape-town/55?pt=House,ApartmentFlat,TownHouseCluster&page=100",2026-04-05 20:59:18.337006
RR4591690,11626158,1 Bedroom Apartment Somerset West Central,R 11 000,11000,ZAR,Somerset West Central,Somerset West Central,1,1,2,,,,,https://www.privateproperty.co.za/to-rent/western-cape/cape-town/somerset-west/somerset-west-central/RR4591690,"https://www.privateproperty.co.za/to-rent/western-cape/cape-town/55?pt=House,ApartmentFlat,TownHouseCluster&page=100",2026-04-05 20:59:18.337006
RR4591628,11625977,4 Bedroom House Mountainside,R 35 000,35000,ZAR,Mountainside,Mountainside,4,2,2,,,,,https://www.privateproperty.co.za/to-rent/western-cape/cape-town/gordons-bay/mountainside/RR4591628,"https://www.privateproperty.co.za/to-rent/western-cape/cape-town/55?pt=House,ApartmentFlat,TownHouseCluster&page=100",2026-04-05 20:59:18.337006
RR4591579,11625810,Studio Apartment Zonnebloem,R 12 500,12500,ZAR,Zonnebloem,"Zonnebloem 1 The Harri, 75 Harrington Street",0.5,1,,,,,,https://www.privateproperty.co.za/to-rent/western-cape/cape-town/cape-town-city-bowl/zonnebloem/1-the-harri/75-harrington-street/RR4591579,"https://www.privateproperty.co.za/to-rent/western-cape/cape-town/55?pt=House,ApartmentFlat,TownHouseCluster&page=100",2026-04-05 20:59:18.337006
RR4591494,11625640,3 Bedroom House Kommetjie,R 28 000,28000,ZAR,Kommetjie,"Kommetjie 8 This Is It, 8 Crassula Road",3,1.5,2,400 m²,-34.1431783,18.3246134,,https://www.privateproperty.co.za/to-rent/western-cape/cape-town/peninsula-false-bay/kommetjie/8-this-is-it/8-crassula-road/RR4591494,"https://www.privateproperty.co.za/to-rent/western-cape/cape-town/55?pt=House,ApartmentFlat,TownHouseCluster&page=100",2026-04-05 20:59:18.337006
RR4591463,11625541,1 Bedroom Apartment Mowbray,R 14 000,14000,ZAR,Mowbray,Mowbray,1,1,1,,,,,https://www.privateproperty.co.za/to-rent/western-cape/cape-town/southern-suburbs/mowbray/RR4591463,"https://www.privateproperty.co.za/to-rent/western-cape/cape-town/55?pt=House,ApartmentFlat,TownHouseCluster&page=100",2026-04-05 20:59:18.337006
RR4591324,11625176,1 Bedroom House Eikendal,R 5 000,5000,ZAR,Eikendal,Eikendal,1,1,,,,,,https://www.privateproperty.co.za/to-rent/western-cape/cape-town/kraaifontein/eikendal/RR4591324,"https://www.privateproperty.co.za/to-rent/western-cape/cape-town/55?pt=House,ApartmentFlat,TownHouseCluster&page=101",2026-04-05 20:59:18.337006
RR2413011,6109112,1 Bedroom Apartment Beach Estate,R 16 500,16500,ZAR,Beach Estate,Beach Estate,1,1,,,,,,https://www.privateproperty.co.za/to-rent/western-cape/cape-town/hout-bay/beach-estate/RR2413011,"https://www.privateproperty.co.za/to-rent/western-cape/cape-town/55?pt=House,ApartmentFlat,TownHouseCluster&page=101",2026-04-05 20:59:18.337006
RR4591224,11624929,1 Bedroom Apartment Bloubergstrand,R 15 000,15000,ZAR,Bloubergstrand,Bloubergstrand,1,1,1,,,,,https://www.privateproperty.co.za/to-rent/western-cape/cape-town/blouberg/bloubergstrand/RR4591224,"https://www.privateproperty.co.za/to-rent/western-cape/cape-town/55?pt=House,ApartmentFlat,TownHouseCluster&page=101",2026-04-05 20:59:18.337006
RR4591206,11624882,2 Bedroom Apartment Big Bay,R 28 000,28000,ZAR,Big Bay,Big Bay,2,2,,,,,,https://www.privateproperty.co.za/to-rent/western-cape/cape-town/blouberg/big-bay/RR4591206,"https://www.privateproperty.co.za/to-rent/western-cape/cape-town/55?pt=House,ApartmentFlat,TownHouseCluster&page=101",2026-04-05 20:59:18.337006
RR4591154,11624733,2 Bedroom Apartment Bloubergstrand,R 18 000,18000,ZAR,Bloubergstrand,Bloubergstrand,2,1,,,,,,https://www.privateproperty.co.za/to-rent/western-cape/cape-town/blouberg/bloubergstrand/RR4591154,"https://www.privateproperty.co.za/to-rent/western-cape/cape-town/55?pt=House,ApartmentFlat,TownHouseCluster&page=101",2026-04-05 20:59:18.337006
RR4591095,11624590,4 Bedroom House Scott Estate,R 7 000 per day,7000,ZAR,Scott Estate,Scott Estate,4,5,8,,,,,https://www.privateproperty.co.za/to-rent/western-cape/cape-town/hout-bay/scott-estate/RR4591095,"https://www.privateproperty.co.za/to-rent/western-cape/cape-town/55?pt=House,ApartmentFlat,TownHouseCluster&page=101",2026-04-05 20:59:18.337006
RR4591072,11624537,3 Bedroom House Tierboskloof,R 45 000,45000,ZAR,Tierboskloof,Tierboskloof,3,3,4,675 m²,,,,https://www.privateproperty.co.za/to-rent/western-cape/cape-town/hout-bay/tierboskloof/RR4591072,"https://www.privateproperty.co.za/to-rent/western-cape/cape-town/55?pt=House,ApartmentFlat,TownHouseCluster&page=101",2026-04-05 20:59:18.337006
RR4350243,11024810,1 Bedroom Apartment Llandudno,R 19 000,19000,ZAR,Llandudno,Llandudno,1,1,,,,,,https://www.privateproperty.co.za/to-rent/western-cape/cape-town/atlantic-seaboard/llandudno/RR4350243,"https://www.privateproperty.co.za/to-rent/western-cape/cape-town/55?pt=House,ApartmentFlat,TownHouseCluster&page=101",2026-04-05 20:59:18.337006
RR4590887,11624074,2 Bedroom House Lotus River,R 11 000,11000,ZAR,Lotus River,Lotus River,2,1,3,,,,,https://www.privateproperty.co.za/to-rent/western-cape/cape-town/cape-flats/lotus-river/RR4590887,"https://www.privateproperty.co.za/to-rent/western-cape/cape-town/55?pt=House,ApartmentFlat,TownHouseCluster&page=101",2026-04-05 20:59:18.337006
RR4590835,11623918,4 Bedroom House Muizenberg,R 50 000,50000,ZAR,Muizenberg,Muizenberg,4,3,2,,,,,https://www.privateproperty.co.za/to-rent/western-cape/cape-town/peninsula-false-bay/muizenberg/RR4590835,"https://www.privateproperty.co.za/to-rent/western-cape/cape-town/55?pt=House,ApartmentFlat,TownHouseCluster&page=101",2026-04-05 20:59:18.337006
RR4590781,11623746,1 Bedroom Apartment Simons Town,R 19 000,19000,ZAR,Simons Town,"Simons Town 2a Compass Steps, 2 Compass Steps",1,1,,,-34.195062,18.431925,,https://www.privateproperty.co.za/to-rent/western-cape/cape-town/simons-town/simons-town/2a-compass-steps/2-compass-steps/RR4590781,"https://www.privateproperty.co.za/to-rent/western-cape/cape-town/55?pt=House,ApartmentFlat,TownHouseCluster&page=101",2026-04-05 20:59:18.337006
RR4590624,11623378,1 Bedroom Apartment De Waterkant,R 32 000,32000,ZAR,De Waterkant,De Waterkant,1,1,1,,,,,https://www.privateproperty.co.za/to-rent/western-cape/cape-town/cape-town-city-bowl/de-waterkant/RR4590624,"https://www.privateproperty.co.za/to-rent/western-cape/cape-town/55?pt=House,ApartmentFlat,TownHouseCluster&page=101",2026-04-05 20:59:18.337006
RR4590595,11623291,2 Bedroom Apartment Somerset West Central,R 14 800,14800,ZAR,Somerset West Central,Somerset West Central,2,2,2,,,,,https://www.privateproperty.co.za/to-rent/western-cape/cape-town/somerset-west/somerset-west-central/RR4590595,"https://www.privateproperty.co.za/to-rent/western-cape/cape-town/55?pt=House,ApartmentFlat,TownHouseCluster&page=101",2026-04-05 20:59:18.337006
RR4590534,11623147,2 Bedroom Apartment Llandudno,R 75 000,75000,ZAR,Llandudno,Llandudno,2,2,,,,,,https://www.privateproperty.co.za/to-rent/western-cape/cape-town/atlantic-seaboard/llandudno/RR4590534,"https://www.privateproperty.co.za/to-rent/western-cape/cape-town/55?pt=House,ApartmentFlat,TownHouseCluster&page=101",2026-04-05 20:59:18.337006
RR4590429,11622884,2 Bedroom Apartment Century City,R 29 000,29000,ZAR,Century City,Century City,2,2,2,,,,,https://www.privateproperty.co.za/to-rent/western-cape/cape-town/milnerton/century-city/RR4590429,"https://www.privateproperty.co.za/to-rent/western-cape/cape-town/55?pt=House,ApartmentFlat,TownHouseCluster&page=101",2026-04-05 20:59:18.337006
RR4590410,11622818,3 Bedroom Apartment De Velde,R 16 500,16500,ZAR,De Velde,De Velde,3,2,2,,,,,https://www.privateproperty.co.za/to-rent/western-cape/cape-town/somerset-west/de-velde/RR4590410,"https://www.privateproperty.co.za/to-rent/western-cape/cape-town/55?pt=House,ApartmentFlat,TownHouseCluster&page=101",2026-04-05 20:59:18.337006
RR4590378,11622728,1 Bedroom Apartment Vredenberg,R 16 500,16500,ZAR,Vredenberg,Vredenberg,1,1,2,,,,,https://www.privateproperty.co.za/to-rent/western-cape/cape-town/bellville/bellville-central/vredenberg/RR4590378,"https://www.privateproperty.co.za/to-rent/western-cape/cape-town/55?pt=House,ApartmentFlat,TownHouseCluster&page=101",2026-04-05 20:59:18.337006
RR4590377,11622721,1 Bedroom Apartment Vredenberg,R 16 500,16500,ZAR,Vredenberg,Vredenberg,1,1,2,,,,,https://www.privateproperty.co.za/to-rent/western-cape/cape-town/bellville/bellville-central/vredenberg/RR4590377,"https://www.privateproperty.co.za/to-rent/western-cape/cape-town/55?pt=House,ApartmentFlat,TownHouseCluster&page=101",2026-04-05 20:59:18.337006
RR4590372,11622709,1 Bedroom Apartment Vredenberg,R 16 500,16500,ZAR,Vredenberg,Vredenberg,1,1,1,,,,,https://www.privateproperty.co.za/to-rent/western-cape/cape-town/bellville/bellville-central/vredenberg/RR4590372,"https://www.privateproperty.co.za/to-rent/western-cape/cape-town/55?pt=House,ApartmentFlat,TownHouseCluster&page=101",2026-04-05 20:59:18.337006
RR4590369,11622700,1 Bedroom Apartment Vredenberg,R 16 500,16500,ZAR,Vredenberg,Vredenberg,1,1,2,,,,,https://www.privateproperty.co.za/to-rent/western-cape/cape-town/bellville/bellville-central/vredenberg/RR4590369,"https://www.privateproperty.co.za/to-rent/western-cape/cape-town/55?pt=House,ApartmentFlat,TownHouseCluster&page=101",2026-04-05 20:59:18.337006
RR4590174,11622192,2 Bedroom Apartment Sea Point,R 38 000,38000,ZAR,Sea Point,Sea Point,2,2,1,,,,,https://www.privateproperty.co.za/to-rent/western-cape/cape-town/atlantic-seaboard/sea-point/RR4590174,"https://www.privateproperty.co.za/to-rent/western-cape/cape-town/55?pt=House,ApartmentFlat,TownHouseCluster&page=102",2026-04-05 20:59:18.337006
RR4590162,11622167,2 Bedroom Townhouse Haasendal,R 16 000,16000,ZAR,Haasendal,Haasendal,2,1,3,,,,,https://www.privateproperty.co.za/to-rent/western-cape/cape-town/kuils-river/haasendal/RR4590162,"https://www.privateproperty.co.za/to-rent/western-cape/cape-town/55?pt=House,ApartmentFlat,TownHouseCluster&page=102",2026-04-05 20:59:18.337006
RR4590038,11621861,2 Bedroom Apartment Somerset West Central,R 14 500,14500,ZAR,Somerset West Central,Somerset West Central,2,2,2,,,,,https://www.privateproperty.co.za/to-rent/western-cape/cape-town/somerset-west/somerset-west-central/RR4590038,"https://www.privateproperty.co.za/to-rent/western-cape/cape-town/55?pt=House,ApartmentFlat,TownHouseCluster&page=102",2026-04-05 20:59:18.337006
RR4589871,11621393,2 Bedroom Apartment Table View,R 19 995,19995,ZAR,Table View,Table View,2,2,2,,,,,https://www.privateproperty.co.za/to-rent/western-cape/cape-town/blouberg/table-view/RR4589871,"https://www.privateproperty.co.za/to-rent/western-cape/cape-town/55?pt=House,ApartmentFlat,TownHouseCluster&page=102",2026-04-05 20:59:18.337006
RR4589810,11621269,2 Bedroom Apartment Cape Town City Centre,R 37 000,37000,ZAR,Cape Town City Centre,Cape Town City Centre,2,1.5,1,,,,,https://www.privateproperty.co.za/to-rent/western-cape/cape-town/cape-town-city-bowl/cape-town-city-centre/RR4589810,"https://www.privateproperty.co.za/to-rent/western-cape/cape-town/55?pt=House,ApartmentFlat,TownHouseCluster&page=102",2026-04-05 20:59:18.337006
RR4589684,11620948,1 Bedroom Apartment De Waterkant,R 32 000,32000,ZAR,De Waterkant,De Waterkant,1,1,1,,,,,https://www.privateproperty.co.za/to-rent/western-cape/cape-town/cape-town-city-bowl/de-waterkant/RR4589684,"https://www.privateproperty.co.za/to-rent/western-cape/cape-town/55?pt=House,ApartmentFlat,TownHouseCluster&page=102",2026-04-05 20:59:18.337006
RR4589626,11620804,2 Bedroom Apartment Llandudno,R 28 500,28500,ZAR,Llandudno,Llandudno,2,1,1,,,,,https://www.privateproperty.co.za/to-rent/western-cape/cape-town/atlantic-seaboard/llandudno/RR4589626,"https://www.privateproperty.co.za/to-rent/western-cape/cape-town/55?pt=House,ApartmentFlat,TownHouseCluster&page=102",2026-04-05 20:59:18.337006
RR4589601,11620743,Bachelor apartment Woodstock,R 12 500,12500,ZAR,Woodstock,Woodstock,,1,,,,,,https://www.privateproperty.co.za/to-rent/western-cape/cape-town/cape-town-city-bowl/woodstock/RR4589601,"https://www.privateproperty.co.za/to-rent/western-cape/cape-town/55?pt=House,ApartmentFlat,TownHouseCluster&page=102",2026-04-05 20:59:18.337006
RR4589490,11620475,3 Bedroom Apartment Plattekloof,R 25 000,25000,ZAR,Plattekloof,Plattekloof 6b Tolbos Close,3,1,2,8 449 m²,-33.871875,18.588061,,https://www.privateproperty.co.za/to-rent/western-cape/cape-town/parow/plattekloof/6b-tolbos-close/RR4589490,"https://www.privateproperty.co.za/to-rent/western-cape/cape-town/55?pt=House,ApartmentFlat,TownHouseCluster&page=102",2026-04-05 20:59:18.337006
RR4238932,10740082,Studio apartment Fresnaye,R 21 000,21000,ZAR,Fresnaye,Fresnaye,,1,,,,,,https://www.privateproperty.co.za/to-rent/western-cape/cape-town/atlantic-seaboard/fresnaye/RR4238932,"https://www.privateproperty.co.za/to-rent/western-cape/cape-town/55?pt=House,ApartmentFlat,TownHouseCluster&page=102",2026-04-05 20:59:18.337006
RR4589284,11619997,1 Bedroom Apartment Cape Town City Centre,R 22 000,22000,ZAR,Cape Town City Centre,Cape Town City Centre,1,1,1,,,,,https://www.privateproperty.co.za/to-rent/western-cape/cape-town/cape-town-city-bowl/cape-town-city-centre/RR4589284,"https://www.privateproperty.co.za/to-rent/western-cape/cape-town/55?pt=House,ApartmentFlat,TownHouseCluster&page=102",2026-04-05 20:59:18.337006
RR4589120,11619621,1 Bedroom Apartment Green Point,R 25 000,25000,ZAR,Green Point,"Green Point Unit 610 Cape Royale, 38 Main Road",1,1,1,,-33.9498617,18.4720625,,https://www.privateproperty.co.za/to-rent/western-cape/cape-town/atlantic-seaboard/green-point/unit-610-cape-royale/38-main-road/RR4589120,"https://www.privateproperty.co.za/to-rent/western-cape/cape-town/55?pt=House,ApartmentFlat,TownHouseCluster&page=102",2026-04-05 20:59:18.337006
RR4584907,11609312,1 Bedroom Apartment Bo Kaap,R 22 000,22000,ZAR,Bo Kaap,"Bo Kaap Na Na, 76 Dorp",1,1,1,,-33.91868,18.411285,,https://www.privateproperty.co.za/to-rent/western-cape/cape-town/cape-town-city-bowl/bo-kaap/na-na/76-dorp/RR4584907,"https://www.privateproperty.co.za/to-rent/western-cape/cape-town/55?pt=House,ApartmentFlat,TownHouseCluster&page=102",2026-04-05 20:59:18.337006
RR4588945,11619138,1 Bedroom Apartment Vredenberg,R 1 395 per day,1395,ZAR,Vredenberg,Vredenberg,1,1,,,,,,https://www.privateproperty.co.za/to-rent/western-cape/cape-town/bellville/bellville-central/vredenberg/RR4588945,"https://www.privateproperty.co.za/to-rent/western-cape/cape-town/55?pt=House,ApartmentFlat,TownHouseCluster&page=102",2026-04-05 20:59:18.337006
RR4588936,11619113,1 Bedroom Apartment Vredenberg,R 1 095 per day,1095,ZAR,Vredenberg,Vredenberg,1,1,,,,,,https://www.privateproperty.co.za/to-rent/western-cape/cape-town/bellville/bellville-central/vredenberg/RR4588936,"https://www.privateproperty.co.za/to-rent/western-cape/cape-town/55?pt=House,ApartmentFlat,TownHouseCluster&page=102",2026-04-05 20:59:18.337006
RR4588926,11619082,1 Bedroom Apartment Vredenberg,R 1 195 per day,1195,ZAR,Vredenberg,Vredenberg,1,1,,,,,,https://www.privateproperty.co.za/to-rent/western-cape/cape-town/bellville/bellville-central/vredenberg/RR4588926,"https://www.privateproperty.co.za/to-rent/western-cape/cape-town/55?pt=House,ApartmentFlat,TownHouseCluster&page=102",2026-04-05 20:59:18.337006
RR4588927,11619083,1 Bedroom Apartment Vredenberg,R 1 195 per day,1195,ZAR,Vredenberg,Vredenberg,1,1,,,,,,https://www.privateproperty.co.za/to-rent/western-cape/cape-town/bellville/bellville-central/vredenberg/RR4588927,"https://www.privateproperty.co.za/to-rent/western-cape/cape-town/55?pt=House,ApartmentFlat,TownHouseCluster&page=102",2026-04-05 20:59:18.337006
RR4588921,11619074,1 Bedroom Apartment Somerset West Central,R 10 000,10000,ZAR,Somerset West Central,Somerset West Central,1,1,,,,,,https://www.privateproperty.co.za/to-rent/western-cape/cape-town/somerset-west/somerset-west-central/RR4588921,"https://www.privateproperty.co.za/to-rent/western-cape/cape-town/55?pt=House,ApartmentFlat,TownHouseCluster&page=102",2026-04-05 20:59:18.337006
RR4588909,11619046,1 Bedroom Apartment Vredenberg,R 1 395 per day,1395,ZAR,Vredenberg,Vredenberg,1,1,,,,,,https://www.privateproperty.co.za/to-rent/western-cape/cape-town/bellville/bellville-central/vredenberg/RR4588909,"https://www.privateproperty.co.za/to-rent/western-cape/cape-town/55?pt=House,ApartmentFlat,TownHouseCluster&page=102",2026-04-05 20:59:18.337006
RR4588865,11618946,3 Bedroom House Zeekoevlei,R 29 500,29500,ZAR,Zeekoevlei,"Zeekoevlei 0 Zeekoevlei, 13 Peninsula Rd",3,3,2,1 105 m²,-34.063,18.50437,,https://www.privateproperty.co.za/to-rent/western-cape/cape-town/cape-flats/zeekoevlei/0-zeekoevlei/13-peninsula-rd/RR4588865,"https://www.privateproperty.co.za/to-rent/western-cape/cape-town/55?pt=House,ApartmentFlat,TownHouseCluster&page=102",2026-04-05 20:59:18.337006
RR3836239,9671463,1 Bedroom Apartment Fresnaye,R 27 500,27500,ZAR,Fresnaye,Fresnaye,1,1,,,,,,https://www.privateproperty.co.za/to-rent/western-cape/cape-town/atlantic-seaboard/fresnaye/RR3836239,"https://www.privateproperty.co.za/to-rent/western-cape/cape-town/55?pt=House,ApartmentFlat,TownHouseCluster&page=103",2026-04-05 20:59:18.337006
RR4588612,11618307,Studio apartment Durbanville Central,R 11 000,11000,ZAR,Durbanville Central,"Durbanville Central 6 Wellway Park East, 6 Lobelia Street",,1,,,-33.8234454553659,18.6566497895333,,https://www.privateproperty.co.za/to-rent/western-cape/cape-town/durbanville/durbanville-central/6-wellway-park-east/6-lobelia-street/RR4588612,"https://www.privateproperty.co.za/to-rent/western-cape/cape-town/55?pt=House,ApartmentFlat,TownHouseCluster&page=103",2026-04-05 20:59:18.337006
RR4451490,11281107,2 Bedroom Apartment Strand North,R 13 000,13000,ZAR,Strand North,"Strand North 6 Ocean Decks, 33 De Beers Road",2,2,1,1 342 m²,-34.110028799999995,18.8231923,,https://www.privateproperty.co.za/to-rent/western-cape/cape-town/strand/strand-north/6-ocean-decks/33-de-beers-road/RR4451490,"https://www.privateproperty.co.za/to-rent/western-cape/cape-town/55?pt=House,ApartmentFlat,TownHouseCluster&page=103",2026-04-05 20:59:18.337006
RR4503215,11411654,2 Bedroom Apartment Strand Central,R 11 000,11000,ZAR,Strand Central,"Strand Central 11 The Sandz, 3 Church Street",2,2,1,611 m²,-34.1165975,18.825939299999998,,https://www.privateproperty.co.za/to-rent/western-cape/cape-town/strand/strand-central/11-the-sandz/3-church-street/RR4503215,"https://www.privateproperty.co.za/to-rent/western-cape/cape-town/55?pt=House,ApartmentFlat,TownHouseCluster&page=103",2026-04-05 20:59:18.337006
RR4586777,11614024,3 Bedroom Apartment Muizenberg,R 9 500,9500,ZAR,Muizenberg,Muizenberg,3,1,2,,,,,https://www.privateproperty.co.za/to-rent/western-cape/cape-town/peninsula-false-bay/muizenberg/RR4586777,"https://www.privateproperty.co.za/to-rent/western-cape/cape-town/55?pt=House,ApartmentFlat,TownHouseCluster&page=103",2026-04-05 20:59:18.337006
RR3850259,9712470,Studio Apartment Cape Town City Centre,R 15 000,15000,ZAR,Cape Town City Centre,"Cape Town City Centre 1234 Harbour Arch, 1 Christiaan Barnard",0.5,1,,,-33.9220853,18.4329083,,https://www.privateproperty.co.za/to-rent/western-cape/cape-town/cape-town-city-bowl/cape-town-city-centre/1234-harbour-arch/1-christiaan-barnard/RR3850259,"https://www.privateproperty.co.za/to-rent/western-cape/cape-town/55?pt=House,ApartmentFlat,TownHouseCluster&page=103",2026-04-05 20:59:18.337006
RR4588318,11617607,4 Bedroom House Atlantic Beach Golf Estate,R 45 000,45000,ZAR,Atlantic Beach Golf Estate,Atlantic Beach Golf Estate,4,3,2,,,,,https://www.privateproperty.co.za/to-rent/western-cape/cape-town/melkbosstrand/atlantic-beach/atlantic-beach-golf-estate/RR4588318,"https://www.privateproperty.co.za/to-rent/western-cape/cape-town/55?pt=House,ApartmentFlat,TownHouseCluster&page=103",2026-04-05 20:59:18.337006
RR4587921,11616713,2 Bedroom Apartment Plattekloof,R 18 000,18000,ZAR,Plattekloof,Plattekloof 6a Tolbos Close,2,1,,8 449 m²,-33.871875,18.588061,,https://www.privateproperty.co.za/to-rent/western-cape/cape-town/parow/plattekloof/6a-tolbos-close/RR4587921,"https://www.privateproperty.co.za/to-rent/western-cape/cape-town/55?pt=House,ApartmentFlat,TownHouseCluster&page=103",2026-04-05 20:59:18.337006
RR4587883,11616619,3 Bedroom Apartment Zonnebloem,R 15 000,15000,ZAR,Zonnebloem,"Zonnebloem 0 Skyways, 40 Constitution Road",3,1,1,,,,,https://www.privateproperty.co.za/to-rent/western-cape/cape-town/cape-town-city-bowl/zonnebloem/0-skyways/40-constitution-road/RR4587883,"https://www.privateproperty.co.za/to-rent/western-cape/cape-town/55?pt=House,ApartmentFlat,TownHouseCluster&page=103",2026-04-05 20:59:18.337006
RR4587766,11616350,1 Bedroom Apartment Camps Bay,R 20 000,20000,ZAR,Camps Bay,Camps Bay 8 Dal Road,1,1,,27 m²,,,,https://www.privateproperty.co.za/to-rent/western-cape/cape-town/atlantic-seaboard/camps-bay/8-dal-road/RR4587766,"https://www.privateproperty.co.za/to-rent/western-cape/cape-town/55?pt=House,ApartmentFlat,TownHouseCluster&page=103",2026-04-05 20:59:18.337006
RR4587632,11616009,2 Bedroom Penthouse Cape Town City Centre,R 37 000,37000,ZAR,Cape Town City Centre,Cape Town City Centre,2,2,1,142 m²,,,,https://www.privateproperty.co.za/to-rent/western-cape/cape-town/cape-town-city-bowl/cape-town-city-centre/RR4587632,"https://www.privateproperty.co.za/to-rent/western-cape/cape-town/55?pt=House,ApartmentFlat,TownHouseCluster&page=103",2026-04-05 20:59:18.337006
RR4587005,11614540,3 Bedroom House Sea Point,R 55 000,55000,ZAR,Sea Point,Sea Point,3,3,2,298 m²,,,,https://www.privateproperty.co.za/to-rent/western-cape/cape-town/atlantic-seaboard/sea-point/RR4587005,"https://www.privateproperty.co.za/to-rent/western-cape/cape-town/55?pt=House,ApartmentFlat,TownHouseCluster&page=103",2026-04-05 20:59:18.337006
RR4580623,11599807,3 Bedroom House Monte Vista,R 5 500,5500,ZAR,Monte Vista,Monte Vista,3,1,3,,,,,https://www.privateproperty.co.za/to-rent/western-cape/cape-town/goodwood/monte-vista/RR4580623,"https://www.privateproperty.co.za/to-rent/western-cape/cape-town/55?pt=House,ApartmentFlat,TownHouseCluster&page=103",2026-04-05 20:59:18.337006
RR4586417,11613047,3 Bedroom Apartment Table View,R 20 000,20000,ZAR,Table View,"Table View 7 Villa Della Fonte, 34 Arum Road",3,1,,,-33.82237,18.4831,,https://www.privateproperty.co.za/to-rent/western-cape/cape-town/blouberg/table-view/7-villa-della-fonte/34-arum-road/RR4586417,"https://www.privateproperty.co.za/to-rent/western-cape/cape-town/55?pt=House,ApartmentFlat,TownHouseCluster&page=103",2026-04-05 20:59:18.337006
RR4586362,11612893,1 Bedroom Apartment Flamingo Vlei,R 13 000,13000,ZAR,Flamingo Vlei,Flamingo Vlei,1,1,,,,,,https://www.privateproperty.co.za/to-rent/western-cape/cape-town/blouberg/flamingo-vlei/RR4586362,"https://www.privateproperty.co.za/to-rent/western-cape/cape-town/55?pt=House,ApartmentFlat,TownHouseCluster&page=103",2026-04-05 20:59:18.337006
RR4586359,11612883,Studio Apartment Flamingo Vlei,R 11 000,11000,ZAR,Flamingo Vlei,Flamingo Vlei,,1,1,800 m²,,,,https://www.privateproperty.co.za/to-rent/western-cape/cape-town/blouberg/flamingo-vlei/RR4586359,"https://www.privateproperty.co.za/to-rent/western-cape/cape-town/55?pt=House,ApartmentFlat,TownHouseCluster&page=103",2026-04-05 20:59:18.337006
RR2212604,5646469,4 Bedroom House Hout Bay Central,R 36 000,36000,ZAR,Hout Bay Central,Hout Bay Central 11 Surcingle Ave,4,2,6,1 800 m²,-34.03160014705,18.35600911765,,https://www.privateproperty.co.za/to-rent/western-cape/cape-town/hout-bay/hout-bay-central/11-surcingle-ave/RR2212604,"https://www.privateproperty.co.za/to-rent/western-cape/cape-town/55?pt=House,ApartmentFlat,TownHouseCluster&page=103",2026-04-05 20:59:18.337006
RR4586278,11612637,4 Bedroom House Parklands North,R 39 000,39000,ZAR,Parklands North,Parklands North 15 Newington Street,4,3,3,640 m²,,,,https://www.privateproperty.co.za/to-rent/western-cape/cape-town/blouberg/parklands-north/15-newington-street/RR4586278,"https://www.privateproperty.co.za/to-rent/western-cape/cape-town/55?pt=House,ApartmentFlat,TownHouseCluster&page=103",2026-04-05 20:59:18.337006
RR4586234,11612516,4 Bedroom Apartment Windsor Park,R 16 000,16000,ZAR,Windsor Park,"Windsor Park Unit 7 Kiza Estate, 62 Joubert Street",4,1,,719 m²,-33.8413498,18.7100402,,https://www.privateproperty.co.za/to-rent/western-cape/cape-town/kraaifontein/windsor-park/unit-7-kiza-estate/62-joubert-street/RR4586234,"https://www.privateproperty.co.za/to-rent/western-cape/cape-town/55?pt=House,ApartmentFlat,TownHouseCluster&page=103",2026-04-05 20:59:18.337006
RR4586194,11612420,2 Bedroom Apartment Kenilworth,R 23 500,23500,ZAR,Kenilworth,Kenilworth,2,1,3,,,,,https://www.privateproperty.co.za/to-rent/western-cape/cape-town/southern-suburbs/kenilworth/RR4586194,"https://www.privateproperty.co.za/to-rent/western-cape/cape-town/55?pt=House,ApartmentFlat,TownHouseCluster&page=103",2026-04-05 20:59:18.337006
RR4586073,11612118,1 Bedroom Cluster Vanguard,R 8 800,8800,ZAR,Vanguard,Vanguard,1,1,1,,,,,https://www.privateproperty.co.za/to-rent/western-cape/cape-town/cape-flats/athlone/vanguard/RR4586073,"https://www.privateproperty.co.za/to-rent/western-cape/cape-town/55?pt=House,ApartmentFlat,TownHouseCluster&page=104",2026-04-05 20:59:18.337006
RR4585954,11611766,2 Bedroom Apartment Sea Point,R 65 000,65000,ZAR,Sea Point,Sea Point,2,2,2,,,,,https://www.privateproperty.co.za/to-rent/western-cape/cape-town/atlantic-seaboard/sea-point/RR4585954,"https://www.privateproperty.co.za/to-rent/western-cape/cape-town/55?pt=House,ApartmentFlat,TownHouseCluster&page=104",2026-04-05 20:59:18.337006
RR4585577,11610916,1 Bedroom Apartment Kraaifontein Central,R 695 per day,695,ZAR,Kraaifontein Central,Kraaifontein Central,1,1,,,,,,https://www.privateproperty.co.za/to-rent/western-cape/cape-town/kraaifontein/kraaifontein-central/RR4585577,"https://www.privateproperty.co.za/to-rent/western-cape/cape-town/55?pt=House,ApartmentFlat,TownHouseCluster&page=104",2026-04-05 20:59:18.337006
RR4585576,11610915,1 Bedroom Apartment Kraaifontein Central,R 695 per day,695,ZAR,Kraaifontein Central,Kraaifontein Central,1,1,,,,,,https://www.privateproperty.co.za/to-rent/western-cape/cape-town/kraaifontein/kraaifontein-central/RR4585576,"https://www.privateproperty.co.za/to-rent/western-cape/cape-town/55?pt=House,ApartmentFlat,TownHouseCluster&page=104",2026-04-05 20:59:18.337006
RR4585575,11610913,1 Bedroom Apartment Kraaifontein Central,R 695 per day,695,ZAR,Kraaifontein Central,Kraaifontein Central,1,1,,,,,,https://www.privateproperty.co.za/to-rent/western-cape/cape-town/kraaifontein/kraaifontein-central/RR4585575,"https://www.privateproperty.co.za/to-rent/western-cape/cape-town/55?pt=House,ApartmentFlat,TownHouseCluster&page=104",2026-04-05 20:59:18.337006
RR4585567,11610905,1 Bedroom Apartment Kraaifontein Central,R 695 per day,695,ZAR,Kraaifontein Central,Kraaifontein Central,1,1,,,,,,https://www.privateproperty.co.za/to-rent/western-cape/cape-town/kraaifontein/kraaifontein-central/RR4585567,"https://www.privateproperty.co.za/to-rent/western-cape/cape-town/55?pt=House,ApartmentFlat,TownHouseCluster&page=104",2026-04-05 20:59:18.337006
RR4585315,11610263,3 Bedroom House Three Anchor Bay,R 53 000,53000,ZAR,Three Anchor Bay,Three Anchor Bay,3,2,,226 m²,,,,https://www.privateproperty.co.za/to-rent/western-cape/cape-town/atlantic-seaboard/three-anchor-bay/RR4585315,"https://www.privateproperty.co.za/to-rent/western-cape/cape-town/55?pt=House,ApartmentFlat,TownHouseCluster&page=104",2026-04-05 20:59:18.337006
RR4585190,11609972,2 Bedroom Apartment Gardens,R 37 500,37500,ZAR,Gardens,"Gardens 16 Sloane Square, 173 Buitengracht Street",2,2,,96 m²,-33.9260369,18.4117357,,https://www.privateproperty.co.za/to-rent/western-cape/cape-town/cape-town-city-bowl/gardens/16-sloane-square/173-buitengracht-street/RR4585190,"https://www.privateproperty.co.za/to-rent/western-cape/cape-town/55?pt=House,ApartmentFlat,TownHouseCluster&page=104",2026-04-05 20:59:18.337006
RR4585059,11609661,2 Bedroom Apartment Bloubergrant,R 14 450,14450,ZAR,Bloubergrant,Bloubergrant,2,1,,,,,,https://www.privateproperty.co.za/to-rent/western-cape/cape-town/blouberg/bloubergrant/RR4585059,"https://www.privateproperty.co.za/to-rent/western-cape/cape-town/55?pt=House,ApartmentFlat,TownHouseCluster&page=104",2026-04-05 20:59:18.337006
RR4584918,11609339,1 Bedroom Apartment Cape Town City Centre,R 30 000,30000,ZAR,Cape Town City Centre,"Cape Town City Centre 405 Mandela Rhodes Place, 57 Burg Street",1,1,,,-33.9225001,18.4204879,,https://www.privateproperty.co.za/to-rent/western-cape/cape-town/cape-town-city-bowl/cape-town-city-centre/405-mandela-rhodes-place/57-burg-street/RR4584918,"https://www.privateproperty.co.za/to-rent/western-cape/cape-town/55?pt=House,ApartmentFlat,TownHouseCluster&page=104",2026-04-05 20:59:18.337006
RR2362374,5990559,Studio apartment Vredehoek,R 13 500,13500,ZAR,Vredehoek,"Vredehoek S701 Disa Park, 36 Clifford Avenue",1,1,1,,-33.9430858091327,18.4238337809509,,https://www.privateproperty.co.za/to-rent/western-cape/cape-town/cape-town-city-bowl/vredehoek/s701-disa-park/36-clifford-avenue/RR2362374,"https://www.privateproperty.co.za/to-rent/western-cape/cape-town/55?pt=House,ApartmentFlat,TownHouseCluster&page=104",2026-04-05 20:59:18.337006
RR4584778,11609010,3 Bedroom House Kalk Bay,R 29 900,29900,ZAR,Kalk Bay,Kalk Bay 21 Duignam Road,3,2,,,,,,https://www.privateproperty.co.za/to-rent/western-cape/cape-town/peninsula-false-bay/kalk-bay/21-duignam-road/RR4584778,"https://www.privateproperty.co.za/to-rent/western-cape/cape-town/55?pt=House,ApartmentFlat,TownHouseCluster&page=104",2026-04-05 20:59:18.337006
RR4584499,11608408,2 Bedroom Apartment Oakdale,R 1 250 per day,1250,ZAR,Oakdale,Oakdale,2,1,1,,,,,https://www.privateproperty.co.za/to-rent/western-cape/cape-town/bellville/oakdale/RR4584499,"https://www.privateproperty.co.za/to-rent/western-cape/cape-town/55?pt=House,ApartmentFlat,TownHouseCluster&page=104",2026-04-05 20:59:18.337006
RR4584503,11608413,2 Bedroom Apartment Oakdale,R 1 250 per day,1250,ZAR,Oakdale,Oakdale,2,1,1,,,,,https://www.privateproperty.co.za/to-rent/western-cape/cape-town/bellville/oakdale/RR4584503,"https://www.privateproperty.co.za/to-rent/western-cape/cape-town/55?pt=House,ApartmentFlat,TownHouseCluster&page=104",2026-04-05 20:59:18.337006
RR4584505,11608415,2 Bedroom Apartment Oakdale,R 995 per day,995,ZAR,Oakdale,Oakdale,2,1,1,,,,,https://www.privateproperty.co.za/to-rent/western-cape/cape-town/bellville/oakdale/RR4584505,"https://www.privateproperty.co.za/to-rent/western-cape/cape-town/55?pt=House,ApartmentFlat,TownHouseCluster&page=104",2026-04-05 20:59:18.337006
RR4584513,11608424,2 Bedroom Apartment Oakdale,R 995 per day,995,ZAR,Oakdale,Oakdale,2,1,1,,,,,https://www.privateproperty.co.za/to-rent/western-cape/cape-town/bellville/oakdale/RR4584513,"https://www.privateproperty.co.za/to-rent/western-cape/cape-town/55?pt=House,ApartmentFlat,TownHouseCluster&page=104",2026-04-05 20:59:18.337006
RR4584492,11608400,1 Bedroom Apartment Oakdale,R 995 per day,995,ZAR,Oakdale,Oakdale,1,1,,,,,,https://www.privateproperty.co.za/to-rent/western-cape/cape-town/bellville/oakdale/RR4584492,"https://www.privateproperty.co.za/to-rent/western-cape/cape-town/55?pt=House,ApartmentFlat,TownHouseCluster&page=104",2026-04-05 20:59:18.337006
RR4584504,11608414,2 Bedroom Apartment Oakdale,R 1 300 per day,1300,ZAR,Oakdale,Oakdale,2,1,1,,,,,https://www.privateproperty.co.za/to-rent/western-cape/cape-town/bellville/oakdale/RR4584504,"https://www.privateproperty.co.za/to-rent/western-cape/cape-town/55?pt=House,ApartmentFlat,TownHouseCluster&page=104",2026-04-05 20:59:18.337006
RR4584498,11608407,1 Bedroom Apartment Oakdale,R 995 per day,995,ZAR,Oakdale,Oakdale,1,1,,,,,,https://www.privateproperty.co.za/to-rent/western-cape/cape-town/bellville/oakdale/RR4584498,"https://www.privateproperty.co.za/to-rent/western-cape/cape-town/55?pt=House,ApartmentFlat,TownHouseCluster&page=104",2026-04-05 20:59:18.337006
RR4584500,11608409,1 Bedroom Apartment Oakdale,R 695 per day,695,ZAR,Oakdale,Oakdale,1,1,1,,,,,https://www.privateproperty.co.za/to-rent/western-cape/cape-town/bellville/oakdale/RR4584500,"https://www.privateproperty.co.za/to-rent/western-cape/cape-town/55?pt=House,ApartmentFlat,TownHouseCluster&page=104",2026-04-05 20:59:18.337006
RR4584493,11608401,1 Bedroom Apartment Oakdale,R 895 per day,895,ZAR,Oakdale,Oakdale,1,1,,,,,,https://www.privateproperty.co.za/to-rent/western-cape/cape-town/bellville/oakdale/RR4584493,"https://www.privateproperty.co.za/to-rent/western-cape/cape-town/55?pt=House,ApartmentFlat,TownHouseCluster&page=105",2026-04-05 20:59:18.337006
RR4584506,11608416,1 Bedroom Apartment Oakdale,R 795 per day,795,ZAR,Oakdale,Oakdale,1,1,1,,,,,https://www.privateproperty.co.za/to-rent/western-cape/cape-town/bellville/oakdale/RR4584506,"https://www.privateproperty.co.za/to-rent/western-cape/cape-town/55?pt=House,ApartmentFlat,TownHouseCluster&page=105",2026-04-05 20:59:18.337006
RR4584507,11608417,1 Bedroom Apartment Oakdale,R 795 per day,795,ZAR,Oakdale,Oakdale,1,1,1,,,,,https://www.privateproperty.co.za/to-rent/western-cape/cape-town/bellville/oakdale/RR4584507,"https://www.privateproperty.co.za/to-rent/western-cape/cape-town/55?pt=House,ApartmentFlat,TownHouseCluster&page=105",2026-04-05 20:59:18.337006
RR4584501,11608410,3 Bedroom House Loevenstein,R 5 950,5950,ZAR,Loevenstein,Loevenstein,3,3,,,,,,https://www.privateproperty.co.za/to-rent/western-cape/cape-town/bellville/loevenstein/RR4584501,"https://www.privateproperty.co.za/to-rent/western-cape/cape-town/55?pt=House,ApartmentFlat,TownHouseCluster&page=105",2026-04-05 20:59:18.337006
RR4386510,11119770,1 Bedroom Apartment Mountainside,R 7 000,7000,ZAR,Mountainside,Mountainside,1,1,1,,,,,https://www.privateproperty.co.za/to-rent/western-cape/cape-town/gordons-bay/mountainside/greenbay-eco-estate/firlands-minor-road/RR4386510,"https://www.privateproperty.co.za/to-rent/western-cape/cape-town/55?pt=House,ApartmentFlat,TownHouseCluster&page=105",2026-04-05 20:59:18.337006
RR4583886,11607073,3 Bedroom Apartment Camps Bay,R 43 000,43000,ZAR,Camps Bay,"Camps Bay 103 La Baronne, 31 Rontree Avenue",3,2,2,,-33.9524736061628,18.3815002441406,,https://www.privateproperty.co.za/to-rent/western-cape/cape-town/atlantic-seaboard/camps-bay/103-la-baronne/31-rontree-avenue/RR4583886,"https://www.privateproperty.co.za/to-rent/western-cape/cape-town/55?pt=House,ApartmentFlat,TownHouseCluster&page=105",2026-04-05 20:59:18.337006
RR4583881,11607047,3 Bedroom Apartment Big Bay,R 30 000,30000,ZAR,Big Bay,Big Bay,3,2,2,,,,,https://www.privateproperty.co.za/to-rent/western-cape/cape-town/blouberg/big-bay/RR4583881,"https://www.privateproperty.co.za/to-rent/western-cape/cape-town/55?pt=House,ApartmentFlat,TownHouseCluster&page=105",2026-04-05 20:59:18.337006
RR4583571,11606274,2 Bedroom Apartment Mouille Point,R 60 000,60000,ZAR,Mouille Point,Mouille Point,2,2,2,,,,,https://www.privateproperty.co.za/to-rent/western-cape/cape-town/atlantic-seaboard/mouille-point/RR4583571,"https://www.privateproperty.co.za/to-rent/western-cape/cape-town/55?pt=House,ApartmentFlat,TownHouseCluster&page=105",2026-04-05 20:59:18.337006
RR4583461,11606044,3 Bedroom House Mountainside,R 30 000,30000,ZAR,Mountainside,Mountainside,3,2,6,510 m²,,,,https://www.privateproperty.co.za/to-rent/western-cape/cape-town/gordons-bay/mountainside/RR4583461,"https://www.privateproperty.co.za/to-rent/western-cape/cape-town/55?pt=House,ApartmentFlat,TownHouseCluster&page=105",2026-04-05 20:59:18.337006
RR4583316,11605731,1 Bedroom House Beach Estate,R 29 500,29500,ZAR,Beach Estate,Beach Estate,1,2,2,1 031 m²,,,,https://www.privateproperty.co.za/to-rent/western-cape/cape-town/hout-bay/beach-estate/RR4583316,"https://www.privateproperty.co.za/to-rent/western-cape/cape-town/55?pt=House,ApartmentFlat,TownHouseCluster&page=105",2026-04-05 20:59:18.337006
RR4582327,11603464,2 Bedroom Apartment Green Point,R 28 000,28000,ZAR,Green Point,"Green Point 5 Park Mews, 2 Glenside Road",2,2,2,,-33.9045518,18.4068343,,https://www.privateproperty.co.za/to-rent/western-cape/cape-town/atlantic-seaboard/green-point/5-park-mews/2-glenside-road/RR4582327,"https://www.privateproperty.co.za/to-rent/western-cape/cape-town/55?pt=House,ApartmentFlat,TownHouseCluster&page=105",2026-04-05 20:59:18.337006
RR4582723,11604429,1 Bedroom Apartment Blouberg Sands,R 9 950,9950,ZAR,Blouberg Sands,Blouberg Sands,1,1,1,,,,,https://www.privateproperty.co.za/to-rent/western-cape/cape-town/blouberg/blouberg-sands/RR4582723,"https://www.privateproperty.co.za/to-rent/western-cape/cape-town/55?pt=House,ApartmentFlat,TownHouseCluster&page=105",2026-04-05 20:59:18.337006
RR2931938,7260104,2 Bedroom Apartment Parklands,R 10 500,10500,ZAR,Parklands,Parklands 13 Hallend Colcehster Park,2,1,,,,,,https://www.privateproperty.co.za/to-rent/western-cape/cape-town/blouberg/parklands/colchester-park/13-hallend-colcehster-park/RR2931938,"https://www.privateproperty.co.za/to-rent/western-cape/cape-town/55?pt=House,ApartmentFlat,TownHouseCluster&page=105",2026-04-05 20:59:18.337006
RR4582482,11603807,3 Bedroom House Sandown,R 35 000,35000,ZAR,Sandown,"Sandown 00 Sandown, 7 Clivia Crescent",3,2,2,250 m²,-33.7978752,18.5058102,,https://www.privateproperty.co.za/to-rent/western-cape/cape-town/blouberg/sandown/00-sandown/7-clivia-crescent/RR4582482,"https://www.privateproperty.co.za/to-rent/western-cape/cape-town/55?pt=House,ApartmentFlat,TownHouseCluster&page=105",2026-04-05 20:59:18.337006
RR4056193,10277569,2 Bedroom Apartment Clovelly,R 12 000,12000,ZAR,Clovelly,Clovelly,2,1,1,,,,,https://www.privateproperty.co.za/to-rent/western-cape/cape-town/peninsula-false-bay/clovelly/RR4056193,"https://www.privateproperty.co.za/to-rent/western-cape/cape-town/55?pt=House,ApartmentFlat,TownHouseCluster&page=105",2026-04-05 20:59:18.337006
RR4582202,11603151,2 Bedroom Apartment Harbour Island,R 14 700,14700,ZAR,Harbour Island,Harbour Island,2,2,1,,,,,https://www.privateproperty.co.za/to-rent/western-cape/cape-town/gordons-bay/harbour-island/RR4582202,"https://www.privateproperty.co.za/to-rent/western-cape/cape-town/55?pt=House,ApartmentFlat,TownHouseCluster&page=105",2026-04-05 20:59:18.337006
RR4582144,11603034,2 Bedroom Apartment Cape Town City Centre,R 28 500,28500,ZAR,Cape Town City Centre,Cape Town City Centre,2,2,2,79 m²,,,,https://www.privateproperty.co.za/to-rent/western-cape/cape-town/cape-town-city-bowl/cape-town-city-centre/RR4582144,"https://www.privateproperty.co.za/to-rent/western-cape/cape-town/55?pt=House,ApartmentFlat,TownHouseCluster&page=105",2026-04-05 20:59:18.337006
RR4581919,11602525,4 Bedroom House St James,R 90 000,90000,ZAR,St James,St James 16 Main Road,4,3.5,1,350 m²,-34.120900139827,18.4542846679688,,https://www.privateproperty.co.za/to-rent/western-cape/cape-town/peninsula-false-bay/st-james/16-main-road/RR4581919,"https://www.privateproperty.co.za/to-rent/western-cape/cape-town/55?pt=House,ApartmentFlat,TownHouseCluster&page=105",2026-04-05 20:59:18.337006
RR4581990,11602682,3 Bedroom Apartment Durbanville Central,R 26 300,26300,ZAR,Durbanville Central,Durbanville Central,3,2,2,,,,,https://www.privateproperty.co.za/to-rent/western-cape/cape-town/durbanville/durbanville-central/RR4581990,"https://www.privateproperty.co.za/to-rent/western-cape/cape-town/55?pt=House,ApartmentFlat,TownHouseCluster&page=105",2026-04-05 20:59:18.337006
RR4581991,11602683,3 Bedroom Apartment Kuilsriver,R 20 000,20000,ZAR,Kuilsriver,Kuilsriver,3,2,2,3 455 m²,,,,https://www.privateproperty.co.za/to-rent/western-cape/cape-town/kuils-river/kuilsriver/RR4581991,"https://www.privateproperty.co.za/to-rent/western-cape/cape-town/55?pt=House,ApartmentFlat,TownHouseCluster&page=105",2026-04-05 20:59:18.337006
RR4581959,11602635,2 Bedroom Apartment Strand South,R 17 000,17000,ZAR,Strand South,Strand South,2,2,2,1 937 m²,,,,https://www.privateproperty.co.za/to-rent/western-cape/cape-town/strand/strand-south/RR4581959,"https://www.privateproperty.co.za/to-rent/western-cape/cape-town/55?pt=House,ApartmentFlat,TownHouseCluster&page=106",2026-04-05 20:59:18.337006
RR4581869,11602415,4 Bedroom House Kalk Bay,R 30 000,30000,ZAR,Kalk Bay,Kalk Bay 3 Anderson,4,1,1,,,,,https://www.privateproperty.co.za/to-rent/western-cape/cape-town/peninsula-false-bay/kalk-bay/3-anderson/RR4581869,"https://www.privateproperty.co.za/to-rent/western-cape/cape-town/55?pt=House,ApartmentFlat,TownHouseCluster&page=106",2026-04-05 20:59:18.337006
RR4112951,10426860,2 Bedroom Apartment Athlone,R 11 500,11500,ZAR,Athlone,Athlone,2,1,1,,,,,https://www.privateproperty.co.za/to-rent/western-cape/cape-town/cape-flats/athlone/RR4112951,"https://www.privateproperty.co.za/to-rent/western-cape/cape-town/55?pt=House,ApartmentFlat,TownHouseCluster&page=106",2026-04-05 20:59:18.337006
RR4581735,11602141,1 Bedroom Apartment Sea Point,R 16 000,16000,ZAR,Sea Point,Sea Point,1,1,1,,,,,https://www.privateproperty.co.za/to-rent/western-cape/cape-town/atlantic-seaboard/sea-point/RR4581735,"https://www.privateproperty.co.za/to-rent/western-cape/cape-town/55?pt=House,ApartmentFlat,TownHouseCluster&page=106",2026-04-05 20:59:18.337006
RR4581588,11601779,3 Bedroom House Parklands North,R 31 000,31000,ZAR,Parklands North,Parklands North,3,3,1,,,,,https://www.privateproperty.co.za/to-rent/western-cape/cape-town/blouberg/parklands-north/RR4581588,"https://www.privateproperty.co.za/to-rent/western-cape/cape-town/55?pt=House,ApartmentFlat,TownHouseCluster&page=106",2026-04-05 20:59:18.337006
RR4581544,11601687,4 Bedroom House Muizenberg,R 38 000,38000,ZAR,Muizenberg,Muizenberg,4,1.5,1,,,,,https://www.privateproperty.co.za/to-rent/western-cape/cape-town/peninsula-false-bay/muizenberg/RR4581544,"https://www.privateproperty.co.za/to-rent/western-cape/cape-town/55?pt=House,ApartmentFlat,TownHouseCluster&page=106",2026-04-05 20:59:18.337006
RR4581462,11601524,3 Bedroom House Northshore,R 63 000,63000,ZAR,Northshore,Northshore,3,2,4,3 156 m²,,,,https://www.privateproperty.co.za/to-rent/western-cape/cape-town/hout-bay/northshore/RR4581462,"https://www.privateproperty.co.za/to-rent/western-cape/cape-town/55?pt=House,ApartmentFlat,TownHouseCluster&page=106",2026-04-05 20:59:18.337006
RR4581328,11601264,1 Bedroom House Soneike,R 4 200,4200,ZAR,Soneike,Soneike,1,1,1,,,,,https://www.privateproperty.co.za/to-rent/western-cape/cape-town/kuils-river/soneike/RR4581328,"https://www.privateproperty.co.za/to-rent/western-cape/cape-town/55?pt=House,ApartmentFlat,TownHouseCluster&page=106",2026-04-05 20:59:18.337006
RR4581320,11601251,2 Bedroom Apartment Maitland,R 10 000,10000,ZAR,Maitland,Maitland,2,1,1,,,,,https://www.privateproperty.co.za/to-rent/western-cape/cape-town/milnerton/maitland/RR4581320,"https://www.privateproperty.co.za/to-rent/western-cape/cape-town/55?pt=House,ApartmentFlat,TownHouseCluster&page=106",2026-04-05 20:59:18.337006
RR4580654,11599880,1 Bedroom Flat Strand Central,R 8 700,8700,ZAR,Strand Central,Strand Central,1,1,1,,,,,https://www.privateproperty.co.za/to-rent/western-cape/cape-town/strand/strand-central/RR4580654,"https://www.privateproperty.co.za/to-rent/western-cape/cape-town/55?pt=House,ApartmentFlat,TownHouseCluster&page=106",2026-04-05 20:59:18.337006
RR4581162,11600899,3 Bedroom Apartment Hout Bay Central,R 6 000 per day,6000,ZAR,Hout Bay Central,Hout Bay Central 1 One Chapmans Peak,3,3,2,,,,,https://www.privateproperty.co.za/to-rent/western-cape/cape-town/hout-bay/hout-bay-central/one-chapmans-peak-drive/1-one-chapmans-peak/RR4581162,"https://www.privateproperty.co.za/to-rent/western-cape/cape-town/55?pt=House,ApartmentFlat,TownHouseCluster&page=106",2026-04-05 20:59:18.337006
RR4581135,11600830,2 Bedroom Apartment Sea Point,R 25 000,25000,ZAR,Sea Point,Sea Point,2,1,,,,,,https://www.privateproperty.co.za/to-rent/western-cape/cape-town/atlantic-seaboard/sea-point/RR4581135,"https://www.privateproperty.co.za/to-rent/western-cape/cape-town/55?pt=House,ApartmentFlat,TownHouseCluster&page=106",2026-04-05 20:59:18.337006
RR4581130,11600821,4 Bedroom House Rocklands,R 9 500,9500,ZAR,Rocklands,Rocklands,4,2,1,,,,,https://www.privateproperty.co.za/to-rent/western-cape/cape-town/mitchells-plain/mitchells-plain/rocklands/RR4581130,"https://www.privateproperty.co.za/to-rent/western-cape/cape-town/55?pt=House,ApartmentFlat,TownHouseCluster&page=106",2026-04-05 20:59:18.337006
RR4581030,11600589,1 Bedroom Apartment Parow East,R 8 500,8500,ZAR,Parow East,Parow East,1,1,1,,,,,https://www.privateproperty.co.za/to-rent/western-cape/cape-town/parow/parow-east/RR4581030,"https://www.privateproperty.co.za/to-rent/western-cape/cape-town/55?pt=House,ApartmentFlat,TownHouseCluster&page=106",2026-04-05 20:59:18.337006
RR2698075,6750069,2 Bedroom Apartment Strand South,R 14 000,14000,ZAR,Strand South,"Strand South 107 Odeon Towers, 74 Beach Road",2,2,1,,-34.1185839,18.8289204,,https://www.privateproperty.co.za/to-rent/western-cape/cape-town/strand/strand-south/107-odeon-towers/74-beach-road/RR2698075,"https://www.privateproperty.co.za/to-rent/western-cape/cape-town/55?pt=House,ApartmentFlat,TownHouseCluster&page=106",2026-04-05 20:59:18.337006
RR3628366,9053516,1 Bedroom Flat Bellville Central,R 8 500,8500,ZAR,Bellville Central,"Bellville Central 19 Sirroccos Plaza, 13 Corma Street",1,1,1,,-33.8998213,18.6554623,,https://www.privateproperty.co.za/to-rent/western-cape/cape-town/bellville/bellville-central/19-sirroccos-plaza/13-corma-street/RR3628366,"https://www.privateproperty.co.za/to-rent/western-cape/cape-town/55?pt=House,ApartmentFlat,TownHouseCluster&page=106",2026-04-05 20:59:18.337006
RR4580904,11600356,3 Bedroom House Eden Park,R 23 000,23000,ZAR,Eden Park,Eden Park,3,2,2,,,,,https://www.privateproperty.co.za/to-rent/western-cape/cape-town/brackenfell/brackenfell-central/eden-park/RR4580904,"https://www.privateproperty.co.za/to-rent/western-cape/cape-town/55?pt=House,ApartmentFlat,TownHouseCluster&page=106",2026-04-05 20:59:18.337006
RR4580154,11598776,1 Bedroom Apartment Richwood,R 19 000,19000,ZAR,Richwood,Richwood,1,1,1,81 m²,,,,https://www.privateproperty.co.za/to-rent/western-cape/cape-town/milnerton/richwood/de-aan-zicht-lifestyle-security-estate/giel-basson-dr-rooiheuwel-rd-richwood-7441/RR4580154,"https://www.privateproperty.co.za/to-rent/western-cape/cape-town/55?pt=House,ApartmentFlat,TownHouseCluster&page=106",2026-04-05 20:59:18.337006
RR4580073,11598580,7 Bedroom House Constantia,R 170 000,170000,ZAR,Constantia,Constantia,7,9,4,,,,,https://www.privateproperty.co.za/to-rent/western-cape/cape-town/southern-suburbs/constantia/RR4580073,"https://www.privateproperty.co.za/to-rent/western-cape/cape-town/55?pt=House,ApartmentFlat,TownHouseCluster&page=106",2026-04-05 20:59:18.337006
RR4579722,11597731,1 Bedroom Apartment Avondale,R 5 200,5200,ZAR,Avondale,Avondale,1,1,,,,,,https://www.privateproperty.co.za/to-rent/western-cape/cape-town/parow/avondale/RR4579722,"https://www.privateproperty.co.za/to-rent/western-cape/cape-town/55?pt=House,ApartmentFlat,TownHouseCluster&page=106",2026-04-05 20:59:18.337006
RR4579498,11597226,3 Bedroom House Parklands North,R 65 000,65000,ZAR,Parklands North,Parklands North,3,2,2,389 m²,,,,https://www.privateproperty.co.za/to-rent/western-cape/cape-town/blouberg/parklands-north/RR4579498,"https://www.privateproperty.co.za/to-rent/western-cape/cape-town/55?pt=House,ApartmentFlat,TownHouseCluster&page=107",2026-04-05 20:59:18.337006
RR4579304,11596766,3 Bedroom Apartment Rondebosch,R 23 000,23000,ZAR,Rondebosch,Rondebosch,3,2,,,,,,https://www.privateproperty.co.za/to-rent/western-cape/cape-town/southern-suburbs/rondebosch/RR4579304,"https://www.privateproperty.co.za/to-rent/western-cape/cape-town/55?pt=House,ApartmentFlat,TownHouseCluster&page=107",2026-04-05 20:59:18.337006
RR4471160,11330149,2 Bedroom Apartment Scottsdene,R 7 200,7200,ZAR,Scottsdene,"Scottsdene 22 Sunset Village West, 1 Unit 22, 1 Chimes Street",2,1,,,,,,https://www.privateproperty.co.za/to-rent/western-cape/cape-town/kraaifontein/scottsdene/22-sunset-village-west/1-unit-22-1-chimes-street/RR4471160,"https://www.privateproperty.co.za/to-rent/western-cape/cape-town/55?pt=House,ApartmentFlat,TownHouseCluster&page=107",2026-04-05 20:59:18.337006
RR4579257,11596646,5 Bedroom House Constantia,R 120 000,120000,ZAR,Constantia,Constantia,5,4.5,6,4 300 m²,,,,https://www.privateproperty.co.za/to-rent/western-cape/cape-town/southern-suburbs/constantia/RR4579257,"https://www.privateproperty.co.za/to-rent/western-cape/cape-town/55?pt=House,ApartmentFlat,TownHouseCluster&page=107",2026-04-05 20:59:18.337006
RR4579170,11596423,2 Bedroom Apartment Cape Town City Centre,R 36 000,36000,ZAR,Cape Town City Centre,Cape Town City Centre,2,2,,,,,,https://www.privateproperty.co.za/to-rent/western-cape/cape-town/cape-town-city-bowl/cape-town-city-centre/RR4579170,"https://www.privateproperty.co.za/to-rent/western-cape/cape-town/55?pt=House,ApartmentFlat,TownHouseCluster&page=107",2026-04-05 20:59:18.337006
RR4315772,10929721,2 Bedroom Apartment Harbour Island,R 17 000,17000,ZAR,Harbour Island,Harbour Island,2,2,1,,,,,https://www.privateproperty.co.za/to-rent/western-cape/cape-town/gordons-bay/harbour-island/RR4315772,"https://www.privateproperty.co.za/to-rent/western-cape/cape-town/55?pt=House,ApartmentFlat,TownHouseCluster&page=107",2026-04-05 20:59:18.337006
RR4307457,10907635,2 Bedroom House Uitsig,R 9 500,9500,ZAR,Uitsig,Uitsig 1 Krisante Road,2,1,,319 m²,-33.935463,18.5982654,,https://www.privateproperty.co.za/to-rent/western-cape/cape-town/parow/ravensmead/uitsig/1-krisante-road/RR4307457,"https://www.privateproperty.co.za/to-rent/western-cape/cape-town/55?pt=House,ApartmentFlat,TownHouseCluster&page=107",2026-04-05 20:59:18.337006
RR4494563,11389688,2 Bedroom Apartment Parklands,R 9 800,9800,ZAR,Parklands,"Parklands B01 Riverside Mews, 26 Dartford Drive",2,1,,,,,,https://www.privateproperty.co.za/to-rent/western-cape/cape-town/blouberg/parklands/b01-riverside-mews/26-dartford-drive/RR4494563,"https://www.privateproperty.co.za/to-rent/western-cape/cape-town/55?pt=House,ApartmentFlat,TownHouseCluster&page=107",2026-04-05 20:59:18.337006
RR4412139,11183828,2 Bedroom Apartment Strand South,R 18 000,18000,ZAR,Strand South,Strand South,2,1.5,1,1 047 m²,,,,https://www.privateproperty.co.za/to-rent/western-cape/cape-town/strand/strand-south/RR4412139,"https://www.privateproperty.co.za/to-rent/western-cape/cape-town/55?pt=House,ApartmentFlat,TownHouseCluster&page=107",2026-04-05 20:59:18.337006
RR4308311,10909954,2 Bedroom Apartment Strand South,R 22 000,22000,ZAR,Strand South,Strand South,2,2,1,773 m²,,,,https://www.privateproperty.co.za/to-rent/western-cape/cape-town/strand/strand-south/RR4308311,"https://www.privateproperty.co.za/to-rent/western-cape/cape-town/55?pt=House,ApartmentFlat,TownHouseCluster&page=107",2026-04-05 20:59:18.337006
RR4410359,11179424,2 Bedroom Apartment Parklands East,R 9 350,9350,ZAR,Parklands East,"Parklands East 608 Parkhill Place, 1 Corner Of Parklands Main Road And Station Road",2,1,,,,,,https://www.privateproperty.co.za/to-rent/western-cape/cape-town/blouberg/parklands/parklands-east/608-parkhill-place/1-corner-of-parklands-main-road-and-station-road/RR4410359,"https://www.privateproperty.co.za/to-rent/western-cape/cape-town/55?pt=House,ApartmentFlat,TownHouseCluster&page=107",2026-04-05 20:59:18.337006
RR4501186,11406556,2 Bedroom Apartment Parklands,R 9 800,9800,ZAR,Parklands,"Parklands 1108 Parkhill Place, 1 Unit 809, Cnr Parklands Main Road & Station Rd",2,1,,,,,,https://www.privateproperty.co.za/to-rent/western-cape/cape-town/blouberg/parklands/1108-parkhill-place/1-unit-809-cnr-parklands-main-road-station-rd/RR4501186,"https://www.privateproperty.co.za/to-rent/western-cape/cape-town/55?pt=House,ApartmentFlat,TownHouseCluster&page=107",2026-04-05 20:59:18.337006
RR4578617,11595207,3 Bedroom Townhouse Oude Westhof,R 15 500,15500,ZAR,Oude Westhof,"Oude Westhof 1 Blanc De Noir, 7 Bukettraube Close",3,2,3,1.4 ha,-33.858986,18.599775,,https://www.privateproperty.co.za/to-rent/western-cape/cape-town/bellville/oude-westhof/1-blanc-de-noir/7-bukettraube-close/RR4578617,"https://www.privateproperty.co.za/to-rent/western-cape/cape-town/55?pt=House,ApartmentFlat,TownHouseCluster&page=107",2026-04-05 20:59:18.337006
RR4578605,11595183,2 Bedroom Apartment Cape Town City Centre,R 45 000,45000,ZAR,Cape Town City Centre,Cape Town City Centre,2,2,1,,,,,https://www.privateproperty.co.za/to-rent/western-cape/cape-town/cape-town-city-bowl/cape-town-city-centre/RR4578605,"https://www.privateproperty.co.za/to-rent/western-cape/cape-town/55?pt=House,ApartmentFlat,TownHouseCluster&page=107",2026-04-05 20:59:18.337006
RR4578536,11595060,2 Bedroom House Strand Central,R 33 600,33600,ZAR,Strand Central,Strand Central,2,2,1,3 414 m²,,,,https://www.privateproperty.co.za/to-rent/western-cape/cape-town/strand/strand-central/RR4578536,"https://www.privateproperty.co.za/to-rent/western-cape/cape-town/55?pt=House,ApartmentFlat,TownHouseCluster&page=107",2026-04-05 20:59:18.337006
RR4301001,10890334,2 Bedroom Apartment Parklands East,R 10 750,10750,ZAR,Parklands East,Parklands East,2,1,1,,,,,https://www.privateproperty.co.za/to-rent/western-cape/cape-town/blouberg/parklands/parklands-east/RR4301001,"https://www.privateproperty.co.za/to-rent/western-cape/cape-town/55?pt=House,ApartmentFlat,TownHouseCluster&page=107",2026-04-05 20:59:18.337006
RR4578343,11594658,2 Bedroom Apartment Big Bay,R 22 000,22000,ZAR,Big Bay,Big Bay,2,2,3,,,,,https://www.privateproperty.co.za/to-rent/western-cape/cape-town/blouberg/big-bay/RR4578343,"https://www.privateproperty.co.za/to-rent/western-cape/cape-town/55?pt=House,ApartmentFlat,TownHouseCluster&page=107",2026-04-05 20:59:18.337006
RR4578297,11594583,2 Bedroom Apartment Rivergate,R 11 000,11000,ZAR,Rivergate,Rivergate,2,1,1,,,,,https://www.privateproperty.co.za/to-rent/western-cape/cape-town/milnerton/rivergate/RR4578297,"https://www.privateproperty.co.za/to-rent/western-cape/cape-town/55?pt=House,ApartmentFlat,TownHouseCluster&page=107",2026-04-05 20:59:18.337006
RR4464687,11314574,1 Bedroom Apartment Zonnebloem,R 14 000,14000,ZAR,Zonnebloem,"Zonnebloem 1001 Four Seasons, 43 Buitenkant Street",1,1,,,,,,https://www.privateproperty.co.za/to-rent/western-cape/cape-town/cape-town-city-bowl/zonnebloem/1001-four-seasons/43-buitenkant-street/RR4464687,"https://www.privateproperty.co.za/to-rent/western-cape/cape-town/55?pt=House,ApartmentFlat,TownHouseCluster&page=107",2026-04-05 20:59:18.337006
RR4577898,11593801,2 Bedroom Apartment Schaap Kraal,R 8 750,8750,ZAR,Schaap Kraal,"Schaap Kraal 1 Knole Park, 19 Wilkinston",2,1,1,,,,,https://www.privateproperty.co.za/to-rent/western-cape/cape-town/cape-flats/philippi/schaap-kraal/1-knole-park/19-wilkinston/RR4577898,"https://www.privateproperty.co.za/to-rent/western-cape/cape-town/55?pt=House,ApartmentFlat,TownHouseCluster&page=107",2026-04-05 20:59:18.337006
RR4577576,11593178,3 Bedroom House La Sandra,R 38 000,38000,ZAR,La Sandra,La Sandra,3,3,2,1 187 m²,,,,https://www.privateproperty.co.za/to-rent/western-cape/cape-town/somerset-west/la-sandra/RR4577576,"https://www.privateproperty.co.za/to-rent/western-cape/cape-town/55?pt=House,ApartmentFlat,TownHouseCluster&page=108",2026-04-05 20:59:18.337006
RR4146220,10510523,2 Bedroom Apartment Parklands,R 10 950,10950,ZAR,Parklands,Parklands,2,1,1,,,,,https://www.privateproperty.co.za/to-rent/western-cape/cape-town/blouberg/parklands/RR4146220,"https://www.privateproperty.co.za/to-rent/western-cape/cape-town/55?pt=House,ApartmentFlat,TownHouseCluster&page=108",2026-04-05 20:59:18.337006
RR4576748,11591534,2 Bedroom Flat De Velde,R 14 750,14750,ZAR,De Velde,De Velde,2,2,2,,,,,https://www.privateproperty.co.za/to-rent/western-cape/cape-town/somerset-west/de-velde/RR4576748,"https://www.privateproperty.co.za/to-rent/western-cape/cape-town/55?pt=House,ApartmentFlat,TownHouseCluster&page=108",2026-04-05 20:59:18.337006
RR4577012,11592036,Studio Apartment Cape Town City Centre,R 28 500,28500,ZAR,Cape Town City Centre,Cape Town City Centre,0.5,1,,,,,,https://www.privateproperty.co.za/to-rent/western-cape/cape-town/cape-town-city-bowl/cape-town-city-centre/RR4577012,"https://www.privateproperty.co.za/to-rent/western-cape/cape-town/55?pt=House,ApartmentFlat,TownHouseCluster&page=108",2026-04-05 20:59:18.337006
RR4068615,10311889,2 Bedroom Apartment Harbour Island,R 20 000,20000,ZAR,Harbour Island,Harbour Island,2,2,1,,,,,https://www.privateproperty.co.za/to-rent/western-cape/cape-town/gordons-bay/harbour-island/RR4068615,"https://www.privateproperty.co.za/to-rent/western-cape/cape-town/55?pt=House,ApartmentFlat,TownHouseCluster&page=108",2026-04-05 20:59:18.337006
RR4576727,11591491,3 Bedroom Apartment Rosebank,R 7 000,7000,ZAR,Rosebank,Rosebank,3,1,1,,,,,https://www.privateproperty.co.za/to-rent/western-cape/cape-town/southern-suburbs/rosebank/RR4576727,"https://www.privateproperty.co.za/to-rent/western-cape/cape-town/55?pt=House,ApartmentFlat,TownHouseCluster&page=108",2026-04-05 20:59:18.337006
RR4032426,10210738,3 Bedroom Townhouse Blouberg,R 26 000,26000,ZAR,Blouberg,Blouberg 10 Porterfield Road,3,2,,,,,,https://www.privateproperty.co.za/to-rent/western-cape/cape-town/blouberg/bloubergstrand/blouberg/10-porterfield-road/RR4032426,"https://www.privateproperty.co.za/to-rent/western-cape/cape-town/55?pt=House,ApartmentFlat,TownHouseCluster&page=108",2026-04-05 20:59:18.337006
RR4576495,11591044,1 Bedroom Apartment Sea Point,R 15 000,15000,ZAR,Sea Point,Sea Point,1,1,,,,,,https://www.privateproperty.co.za/to-rent/western-cape/cape-town/atlantic-seaboard/sea-point/RR4576495,"https://www.privateproperty.co.za/to-rent/western-cape/cape-town/55?pt=House,ApartmentFlat,TownHouseCluster&page=108",2026-04-05 20:59:18.337006
RR1596147,4252536,7 Bedroom House Constantia Upper,R 170 000,170000,ZAR,Constantia Upper,Constantia Upper,7,9,4,,,,,https://www.privateproperty.co.za/to-rent/western-cape/cape-town/southern-suburbs/constantia/constantia-upper/RR1596147,"https://www.privateproperty.co.za/to-rent/western-cape/cape-town/55?pt=House,ApartmentFlat,TownHouseCluster&page=108",2026-04-05 20:59:18.337006
RR4576366,11590773,1 Bedroom Apartment Cape Town City Centre,R 15 000,15000,ZAR,Cape Town City Centre,Cape Town City Centre,1,1,,,,,,https://www.privateproperty.co.za/to-rent/western-cape/cape-town/cape-town-city-bowl/cape-town-city-centre/RR4576366,"https://www.privateproperty.co.za/to-rent/western-cape/cape-town/55?pt=House,ApartmentFlat,TownHouseCluster&page=108",2026-04-05 20:59:18.337006
RR4576303,11590628,7 Bedroom House Constantia,R 170 000,170000,ZAR,Constantia,Constantia,7,9,4,5 000 m²,,,,https://www.privateproperty.co.za/to-rent/western-cape/cape-town/southern-suburbs/constantia/RR4576303,"https://www.privateproperty.co.za/to-rent/western-cape/cape-town/55?pt=House,ApartmentFlat,TownHouseCluster&page=108",2026-04-05 20:59:18.337006
RR4576183,11590387,2 Bedroom Apartment Big Bay,R 20 000,20000,ZAR,Big Bay,"Big Bay 67 Dolphin Ridge, 1006 Otto Du Plessis Drive",2,2,2,94 m²,,,,https://www.privateproperty.co.za/to-rent/western-cape/cape-town/blouberg/big-bay/67-dolphin-ridge/1006-otto-du-plessis-drive/RR4576183,"https://www.privateproperty.co.za/to-rent/western-cape/cape-town/55?pt=House,ApartmentFlat,TownHouseCluster&page=108",2026-04-05 20:59:18.337006
RR4075766,10330171,2 Bedroom Apartment Century City,R 35 500,35500,ZAR,Century City,"Century City 1 The Terraces, 40 Socrates",2,2,2,,-33.8923599,18.51182,,https://www.privateproperty.co.za/to-rent/western-cape/cape-town/milnerton/century-city/1-the-terraces/40-socrates/RR4075766,"https://www.privateproperty.co.za/to-rent/western-cape/cape-town/55?pt=House,ApartmentFlat,TownHouseCluster&page=108",2026-04-05 20:59:18.337006
RR4576019,11590034,3 Bedroom House Kommetjie,R 35 000,35000,ZAR,Kommetjie,Kommetjie 9 Orca Close,3,2.5,3,790 m²,18.339376,-34.132095,,https://www.privateproperty.co.za/to-rent/western-cape/cape-town/peninsula-false-bay/kommetjie/9-orca-close/RR4576019,"https://www.privateproperty.co.za/to-rent/western-cape/cape-town/55?pt=House,ApartmentFlat,TownHouseCluster&page=108",2026-04-05 20:59:18.337006
RR4575687,11589418,1 Bedroom Apartment Three Anchor Bay,R 32 000,32000,ZAR,Three Anchor Bay,Three Anchor Bay,1,1,1,,,,,https://www.privateproperty.co.za/to-rent/western-cape/cape-town/atlantic-seaboard/three-anchor-bay/RR4575687,"https://www.privateproperty.co.za/to-rent/western-cape/cape-town/55?pt=House,ApartmentFlat,TownHouseCluster&page=108",2026-04-05 20:59:18.337006
RR4575041,11588288,2 Bedroom House Lotus River,R 9 050,9050,ZAR,Lotus River,Lotus River,2,1,1,4 073 m²,,,,https://www.privateproperty.co.za/to-rent/western-cape/cape-town/cape-flats/lotus-river/RR4575041,"https://www.privateproperty.co.za/to-rent/western-cape/cape-town/55?pt=House,ApartmentFlat,TownHouseCluster&page=108",2026-04-05 20:59:18.337006
RR4574966,11588151,Studio apartment Claremont,R 12 000,12000,ZAR,Claremont,Claremont,1,1,1,,,,,https://www.privateproperty.co.za/to-rent/western-cape/cape-town/southern-suburbs/claremont/RR4574966,"https://www.privateproperty.co.za/to-rent/western-cape/cape-town/55?pt=House,ApartmentFlat,TownHouseCluster&page=108",2026-04-05 20:59:18.337006
RR4574949,11588126,1 Bedroom Apartment Welgelegen,R 10 800,10800,ZAR,Welgelegen,Welgelegen,1,1,,48 m²,,,,https://www.privateproperty.co.za/to-rent/western-cape/cape-town/parow/welgelegen/RR4574949,"https://www.privateproperty.co.za/to-rent/western-cape/cape-town/55?pt=House,ApartmentFlat,TownHouseCluster&page=108",2026-04-05 20:59:18.337006
RR4209236,10665841,2 Bedroom Apartment Century City,R 30 000,30000,ZAR,Century City,"Century City 300 Bridge Water, 4 Conference Lane",2,2,1,,,,,https://www.privateproperty.co.za/to-rent/western-cape/cape-town/milnerton/century-city/300-bridge-water/4-conference-lane/RR4209236,"https://www.privateproperty.co.za/to-rent/western-cape/cape-town/55?pt=House,ApartmentFlat,TownHouseCluster&page=108",2026-04-05 20:59:18.337006
RR4574827,11587870,1 Bedroom Apartment Hout Bay Central,R 16 995,16995,ZAR,Hout Bay Central,Hout Bay Central,1,1.5,,,,,,https://www.privateproperty.co.za/to-rent/western-cape/cape-town/hout-bay/hout-bay-central/RR4574827,"https://www.privateproperty.co.za/to-rent/western-cape/cape-town/55?pt=House,ApartmentFlat,TownHouseCluster&page=108",2026-04-05 20:59:18.337006
RR4574789,11587802,3 Bedroom Apartment Strand Central,R 19 950,19950,ZAR,Strand Central,Strand Central,3,2,1,,,,,https://www.privateproperty.co.za/to-rent/western-cape/cape-town/strand/strand-central/RR4574789,"https://www.privateproperty.co.za/to-rent/western-cape/cape-town/55?pt=House,ApartmentFlat,TownHouseCluster&page=109",2026-04-05 20:59:18.337006
RR4574711,11587637,1 Bedroom Apartment Hout Bay Central,R 16 995,16995,ZAR,Hout Bay Central,Hout Bay Central,1,1,1,,,,,https://www.privateproperty.co.za/to-rent/western-cape/cape-town/hout-bay/hout-bay-central/RR4574711,"https://www.privateproperty.co.za/to-rent/western-cape/cape-town/55?pt=House,ApartmentFlat,TownHouseCluster&page=109",2026-04-05 20:59:18.337006
RR4574476,11587129,5 Bedroom House Constantia,R 140 000,140000,ZAR,Constantia,Constantia,5,5,8,3 993 m²,,,,https://www.privateproperty.co.za/to-rent/western-cape/cape-town/southern-suburbs/constantia/RR4574476,"https://www.privateproperty.co.za/to-rent/western-cape/cape-town/55?pt=House,ApartmentFlat,TownHouseCluster&page=109",2026-04-05 20:59:18.337006
RR4574308,11586796,2 Bedroom Apartment Bloubergrant,R 21 900,21900,ZAR,Bloubergrant,Bloubergrant,2,2,2,,,,,https://www.privateproperty.co.za/to-rent/western-cape/cape-town/blouberg/bloubergrant/RR4574308,"https://www.privateproperty.co.za/to-rent/western-cape/cape-town/55?pt=House,ApartmentFlat,TownHouseCluster&page=109",2026-04-05 20:59:18.337006
RR4574175,11586561,3 Bedroom House Capri,R 34 000,34000,ZAR,Capri,Capri,3,3,1,,,,,https://www.privateproperty.co.za/to-rent/western-cape/cape-town/peninsula-false-bay/capri/RR4574175,"https://www.privateproperty.co.za/to-rent/western-cape/cape-town/55?pt=House,ApartmentFlat,TownHouseCluster&page=109",2026-04-05 20:59:18.337006
RR4574172,11586555,4 Bedroom House Kalk Bay,R 30 000,30000,ZAR,Kalk Bay,Kalk Bay,4,1,1,,,,,https://www.privateproperty.co.za/to-rent/western-cape/cape-town/peninsula-false-bay/kalk-bay/RR4574172,"https://www.privateproperty.co.za/to-rent/western-cape/cape-town/55?pt=House,ApartmentFlat,TownHouseCluster&page=109",2026-04-05 20:59:18.337006
RR4573334,11584624,Studio Apartment Cape Town City Centre,R 12 500,12500,ZAR,Cape Town City Centre,"Cape Town City Centre 102 Tudor House, 153 Longmarket Street",0.5,1,,,,,,https://www.privateproperty.co.za/to-rent/western-cape/cape-town/cape-town-city-bowl/cape-town-city-centre/102-tudor-house/153-longmarket-street/RR4573334,"https://www.privateproperty.co.za/to-rent/western-cape/cape-town/55?pt=House,ApartmentFlat,TownHouseCluster&page=109",2026-04-05 20:59:18.337006
RR4573194,11584285,4 Bedroom House Kalk Bay,R 30 000,30000,ZAR,Kalk Bay,Kalk Bay 14 Loch Road,4,1,1,,,,,https://www.privateproperty.co.za/to-rent/western-cape/cape-town/peninsula-false-bay/kalk-bay/14-loch-road/RR4573194,"https://www.privateproperty.co.za/to-rent/western-cape/cape-town/55?pt=House,ApartmentFlat,TownHouseCluster&page=109",2026-04-05 20:59:18.337006
RR4572883,11583527,7 Bedroom House Camps Bay,R 200 000,200000,ZAR,Camps Bay,Camps Bay,7,7.5,,,,,,https://www.privateproperty.co.za/to-rent/western-cape/cape-town/atlantic-seaboard/camps-bay/RR4572883,"https://www.privateproperty.co.za/to-rent/western-cape/cape-town/55?pt=House,ApartmentFlat,TownHouseCluster&page=109",2026-04-05 20:59:18.337006
RR4572867,11583477,1 Bedroom House Zonnebloem,R 6 500,6500,ZAR,Zonnebloem,Zonnebloem,1,1,,,,,,https://www.privateproperty.co.za/to-rent/western-cape/cape-town/cape-town-city-bowl/zonnebloem/RR4572867,"https://www.privateproperty.co.za/to-rent/western-cape/cape-town/55?pt=House,ApartmentFlat,TownHouseCluster&page=109",2026-04-05 20:59:18.337006
RR4315953,10930238,2 Bedroom Apartment Rivergate,R 12 000,12000,ZAR,Rivergate,Rivergate,2,1,,,,,,https://www.privateproperty.co.za/to-rent/western-cape/cape-town/milnerton/rivergate/RR4315953,"https://www.privateproperty.co.za/to-rent/western-cape/cape-town/55?pt=House,ApartmentFlat,TownHouseCluster&page=109",2026-04-05 20:59:18.337006
RR4572526,11582600,3 Bedroom House Sunningdale,R 34 000,34000,ZAR,Sunningdale,"Sunningdale 8 Maple Creek, 8 Maple Creek",3,2,4,,-33.784023,18.479452,,https://www.privateproperty.co.za/to-rent/western-cape/cape-town/blouberg/sunningdale/8-maple-creek/8-maple-creek/RR4572526,"https://www.privateproperty.co.za/to-rent/western-cape/cape-town/55?pt=House,ApartmentFlat,TownHouseCluster&page=109",2026-04-05 20:59:18.337006
RR4572506,11582537,3 Bedroom Apartment Kenilworth,R 28 000,28000,ZAR,Kenilworth,Kenilworth,3,2,2,,,,,https://www.privateproperty.co.za/to-rent/western-cape/cape-town/southern-suburbs/kenilworth/RR4572506,"https://www.privateproperty.co.za/to-rent/western-cape/cape-town/55?pt=House,ApartmentFlat,TownHouseCluster&page=109",2026-04-05 20:59:18.337006
RR4572350,11582144,3 Bedroom House Strand North,R 21 500,21500,ZAR,Strand North,Strand North,3,2,4,491 m²,,,,https://www.privateproperty.co.za/to-rent/western-cape/cape-town/strand/strand-north/RR4572350,"https://www.privateproperty.co.za/to-rent/western-cape/cape-town/55?pt=House,ApartmentFlat,TownHouseCluster&page=109",2026-04-05 20:59:18.337006
RR4465561,11316581,2 Bedroom Apartment Athlone,R 10 500,10500,ZAR,Athlone,Athlone,2,1,1,,,,,https://www.privateproperty.co.za/to-rent/western-cape/cape-town/cape-flats/athlone/RR4465561,"https://www.privateproperty.co.za/to-rent/western-cape/cape-town/55?pt=House,ApartmentFlat,TownHouseCluster&page=109",2026-04-05 20:59:18.337006
RR4572137,11581608,2 Bedroom Apartment Gordons Bay Central,R 10 500,10500,ZAR,Gordons Bay Central,Gordons Bay Central 1 Firlands Minor Road,2,1,2,,-34.1449355,18.8897072,,https://www.privateproperty.co.za/to-rent/western-cape/cape-town/gordons-bay/gordons-bay-central/1-firlands-minor-road/RR4572137,"https://www.privateproperty.co.za/to-rent/western-cape/cape-town/55?pt=House,ApartmentFlat,TownHouseCluster&page=109",2026-04-05 20:59:18.337006
RR4572088,11581495,5 Bedroom House Plattekloof,R 55 000,55000,ZAR,Plattekloof,Plattekloof 6d Tolbos Close,5,5.5,2,,,,,https://www.privateproperty.co.za/to-rent/western-cape/cape-town/parow/plattekloof/6d-tolbos-close/RR4572088,"https://www.privateproperty.co.za/to-rent/western-cape/cape-town/55?pt=House,ApartmentFlat,TownHouseCluster&page=109",2026-04-05 20:59:18.337006
RR4572059,11581406,2 Bedroom House Observatory,R 25 000,25000,ZAR,Observatory,Observatory,2,1,,,,,,https://www.privateproperty.co.za/to-rent/western-cape/cape-town/cape-town-city-bowl/observatory/RR4572059,"https://www.privateproperty.co.za/to-rent/western-cape/cape-town/55?pt=House,ApartmentFlat,TownHouseCluster&page=109",2026-04-05 20:59:18.337006
RR4571808,11580859,5 Bedroom House Loevenstein,R 35 000,35000,ZAR,Loevenstein,Loevenstein,5,3,6,,,,,https://www.privateproperty.co.za/to-rent/western-cape/cape-town/bellville/loevenstein/RR4571808,"https://www.privateproperty.co.za/to-rent/western-cape/cape-town/55?pt=House,ApartmentFlat,TownHouseCluster&page=109",2026-04-05 20:59:18.337006
RR4571798,11580836,1 Bedroom Apartment Haasendal,R 18 500,18500,ZAR,Haasendal,"Haasendal 179 Cederberg Estate, 1 Haasendal Road",1,1,1,,-33.9090714,18.6983907,,https://www.privateproperty.co.za/to-rent/western-cape/cape-town/kuils-river/haasendal/179-cederberg-estate/1-haasendal-road/RR4571798,"https://www.privateproperty.co.za/to-rent/western-cape/cape-town/55?pt=House,ApartmentFlat,TownHouseCluster&page=109",2026-04-05 20:59:18.337006
RR4571148,11579264,2 Bedroom Apartment Camps Bay,R 39 000,39000,ZAR,Camps Bay,Camps Bay,2,2,,,,,,https://www.privateproperty.co.za/to-rent/western-cape/cape-town/atlantic-seaboard/camps-bay/RR4571148,"https://www.privateproperty.co.za/to-rent/western-cape/cape-town/55?pt=House,ApartmentFlat,TownHouseCluster&page=110",2026-04-05 20:59:18.337006
RR4571143,11579259,2 Bedroom Apartment Mouille Point,R 57 000,57000,ZAR,Mouille Point,Mouille Point,2,2,,,,,,https://www.privateproperty.co.za/to-rent/western-cape/cape-town/atlantic-seaboard/mouille-point/RR4571143,"https://www.privateproperty.co.za/to-rent/western-cape/cape-town/55?pt=House,ApartmentFlat,TownHouseCluster&page=110",2026-04-05 20:59:18.337006
RR4570706,11578221,4 Bedroom House Observatory,R 6 850,6850,ZAR,Observatory,Observatory,4,1,,,,,,https://www.privateproperty.co.za/to-rent/western-cape/cape-town/cape-town-city-bowl/observatory/RR4570706,"https://www.privateproperty.co.za/to-rent/western-cape/cape-town/55?pt=House,ApartmentFlat,TownHouseCluster&page=110",2026-04-05 20:59:18.337006
RR4570057,11576573,2 Bedroom Apartment Bloubergstrand,R 26 000,26000,ZAR,Bloubergstrand,Bloubergstrand,2,2.5,3,,,,,https://www.privateproperty.co.za/to-rent/western-cape/cape-town/blouberg/bloubergstrand/RR4570057,"https://www.privateproperty.co.za/to-rent/western-cape/cape-town/55?pt=House,ApartmentFlat,TownHouseCluster&page=110",2026-04-05 20:59:18.337006
RR4568615,11572927,1 Bedroom Apartment Sea Point,R 1 700 per day,1700,ZAR,Sea Point,"Sea Point 6 Norfolk Six On N, 6 Norfolk Rd, Sea Point 6 Norfolk Rd, Sea Point",1,1,1,,,,,https://www.privateproperty.co.za/to-rent/western-cape/cape-town/atlantic-seaboard/sea-point/6-norfolk-six-on-n/6-norfolk-rd-sea-point-6-norfolk-rd-sea-point/RR4568615,"https://www.privateproperty.co.za/to-rent/western-cape/cape-town/55?pt=House,ApartmentFlat,TownHouseCluster&page=110",2026-04-05 20:59:18.337006
RR4568607,11572901,2 Bedroom Apartment Sea Point,R 4 700 per day,4700,ZAR,Sea Point,"Sea Point 4 Oliver R Four On O, 4 Oliver Rd, Sea Point, Cape Town 4 Oliver Rd, Sea Point, Cape Town",2,2,1,,,,,https://www.privateproperty.co.za/to-rent/western-cape/cape-town/atlantic-seaboard/sea-point/4-oliver-r-four-on-o/4-oliver-rd-sea-point-cape-town-4-oliver-rd-sea-point-cape-town/RR4568607,"https://www.privateproperty.co.za/to-rent/western-cape/cape-town/55?pt=House,ApartmentFlat,TownHouseCluster&page=110",2026-04-05 20:59:18.337006
RR4568602,11572889,1 Bedroom Apartment Sea Point,R 2 225 per day,2225,ZAR,Sea Point,"Sea Point 126 Main R One26 On M, 126 Main Rd, Sea Point, Cape Town 126 Main Rd, Sea Point, Cape Town",1,1,1,,,,,https://www.privateproperty.co.za/to-rent/western-cape/cape-town/atlantic-seaboard/sea-point/126-main-r-one26-on-m/126-main-rd-sea-point-cape-town-126-main-rd-sea-point-cape-town/RR4568602,"https://www.privateproperty.co.za/to-rent/western-cape/cape-town/55?pt=House,ApartmentFlat,TownHouseCluster&page=110",2026-04-05 20:59:18.337006
RR4568597,11572880,2 Bedroom Apartment Sea Point,R 4 700 per day,4700,ZAR,Sea Point,"Sea Point 82 Main Rd Eighty2 On M, 82 Main Rd, Sea Point 82 Main Rd, Sea Point",2,1,1,,,,,https://www.privateproperty.co.za/to-rent/western-cape/cape-town/atlantic-seaboard/sea-point/82-main-rd-eighty2-on-m/82-main-rd-sea-point-82-main-rd-sea-point/RR4568597,"https://www.privateproperty.co.za/to-rent/western-cape/cape-town/55?pt=House,ApartmentFlat,TownHouseCluster&page=110",2026-04-05 20:59:18.337006
RR4568594,11572869,1 Bedroom Apartment Sea Point,R 1 800 per day,1800,ZAR,Sea Point,"Sea Point 343 Main R Three43 On B, 343 Main Rd, Corner Of Main Road, Sea Point 343 Main Rd, Corner Of Main Road, Sea Point",1,1,1,,,,,https://www.privateproperty.co.za/to-rent/western-cape/cape-town/atlantic-seaboard/sea-point/343-main-r-three43-on-b/343-main-rd-corner-of-main-road-sea-point-343-main-rd-corner-of-main-road-sea-point/RR4568594,"https://www.privateproperty.co.za/to-rent/western-cape/cape-town/55?pt=House,ApartmentFlat,TownHouseCluster&page=110",2026-04-05 20:59:18.337006
RR4568588,11572856,2 Bedroom Apartment Sea Point,R 4 700 per day,4700,ZAR,Sea Point,"Sea Point 100 Main R Onehundred On M, 100 Main Rd, Sea Point, Cape Town 100 Main Rd, Sea Point, Cape Town",2,2,1,,,,,https://www.privateproperty.co.za/to-rent/western-cape/cape-town/atlantic-seaboard/sea-point/100-main-r-onehundred-on-m/100-main-rd-sea-point-cape-town-100-main-rd-sea-point-cape-town/RR4568588,"https://www.privateproperty.co.za/to-rent/western-cape/cape-town/55?pt=House,ApartmentFlat,TownHouseCluster&page=110",2026-04-05 20:59:18.337006
RR4568583,11572845,1 Bedroom Apartment Sea Point,R 2 240 per day,2240,ZAR,Sea Point,"Sea Point 6 Norfolk Six On N, 6 Norfolk Rd, Sea Point 6 Norfolk Rd, Sea Point",1,1,1,,,,,https://www.privateproperty.co.za/to-rent/western-cape/cape-town/atlantic-seaboard/sea-point/6-norfolk-six-on-n/6-norfolk-rd-sea-point-6-norfolk-rd-sea-point/RR4568583,"https://www.privateproperty.co.za/to-rent/western-cape/cape-town/55?pt=House,ApartmentFlat,TownHouseCluster&page=110",2026-04-05 20:59:18.337006
RR4568564,11572805,2 Bedroom Apartment Strand South,R 2 500 per day,2500,ZAR,Strand South,Strand South,2,2,,,,,,https://www.privateproperty.co.za/to-rent/western-cape/cape-town/strand/strand-south/RR4568564,"https://www.privateproperty.co.za/to-rent/western-cape/cape-town/55?pt=House,ApartmentFlat,TownHouseCluster&page=110",2026-04-05 20:59:18.337006
RR4568544,11572761,2 Bedroom Apartment Sea Point,R 4 700 per day,4700,ZAR,Sea Point,"Sea Point 6 Norfolk Six On N, 6 Norfolk Rd, Sea Point 6 Norfolk Rd, Sea Point",2,2,1,,,,,https://www.privateproperty.co.za/to-rent/western-cape/cape-town/atlantic-seaboard/sea-point/6-norfolk-six-on-n/6-norfolk-rd-sea-point-6-norfolk-rd-sea-point/RR4568544,"https://www.privateproperty.co.za/to-rent/western-cape/cape-town/55?pt=House,ApartmentFlat,TownHouseCluster&page=110",2026-04-05 20:59:18.337006
RR4568307,11572206,8 Bedroom House Constantia,R 260 000,260000,ZAR,Constantia,Constantia,8,8,11,4 367 m²,,,,https://www.privateproperty.co.za/to-rent/western-cape/cape-town/southern-suburbs/constantia/RR4568307,"https://www.privateproperty.co.za/to-rent/western-cape/cape-town/55?pt=House,ApartmentFlat,TownHouseCluster&page=110",2026-04-05 20:59:18.337006
RR4567817,11571089,1 Bedroom Apartment Costa Da Gama,R 10 000,10000,ZAR,Costa Da Gama,"Costa Da Gama 84 Sunrise Villas, 1 Unit 84, St Davids St",1,1,,,,,,https://www.privateproperty.co.za/to-rent/western-cape/cape-town/peninsula-false-bay/muizenberg/costa-da-gama/84-sunrise-villas/1-unit-84-st-davids-st/RR4567817,"https://www.privateproperty.co.za/to-rent/western-cape/cape-town/55?pt=House,ApartmentFlat,TownHouseCluster&page=110",2026-04-05 20:59:18.337006
RR4354044,11035694,2 Bedroom Apartment Century City,R 21 000,21000,ZAR,Century City,Century City,2,2,,,,,,https://www.privateproperty.co.za/to-rent/western-cape/cape-town/milnerton/century-city/RR4354044,"https://www.privateproperty.co.za/to-rent/western-cape/cape-town/55?pt=House,ApartmentFlat,TownHouseCluster&page=110",2026-04-05 20:59:18.337006
RR4567207,11569804,2 Bedroom Apartment Sea Point,R 36 950,36950,ZAR,Sea Point,Sea Point,2,2,2,,,,,https://www.privateproperty.co.za/to-rent/western-cape/cape-town/atlantic-seaboard/sea-point/RR4567207,"https://www.privateproperty.co.za/to-rent/western-cape/cape-town/55?pt=House,ApartmentFlat,TownHouseCluster&page=110",2026-04-05 20:59:18.337006
RR4566458,11568063,4 Bedroom House Camps Bay,R 180 000,180000,ZAR,Camps Bay,Camps Bay,4,4.5,2,,,,,https://www.privateproperty.co.za/to-rent/western-cape/cape-town/atlantic-seaboard/camps-bay/RR4566458,"https://www.privateproperty.co.za/to-rent/western-cape/cape-town/55?pt=House,ApartmentFlat,TownHouseCluster&page=110",2026-04-05 20:59:18.337006
RR4565564,11566013,2 Bedroom Apartment Table View,R 21 900,21900,ZAR,Table View,Table View,2,2,2,,,,,https://www.privateproperty.co.za/to-rent/western-cape/cape-town/blouberg/table-view/RR4565564,"https://www.privateproperty.co.za/to-rent/western-cape/cape-town/55?pt=House,ApartmentFlat,TownHouseCluster&page=110",2026-04-05 20:59:18.337006
RR4454173,11287921,1 Bedroom Apartment Parow East,R 7 750,7750,ZAR,Parow East,Parow East,1,1,,,,,,https://www.privateproperty.co.za/to-rent/western-cape/cape-town/parow/parow-east/RR4454173,"https://www.privateproperty.co.za/to-rent/western-cape/cape-town/55?pt=House,ApartmentFlat,TownHouseCluster&page=110",2026-04-05 20:59:18.337006
RR4565406,11565700,3 Bedroom House Churchill Estate,R 16 995,16995,ZAR,Churchill Estate,Churchill Estate,3,1,1,496 m²,,,,https://www.privateproperty.co.za/to-rent/western-cape/cape-town/parow/churchill-estate/RR4565406,"https://www.privateproperty.co.za/to-rent/western-cape/cape-town/55?pt=House,ApartmentFlat,TownHouseCluster&page=111",2026-04-05 20:59:18.337006
RR4565303,11565503,2 Bedroom Apartment Kraaifontein Central,R 8 700,8700,ZAR,Kraaifontein Central,Kraaifontein Central,2,1,1,,,,,https://www.privateproperty.co.za/to-rent/western-cape/cape-town/kraaifontein/kraaifontein-central/RR4565303,"https://www.privateproperty.co.za/to-rent/western-cape/cape-town/55?pt=House,ApartmentFlat,TownHouseCluster&page=111",2026-04-05 20:59:18.337006
RR4565173,11565218,2 Bedroom Apartment Cape Town City Centre,R 55 000,55000,ZAR,Cape Town City Centre,Cape Town City Centre,2,2,,,,,,https://www.privateproperty.co.za/to-rent/western-cape/cape-town/cape-town-city-bowl/cape-town-city-centre/RR4565173,"https://www.privateproperty.co.za/to-rent/western-cape/cape-town/55?pt=House,ApartmentFlat,TownHouseCluster&page=111",2026-04-05 20:59:18.337006
RR4565056,11565044,2 Bedroom Apartment Strand Central,R 16 500,16500,ZAR,Strand Central,Strand Central,2,2,1,,,,,https://www.privateproperty.co.za/to-rent/western-cape/cape-town/strand/strand-central/RR4565056,"https://www.privateproperty.co.za/to-rent/western-cape/cape-town/55?pt=House,ApartmentFlat,TownHouseCluster&page=111",2026-04-05 20:59:18.337006
RR4565035,11565010,3 Bedroom House Parklands,R 22 000,22000,ZAR,Parklands,Parklands,3,2,1,228 m²,,,,https://www.privateproperty.co.za/to-rent/western-cape/cape-town/blouberg/parklands/RR4565035,"https://www.privateproperty.co.za/to-rent/western-cape/cape-town/55?pt=House,ApartmentFlat,TownHouseCluster&page=111",2026-04-05 20:59:18.337006
RR4564783,11564461,2 Bedroom Penthouse Muizenberg,R 60 000,60000,ZAR,Muizenberg,"Muizenberg 502 Wavescapes, 176 Main Road",2,2,2,,-34.1099645,18.4671531,,https://www.privateproperty.co.za/to-rent/western-cape/cape-town/peninsula-false-bay/muizenberg/502-wavescapes/176-main-road/RR4564783,"https://www.privateproperty.co.za/to-rent/western-cape/cape-town/55?pt=House,ApartmentFlat,TownHouseCluster&page=111",2026-04-05 20:59:18.337006
RR4564707,11564313,2 Bedroom Apartment Constantia,R 28 000,28000,ZAR,Constantia,Constantia,2,1,,,,,,https://www.privateproperty.co.za/to-rent/western-cape/cape-town/southern-suburbs/constantia/RR4564707,"https://www.privateproperty.co.za/to-rent/western-cape/cape-town/55?pt=House,ApartmentFlat,TownHouseCluster&page=111",2026-04-05 20:59:18.337006
RR4564567,11564058,3 Bedroom Duplex Parklands,R 18 300,18300,ZAR,Parklands,Parklands,3,3,1,137 m²,,,,https://www.privateproperty.co.za/to-rent/western-cape/cape-town/blouberg/parklands/RR4564567,"https://www.privateproperty.co.za/to-rent/western-cape/cape-town/55?pt=House,ApartmentFlat,TownHouseCluster&page=111",2026-04-05 20:59:18.337006
RR4564553,11564030,2 Bedroom Apartment Bantry Bay,R 100 000,100000,ZAR,Bantry Bay,Bantry Bay,2,2,,,,,,https://www.privateproperty.co.za/to-rent/western-cape/cape-town/atlantic-seaboard/bantry-bay/RR4564553,"https://www.privateproperty.co.za/to-rent/western-cape/cape-town/55?pt=House,ApartmentFlat,TownHouseCluster&page=111",2026-04-05 20:59:18.337006
RR4564555,11564032,4 Bedroom House Fish Hoek,R 40 000,40000,ZAR,Fish Hoek,Fish Hoek,4,3,4,,,,,https://www.privateproperty.co.za/to-rent/western-cape/cape-town/peninsula-false-bay/fish-hoek/RR4564555,"https://www.privateproperty.co.za/to-rent/western-cape/cape-town/55?pt=House,ApartmentFlat,TownHouseCluster&page=111",2026-04-05 20:59:18.337006
RR4072297,10321375,3 Bedroom House Sunset Links,R 55 000,55000,ZAR,Sunset Links,Sunset Links,3,3.5,2,343 m²,,,,https://www.privateproperty.co.za/to-rent/western-cape/cape-town/milnerton/sunset-links/RR4072297,"https://www.privateproperty.co.za/to-rent/western-cape/cape-town/55?pt=House,ApartmentFlat,TownHouseCluster&page=111",2026-04-05 20:59:18.337006
RR4563831,11562370,1 Bedroom Apartment Green Point,R 25 000,25000,ZAR,Green Point,Green Point,1,1,1,,,,,https://www.privateproperty.co.za/to-rent/western-cape/cape-town/atlantic-seaboard/green-point/RR4563831,"https://www.privateproperty.co.za/to-rent/western-cape/cape-town/55?pt=House,ApartmentFlat,TownHouseCluster&page=111",2026-04-05 20:59:18.337006
RR4563797,11562266,1 Bedroom Apartment Gardens,R 30 000,30000,ZAR,Gardens,Gardens,1,1.5,,,,,,https://www.privateproperty.co.za/to-rent/western-cape/cape-town/cape-town-city-bowl/gardens/RR4563797,"https://www.privateproperty.co.za/to-rent/western-cape/cape-town/55?pt=House,ApartmentFlat,TownHouseCluster&page=111",2026-04-05 20:59:18.337006
RR4563591,11561734,3 Bedroom Apartment Three Anchor Bay,R 65 000,65000,ZAR,Three Anchor Bay,Three Anchor Bay,3,2.5,1,,,,,https://www.privateproperty.co.za/to-rent/western-cape/cape-town/atlantic-seaboard/three-anchor-bay/RR4563591,"https://www.privateproperty.co.za/to-rent/western-cape/cape-town/55?pt=House,ApartmentFlat,TownHouseCluster&page=111",2026-04-05 20:59:18.337006
RR4563587,11561720,4 Bedroom House Atlantic Beach Golf Estate,R 105 000,105000,ZAR,Atlantic Beach Golf Estate,Atlantic Beach Golf Estate,4,4.5,4,833 m²,,,,https://www.privateproperty.co.za/to-rent/western-cape/cape-town/melkbosstrand/atlantic-beach/atlantic-beach-golf-estate/RR4563587,"https://www.privateproperty.co.za/to-rent/western-cape/cape-town/55?pt=House,ApartmentFlat,TownHouseCluster&page=111",2026-04-05 20:59:18.337006
RR4563574,11561692,2 Bedroom Apartment Waves Edge,R 16 800,16800,ZAR,Waves Edge,Waves Edge,2,1,1,,,,,https://www.privateproperty.co.za/to-rent/western-cape/cape-town/blouberg/bloubergstrand/waves-edge/RR4563574,"https://www.privateproperty.co.za/to-rent/western-cape/cape-town/55?pt=House,ApartmentFlat,TownHouseCluster&page=111",2026-04-05 20:59:18.337006
RR4563451,11561396,Studio Apartment Claremont Upper,R 17 000,17000,ZAR,Claremont Upper,Claremont Upper,0.5,1,,,,,,https://www.privateproperty.co.za/to-rent/western-cape/cape-town/southern-suburbs/claremont/claremont-upper/RR4563451,"https://www.privateproperty.co.za/to-rent/western-cape/cape-town/55?pt=House,ApartmentFlat,TownHouseCluster&page=111",2026-04-05 20:59:18.337006
RR4563419,11561315,3 Bedroom House Elim,R 15 000,15000,ZAR,Elim,Elim,3,1,2,,,,,https://www.privateproperty.co.za/to-rent/western-cape/cape-town/kuils-river/elim/RR4563419,"https://www.privateproperty.co.za/to-rent/western-cape/cape-town/55?pt=House,ApartmentFlat,TownHouseCluster&page=111",2026-04-05 20:59:18.337006
RR4563415,11561307,1 Bedroom Apartment Camps Bay,R 5 000 per day,5000,ZAR,Camps Bay,Camps Bay,1,1,,,,,,https://www.privateproperty.co.za/to-rent/western-cape/cape-town/atlantic-seaboard/camps-bay/RR4563415,"https://www.privateproperty.co.za/to-rent/western-cape/cape-town/55?pt=House,ApartmentFlat,TownHouseCluster&page=111",2026-04-05 20:59:18.337006
RR4562842,11559527,1 Bedroom Apartment Clifton,R 7 000 per day,7000,ZAR,Clifton,Clifton,1,1,1,,,,,https://www.privateproperty.co.za/to-rent/western-cape/cape-town/atlantic-seaboard/clifton/RR4562842,"https://www.privateproperty.co.za/to-rent/western-cape/cape-town/55?pt=House,ApartmentFlat,TownHouseCluster&page=111",2026-04-05 20:59:18.337006
RR4562628,11559050,3 Bedroom Apartment Cape Town City Centre,R 145 000,145000,ZAR,Cape Town City Centre,Cape Town City Centre,3,3.5,,,,,,https://www.privateproperty.co.za/to-rent/western-cape/cape-town/cape-town-city-bowl/cape-town-city-centre/RR4562628,"https://www.privateproperty.co.za/to-rent/western-cape/cape-town/55?pt=House,ApartmentFlat,TownHouseCluster&page=112",2026-04-05 20:59:18.337006
RR4562462,11558654,1 Bedroom Apartment Noordhoek,R 1 500 per day,1500,ZAR,Noordhoek,Noordhoek,1,1,1,,,,,https://www.privateproperty.co.za/to-rent/western-cape/cape-town/peninsula-false-bay/noordhoek/RR4562462,"https://www.privateproperty.co.za/to-rent/western-cape/cape-town/55?pt=House,ApartmentFlat,TownHouseCluster&page=112",2026-04-05 20:59:18.337006
RR4561562,11556616,3 Bedroom Apartment Camps Bay,R 42 000,42000,ZAR,Camps Bay,Camps Bay,3,2,1,,,,,https://www.privateproperty.co.za/to-rent/western-cape/cape-town/atlantic-seaboard/camps-bay/RR4561562,"https://www.privateproperty.co.za/to-rent/western-cape/cape-town/55?pt=House,ApartmentFlat,TownHouseCluster&page=112",2026-04-05 20:59:18.337006
RR3722929,9316579,2 Bedroom House Oranjezicht,R 33 000,33000,ZAR,Oranjezicht,Oranjezicht,2,2,,,,,,https://www.privateproperty.co.za/to-rent/western-cape/cape-town/cape-town-city-bowl/oranjezicht/RR3722929,"https://www.privateproperty.co.za/to-rent/western-cape/cape-town/55?pt=House,ApartmentFlat,TownHouseCluster&page=112",2026-04-05 20:59:18.337006
RR4247310,10761739,2 Bedroom Apartment Royal Ascot,R 14 500,14500,ZAR,Royal Ascot,"Royal Ascot 314 Equini Lifestyle Centre, 0b Grand National Blvd",2,2,2,,-33.8514912,18.5147636,,https://www.privateproperty.co.za/to-rent/western-cape/cape-town/milnerton/royal-ascot/314-equini-lifestyle-centre/0b-grand-national-blvd/RR4247310,"https://www.privateproperty.co.za/to-rent/western-cape/cape-town/55?pt=House,ApartmentFlat,TownHouseCluster&page=112",2026-04-05 20:59:18.337006
RR4559974,11553081,3 Bedroom House Pinehurst,R 20 600,20600,ZAR,Pinehurst,Pinehurst 19 Amberfield,3,2,4,286 m²,-33.8342051359371,18.6853408813477,,https://www.privateproperty.co.za/to-rent/western-cape/cape-town/durbanville/pinehurst/19-amberfield/RR4559974,"https://www.privateproperty.co.za/to-rent/western-cape/cape-town/55?pt=House,ApartmentFlat,TownHouseCluster&page=112",2026-04-05 20:59:18.337006
RR4560303,11553832,1 Bedroom Apartment Century City,R 22 500,22500,ZAR,Century City,Century City,1,1,1,,,,,https://www.privateproperty.co.za/to-rent/western-cape/cape-town/milnerton/century-city/RR4560303,"https://www.privateproperty.co.za/to-rent/western-cape/cape-town/55?pt=House,ApartmentFlat,TownHouseCluster&page=112",2026-04-05 20:59:18.337006
RR4394865,11140028,1 Bedroom Apartment Oakglen,R 9 100,9100,ZAR,Oakglen,"Oakglen 58 Oak Corner, 9 Willow Oak St, Oakglen, Cape Town, 7530",1,1,,,,,,https://www.privateproperty.co.za/to-rent/western-cape/cape-town/bellville/oakglen/58-oak-corner/9-willow-oak-st-oakglen-cape-town-7530/RR4394865,"https://www.privateproperty.co.za/to-rent/western-cape/cape-town/55?pt=House,ApartmentFlat,TownHouseCluster&page=112",2026-04-05 20:59:18.337006
RR4559488,11551779,1 Bedroom Apartment Parklands North,R 11 250,11250,ZAR,Parklands North,Parklands North,1,1,1,,,,,https://www.privateproperty.co.za/to-rent/western-cape/cape-town/blouberg/parklands-north/RR4559488,"https://www.privateproperty.co.za/to-rent/western-cape/cape-town/55?pt=House,ApartmentFlat,TownHouseCluster&page=112",2026-04-05 20:59:18.337006
RR4559455,11551666,3 Bedroom House Waves Edge,R 24 000,24000,ZAR,Waves Edge,Waves Edge,3,2,5,520 m²,,,,https://www.privateproperty.co.za/to-rent/western-cape/cape-town/blouberg/bloubergstrand/waves-edge/RR4559455,"https://www.privateproperty.co.za/to-rent/western-cape/cape-town/55?pt=House,ApartmentFlat,TownHouseCluster&page=112",2026-04-05 20:59:18.337006
RR4559264,11551109,2 Bedroom Apartment Parklands,R 10 900,10900,ZAR,Parklands,"Parklands G16 Ihlathi Estate,, 1 Unit G16, Crner Of Parklands Main Road",2,1,,,,,,https://www.privateproperty.co.za/to-rent/western-cape/cape-town/blouberg/parklands/g16-ihlathi-estate/1-unit-g16-crner-of-parklands-main-road/RR4559264,"https://www.privateproperty.co.za/to-rent/western-cape/cape-town/55?pt=House,ApartmentFlat,TownHouseCluster&page=112",2026-04-05 20:59:18.337006
RR4559163,11550873,2 Bedroom Apartment Parklands North,R 9 800,9800,ZAR,Parklands North,"Parklands North 502 Stanford Mews, 5 Unit 520, Station Road",2,1,,,,,,https://www.privateproperty.co.za/to-rent/western-cape/cape-town/blouberg/parklands-north/502-stanford-mews/5-unit-520-station-road/RR4559163,"https://www.privateproperty.co.za/to-rent/western-cape/cape-town/55?pt=House,ApartmentFlat,TownHouseCluster&page=112",2026-04-05 20:59:18.337006
RR4558793,11549914,4 Bedroom House Atlantic Beach,R 35 000,35000,ZAR,Atlantic Beach,Atlantic Beach 24 Sea Hare Circle,4,3,2,619 m²,-33.740076,18.446875,,https://www.privateproperty.co.za/to-rent/western-cape/cape-town/melkbosstrand/atlantic-beach/24-sea-hare-circle/RR4558793,"https://www.privateproperty.co.za/to-rent/western-cape/cape-town/55?pt=House,ApartmentFlat,TownHouseCluster&page=112",2026-04-05 20:59:18.337006
RR4558390,11548936,1 Bedroom Apartment Costa Da Gama,R 10 000,10000,ZAR,Costa Da Gama,"Costa Da Gama 113 Sunrise Villas, 1 Unit 113, St Davids St",1,1,,,,,,https://www.privateproperty.co.za/to-rent/western-cape/cape-town/peninsula-false-bay/muizenberg/costa-da-gama/113-sunrise-villas/1-unit-113-st-davids-st/RR4558390,"https://www.privateproperty.co.za/to-rent/western-cape/cape-town/55?pt=House,ApartmentFlat,TownHouseCluster&page=112",2026-04-05 20:59:18.337006
RR4558384,11548921,1 Bedroom Apartment Costa Da Gama,R 10 000,10000,ZAR,Costa Da Gama,Costa Da Gama,1,1,,,,,,https://www.privateproperty.co.za/to-rent/western-cape/cape-town/peninsula-false-bay/muizenberg/costa-da-gama/RR4558384,"https://www.privateproperty.co.za/to-rent/western-cape/cape-town/55?pt=House,ApartmentFlat,TownHouseCluster&page=112",2026-04-05 20:59:18.337006
RR4557736,11547258,1 Bedroom House Bellville Central,R 7 500,7500,ZAR,Bellville Central,Bellville Central,1,2,,,,,,https://www.privateproperty.co.za/to-rent/western-cape/cape-town/bellville/bellville-central/RR4557736,"https://www.privateproperty.co.za/to-rent/western-cape/cape-town/55?pt=House,ApartmentFlat,TownHouseCluster&page=112",2026-04-05 20:59:18.337006
RR4557509,11546691,2 Bedroom Apartment Cape Farms,R 19 500,19500,ZAR,Cape Farms,Cape Farms,2,2,2,,,,,https://www.privateproperty.co.za/to-rent/western-cape/cape-town/cape-farms/cape-farms/RR4557509,"https://www.privateproperty.co.za/to-rent/western-cape/cape-town/55?pt=House,ApartmentFlat,TownHouseCluster&page=112",2026-04-05 20:59:18.337006
RR4557246,11545977,Studio Apartment Century City,R 13 950,13950,ZAR,Century City,Century City,0.5,1,1,,,,,https://www.privateproperty.co.za/to-rent/western-cape/cape-town/milnerton/century-city/RR4557246,"https://www.privateproperty.co.za/to-rent/western-cape/cape-town/55?pt=House,ApartmentFlat,TownHouseCluster&page=112",2026-04-05 20:59:18.337006
RR4274922,10830719,2 Bedroom Apartment Strand Central,R 8 500,8500,ZAR,Strand Central,Strand Central,2,1,1,,,,,https://www.privateproperty.co.za/to-rent/western-cape/cape-town/strand/strand-central/RR4274922,"https://www.privateproperty.co.za/to-rent/western-cape/cape-town/55?pt=House,ApartmentFlat,TownHouseCluster&page=112",2026-04-05 20:59:18.337006
RR4556816,11544819,3 Bedroom House Harbour Island,R 30 000,30000,ZAR,Harbour Island,Harbour Island,3,3,2,186 m²,,,,https://www.privateproperty.co.za/to-rent/western-cape/cape-town/gordons-bay/harbour-island/RR4556816,"https://www.privateproperty.co.za/to-rent/western-cape/cape-town/55?pt=House,ApartmentFlat,TownHouseCluster&page=112",2026-04-05 20:59:18.337006
RR4556790,11544759,1 Bedroom Apartment Sea Point,R 40 000,40000,ZAR,Sea Point,Sea Point,1,1,,,,,,https://www.privateproperty.co.za/to-rent/western-cape/cape-town/atlantic-seaboard/sea-point/RR4556790,"https://www.privateproperty.co.za/to-rent/western-cape/cape-town/55?pt=House,ApartmentFlat,TownHouseCluster&page=113",2026-04-05 20:59:18.337006
RR4556736,11544616,3 Bedroom House Hindle Park,R 10 000,10000,ZAR,Hindle Park,Hindle Park 24 Crassula Way,3,1,1,165 m²,-33.8731987741256,18.6827053614,,https://www.privateproperty.co.za/to-rent/western-cape/cape-town/kuils-river/kuilsriver/hindle-park/24-crassula-way/RR4556736,"https://www.privateproperty.co.za/to-rent/western-cape/cape-town/55?pt=House,ApartmentFlat,TownHouseCluster&page=113",2026-04-05 20:59:18.337006
RR4556513,11544110,1 Bedroom House Brooklyn,R 7 300,7300,ZAR,Brooklyn,Brooklyn 233 William Street,1,3,3,752 m²,-25.760129,28.23527,,https://www.privateproperty.co.za/to-rent/western-cape/cape-town/milnerton/brooklyn/233-william-street/RR4556513,"https://www.privateproperty.co.za/to-rent/western-cape/cape-town/55?pt=House,ApartmentFlat,TownHouseCluster&page=113",2026-04-05 20:59:18.337006
RR4556215,11543291,3 Bedroom Townhouse Schaap Kraal,R 16 000,16000,ZAR,Schaap Kraal,Schaap Kraal,3,1,2,,,,,https://www.privateproperty.co.za/to-rent/western-cape/cape-town/cape-flats/philippi/schaap-kraal/RR4556215,"https://www.privateproperty.co.za/to-rent/western-cape/cape-town/55?pt=House,ApartmentFlat,TownHouseCluster&page=113",2026-04-05 20:59:18.337006
RR4456540,11294108,3 Bedroom House Kirstenhof,R 27 000,27000,ZAR,Kirstenhof,Kirstenhof 8 Sterlig Road,3,1,4,720 m²,-34.0693683,18.4491874,,https://www.privateproperty.co.za/to-rent/western-cape/cape-town/southern-suburbs/kirstenhof/8-sterlig-road/RR4456540,"https://www.privateproperty.co.za/to-rent/western-cape/cape-town/55?pt=House,ApartmentFlat,TownHouseCluster&page=113",2026-04-05 20:59:18.337006
RR4554743,11539650,1 Bedroom House Table View,R 6 800,6800,ZAR,Table View,Table View 6 Meerlust Street,1,1,1,,-33.83263,18.51524,,https://www.privateproperty.co.za/to-rent/western-cape/cape-town/blouberg/table-view/6-meerlust-street/RR4554743,"https://www.privateproperty.co.za/to-rent/western-cape/cape-town/55?pt=House,ApartmentFlat,TownHouseCluster&page=113",2026-04-05 20:59:18.337006
RR2344136,5947571,3 Bedroom Apartment De Waterkant,R 62 000,62000,ZAR,De Waterkant,De Waterkant,3,3.5,,,,,,https://www.privateproperty.co.za/to-rent/western-cape/cape-town/cape-town-city-bowl/de-waterkant/RR2344136,"https://www.privateproperty.co.za/to-rent/western-cape/cape-town/55?pt=House,ApartmentFlat,TownHouseCluster&page=113",2026-04-05 20:59:18.337006
RR4554925,11540094,Studio apartment Green Point,R 18 500,18500,ZAR,Green Point,Green Point,,1,,,,,,https://www.privateproperty.co.za/to-rent/western-cape/cape-town/atlantic-seaboard/green-point/RR4554925,"https://www.privateproperty.co.za/to-rent/western-cape/cape-town/55?pt=House,ApartmentFlat,TownHouseCluster&page=113",2026-04-05 20:59:18.337006
RR4554836,11539874,3 Bedroom House Kenilworth Upper,R 32 000 per day,32000,ZAR,Kenilworth Upper,Kenilworth Upper,3,3,,,,,,https://www.privateproperty.co.za/to-rent/western-cape/cape-town/southern-suburbs/kenilworth/kenilworth-upper/RR4554836,"https://www.privateproperty.co.za/to-rent/western-cape/cape-town/55?pt=House,ApartmentFlat,TownHouseCluster&page=113",2026-04-05 20:59:18.337006
RR4554639,11539338,3 Bedroom House Three Anchor Bay,R 8 700 per day,8700,ZAR,Three Anchor Bay,Three Anchor Bay,3,2,1,498 m²,,,,https://www.privateproperty.co.za/to-rent/western-cape/cape-town/atlantic-seaboard/three-anchor-bay/RR4554639,"https://www.privateproperty.co.za/to-rent/western-cape/cape-town/55?pt=House,ApartmentFlat,TownHouseCluster&page=113",2026-04-05 20:59:18.337006
RR4554261,11538284,2 Bedroom Apartment Kenilworth,R 16 700,16700,ZAR,Kenilworth,Kenilworth,2,1,2,,,,,https://www.privateproperty.co.za/to-rent/western-cape/cape-town/southern-suburbs/kenilworth/RR4554261,"https://www.privateproperty.co.za/to-rent/western-cape/cape-town/55?pt=House,ApartmentFlat,TownHouseCluster&page=113",2026-04-05 20:59:18.337006
RR4554160,11537974,3 Bedroom House Blouberg Sands,R 22 000,22000,ZAR,Blouberg Sands,Blouberg Sands,3,2,2,292 m²,,,,https://www.privateproperty.co.za/to-rent/western-cape/cape-town/blouberg/blouberg-sands/RR4554160,"https://www.privateproperty.co.za/to-rent/western-cape/cape-town/55?pt=House,ApartmentFlat,TownHouseCluster&page=113",2026-04-05 20:59:18.337006
RR4554052,11537690,2 Bedroom House Constantia,R 28 000,28000,ZAR,Constantia,Constantia 4 Nahoon Avenue,2,1,1,,-34.016566,18.439351,,https://www.privateproperty.co.za/to-rent/western-cape/cape-town/southern-suburbs/constantia/4-nahoon-avenue/RR4554052,"https://www.privateproperty.co.za/to-rent/western-cape/cape-town/55?pt=House,ApartmentFlat,TownHouseCluster&page=113",2026-04-05 20:59:18.337006
RR4433011,11235742,1 Bedroom Apartment Bloubergrant,R 10 200,10200,ZAR,Bloubergrant,"Bloubergrant 19 Cape On Viola, 4 Viola Road",1,1,,,,,,https://www.privateproperty.co.za/to-rent/western-cape/cape-town/blouberg/bloubergrant/19-cape-on-viola/4-viola-road/RR4433011,"https://www.privateproperty.co.za/to-rent/western-cape/cape-town/55?pt=House,ApartmentFlat,TownHouseCluster&page=113",2026-04-05 20:59:18.337006
RR4553655,11536655,1 Bedroom Apartment Muizenberg,R 19 500,19500,ZAR,Muizenberg,"Muizenberg 212 Wavescapes, 176 Main Road",1,1,1,,,,,https://www.privateproperty.co.za/to-rent/western-cape/cape-town/peninsula-false-bay/muizenberg/212-wavescapes/176-main-road/RR4553655,"https://www.privateproperty.co.za/to-rent/western-cape/cape-town/55?pt=House,ApartmentFlat,TownHouseCluster&page=113",2026-04-05 20:59:18.337006
RR4553461,11536089,2 Bedroom Apartment Claremont,R 35 000,35000,ZAR,Claremont,Claremont,2,2,1,,,,,https://www.privateproperty.co.za/to-rent/western-cape/cape-town/southern-suburbs/claremont/RR4553461,"https://www.privateproperty.co.za/to-rent/western-cape/cape-town/55?pt=House,ApartmentFlat,TownHouseCluster&page=113",2026-04-05 20:59:18.337006
RR4057229,10280321,4 Bedroom Apartment Fresnaye,R 110 000,110000,ZAR,Fresnaye,Fresnaye,4,3,2,,,,,https://www.privateproperty.co.za/to-rent/western-cape/cape-town/atlantic-seaboard/fresnaye/RR4057229,"https://www.privateproperty.co.za/to-rent/western-cape/cape-town/55?pt=House,ApartmentFlat,TownHouseCluster&page=113",2026-04-05 20:59:18.337006
RR4553266,11535642,1 Bedroom Apartment Sandown,R 12 500,12500,ZAR,Sandown,Sandown,1,1,1,,,,,https://www.privateproperty.co.za/to-rent/western-cape/cape-town/blouberg/sandown/RR4553266,"https://www.privateproperty.co.za/to-rent/western-cape/cape-town/55?pt=House,ApartmentFlat,TownHouseCluster&page=113",2026-04-05 20:59:18.337006
RR4552759,11534314,Studio Apartment Foreshore,R 14 500,14500,ZAR,Foreshore,Foreshore,0.5,1,,,,,,https://www.privateproperty.co.za/to-rent/western-cape/cape-town/atlantic-seaboard/foreshore/RR4552759,"https://www.privateproperty.co.za/to-rent/western-cape/cape-town/55?pt=House,ApartmentFlat,TownHouseCluster&page=113",2026-04-05 20:59:18.337006
RR4552686,11534152,4 Bedroom House Bakoven,R 145 000,145000,ZAR,Bakoven,Bakoven,4,5,8,,,,,https://www.privateproperty.co.za/to-rent/western-cape/cape-town/atlantic-seaboard/bakoven/RR4552686,"https://www.privateproperty.co.za/to-rent/western-cape/cape-town/55?pt=House,ApartmentFlat,TownHouseCluster&page=113",2026-04-05 20:59:18.337006
RR4552282,11533194,4 Bedroom House Sea Point,R 9 000 per day,9000,ZAR,Sea Point,Sea Point,4,3,1,138 m²,,,,https://www.privateproperty.co.za/to-rent/western-cape/cape-town/atlantic-seaboard/sea-point/RR4552282,"https://www.privateproperty.co.za/to-rent/western-cape/cape-town/55?pt=House,ApartmentFlat,TownHouseCluster&page=114",2026-04-05 20:59:18.337006
RR4551602,11531466,2 Bedroom Apartment Baronetcy Estate,R 26 000,26000,ZAR,Baronetcy Estate,Baronetcy Estate,2,2,1,,,,,https://www.privateproperty.co.za/to-rent/western-cape/cape-town/parow/baronetcy-estate/RR4551602,"https://www.privateproperty.co.za/to-rent/western-cape/cape-town/55?pt=House,ApartmentFlat,TownHouseCluster&page=114",2026-04-05 20:59:18.337006
RR4551159,11530467,2 Bedroom Apartment Table View,R 13 500,13500,ZAR,Table View,Table View,2,1.5,1,,,,,https://www.privateproperty.co.za/to-rent/western-cape/cape-town/blouberg/table-view/RR4551159,"https://www.privateproperty.co.za/to-rent/western-cape/cape-town/55?pt=House,ApartmentFlat,TownHouseCluster&page=114",2026-04-05 20:59:18.337006
RR4550630,11529162,2 Bedroom House Sea Point,R 3 500 per day,3500,ZAR,Sea Point,Sea Point,2,2,1,,,,,https://www.privateproperty.co.za/to-rent/western-cape/cape-town/atlantic-seaboard/sea-point/RR4550630,"https://www.privateproperty.co.za/to-rent/western-cape/cape-town/55?pt=House,ApartmentFlat,TownHouseCluster&page=114",2026-04-05 20:59:18.337006
RR4550423,11528645,4 Bedroom House Fresnaye,R 19 000 per day,19000,ZAR,Fresnaye,Fresnaye,4,4,,,,,,https://www.privateproperty.co.za/to-rent/western-cape/cape-town/atlantic-seaboard/fresnaye/RR4550423,"https://www.privateproperty.co.za/to-rent/western-cape/cape-town/55?pt=House,ApartmentFlat,TownHouseCluster&page=114",2026-04-05 20:59:18.337006
RR4550140,11528037,1 Bedroom Apartment Retreat,R 10 000,10000,ZAR,Retreat,Retreat,1,1,,,,,,https://www.privateproperty.co.za/to-rent/western-cape/cape-town/cape-flats/retreat/RR4550140,"https://www.privateproperty.co.za/to-rent/western-cape/cape-town/55?pt=House,ApartmentFlat,TownHouseCluster&page=114",2026-04-05 20:59:18.337006
RR4549320,11525774,1 Bedroom Apartment Costa Da Gama,R 10 000,10000,ZAR,Costa Da Gama,"Costa Da Gama 123 Sunrise Villas, 1 St Davids St, Costa Da Gama, Cape Town, 7945",1,1,,,,,,https://www.privateproperty.co.za/to-rent/western-cape/cape-town/peninsula-false-bay/muizenberg/costa-da-gama/123-sunrise-villas/1-st-davids-st-costa-da-gama-cape-town-7945/RR4549320,"https://www.privateproperty.co.za/to-rent/western-cape/cape-town/55?pt=House,ApartmentFlat,TownHouseCluster&page=114",2026-04-05 20:59:18.337006
RR4548507,11523747,4 Bedroom House Clifton,R 185 000,185000,ZAR,Clifton,Clifton 11 Second Beach,4,4,1,285 m²,-33.938431,18.377332,,https://www.privateproperty.co.za/to-rent/western-cape/cape-town/atlantic-seaboard/clifton/11-second-beach/RR4548507,"https://www.privateproperty.co.za/to-rent/western-cape/cape-town/55?pt=House,ApartmentFlat,TownHouseCluster&page=114",2026-04-05 20:59:18.337006
RR4547981,11522433,2 Bedroom Apartment Tamboerskloof,R 40 000,40000,ZAR,Tamboerskloof,Tamboerskloof,2,1,1,,,,,https://www.privateproperty.co.za/to-rent/western-cape/cape-town/cape-town-city-bowl/tamboerskloof/RR4547981,"https://www.privateproperty.co.za/to-rent/western-cape/cape-town/55?pt=House,ApartmentFlat,TownHouseCluster&page=114",2026-04-05 20:59:18.337006
RR4469559,11326279,2 Bedroom Apartment Muizenberg,R 12 500,12500,ZAR,Muizenberg,"Muizenberg 204 Ocean Terraces, 1 Cnr Of Spurwing Cir & Sanderling Rd, Capricorn,",2,1,,,,,,https://www.privateproperty.co.za/to-rent/western-cape/cape-town/peninsula-false-bay/muizenberg/204-ocean-terraces/1-cnr-of-spurwing-cir-sanderling-rd-capricorn/RR4469559,"https://www.privateproperty.co.za/to-rent/western-cape/cape-town/55?pt=House,ApartmentFlat,TownHouseCluster&page=114",2026-04-05 20:59:18.337006
RR4367647,11071491,1 Bedroom Apartment Cape Town City Centre,R 25 000,25000,ZAR,Cape Town City Centre,Cape Town City Centre 22 Riebeeck Street,1,1,1,,,,,https://www.privateproperty.co.za/to-rent/western-cape/cape-town/cape-town-city-bowl/cape-town-city-centre/stonehill-place/22-riebeeck-street/RR4367647,"https://www.privateproperty.co.za/to-rent/western-cape/cape-town/55?pt=House,ApartmentFlat,TownHouseCluster&page=114",2026-04-05 20:59:18.337006
RR4546055,11517445,3 Bedroom Apartment Cape Town City Centre,R 140 000,140000,ZAR,Cape Town City Centre,Cape Town City Centre,3,4,,,,,,https://www.privateproperty.co.za/to-rent/western-cape/cape-town/cape-town-city-bowl/cape-town-city-centre/RR4546055,"https://www.privateproperty.co.za/to-rent/western-cape/cape-town/55?pt=House,ApartmentFlat,TownHouseCluster&page=114",2026-04-05 20:59:18.337006
RR4545822,11516850,5 Bedroom House Camps Bay,R 18 500 per day,18500,ZAR,Camps Bay,Camps Bay,5,4,,694 m²,,,,https://www.privateproperty.co.za/to-rent/western-cape/cape-town/atlantic-seaboard/camps-bay/RR4545822,"https://www.privateproperty.co.za/to-rent/western-cape/cape-town/55?pt=House,ApartmentFlat,TownHouseCluster&page=114",2026-04-05 20:59:18.337006
RR1555665,4154929,3 Bedroom House Bloubergrant,R 21 500,21500,ZAR,Bloubergrant,Bloubergrant 34 Rose Innes,3,2,3,259 m²,-33.8150958195125,18.4759140014648,,https://www.privateproperty.co.za/to-rent/western-cape/cape-town/blouberg/bloubergrant/34-rose-innes/RR1555665,"https://www.privateproperty.co.za/to-rent/western-cape/cape-town/55?pt=House,ApartmentFlat,TownHouseCluster&page=114",2026-04-05 20:59:18.337006
RR4545526,11516211,2 Bedroom Apartment Table View,R 18 500,18500,ZAR,Table View,Table View,2,2,1,,,,,https://www.privateproperty.co.za/to-rent/western-cape/cape-town/blouberg/table-view/RR4545526,"https://www.privateproperty.co.za/to-rent/western-cape/cape-town/55?pt=House,ApartmentFlat,TownHouseCluster&page=114",2026-04-05 20:59:18.337006
RR4545136,11515293,4 Bedroom House Fresnaye,R 220 000,220000,ZAR,Fresnaye,Fresnaye,4,4.5,5,,,,,https://www.privateproperty.co.za/to-rent/western-cape/cape-town/atlantic-seaboard/fresnaye/RR4545136,"https://www.privateproperty.co.za/to-rent/western-cape/cape-town/55?pt=House,ApartmentFlat,TownHouseCluster&page=114",2026-04-05 20:59:18.337006
RR4544947,11514841,2 Bedroom Apartment Paardevlei,R 17 000,17000,ZAR,Paardevlei,Paardevlei,2,2,,,,,,https://www.privateproperty.co.za/to-rent/western-cape/cape-town/somerset-west/paardevlei/RR4544947,"https://www.privateproperty.co.za/to-rent/western-cape/cape-town/55?pt=House,ApartmentFlat,TownHouseCluster&page=114",2026-04-05 20:59:18.337006
RR4544896,11514740,2 Bedroom Apartment Mountainside,R 11 500,11500,ZAR,Mountainside,Mountainside,2,2,2,,,,,https://www.privateproperty.co.za/to-rent/western-cape/cape-town/gordons-bay/mountainside/greenbay-eco-estate/firlands-minor-road/RR4544896,"https://www.privateproperty.co.za/to-rent/western-cape/cape-town/55?pt=House,ApartmentFlat,TownHouseCluster&page=114",2026-04-05 20:59:18.337006
RR4544747,11514370,3 Bedroom Apartment Big Bay,R 55 000,55000,ZAR,Big Bay,Big Bay,3,3,2,,,,,https://www.privateproperty.co.za/to-rent/western-cape/cape-town/blouberg/big-bay/RR4544747,"https://www.privateproperty.co.za/to-rent/western-cape/cape-town/55?pt=House,ApartmentFlat,TownHouseCluster&page=114",2026-04-05 20:59:18.337006
RR4544579,11513983,2 Bedroom Apartment De Velde,R 19 500,19500,ZAR,De Velde,De Velde,2,2,2,,,,,https://www.privateproperty.co.za/to-rent/western-cape/cape-town/somerset-west/de-velde/RR4544579,"https://www.privateproperty.co.za/to-rent/western-cape/cape-town/55?pt=House,ApartmentFlat,TownHouseCluster&page=114",2026-04-05 20:59:18.337006
RR3836608,9672496,2 Bedroom Apartment Waterfront,R 85 000,85000,ZAR,Waterfront,Waterfront,2,2,2,,,,,https://www.privateproperty.co.za/to-rent/western-cape/cape-town/atlantic-seaboard/waterfront/RR3836608,"https://www.privateproperty.co.za/to-rent/western-cape/cape-town/55?pt=House,ApartmentFlat,TownHouseCluster&page=115",2026-04-05 20:59:18.337006
RR4543090,11510309,1 Bedroom Apartment Simons Town,R 18 000,18000,ZAR,Simons Town,Simons Town,1,1,1,,,,,https://www.privateproperty.co.za/to-rent/western-cape/cape-town/simons-town/simons-town/RR4543090,"https://www.privateproperty.co.za/to-rent/western-cape/cape-town/55?pt=House,ApartmentFlat,TownHouseCluster&page=115",2026-04-05 20:59:18.337006
RR4542940,11510004,House Gordons Bay Central,R 7 500,7500,ZAR,Gordons Bay Central,Gordons Bay Central,,1,1,,,,,https://www.privateproperty.co.za/to-rent/western-cape/cape-town/gordons-bay/gordons-bay-central/RR4542940,"https://www.privateproperty.co.za/to-rent/western-cape/cape-town/55?pt=House,ApartmentFlat,TownHouseCluster&page=115",2026-04-05 20:59:18.337006
RR4541654,11506891,3 Bedroom House Milnerton Central,R 65 000,65000,ZAR,Milnerton Central,Milnerton Central,3,3,2,991 m²,,,,https://www.privateproperty.co.za/to-rent/western-cape/cape-town/milnerton/milnerton-central/RR4541654,"https://www.privateproperty.co.za/to-rent/western-cape/cape-town/55?pt=House,ApartmentFlat,TownHouseCluster&page=115",2026-04-05 20:59:18.337006
RR4541057,11505484,2 Bedroom House Haasendal,R 16 000,16000,ZAR,Haasendal,Haasendal,2,1,2,160 m²,,,,https://www.privateproperty.co.za/to-rent/western-cape/cape-town/kuils-river/haasendal/RR4541057,"https://www.privateproperty.co.za/to-rent/western-cape/cape-town/55?pt=House,ApartmentFlat,TownHouseCluster&page=115",2026-04-05 20:59:18.337006
RR4540588,11504401,6 Bedroom House Bantry Bay,R 260 000,260000,ZAR,Bantry Bay,Bantry Bay,6,4,2,571 m²,,,,https://www.privateproperty.co.za/to-rent/western-cape/cape-town/atlantic-seaboard/bantry-bay/RR4540588,"https://www.privateproperty.co.za/to-rent/western-cape/cape-town/55?pt=House,ApartmentFlat,TownHouseCluster&page=115",2026-04-05 20:59:18.337006
RR4539779,11502501,3 Bedroom House Tierboskloof,R 15 000 per day,15000,ZAR,Tierboskloof,Tierboskloof,3,3,2,,,,,https://www.privateproperty.co.za/to-rent/western-cape/cape-town/hout-bay/tierboskloof/RR4539779,"https://www.privateproperty.co.za/to-rent/western-cape/cape-town/55?pt=House,ApartmentFlat,TownHouseCluster&page=115",2026-04-05 20:59:18.337006
RR4539573,11501973,2 Bedroom Apartment The Conifers,R 8 400,8400,ZAR,The Conifers,"The Conifers 85 Indigo Heights, 102 Sunblaze Way",2,1,1,,-33.988219,18.694248,,https://www.privateproperty.co.za/to-rent/western-cape/cape-town/blue-downs/blue-downs/the-conifers/85-indigo-heights/102-sunblaze-way/RR4539573,"https://www.privateproperty.co.za/to-rent/western-cape/cape-town/55?pt=House,ApartmentFlat,TownHouseCluster&page=115",2026-04-05 20:59:18.337006
RR4539512,11501831,3 Bedroom House Steenberg Golf Estate,R 12 000 per day,12000,ZAR,Steenberg Golf Estate,Steenberg Golf Estate,3,2,,,,,,https://www.privateproperty.co.za/to-rent/western-cape/cape-town/southern-suburbs/steenberg-estate/steenberg-golf-estate/RR4539512,"https://www.privateproperty.co.za/to-rent/western-cape/cape-town/55?pt=House,ApartmentFlat,TownHouseCluster&page=115",2026-04-05 20:59:18.337006
RR4539172,11501108,0.5 Bedroom Flat Clifton,R 16 500,16500,ZAR,Clifton,Clifton,0.5,1,,,,,,https://www.privateproperty.co.za/to-rent/western-cape/cape-town/atlantic-seaboard/clifton/RR4539172,"https://www.privateproperty.co.za/to-rent/western-cape/cape-town/55?pt=House,ApartmentFlat,TownHouseCluster&page=115",2026-04-05 20:59:18.337006
RR4538609,11499937,2 Bedroom Apartment Big Bay,R 20 000,20000,ZAR,Big Bay,Big Bay,2,2,2,,,,,https://www.privateproperty.co.za/to-rent/western-cape/cape-town/blouberg/big-bay/RR4538609,"https://www.privateproperty.co.za/to-rent/western-cape/cape-town/55?pt=House,ApartmentFlat,TownHouseCluster&page=115",2026-04-05 20:59:18.337006
RR4538005,11498588,2 Bedroom Apartment Table View,R 19 800,19800,ZAR,Table View,"Table View A301 The Bay, 77 Coral Road",2,2,3,,-33.8118942,18.4712243,,https://www.privateproperty.co.za/to-rent/western-cape/cape-town/blouberg/table-view/a301-the-bay/77-coral-road/RR4538005,"https://www.privateproperty.co.za/to-rent/western-cape/cape-town/55?pt=House,ApartmentFlat,TownHouseCluster&page=115",2026-04-05 20:59:18.337006
RR4537926,11498433,Studio Apartment Gardens,R 12 000,12000,ZAR,Gardens,Gardens,0.5,1,,,,,,https://www.privateproperty.co.za/to-rent/western-cape/cape-town/cape-town-city-bowl/gardens/RR4537926,"https://www.privateproperty.co.za/to-rent/western-cape/cape-town/55?pt=House,ApartmentFlat,TownHouseCluster&page=115",2026-04-05 20:59:18.337006
RR4537026,11496439,3 Bedroom Apartment Cape Town City Centre,R 150 000,150000,ZAR,Cape Town City Centre,Cape Town City Centre,3,3.5,1,,,,,https://www.privateproperty.co.za/to-rent/western-cape/cape-town/cape-town-city-bowl/cape-town-city-centre/RR4537026,"https://www.privateproperty.co.za/to-rent/western-cape/cape-town/55?pt=House,ApartmentFlat,TownHouseCluster&page=115",2026-04-05 20:59:18.337006
RR4536790,11495753,2 Bedroom Apartment Camps Bay,R 58 000,58000,ZAR,Camps Bay,"Camps Bay 3 Dunkeld Village, 16 Willesden",2,2,3,,,,,https://www.privateproperty.co.za/to-rent/western-cape/cape-town/atlantic-seaboard/camps-bay/3-dunkeld-village/16-willesden/RR4536790,"https://www.privateproperty.co.za/to-rent/western-cape/cape-town/55?pt=House,ApartmentFlat,TownHouseCluster&page=115",2026-04-05 20:59:18.337006
RR4536641,11495367,2 Bedroom House Erinvale Estate,R 5 000 per day,5000,ZAR,Erinvale Estate,Erinvale Estate,2,2,1,,,,,https://www.privateproperty.co.za/to-rent/western-cape/cape-town/somerset-west/erinvale-estate/RR4536641,"https://www.privateproperty.co.za/to-rent/western-cape/cape-town/55?pt=House,ApartmentFlat,TownHouseCluster&page=115",2026-04-05 20:59:18.337006
RR4444096,11262297,1 Bedroom Flat Brooklyn,R 6 500,6500,ZAR,Brooklyn,"Brooklyn 1 12, 6 Frank Robb Street",1,1,1,,-33.9103732,18.4825039,,https://www.privateproperty.co.za/to-rent/western-cape/cape-town/milnerton/brooklyn/1-12/6-frank-robb-street/RR4444096,"https://www.privateproperty.co.za/to-rent/western-cape/cape-town/55?pt=House,ApartmentFlat,TownHouseCluster&page=115",2026-04-05 20:59:18.337006
RR4536209,11494263,4 Bedroom House Fresnaye,R 220 000,220000,ZAR,Fresnaye,Fresnaye,4,4.5,3,,,,,https://www.privateproperty.co.za/to-rent/western-cape/cape-town/atlantic-seaboard/fresnaye/RR4536209,"https://www.privateproperty.co.za/to-rent/western-cape/cape-town/55?pt=House,ApartmentFlat,TownHouseCluster&page=115",2026-04-05 20:59:18.337006
RR4536151,11494123,2 Bedroom Apartment Haasendal,R 12 000,12000,ZAR,Haasendal,"Haasendal 81 Kogelberg Estate, 1 Unit 81, Haasendal Road",2,1,,,,,,https://www.privateproperty.co.za/to-rent/western-cape/cape-town/kuils-river/haasendal/81-kogelberg-estate/1-unit-81-haasendal-road/RR4536151,"https://www.privateproperty.co.za/to-rent/western-cape/cape-town/55?pt=House,ApartmentFlat,TownHouseCluster&page=115",2026-04-05 20:59:18.337006
RR4535924,11493499,Studio Apartment Sea Point,R 22 000,22000,ZAR,Sea Point,Sea Point,0.5,1,,,,,,https://www.privateproperty.co.za/to-rent/western-cape/cape-town/atlantic-seaboard/sea-point/RR4535924,"https://www.privateproperty.co.za/to-rent/western-cape/cape-town/55?pt=House,ApartmentFlat,TownHouseCluster&page=115",2026-04-05 20:59:18.337006
RR4535628,11492767,2 Bedroom Simplex Glencairn,R 20 000,20000,ZAR,Glencairn,Glencairn 33 Glenbeach Way,2,1,1,,,,,https://www.privateproperty.co.za/to-rent/western-cape/cape-town/peninsula-false-bay/glencairn/33-glenbeach-way/RR4535628,"https://www.privateproperty.co.za/to-rent/western-cape/cape-town/55?pt=House,ApartmentFlat,TownHouseCluster&page=116",2026-04-05 20:59:18.337006
RR4349757,11023638,1 Bedroom Flat Constantia,R 19 000,19000,ZAR,Constantia,"Constantia 32 Airlie Place, 32 Airlie Place",1,1,,,-34.0257608,18.4230789,,https://www.privateproperty.co.za/to-rent/western-cape/cape-town/southern-suburbs/constantia/32-airlie-place/32-airlie-place/RR4349757,"https://www.privateproperty.co.za/to-rent/western-cape/cape-town/55?pt=House,ApartmentFlat,TownHouseCluster&page=116",2026-04-05 20:59:18.337006
RR4535058,11491333,3 Bedroom House Gardens,R 32 500,32500,ZAR,Gardens,Gardens,3,1,,149 m²,,,,https://www.privateproperty.co.za/to-rent/western-cape/cape-town/cape-town-city-bowl/gardens/RR4535058,"https://www.privateproperty.co.za/to-rent/western-cape/cape-town/55?pt=House,ApartmentFlat,TownHouseCluster&page=116",2026-04-05 20:59:18.337006
RR4534749,11490605,2 Bedroom Apartment De Waterkant,R 55 000,55000,ZAR,De Waterkant,De Waterkant,2,2,2,,,,,https://www.privateproperty.co.za/to-rent/western-cape/cape-town/cape-town-city-bowl/de-waterkant/RR4534749,"https://www.privateproperty.co.za/to-rent/western-cape/cape-town/55?pt=House,ApartmentFlat,TownHouseCluster&page=116",2026-04-05 20:59:18.337006
RR4534617,11490295,Studio Apartment Pinelands,R 9 100,9100,ZAR,Pinelands,"Pinelands 316 King''s Blockhouse, 1 Spine Boulevard",0.5,1,,,,,,https://www.privateproperty.co.za/to-rent/western-cape/cape-town/southern-suburbs/pinelands/316-kings-blockhouse/1-spine-boulevard/RR4534617,"https://www.privateproperty.co.za/to-rent/western-cape/cape-town/55?pt=House,ApartmentFlat,TownHouseCluster&page=116",2026-04-05 20:59:18.337006
RR4534502,11490023,4 Bedroom House Clifton,R 40 000 per day,40000,ZAR,Clifton,Clifton,4,4,,,,,,https://www.privateproperty.co.za/to-rent/western-cape/cape-town/atlantic-seaboard/clifton/RR4534502,"https://www.privateproperty.co.za/to-rent/western-cape/cape-town/55?pt=House,ApartmentFlat,TownHouseCluster&page=116",2026-04-05 20:59:18.337006
RR4336617,10988338,1 Bedroom Apartment Cape Town City Centre,R 19 500,19500,ZAR,Cape Town City Centre,Cape Town City Centre 4 Adderley Street,1,1,,,,,,https://www.privateproperty.co.za/to-rent/western-cape/cape-town/cape-town-city-bowl/cape-town-city-centre/foreshore-place/4-adderley-street/RR4336617,"https://www.privateproperty.co.za/to-rent/western-cape/cape-town/55?pt=House,ApartmentFlat,TownHouseCluster&page=116",2026-04-05 20:59:18.337006
RR4533308,11486921,2 Bedroom Apartment Parklands,R 10 000,10000,ZAR,Parklands,Parklands,2,1,1,,,,,https://www.privateproperty.co.za/to-rent/western-cape/cape-town/blouberg/parklands/RR4533308,"https://www.privateproperty.co.za/to-rent/western-cape/cape-town/55?pt=House,ApartmentFlat,TownHouseCluster&page=116",2026-04-05 20:59:18.337006
RR4531750,11482850,2 Bedroom Apartment Vredehoek,R 32 000,32000,ZAR,Vredehoek,Vredehoek,2,2,2,,,,,https://www.privateproperty.co.za/to-rent/western-cape/cape-town/cape-town-city-bowl/vredehoek/RR4531750,"https://www.privateproperty.co.za/to-rent/western-cape/cape-town/55?pt=House,ApartmentFlat,TownHouseCluster&page=116",2026-04-05 20:59:18.337006
RR4531681,11482653,2 Bedroom Apartment Milnerton Central,R 11 000,11000,ZAR,Milnerton Central,Milnerton Central,2,1,,,,,,https://www.privateproperty.co.za/to-rent/western-cape/cape-town/milnerton/milnerton-central/RR4531681,"https://www.privateproperty.co.za/to-rent/western-cape/cape-town/55?pt=House,ApartmentFlat,TownHouseCluster&page=116",2026-04-05 20:59:18.337006
RR4531181,11481409,3 Bedroom Apartment Salt River,R 24 000,24000,ZAR,Salt River,Salt River,3,3,,,,,,https://www.privateproperty.co.za/to-rent/western-cape/cape-town/cape-town-city-bowl/salt-river/RR4531181,"https://www.privateproperty.co.za/to-rent/western-cape/cape-town/55?pt=House,ApartmentFlat,TownHouseCluster&page=116",2026-04-05 20:59:18.337006
RR4530663,11480128,2 Bedroom Apartment Cape Town City Centre,R 24 000,24000,ZAR,Cape Town City Centre,Cape Town City Centre,2,2,2,,,,,https://www.privateproperty.co.za/to-rent/western-cape/cape-town/cape-town-city-bowl/cape-town-city-centre/RR4530663,"https://www.privateproperty.co.za/to-rent/western-cape/cape-town/55?pt=House,ApartmentFlat,TownHouseCluster&page=116",2026-04-05 20:59:18.337006
RR4530488,11479656,2 Bedroom Apartment Somerset Links,R 15 000,15000,ZAR,Somerset Links,Somerset Links,2,2,1,,,,,https://www.privateproperty.co.za/to-rent/western-cape/cape-town/somerset-west/somerset-ridge/somerset-links/RR4530488,"https://www.privateproperty.co.za/to-rent/western-cape/cape-town/55?pt=House,ApartmentFlat,TownHouseCluster&page=116",2026-04-05 20:59:18.337006
RR4288125,10861746,3 Bedroom House Langeberg Ridge,R 35 000,35000,ZAR,Langeberg Ridge,Langeberg Ridge,3,2.5,2,340 m²,,,,https://www.privateproperty.co.za/to-rent/western-cape/cape-town/kraaifontein/langeberg-ridge/RR4288125,"https://www.privateproperty.co.za/to-rent/western-cape/cape-town/55?pt=House,ApartmentFlat,TownHouseCluster&page=116",2026-04-05 20:59:18.337006
RR4529265,11476572,2 Bedroom Townhouse Walmer Estate,R 15 450,15450,ZAR,Walmer Estate,"Walmer Estate 3 Dahlia Court, 3 Upper Cambridge Road",2,1,1,367 m²,,,,https://www.privateproperty.co.za/to-rent/western-cape/cape-town/cape-town-city-bowl/walmer-estate/3-dahlia-court/3-upper-cambridge-road/RR4529265,"https://www.privateproperty.co.za/to-rent/western-cape/cape-town/55?pt=House,ApartmentFlat,TownHouseCluster&page=116",2026-04-05 20:59:18.337006
RR4528555,11474784,3 Bedroom Apartment Table View,R 38 000,38000,ZAR,Table View,Table View,3,2,2,,,,,https://www.privateproperty.co.za/to-rent/western-cape/cape-town/blouberg/table-view/RR4528555,"https://www.privateproperty.co.za/to-rent/western-cape/cape-town/55?pt=House,ApartmentFlat,TownHouseCluster&page=116",2026-04-05 20:59:18.337006
RR3204348,7895845,2 Bedroom Apartment Waterfront,R 23 300,23300,ZAR,Waterfront,Waterfront,2,2,,,,,,https://www.privateproperty.co.za/to-rent/western-cape/cape-town/atlantic-seaboard/waterfront/RR3204348,"https://www.privateproperty.co.za/to-rent/western-cape/cape-town/55?pt=House,ApartmentFlat,TownHouseCluster&page=116",2026-04-05 20:59:18.337006
RR4527210,11471519,1 Bedroom Apartment Glenhaven,R 8 200,8200,ZAR,Glenhaven,"Glenhaven A104 The Block Estate, 1 Unit A104, Bester Road",1,1,,,,,,https://www.privateproperty.co.za/to-rent/western-cape/cape-town/bellville/bellville-central/glenhaven/a104-the-block-estate/1-unit-a104-bester-road/RR4527210,"https://www.privateproperty.co.za/to-rent/western-cape/cape-town/55?pt=House,ApartmentFlat,TownHouseCluster&page=116",2026-04-05 20:59:18.337006
RR4526929,11470860,1 Bedroom House Ruyterwacht,R 7 800,7800,ZAR,Ruyterwacht,Ruyterwacht,1,1,,,,,,https://www.privateproperty.co.za/to-rent/western-cape/cape-town/goodwood/ruyterwacht/RR4526929,"https://www.privateproperty.co.za/to-rent/western-cape/cape-town/55?pt=House,ApartmentFlat,TownHouseCluster&page=116",2026-04-05 20:59:18.337006
RR4526901,11470794,1 Bedroom Apartment Thornton,R 10 300,10300,ZAR,Thornton,"Thornton 310 Silvermine, 8 Informal Rd",1,1,,,-33.9229389,18.5205632,,https://www.privateproperty.co.za/to-rent/western-cape/cape-town/southern-suburbs/thornton/310-silvermine/8-informal-rd/RR4526901,"https://www.privateproperty.co.za/to-rent/western-cape/cape-town/55?pt=House,ApartmentFlat,TownHouseCluster&page=116",2026-04-05 20:59:18.337006
RR4526167,11468869,2 Bedroom House Simons Town,R 4 000 per day,4000,ZAR,Simons Town,Simons Town,2,2,,,,,,https://www.privateproperty.co.za/to-rent/western-cape/cape-town/simons-town/simons-town/RR4526167,"https://www.privateproperty.co.za/to-rent/western-cape/cape-town/55?pt=House,ApartmentFlat,TownHouseCluster&page=117",2026-04-05 20:59:18.337006
RR4525574,11467310,3 Bedroom House Ruyterwacht,R 22 000,22000,ZAR,Ruyterwacht,Ruyterwacht,3,2,11,496 m²,,,,https://www.privateproperty.co.za/to-rent/western-cape/cape-town/goodwood/ruyterwacht/RR4525574,"https://www.privateproperty.co.za/to-rent/western-cape/cape-town/55?pt=House,ApartmentFlat,TownHouseCluster&page=117",2026-04-05 20:59:18.337006
RR4525031,11465932,2 Bedroom Apartment Rondebosch,R 23 500,23500,ZAR,Rondebosch,"Rondebosch 2 Albion Mews, 17 Albion Road",2,1,,,,,,https://www.privateproperty.co.za/to-rent/western-cape/cape-town/southern-suburbs/rondebosch/2-albion-mews/17-albion-road/RR4525031,"https://www.privateproperty.co.za/to-rent/western-cape/cape-town/55?pt=House,ApartmentFlat,TownHouseCluster&page=117",2026-04-05 20:59:18.337006
RR4524898,11465559,2 Bedroom Apartment Parklands,R 10 200,10200,ZAR,Parklands,"Parklands 305 Riverhill Place, 1 Koeberg Road",2,1,,,,,,https://www.privateproperty.co.za/to-rent/western-cape/cape-town/blouberg/parklands/305-riverhill-place/1-koeberg-road/RR4524898,"https://www.privateproperty.co.za/to-rent/western-cape/cape-town/55?pt=House,ApartmentFlat,TownHouseCluster&page=117",2026-04-05 20:59:18.337006
RR4524567,11464701,3 Bedroom Apartment Strand Central,R 23 000,23000,ZAR,Strand Central,Strand Central,3,2,1,,,,,https://www.privateproperty.co.za/to-rent/western-cape/cape-town/strand/strand-central/RR4524567,"https://www.privateproperty.co.za/to-rent/western-cape/cape-town/55?pt=House,ApartmentFlat,TownHouseCluster&page=117",2026-04-05 20:59:18.337006
RR2295569,5836110,3 Bedroom Apartment Sea Point,R 37 000,37000,ZAR,Sea Point,"Sea Point 42 Oliver Court, 5 Oliver Street",3,2,1,,-33.9552,18.57267,,https://www.privateproperty.co.za/to-rent/western-cape/cape-town/atlantic-seaboard/sea-point/42-oliver-court/5-oliver-street/RR2295569,"https://www.privateproperty.co.za/to-rent/western-cape/cape-town/55?pt=House,ApartmentFlat,TownHouseCluster&page=117",2026-04-05 20:59:18.337006
RR4131758,10474597,3 Bedroom House Beach Estate,R 25 000,25000,ZAR,Beach Estate,Beach Estate,3,2,3,496 m²,,,,https://www.privateproperty.co.za/to-rent/western-cape/cape-town/hout-bay/beach-estate/RR4131758,"https://www.privateproperty.co.za/to-rent/western-cape/cape-town/55?pt=House,ApartmentFlat,TownHouseCluster&page=117",2026-04-05 20:59:18.337006
RR2866453,7113543,3 Bedroom Apartment Camps Bay,R 60 000,60000,ZAR,Camps Bay,Camps Bay,3,3,1,,,,,https://www.privateproperty.co.za/to-rent/western-cape/cape-town/atlantic-seaboard/camps-bay/RR2866453,"https://www.privateproperty.co.za/to-rent/western-cape/cape-town/55?pt=House,ApartmentFlat,TownHouseCluster&page=117",2026-04-05 20:59:18.337006
RR4007646,10142722,3 Bedroom House Scott Estate,R 80 000,80000,ZAR,Scott Estate,Scott Estate,3,3.5,2,,,,,https://www.privateproperty.co.za/to-rent/western-cape/cape-town/hout-bay/scott-estate/RR4007646,"https://www.privateproperty.co.za/to-rent/western-cape/cape-town/55?pt=House,ApartmentFlat,TownHouseCluster&page=117",2026-04-05 20:59:18.337006
RR4520855,11455576,1 Bedroom Apartment Table View,R 7 150,7150,ZAR,Table View,Table View,1,2,4,,,,,https://www.privateproperty.co.za/to-rent/western-cape/cape-town/blouberg/table-view/RR4520855,"https://www.privateproperty.co.za/to-rent/western-cape/cape-town/55?pt=House,ApartmentFlat,TownHouseCluster&page=117",2026-04-05 20:59:18.337006
RR4520739,11455350,2 Bedroom Apartment Sea Point,R 6 500 per day,6500,ZAR,Sea Point,Sea Point,2,2.5,,,,,,https://www.privateproperty.co.za/to-rent/western-cape/cape-town/atlantic-seaboard/sea-point/RR4520739,"https://www.privateproperty.co.za/to-rent/western-cape/cape-town/55?pt=House,ApartmentFlat,TownHouseCluster&page=117",2026-04-05 20:59:18.337006
RR4520403,11454631,1 Bedroom Apartment Claremont,R 12 500,12500,ZAR,Claremont,"Claremont 6 Saint Augustine, 7 June Street",1,1,,,-33.9886062,18.4821788,,https://www.privateproperty.co.za/to-rent/western-cape/cape-town/southern-suburbs/claremont/6-saint-augustine/7-june-street/RR4520403,"https://www.privateproperty.co.za/to-rent/western-cape/cape-town/55?pt=House,ApartmentFlat,TownHouseCluster&page=117",2026-04-05 20:59:18.337006
RR4519433,11452040,2 Bedroom Apartment Rivergate,R 10 000,10000,ZAR,Rivergate,"Rivergate 63 River Views, 63 Discovery Drive",2,1,1,,,,,https://www.privateproperty.co.za/to-rent/western-cape/cape-town/milnerton/rivergate/63-river-views/63-discovery-drive/RR4519433,"https://www.privateproperty.co.za/to-rent/western-cape/cape-town/55?pt=House,ApartmentFlat,TownHouseCluster&page=117",2026-04-05 20:59:18.337006
RR4518733,11450245,2 Bedroom Apartment Sea Point,R 4 000 per day,4000,ZAR,Sea Point,Sea Point,2,3,,,,,,https://www.privateproperty.co.za/to-rent/western-cape/cape-town/atlantic-seaboard/sea-point/RR4518733,"https://www.privateproperty.co.za/to-rent/western-cape/cape-town/55?pt=House,ApartmentFlat,TownHouseCluster&page=117",2026-04-05 20:59:18.337006
RR4516957,11445943,3 Bedroom Apartment Bloubergstrand,R 7 500 per day,7500,ZAR,Bloubergstrand,Bloubergstrand,3,3,1,,,,,https://www.privateproperty.co.za/to-rent/western-cape/cape-town/blouberg/bloubergstrand/RR4516957,"https://www.privateproperty.co.za/to-rent/western-cape/cape-town/55?pt=House,ApartmentFlat,TownHouseCluster&page=117",2026-04-05 20:59:18.337006
RR4178315,10588466,Studio Apartment Foreshore,R 17 500,17500,ZAR,Foreshore,"Foreshore 1215 The Rockefeller, 6 Martin Hammerschlag",0.5,1,,,,,,https://www.privateproperty.co.za/to-rent/western-cape/cape-town/atlantic-seaboard/foreshore/1215-the-rockefeller/6-martin-hammerschlag/RR4178315,"https://www.privateproperty.co.za/to-rent/western-cape/cape-town/55?pt=House,ApartmentFlat,TownHouseCluster&page=117",2026-04-05 20:59:18.337006
RR3971578,10055801,2 Bedroom Apartment Strand North,R 16 000,16000,ZAR,Strand North,Strand North,2,1,2,,,,,https://www.privateproperty.co.za/to-rent/western-cape/cape-town/strand/strand-north/RR3971578,"https://www.privateproperty.co.za/to-rent/western-cape/cape-town/55?pt=House,ApartmentFlat,TownHouseCluster&page=117",2026-04-05 20:59:18.337006
RR4221374,10695880,3 Bedroom House Heritage Park,R 30 000,30000,ZAR,Heritage Park,Heritage Park,3,2,4,400 m²,,,,https://www.privateproperty.co.za/to-rent/western-cape/cape-town/somerset-west/heritage-park/RR4221374,"https://www.privateproperty.co.za/to-rent/western-cape/cape-town/55?pt=House,ApartmentFlat,TownHouseCluster&page=117",2026-04-05 20:59:18.337006
RR4509565,11428149,3 Bedroom House Table View,R 6 500 per day,6500,ZAR,Table View,Table View,3,3,2,,,,,https://www.privateproperty.co.za/to-rent/western-cape/cape-town/blouberg/table-view/RR4509565,"https://www.privateproperty.co.za/to-rent/western-cape/cape-town/55?pt=House,ApartmentFlat,TownHouseCluster&page=117",2026-04-05 20:59:18.337006
RR4508385,11425253,2 Bedroom House Retreat,R 11 000,11000,ZAR,Retreat,Retreat,2,1,2,497 m²,,,,https://www.privateproperty.co.za/to-rent/western-cape/cape-town/cape-flats/retreat/RR4508385,"https://www.privateproperty.co.za/to-rent/western-cape/cape-town/55?pt=House,ApartmentFlat,TownHouseCluster&page=117",2026-04-05 20:59:18.337006
RR4507521,11422977,1 Bedroom Apartment Blue Downs,R 7 500,7500,ZAR,Blue Downs,"Blue Downs 46445 Blue Rise Village, 1 Blue Rise Drive",1,1,1,,,,,https://www.privateproperty.co.za/to-rent/western-cape/cape-town/blue-downs/blue-downs/46445-blue-rise-village/1-blue-rise-drive/RR4507521,"https://www.privateproperty.co.za/to-rent/western-cape/cape-town/55?pt=House,ApartmentFlat,TownHouseCluster&page=118",2026-04-05 20:59:18.337006
RR4507115,11421857,1 Bedroom Townhouse Sunridge,R 12 000,12000,ZAR,Sunridge,Sunridge,1,1,,,,,,https://www.privateproperty.co.za/to-rent/western-cape/cape-town/blouberg/table-view/sunridge/RR4507115,"https://www.privateproperty.co.za/to-rent/western-cape/cape-town/55?pt=House,ApartmentFlat,TownHouseCluster&page=118",2026-04-05 20:59:18.337006
RR4504543,11415149,1 Bedroom House Gordons Bay Central,R 8 300,8300,ZAR,Gordons Bay Central,Gordons Bay Central,1,1,1,,,,,https://www.privateproperty.co.za/to-rent/western-cape/cape-town/gordons-bay/gordons-bay-central/RR4504543,"https://www.privateproperty.co.za/to-rent/western-cape/cape-town/55?pt=House,ApartmentFlat,TownHouseCluster&page=118",2026-04-05 20:59:18.337006
RR4504289,11414459,1 Bedroom Apartment Murdock Valley,R 1 000 per day,1000,ZAR,Murdock Valley,"Murdock Valley Studio 2 Whale View House, 16 Watsonia Road",1,1,,,-34.209092,18.457502,,https://www.privateproperty.co.za/to-rent/western-cape/cape-town/simons-town/simons-town/murdock-valley/studio-2-whale-view-house/16-watsonia-road/RR4504289,"https://www.privateproperty.co.za/to-rent/western-cape/cape-town/55?pt=House,ApartmentFlat,TownHouseCluster&page=118",2026-04-05 20:59:18.337006
RR4504268,11414399,2 Bedroom Apartment Gordons Bay Central,R 10 500,10500,ZAR,Gordons Bay Central,Gordons Bay Central,2,1,4,,,,,https://www.privateproperty.co.za/to-rent/western-cape/cape-town/gordons-bay/gordons-bay-central/RR4504268,"https://www.privateproperty.co.za/to-rent/western-cape/cape-town/55?pt=House,ApartmentFlat,TownHouseCluster&page=118",2026-04-05 20:59:18.337006
RR4502963,11410937,5 Bedroom House Hout Bay Central,R 15 000 per day,15000,ZAR,Hout Bay Central,Hout Bay Central,5,5,2,,,,,https://www.privateproperty.co.za/to-rent/western-cape/cape-town/hout-bay/hout-bay-central/RR4502963,"https://www.privateproperty.co.za/to-rent/western-cape/cape-town/55?pt=House,ApartmentFlat,TownHouseCluster&page=118",2026-04-05 20:59:18.337006
RR4500549,11404947,3 Bedroom Townhouse Buh Rein Estate,R 18 500,18500,ZAR,Buh Rein Estate,"Buh Rein Estate 20 Bortoli, 20 Bortoli",3,2,4,,-33.8245084045862,18.7176132202148,,https://www.privateproperty.co.za/to-rent/western-cape/cape-town/kraaifontein/buh-rein-estate/20-bortoli/20-bortoli/RR4500549,"https://www.privateproperty.co.za/to-rent/western-cape/cape-town/55?pt=House,ApartmentFlat,TownHouseCluster&page=118",2026-04-05 20:59:18.337006
RR3784980,9516295,2 Bedroom Penthouse Green Point,R 9 900 per day,9900,ZAR,Green Point,Green Point,2,2.5,1,,,,,https://www.privateproperty.co.za/to-rent/western-cape/cape-town/atlantic-seaboard/green-point/RR3784980,"https://www.privateproperty.co.za/to-rent/western-cape/cape-town/55?pt=House,ApartmentFlat,TownHouseCluster&page=118",2026-04-05 20:59:18.337006
RR4498414,11399374,2 Bedroom Apartment Table View,R 17 000,17000,ZAR,Table View,Table View,2,1,1,,,,,https://www.privateproperty.co.za/to-rent/western-cape/cape-town/blouberg/table-view/RR4498414,"https://www.privateproperty.co.za/to-rent/western-cape/cape-town/55?pt=House,ApartmentFlat,TownHouseCluster&page=118",2026-04-05 20:59:18.337006
RR4498297,11399083,2 Bedroom Apartment Oakdale,R 10 000,10000,ZAR,Oakdale,"Oakdale 10 Milestone View, 15 Unit 10, Paloma St, Joubertsinge",2,1,,,,,,https://www.privateproperty.co.za/to-rent/western-cape/cape-town/bellville/oakdale/10-milestone-view/15-unit-10-paloma-st-joubertsinge/RR4498297,"https://www.privateproperty.co.za/to-rent/western-cape/cape-town/55?pt=House,ApartmentFlat,TownHouseCluster&page=118",2026-04-05 20:59:18.337006
RR4496207,11393856,4 Bedroom House Wynberg Upper,R 85 000,85000,ZAR,Wynberg Upper,Wynberg Upper,4,4.5,6,1 380 m²,,,,https://www.privateproperty.co.za/to-rent/western-cape/cape-town/southern-suburbs/wynberg/wynberg-upper/RR4496207,"https://www.privateproperty.co.za/to-rent/western-cape/cape-town/55?pt=House,ApartmentFlat,TownHouseCluster&page=118",2026-04-05 20:59:18.337006
RR4496132,11393672,3 Bedroom House Table View,R 65 000,65000,ZAR,Table View,Table View 37 Riverine Close,3,3,2,,-33.8150917,18.5138196,,https://www.privateproperty.co.za/to-rent/western-cape/cape-town/blouberg/table-view/37-riverine-close/RR4496132,"https://www.privateproperty.co.za/to-rent/western-cape/cape-town/55?pt=House,ApartmentFlat,TownHouseCluster&page=118",2026-04-05 20:59:18.337006
RR4494618,11389844,2 Bedroom House Gardens,R 13 000 per day,13000,ZAR,Gardens,Gardens,2,2,,,,,,https://www.privateproperty.co.za/to-rent/western-cape/cape-town/cape-town-city-bowl/gardens/RR4494618,"https://www.privateproperty.co.za/to-rent/western-cape/cape-town/55?pt=House,ApartmentFlat,TownHouseCluster&page=118",2026-04-05 20:59:18.337006
RR4494468,11389452,2 Bedroom Apartment Parklands,R 9 800,9800,ZAR,Parklands,"Parklands B16 Southwark Mews, 1 Unit B16, Southwark Rd",2,1,1,,,,,https://www.privateproperty.co.za/to-rent/western-cape/cape-town/blouberg/parklands/b16-southwark-mews/1-unit-b16-southwark-rd/RR4494468,"https://www.privateproperty.co.za/to-rent/western-cape/cape-town/55?pt=House,ApartmentFlat,TownHouseCluster&page=118",2026-04-05 20:59:18.337006
RR4494445,11389404,2 Bedroom Apartment Parklands,R 9 800,9800,ZAR,Parklands,"Parklands A11 Southwark Mews, 1 Unit A11, Southwark Road",2,1,,,,,,https://www.privateproperty.co.za/to-rent/western-cape/cape-town/blouberg/parklands/a11-southwark-mews/1-unit-a11-southwark-road/RR4494445,"https://www.privateproperty.co.za/to-rent/western-cape/cape-town/55?pt=House,ApartmentFlat,TownHouseCluster&page=118",2026-04-05 20:59:18.337006
RR4494057,11388511,2 Bedroom Apartment Big Bay,R 16 500,16500,ZAR,Big Bay,Big Bay,2,1,,,,,,https://www.privateproperty.co.za/to-rent/western-cape/cape-town/blouberg/big-bay/RR4494057,"https://www.privateproperty.co.za/to-rent/western-cape/cape-town/55?pt=House,ApartmentFlat,TownHouseCluster&page=118",2026-04-05 20:59:18.337006
RR4493369,11386615,Studio Apartment Woodstock,R 12 500,12500,ZAR,Woodstock,Woodstock,,1,,,,,,https://www.privateproperty.co.za/to-rent/western-cape/cape-town/cape-town-city-bowl/woodstock/RR4493369,"https://www.privateproperty.co.za/to-rent/western-cape/cape-town/55?pt=House,ApartmentFlat,TownHouseCluster&page=118",2026-04-05 20:59:18.337006
RR4493285,11386438,3 Bedroom House Constantia,R 22 000 per day,22000,ZAR,Constantia,Constantia,3,3.5,,,,,,https://www.privateproperty.co.za/to-rent/western-cape/cape-town/southern-suburbs/constantia/RR4493285,"https://www.privateproperty.co.za/to-rent/western-cape/cape-town/55?pt=House,ApartmentFlat,TownHouseCluster&page=118",2026-04-05 20:59:18.337006
RR4490160,11379059,2 Bedroom Apartment Glenhaven,R 8 900,8900,ZAR,Glenhaven,"Glenhaven D307 The Block, 1 Unit D307, Bester Road",2,1,,,,,,https://www.privateproperty.co.za/to-rent/western-cape/cape-town/bellville/bellville-central/glenhaven/d307-the-block/1-unit-d307-bester-road/RR4490160,"https://www.privateproperty.co.za/to-rent/western-cape/cape-town/55?pt=House,ApartmentFlat,TownHouseCluster&page=118",2026-04-05 20:59:18.337006
RR4489438,11377356,2 Bedroom Apartment Kuilsriver,R 11 500,11500,ZAR,Kuilsriver,"Kuilsriver 214 Kleijne Wingerd, 6 Unit 214, 6 Loveren Street",2,1,,,,,,https://www.privateproperty.co.za/to-rent/western-cape/cape-town/kuils-river/kuilsriver/214-kleijne-wingerd/6-unit-214-6-loveren-street/RR4489438,"https://www.privateproperty.co.za/to-rent/western-cape/cape-town/55?pt=House,ApartmentFlat,TownHouseCluster&page=118",2026-04-05 20:59:18.337006
RR4489013,11376274,2 Bedroom House Newlands,R 41 000,41000,ZAR,Newlands,Newlands,2,1,1,201 m²,,,,https://www.privateproperty.co.za/to-rent/western-cape/cape-town/southern-suburbs/newlands/RR4489013,"https://www.privateproperty.co.za/to-rent/western-cape/cape-town/55?pt=House,ApartmentFlat,TownHouseCluster&page=119",2026-04-05 20:59:18.337006
RR4488814,11375815,2 Bedroom Apartment Haasendal,R 10 250,10250,ZAR,Haasendal,"Haasendal 103 Hawequa Estate, 1 Haasendal Rd ,",2,2,1,,-33.9038055,18.704927599999998,,https://www.privateproperty.co.za/to-rent/western-cape/cape-town/kuils-river/haasendal/103-hawequa-estate/1-haasendal-rd/RR4488814,"https://www.privateproperty.co.za/to-rent/western-cape/cape-town/55?pt=House,ApartmentFlat,TownHouseCluster&page=119",2026-04-05 20:59:18.337006
RR4488809,11375798,3 Bedroom House Erinvale Estate,R 4 750 per day,4750,ZAR,Erinvale Estate,Erinvale Estate,3,2,1,,,,,https://www.privateproperty.co.za/to-rent/western-cape/cape-town/somerset-west/erinvale-estate/RR4488809,"https://www.privateproperty.co.za/to-rent/western-cape/cape-town/55?pt=House,ApartmentFlat,TownHouseCluster&page=119",2026-04-05 20:59:18.337006
RR4487684,11373067,2 Bedroom Apartment Mouille Point,R 59 000,59000,ZAR,Mouille Point,Mouille Point,2,2,1,,,,,https://www.privateproperty.co.za/to-rent/western-cape/cape-town/atlantic-seaboard/mouille-point/RR4487684,"https://www.privateproperty.co.za/to-rent/western-cape/cape-town/55?pt=House,ApartmentFlat,TownHouseCluster&page=119",2026-04-05 20:59:18.337006
RR4272234,10824085,2 Bedroom Apartment Admirals Park,R 11 000,11000,ZAR,Admirals Park,"Admirals Park 511 Green Bay Eco Estate, Firlands M Firlands Minor Road",2,1,2,,-34.1449427,18.8896824,,https://www.privateproperty.co.za/to-rent/western-cape/cape-town/gordons-bay/admirals-park/511-green-bay-eco-estate/firlands-m-firlands-minor-road/RR4272234,"https://www.privateproperty.co.za/to-rent/western-cape/cape-town/55?pt=House,ApartmentFlat,TownHouseCluster&page=119",2026-04-05 20:59:18.337006
RR4189396,10616040,2 Bedroom Apartment Cape Town City Centre,R 27 500,27500,ZAR,Cape Town City Centre,Cape Town City Centre,2,1,,,,,,https://www.privateproperty.co.za/to-rent/western-cape/cape-town/cape-town-city-bowl/cape-town-city-centre/RR4189396,"https://www.privateproperty.co.za/to-rent/western-cape/cape-town/55?pt=House,ApartmentFlat,TownHouseCluster&page=119",2026-04-05 20:59:18.337006
RR4481478,11356858,4 Bedroom Apartment Bantry Bay,R 30 000 per day,30000,ZAR,Bantry Bay,Bantry Bay,4,4,1,,,,,https://www.privateproperty.co.za/to-rent/western-cape/cape-town/atlantic-seaboard/bantry-bay/RR4481478,"https://www.privateproperty.co.za/to-rent/western-cape/cape-town/55?pt=House,ApartmentFlat,TownHouseCluster&page=119",2026-04-05 20:59:18.337006
RR4306399,10904777,3 Bedroom Apartment Sea Point,R 150 000,150000,ZAR,Sea Point,Sea Point,3,3,2,,,,,https://www.privateproperty.co.za/to-rent/western-cape/cape-town/atlantic-seaboard/sea-point/RR4306399,"https://www.privateproperty.co.za/to-rent/western-cape/cape-town/55?pt=House,ApartmentFlat,TownHouseCluster&page=119",2026-04-05 20:59:18.337006
RR4479232,11351413,3 Bedroom Apartment Clifton,R 15 000 per day,15000,ZAR,Clifton,Clifton,3,3,2,,,,,https://www.privateproperty.co.za/to-rent/western-cape/cape-town/atlantic-seaboard/clifton/RR4479232,"https://www.privateproperty.co.za/to-rent/western-cape/cape-town/55?pt=House,ApartmentFlat,TownHouseCluster&page=119",2026-04-05 20:59:18.337006
RR4478995,11350690,2 Bedroom House Erinvale Estate,R 4 750 per day,4750,ZAR,Erinvale Estate,Erinvale Estate 14 On Erinvale,2,2,1,,,,,https://www.privateproperty.co.za/to-rent/western-cape/cape-town/somerset-west/erinvale-estate/14-on-erinvale/RR4478995,"https://www.privateproperty.co.za/to-rent/western-cape/cape-town/55?pt=House,ApartmentFlat,TownHouseCluster&page=119",2026-04-05 20:59:18.337006
RR4475854,11342471,5 Bedroom House Camps Bay,R 30 000 per day,30000,ZAR,Camps Bay,Camps Bay,5,5,,,,,,https://www.privateproperty.co.za/to-rent/western-cape/cape-town/atlantic-seaboard/camps-bay/RR4475854,"https://www.privateproperty.co.za/to-rent/western-cape/cape-town/55?pt=House,ApartmentFlat,TownHouseCluster&page=119",2026-04-05 20:59:18.337006
RR4474045,11338086,2 Bedroom House Bantry Bay,R 8 000 per day,8000,ZAR,Bantry Bay,Bantry Bay,2,2,,,,,,https://www.privateproperty.co.za/to-rent/western-cape/cape-town/atlantic-seaboard/bantry-bay/RR4474045,"https://www.privateproperty.co.za/to-rent/western-cape/cape-town/55?pt=House,ApartmentFlat,TownHouseCluster&page=119",2026-04-05 20:59:18.337006
RR4474031,11338047,5 Bedroom House Camps Bay,R 12 250 per day,12250,ZAR,Camps Bay,Camps Bay,5,4,,,,,,https://www.privateproperty.co.za/to-rent/western-cape/cape-town/atlantic-seaboard/camps-bay/RR4474031,"https://www.privateproperty.co.za/to-rent/western-cape/cape-town/55?pt=House,ApartmentFlat,TownHouseCluster&page=119",2026-04-05 20:59:18.337006
RR4474024,11338036,4 Bedroom Apartment Bakoven,R 20 000 per day,20000,ZAR,Bakoven,Bakoven,4,4,3,,,,,https://www.privateproperty.co.za/to-rent/western-cape/cape-town/atlantic-seaboard/bakoven/RR4474024,"https://www.privateproperty.co.za/to-rent/western-cape/cape-town/55?pt=House,ApartmentFlat,TownHouseCluster&page=119",2026-04-05 20:59:18.337006
RR4471267,11330385,2 Bedroom Apartment Scottsdene,R 7 200,7200,ZAR,Scottsdene,"Scottsdene 48 Sunset Village West, 1 Unit 48, Chimes Str",2,1,1,,,,,https://www.privateproperty.co.za/to-rent/western-cape/cape-town/kraaifontein/scottsdene/48-sunset-village-west/1-unit-48-chimes-str/RR4471267,"https://www.privateproperty.co.za/to-rent/western-cape/cape-town/55?pt=House,ApartmentFlat,TownHouseCluster&page=119",2026-04-05 20:59:18.337006
RR4471240,11330324,2 Bedroom Apartment Scottsdene,R 7 500,7500,ZAR,Scottsdene,"Scottsdene 40 Sunset Village, 1 Unit 40, Chimes Stree",2,1,1,,,,,https://www.privateproperty.co.za/to-rent/western-cape/cape-town/kraaifontein/scottsdene/40-sunset-village/1-unit-40-chimes-stree/RR4471240,"https://www.privateproperty.co.za/to-rent/western-cape/cape-town/55?pt=House,ApartmentFlat,TownHouseCluster&page=119",2026-04-05 20:59:18.337006
RR4470687,11329014,1 Bedroom Apartment Milnerton Central,R 14 500,14500,ZAR,Milnerton Central,Milnerton Central,1,1,2,,,,,https://www.privateproperty.co.za/to-rent/western-cape/cape-town/milnerton/milnerton-central/RR4470687,"https://www.privateproperty.co.za/to-rent/western-cape/cape-town/55?pt=House,ApartmentFlat,TownHouseCluster&page=119",2026-04-05 20:59:18.337006
RR4469241,11325472,3 Bedroom House Kommetjie,R 65 000,65000,ZAR,Kommetjie,Kommetjie,3,4,4,840 m²,,,,https://www.privateproperty.co.za/to-rent/western-cape/cape-town/peninsula-false-bay/kommetjie/RR4469241,"https://www.privateproperty.co.za/to-rent/western-cape/cape-town/55?pt=House,ApartmentFlat,TownHouseCluster&page=119",2026-04-05 20:59:18.337006
RR4158725,10540606,8 Bedroom House Observatory,R 7 250,7250,ZAR,Observatory,Observatory 16 Baker Street,8,6,,,-33.93226170000001,18.4681523,,https://www.privateproperty.co.za/to-rent/western-cape/cape-town/cape-town-city-bowl/observatory/16-baker-street/RR4158725,"https://www.privateproperty.co.za/to-rent/western-cape/cape-town/55?pt=House,ApartmentFlat,TownHouseCluster&page=119",2026-04-05 20:59:18.337006
RR4254988,10780064,4 Bedroom House Rondebosch,R 7 000,7000,ZAR,Rondebosch,Rondebosch 45 Main Road,4,2,,,,,,https://www.privateproperty.co.za/to-rent/western-cape/cape-town/southern-suburbs/rondebosch/45-main-road/RR4254988,"https://www.privateproperty.co.za/to-rent/western-cape/cape-town/55?pt=House,ApartmentFlat,TownHouseCluster&page=119",2026-04-05 20:59:18.337006
RR3493939,8663191,3 Bedroom House Woodstock,R 5 450,5450,ZAR,Woodstock,Woodstock 58 Devon,3,3,,,,,,https://www.privateproperty.co.za/to-rent/western-cape/cape-town/cape-town-city-bowl/woodstock/58-devon/RR3493939,"https://www.privateproperty.co.za/to-rent/western-cape/cape-town/55?pt=House,ApartmentFlat,TownHouseCluster&page=120",2026-04-05 20:59:18.337006
RR3604063,8984124,3 Bedroom Apartment Mowbray,R 7 150,7150,ZAR,Mowbray,"Mowbray 28 Savoy On Rose, 28 Main Road",3,1,1,,-33.9505968,18.4725275,,https://www.privateproperty.co.za/to-rent/western-cape/cape-town/southern-suburbs/mowbray/28-savoy-on-rose/28-main-road/RR3604063,"https://www.privateproperty.co.za/to-rent/western-cape/cape-town/55?pt=House,ApartmentFlat,TownHouseCluster&page=120",2026-04-05 20:59:18.337006
RR3575689,8902923,10 Bedroom House Observatory,R 4 950,4950,ZAR,Observatory,Observatory 91 Rochester Road,10,4,,,,,,https://www.privateproperty.co.za/to-rent/western-cape/cape-town/cape-town-city-bowl/observatory/91-rochester-road/RR3575689,"https://www.privateproperty.co.za/to-rent/western-cape/cape-town/55?pt=House,ApartmentFlat,TownHouseCluster&page=120",2026-04-05 20:59:18.337006
RR3583301,8923926,7 Bedroom House Mowbray,R 6 500,6500,ZAR,Mowbray,Mowbray 11 Strubens,7,2,,,,,,https://www.privateproperty.co.za/to-rent/western-cape/cape-town/southern-suburbs/mowbray/11-strubens/RR3583301,"https://www.privateproperty.co.za/to-rent/western-cape/cape-town/55?pt=House,ApartmentFlat,TownHouseCluster&page=120",2026-04-05 20:59:18.337006
RR3869271,9766069,5 Bedroom House Woodstock,R 6 800,6800,ZAR,Woodstock,Woodstock 47a Cavendish,5,4,,,,,,https://www.privateproperty.co.za/to-rent/western-cape/cape-town/cape-town-city-bowl/woodstock/47a-cavendish/RR3869271,"https://www.privateproperty.co.za/to-rent/western-cape/cape-town/55?pt=House,ApartmentFlat,TownHouseCluster&page=120",2026-04-05 20:59:18.337006
RR4465060,11315440,2 Bedroom Penthouse Muizenberg,R 19 000,19000,ZAR,Muizenberg,"Muizenberg 4 51 On Royal, 51 Royal Road",2,2,2,,-34.1031718,18.477373,,https://www.privateproperty.co.za/to-rent/western-cape/cape-town/peninsula-false-bay/muizenberg/4-51-on-royal/51-royal-road/RR4465060,"https://www.privateproperty.co.za/to-rent/western-cape/cape-town/55?pt=House,ApartmentFlat,TownHouseCluster&page=120",2026-04-05 20:59:18.337006
RR4464911,11315041,2 Bedroom Apartment Table View,R 28 000,28000,ZAR,Table View,"Table View 10 Santorini, 52 Coral Road",2,2,,,-33.8145625,18.4735883,,https://www.privateproperty.co.za/to-rent/western-cape/cape-town/blouberg/table-view/10-santorini/52-coral-road/RR4464911,"https://www.privateproperty.co.za/to-rent/western-cape/cape-town/55?pt=House,ApartmentFlat,TownHouseCluster&page=120",2026-04-05 20:59:18.337006
RR4463188,11311169,2 Bedroom Apartment Atlantic Beach Golf Estate,R 25 700,25700,ZAR,Atlantic Beach Golf Estate,Atlantic Beach Golf Estate,2,2,,,,,,https://www.privateproperty.co.za/to-rent/western-cape/cape-town/melkbosstrand/atlantic-beach/atlantic-beach-golf-estate/RR4463188,"https://www.privateproperty.co.za/to-rent/western-cape/cape-town/55?pt=House,ApartmentFlat,TownHouseCluster&page=120",2026-04-05 20:59:18.337006
RR4460744,11305558,3 Bedroom House Zwaanswyk,R 18 000 per day,18000,ZAR,Zwaanswyk,Zwaanswyk,3,3,,,,,,https://www.privateproperty.co.za/to-rent/western-cape/cape-town/southern-suburbs/tokai/zwaanswyk/RR4460744,"https://www.privateproperty.co.za/to-rent/western-cape/cape-town/55?pt=House,ApartmentFlat,TownHouseCluster&page=120",2026-04-05 20:59:18.337006
RR4460264,11304237,2 Bedroom House Haasendal,R 17 550,17550,ZAR,Haasendal,Haasendal,2,1,2,160 m²,,,,https://www.privateproperty.co.za/to-rent/western-cape/cape-town/kuils-river/haasendal/RR4460264,"https://www.privateproperty.co.za/to-rent/western-cape/cape-town/55?pt=House,ApartmentFlat,TownHouseCluster&page=120",2026-04-05 20:59:18.337006
RR4459968,11303451,2 Bedroom Townhouse Haasendal,R 17 550,17550,ZAR,Haasendal,Haasendal,2,1,2,160 m²,,,,https://www.privateproperty.co.za/to-rent/western-cape/cape-town/kuils-river/haasendal/RR4459968,"https://www.privateproperty.co.za/to-rent/western-cape/cape-town/55?pt=House,ApartmentFlat,TownHouseCluster&page=120",2026-04-05 20:59:18.337006
RR3367762,8313787,5 Bedroom House Zwaanswyk,R 7 500 per day,7500,ZAR,Zwaanswyk,Zwaanswyk 1 Charnwood Avenue,5,4,4,4 273 m²,-34.065947423175,18.4210829046245,,https://www.privateproperty.co.za/to-rent/western-cape/cape-town/southern-suburbs/tokai/zwaanswyk/1-charnwood-avenue/RR3367762,"https://www.privateproperty.co.za/to-rent/western-cape/cape-town/55?pt=House,ApartmentFlat,TownHouseCluster&page=120",2026-04-05 20:59:18.337006
RR4459694,11302680,1 Bedroom House Heathfield,R 5 900,5900,ZAR,Heathfield,Heathfield,1,1,1,,,,,https://www.privateproperty.co.za/to-rent/western-cape/cape-town/southern-suburbs/heathfield/RR4459694,"https://www.privateproperty.co.za/to-rent/western-cape/cape-town/55?pt=House,ApartmentFlat,TownHouseCluster&page=120",2026-04-05 20:59:18.337006
RR4459307,11301650,2 Bedroom Duplex Haasendal,R 12 000,12000,ZAR,Haasendal,"Haasendal 51 Kogelberg Estate, 1 Haasendal Road",2,1,,,,,,https://www.privateproperty.co.za/to-rent/western-cape/cape-town/kuils-river/haasendal/51-kogelberg-estate/1-haasendal-road/RR4459307,"https://www.privateproperty.co.za/to-rent/western-cape/cape-town/55?pt=House,ApartmentFlat,TownHouseCluster&page=120",2026-04-05 20:59:18.337006
RR3158395,7785745,3 Bedroom Apartment Fish Hoek,R 27 500,27500,ZAR,Fish Hoek,Fish Hoek,3,1,,,,,,https://www.privateproperty.co.za/to-rent/western-cape/cape-town/peninsula-false-bay/fish-hoek/RR3158395,"https://www.privateproperty.co.za/to-rent/western-cape/cape-town/55?pt=House,ApartmentFlat,TownHouseCluster&page=120",2026-04-05 20:59:18.337006
RR4456267,11293487,1 Bedroom Apartment Glenhaven,R 8 200,8200,ZAR,Glenhaven,"Glenhaven D304 The Block, 1 Unit D304, 1 Bester Rd",1,1,1,,,,,https://www.privateproperty.co.za/to-rent/western-cape/cape-town/bellville/bellville-central/glenhaven/d304-the-block/1-unit-d304-1-bester-rd/RR4456267,"https://www.privateproperty.co.za/to-rent/western-cape/cape-town/55?pt=House,ApartmentFlat,TownHouseCluster&page=120",2026-04-05 20:59:18.337006
RR4456239,11293433,1 Bedroom Apartment Glenhaven,R 8 200,8200,ZAR,Glenhaven,"Glenhaven D313 The Block Estate, 1 Unit D313 Bester Road",1,1,1,,,,,https://www.privateproperty.co.za/to-rent/western-cape/cape-town/bellville/bellville-central/glenhaven/d313-the-block-estate/1-unit-d313-bester-road/RR4456239,"https://www.privateproperty.co.za/to-rent/western-cape/cape-town/55?pt=House,ApartmentFlat,TownHouseCluster&page=120",2026-04-05 20:59:18.337006
RR4453418,11286064,4 Bedroom House Bishopscourt,R 27 000 per day,27000,ZAR,Bishopscourt,Bishopscourt,4,5,,,,,,https://www.privateproperty.co.za/to-rent/western-cape/cape-town/southern-suburbs/bishopscourt/RR4453418,"https://www.privateproperty.co.za/to-rent/western-cape/cape-town/55?pt=House,ApartmentFlat,TownHouseCluster&page=120",2026-04-05 20:59:18.337006
RR3998563,10121246,13 Bedroom House Claremont,R 6 500,6500,ZAR,Claremont,Claremont,13,5,,,,,,https://www.privateproperty.co.za/to-rent/western-cape/cape-town/southern-suburbs/claremont/RR3998563,"https://www.privateproperty.co.za/to-rent/western-cape/cape-town/55?pt=House,ApartmentFlat,TownHouseCluster&page=120",2026-04-05 20:59:18.337006
RR4447966,11271762,4 Bedroom House Camps Bay,R 18 500 per day,18500,ZAR,Camps Bay,Camps Bay,4,4,1,,,,,https://www.privateproperty.co.za/to-rent/western-cape/cape-town/atlantic-seaboard/camps-bay/RR4447966,"https://www.privateproperty.co.za/to-rent/western-cape/cape-town/55?pt=House,ApartmentFlat,TownHouseCluster&page=120",2026-04-05 20:59:18.337006
RR4447794,11271336,2 Bedroom Apartment Cape Town City Centre,R 35 000,35000,ZAR,Cape Town City Centre,Cape Town City Centre,2,2,,,,,,https://www.privateproperty.co.za/to-rent/western-cape/cape-town/cape-town-city-bowl/cape-town-city-centre/RR4447794,"https://www.privateproperty.co.za/to-rent/western-cape/cape-town/55?pt=House,ApartmentFlat,TownHouseCluster&page=121",2026-04-05 20:59:18.337006
RR4443367,11260521,2 Bedroom Apartment Kuilsriver,R 11 500,11500,ZAR,Kuilsriver,"Kuilsriver 814 Kleijne Wingerd, 9 Loveren Street, Die Wingerd Security Estate",2,1,,,,,,https://www.privateproperty.co.za/to-rent/western-cape/cape-town/kuils-river/kuilsriver/814-kleijne-wingerd/9-loveren-street-die-wingerd-security-estate/RR4443367,"https://www.privateproperty.co.za/to-rent/western-cape/cape-town/55?pt=House,ApartmentFlat,TownHouseCluster&page=121",2026-04-05 20:59:18.337006
RR4443344,11260473,Studio Apartment Plattekloof,R 11 500,11500,ZAR,Plattekloof,Plattekloof,,1,1,1 150 m²,,,,https://www.privateproperty.co.za/to-rent/western-cape/cape-town/parow/plattekloof/RR4443344,"https://www.privateproperty.co.za/to-rent/western-cape/cape-town/55?pt=House,ApartmentFlat,TownHouseCluster&page=121",2026-04-05 20:59:18.337006
RR3503410,8689475,2 Bedroom Apartment Camps Bay,R 29 600,29600,ZAR,Camps Bay,Camps Bay,2,1,,,,,,https://www.privateproperty.co.za/to-rent/western-cape/cape-town/atlantic-seaboard/camps-bay/RR3503410,"https://www.privateproperty.co.za/to-rent/western-cape/cape-town/55?pt=House,ApartmentFlat,TownHouseCluster&page=121",2026-04-05 20:59:18.337006
RR4436794,11244762,7 Bedroom House Rondebosch,R 10 000,10000,ZAR,Rondebosch,Rondebosch 5 Duke Road,7,3,,,-33.9616463,18.4742826,,https://www.privateproperty.co.za/to-rent/western-cape/cape-town/southern-suburbs/rondebosch/5-duke-road/RR4436794,"https://www.privateproperty.co.za/to-rent/western-cape/cape-town/55?pt=House,ApartmentFlat,TownHouseCluster&page=121",2026-04-05 20:59:18.337006
RR4434363,11238996,5 Bedroom House Bantry Bay,R 40 000 per day,40000,ZAR,Bantry Bay,Bantry Bay,5,5,3,,,,,https://www.privateproperty.co.za/to-rent/western-cape/cape-town/atlantic-seaboard/bantry-bay/RR4434363,"https://www.privateproperty.co.za/to-rent/western-cape/cape-town/55?pt=House,ApartmentFlat,TownHouseCluster&page=121",2026-04-05 20:59:18.337006
RR4434358,11238983,6 Bedroom House Bantry Bay,R 50 000 per day,50000,ZAR,Bantry Bay,Bantry Bay,6,6.5,2,,,,,https://www.privateproperty.co.za/to-rent/western-cape/cape-town/atlantic-seaboard/bantry-bay/RR4434358,"https://www.privateproperty.co.za/to-rent/western-cape/cape-town/55?pt=House,ApartmentFlat,TownHouseCluster&page=121",2026-04-05 20:59:18.337006
RR4434353,11238973,6 Bedroom House Clifton,R 192 500 per day,192500,ZAR,Clifton,Clifton,6,6.5,4,,,,,https://www.privateproperty.co.za/to-rent/western-cape/cape-town/atlantic-seaboard/clifton/RR4434353,"https://www.privateproperty.co.za/to-rent/western-cape/cape-town/55?pt=House,ApartmentFlat,TownHouseCluster&page=121",2026-04-05 20:59:18.337006
RR4434325,11238918,5 Bedroom House Clifton,R 125 000 per day,125000,ZAR,Clifton,Clifton,5,7,4,,,,,https://www.privateproperty.co.za/to-rent/western-cape/cape-town/atlantic-seaboard/clifton/RR4434325,"https://www.privateproperty.co.za/to-rent/western-cape/cape-town/55?pt=House,ApartmentFlat,TownHouseCluster&page=121",2026-04-05 20:59:18.337006
RR3699685,9251141,5 Bedroom House Constantia,R 95 000,95000,ZAR,Constantia,Constantia,5,5,2,3 300 m²,,,,https://www.privateproperty.co.za/to-rent/western-cape/cape-town/southern-suburbs/constantia/RR3699685,"https://www.privateproperty.co.za/to-rent/western-cape/cape-town/55?pt=House,ApartmentFlat,TownHouseCluster&page=121",2026-04-05 20:59:18.337006
RR4425105,11215587,2 Bedroom Apartment Muizenberg,R 25 000,25000,ZAR,Muizenberg,"Muizenberg S001 Muizenberg Beach, 96 Beach Road",2,2,1,,-34.1080237,18.4699716,,https://www.privateproperty.co.za/to-rent/western-cape/cape-town/peninsula-false-bay/muizenberg/s001-muizenberg-beach/96-beach-road/RR4425105,"https://www.privateproperty.co.za/to-rent/western-cape/cape-town/55?pt=House,ApartmentFlat,TownHouseCluster&page=121",2026-04-05 20:59:18.337006
RR4417676,11197313,2 Bedroom Apartment Bloubergrant,R 23 000,23000,ZAR,Bloubergrant,Bloubergrant,2,2,2,7 017 m²,,,,https://www.privateproperty.co.za/to-rent/western-cape/cape-town/blouberg/bloubergrant/RR4417676,"https://www.privateproperty.co.za/to-rent/western-cape/cape-town/55?pt=House,ApartmentFlat,TownHouseCluster&page=121",2026-04-05 20:59:18.337006
RR4416172,11193765,4 Bedroom House Camps Bay,R 28 500 per day,28500,ZAR,Camps Bay,Camps Bay,4,4.5,1,,,,,https://www.privateproperty.co.za/to-rent/western-cape/cape-town/atlantic-seaboard/camps-bay/RR4416172,"https://www.privateproperty.co.za/to-rent/western-cape/cape-town/55?pt=House,ApartmentFlat,TownHouseCluster&page=121",2026-04-05 20:59:18.337006
RR4414483,11189641,8 Bedroom House Camps Bay,R 32 970 per day,32970,ZAR,Camps Bay,Camps Bay,8,9,3,,,,,https://www.privateproperty.co.za/to-rent/western-cape/cape-town/atlantic-seaboard/camps-bay/RR4414483,"https://www.privateproperty.co.za/to-rent/western-cape/cape-town/55?pt=House,ApartmentFlat,TownHouseCluster&page=121",2026-04-05 20:59:18.337006
RR4414412,11189459,4 Bedroom House Erinvale Estate,R 8 300 per day,8300,ZAR,Erinvale Estate,Erinvale Estate,4,4,2,,,,,https://www.privateproperty.co.za/to-rent/western-cape/cape-town/somerset-west/erinvale-estate/RR4414412,"https://www.privateproperty.co.za/to-rent/western-cape/cape-town/55?pt=House,ApartmentFlat,TownHouseCluster&page=121",2026-04-05 20:59:18.337006
RR4407483,11172174,1 Bedroom Apartment Sea Point,R 30 000,30000,ZAR,Sea Point,Sea Point,1,1,1,,,,,https://www.privateproperty.co.za/to-rent/western-cape/cape-town/atlantic-seaboard/sea-point/RR4407483,"https://www.privateproperty.co.za/to-rent/western-cape/cape-town/55?pt=House,ApartmentFlat,TownHouseCluster&page=121",2026-04-05 20:59:18.337006
RR4169313,10567184,6 Bedroom House Observatory,R 8 150,8150,ZAR,Observatory,Observatory 2 Baker Street,6,4,,,-33.9319123,18.4680398,,https://www.privateproperty.co.za/to-rent/western-cape/cape-town/cape-town-city-bowl/observatory/2-baker-street/RR4169313,"https://www.privateproperty.co.za/to-rent/western-cape/cape-town/55?pt=House,ApartmentFlat,TownHouseCluster&page=121",2026-04-05 20:59:18.337006
RR4403135,11160979,7 Bedroom House Tokai,R 83 750 per day,83750,ZAR,Tokai,Tokai 113 Zwaanswyk Road,7,9,7,4 003 m²,-34.0706361,18.4137647,,https://www.privateproperty.co.za/to-rent/western-cape/cape-town/southern-suburbs/tokai/113-zwaanswyk-road/RR4403135,"https://www.privateproperty.co.za/to-rent/western-cape/cape-town/55?pt=House,ApartmentFlat,TownHouseCluster&page=121",2026-04-05 20:59:18.337006
RR4267026,10810928,2 Bedroom Apartment Strand North,R 1 650 per day,1650,ZAR,Strand North,"Strand North 4 Ss Palms, 12 Burnard Street",2,2,1,,-34.111161,18.82398,,https://www.privateproperty.co.za/to-rent/western-cape/cape-town/strand/strand-north/4-ss-palms/12-burnard-street/RR4267026,"https://www.privateproperty.co.za/to-rent/western-cape/cape-town/55?pt=House,ApartmentFlat,TownHouseCluster&page=121",2026-04-05 20:59:18.337006
RR4393641,11136952,3 Bedroom Apartment Mouille Point,R 100 000,100000,ZAR,Mouille Point,"Mouille Point 0 Biscay, 26 The Waterclub Street",3,2.5,1,,-33.9009644322602,18.4133046528221,,https://www.privateproperty.co.za/to-rent/western-cape/cape-town/atlantic-seaboard/mouille-point/0-biscay/26-the-waterclub-street/RR4393641,"https://www.privateproperty.co.za/to-rent/western-cape/cape-town/55?pt=House,ApartmentFlat,TownHouseCluster&page=121",2026-04-05 20:59:18.337006
RR4391455,11131426,4 Bedroom House Camps Bay,R 20 000 per day,20000,ZAR,Camps Bay,Camps Bay,4,4,2,,,,,https://www.privateproperty.co.za/to-rent/western-cape/cape-town/atlantic-seaboard/camps-bay/RR4391455,"https://www.privateproperty.co.za/to-rent/western-cape/cape-town/55?pt=House,ApartmentFlat,TownHouseCluster&page=122",2026-04-05 20:59:18.337006
RR4390237,11128587,3 Bedroom Apartment Mouille Point,R 185 000,185000,ZAR,Mouille Point,Mouille Point,3,3,2,,,,,https://www.privateproperty.co.za/to-rent/western-cape/cape-town/atlantic-seaboard/mouille-point/RR4390237,"https://www.privateproperty.co.za/to-rent/western-cape/cape-town/55?pt=House,ApartmentFlat,TownHouseCluster&page=122",2026-04-05 20:59:18.337006
RR4388985,11125495,3 Bedroom Apartment Mouille Point,R 185 000,185000,ZAR,Mouille Point,Mouille Point,3,4,2,,,,,https://www.privateproperty.co.za/to-rent/western-cape/cape-town/atlantic-seaboard/mouille-point/RR4388985,"https://www.privateproperty.co.za/to-rent/western-cape/cape-town/55?pt=House,ApartmentFlat,TownHouseCluster&page=122",2026-04-05 20:59:18.337006
RR4387622,11122344,2 Bedroom House Erinvale Estate,R 4 200 per day,4200,ZAR,Erinvale Estate,Erinvale Estate,2,2,,,,,,https://www.privateproperty.co.za/to-rent/western-cape/cape-town/somerset-west/erinvale-estate/RR4387622,"https://www.privateproperty.co.za/to-rent/western-cape/cape-town/55?pt=House,ApartmentFlat,TownHouseCluster&page=122",2026-04-05 20:59:18.337006
RR2865976,7112474,3 Bedroom House Observatory,R 7 250,7250,ZAR,Observatory,Observatory 74 74 Rochester Road,3,2,,130 m²,-33.93281,18.46507,,https://www.privateproperty.co.za/to-rent/western-cape/cape-town/cape-town-city-bowl/observatory/74-74-rochester-road/RR2865976,"https://www.privateproperty.co.za/to-rent/western-cape/cape-town/55?pt=House,ApartmentFlat,TownHouseCluster&page=122",2026-04-05 20:59:18.337006
RR4079135,10339259,1 Bedroom Apartment Camps Bay,R 15 000,15000,ZAR,Camps Bay,Camps Bay,1,1,,,,,,https://www.privateproperty.co.za/to-rent/western-cape/cape-town/atlantic-seaboard/camps-bay/RR4079135,"https://www.privateproperty.co.za/to-rent/western-cape/cape-town/55?pt=House,ApartmentFlat,TownHouseCluster&page=122",2026-04-05 20:59:18.337006
RR4159844,10543230,2 Bedroom Apartment Waterfront,R 73 000,73000,ZAR,Waterfront,Waterfront,2,2,1,,,,,https://www.privateproperty.co.za/to-rent/western-cape/cape-town/atlantic-seaboard/waterfront/RR4159844,"https://www.privateproperty.co.za/to-rent/western-cape/cape-town/55?pt=House,ApartmentFlat,TownHouseCluster&page=122",2026-04-05 20:59:18.337006
RR4378966,11100857,2 Bedroom Apartment Llandudno,R 3 500 per day,3500,ZAR,Llandudno,Llandudno,2,2,,,,,,https://www.privateproperty.co.za/to-rent/western-cape/cape-town/atlantic-seaboard/llandudno/RR4378966,"https://www.privateproperty.co.za/to-rent/western-cape/cape-town/55?pt=House,ApartmentFlat,TownHouseCluster&page=122",2026-04-05 20:59:18.337006
RR4378964,11100853,4 Bedroom House Llandudno,R 20 000 per day,20000,ZAR,Llandudno,Llandudno,4,4,2,,,,,https://www.privateproperty.co.za/to-rent/western-cape/cape-town/atlantic-seaboard/llandudno/RR4378964,"https://www.privateproperty.co.za/to-rent/western-cape/cape-town/55?pt=House,ApartmentFlat,TownHouseCluster&page=122",2026-04-05 20:59:18.337006
RR4378511,11099702,2 Bedroom House Bantry Bay,R 12 000 per day,12000,ZAR,Bantry Bay,Bantry Bay,2,3.5,2,,,,,https://www.privateproperty.co.za/to-rent/western-cape/cape-town/atlantic-seaboard/bantry-bay/RR4378511,"https://www.privateproperty.co.za/to-rent/western-cape/cape-town/55?pt=House,ApartmentFlat,TownHouseCluster&page=122",2026-04-05 20:59:18.337006
RR4377989,11098494,1 Bedroom Apartment Bantry Bay,R 15 000 per day,15000,ZAR,Bantry Bay,Bantry Bay,1,1,,,,,,https://www.privateproperty.co.za/to-rent/western-cape/cape-town/atlantic-seaboard/bantry-bay/RR4377989,"https://www.privateproperty.co.za/to-rent/western-cape/cape-town/55?pt=House,ApartmentFlat,TownHouseCluster&page=122",2026-04-05 20:59:18.337006
RR4377766,11097916,8 Bedroom House Bishopscourt,R 55 000 per day,55000,ZAR,Bishopscourt,Bishopscourt,8,9,2,,,,,https://www.privateproperty.co.za/to-rent/western-cape/cape-town/southern-suburbs/bishopscourt/RR4377766,"https://www.privateproperty.co.za/to-rent/western-cape/cape-town/55?pt=House,ApartmentFlat,TownHouseCluster&page=122",2026-04-05 20:59:18.337006
RR4372486,11083847,1 Bedroom Apartment Green Point,R 26 000,26000,ZAR,Green Point,Green Point,1,1,,,,,,https://www.privateproperty.co.za/to-rent/western-cape/cape-town/atlantic-seaboard/green-point/RR4372486,"https://www.privateproperty.co.za/to-rent/western-cape/cape-town/55?pt=House,ApartmentFlat,TownHouseCluster&page=122",2026-04-05 20:59:18.337006
RR1274758,3423304,1 Bedroom Apartment Century City,R 25 500,25500,ZAR,Century City,"Century City Matrix Matrix Apartments, Century City, Urban Square, 4 Energy Lane",1,1,1,,-33.8923599,18.51182,,https://www.privateproperty.co.za/to-rent/western-cape/cape-town/milnerton/century-city/matrix-matrix-apartments-century-city-urban-square/4-energy-lane/RR1274758,"https://www.privateproperty.co.za/to-rent/western-cape/cape-town/55?pt=House,ApartmentFlat,TownHouseCluster&page=122",2026-04-05 20:59:18.337006
RR3774655,9486136,1 Bedroom Apartment Green Point,R 29 700,29700,ZAR,Green Point,Green Point,1,1,1,70 m²,,,,https://www.privateproperty.co.za/to-rent/western-cape/cape-town/atlantic-seaboard/green-point/RR3774655,"https://www.privateproperty.co.za/to-rent/western-cape/cape-town/55?pt=House,ApartmentFlat,TownHouseCluster&page=122",2026-04-05 20:59:18.337006
RR4360827,11054567,3 Bedroom Apartment Mouille Point,R 120 000,120000,ZAR,Mouille Point,Mouille Point,3,2,1,,,,,https://www.privateproperty.co.za/to-rent/western-cape/cape-town/atlantic-seaboard/mouille-point/RR4360827,"https://www.privateproperty.co.za/to-rent/western-cape/cape-town/55?pt=House,ApartmentFlat,TownHouseCluster&page=122",2026-04-05 20:59:18.337006
RR4360504,11053622,5 Bedroom House Camps Bay,R 15 000 per day,15000,ZAR,Camps Bay,Camps Bay,5,5,,,,,,https://www.privateproperty.co.za/to-rent/western-cape/cape-town/atlantic-seaboard/camps-bay/RR4360504,"https://www.privateproperty.co.za/to-rent/western-cape/cape-town/55?pt=House,ApartmentFlat,TownHouseCluster&page=122",2026-04-05 20:59:18.337006
RR4360502,11053619,4 Bedroom House Camps Bay,R 19 000 per day,19000,ZAR,Camps Bay,Camps Bay,4,4,2,,,,,https://www.privateproperty.co.za/to-rent/western-cape/cape-town/atlantic-seaboard/camps-bay/RR4360502,"https://www.privateproperty.co.za/to-rent/western-cape/cape-town/55?pt=House,ApartmentFlat,TownHouseCluster&page=122",2026-04-05 20:59:18.337006
RR4360489,11053561,5 Bedroom House Bakoven,R 20 000 per day,20000,ZAR,Bakoven,Bakoven,5,5,2,,,,,https://www.privateproperty.co.za/to-rent/western-cape/cape-town/atlantic-seaboard/bakoven/RR4360489,"https://www.privateproperty.co.za/to-rent/western-cape/cape-town/55?pt=House,ApartmentFlat,TownHouseCluster&page=122",2026-04-05 20:59:18.337006
RR4360363,11053275,3 Bedroom House Clifton,R 24 000 per day,24000,ZAR,Clifton,Clifton,3,3,,419 m²,,,,https://www.privateproperty.co.za/to-rent/western-cape/cape-town/atlantic-seaboard/clifton/RR4360363,"https://www.privateproperty.co.za/to-rent/western-cape/cape-town/55?pt=House,ApartmentFlat,TownHouseCluster&page=122",2026-04-05 20:59:18.337006
RR4358458,11048048,4 Bedroom Townhouse Big Bay,R 26 000,26000,ZAR,Big Bay,Big Bay,4,2.5,2,,,,,https://www.privateproperty.co.za/to-rent/western-cape/cape-town/blouberg/big-bay/RR4358458,"https://www.privateproperty.co.za/to-rent/western-cape/cape-town/55?pt=House,ApartmentFlat,TownHouseCluster&page=123",2026-04-05 20:59:18.337006
RR4350912,11026656,3 Bedroom House Erinvale Estate,R 6 500 per day,6500,ZAR,Erinvale Estate,Erinvale Estate,3,3,,,,,,https://www.privateproperty.co.za/to-rent/western-cape/cape-town/somerset-west/erinvale-estate/RR4350912,"https://www.privateproperty.co.za/to-rent/western-cape/cape-town/55?pt=House,ApartmentFlat,TownHouseCluster&page=123",2026-04-05 20:59:18.337006
RR4337482,10990595,2 Bedroom Apartment Strand North,R 30 000,30000,ZAR,Strand North,"Strand North E3 Cape Sands, 202 Beach Road",2,2,1,3 966 m²,-34.1021690615788,18.8162943765064,,https://www.privateproperty.co.za/to-rent/western-cape/cape-town/strand/strand-north/e3-cape-sands/202-beach-road/RR4337482,"https://www.privateproperty.co.za/to-rent/western-cape/cape-town/55?pt=House,ApartmentFlat,TownHouseCluster&page=123",2026-04-05 20:59:18.337006
RR4337116,10989662,4 Bedroom House Constantia,R 15 600 per day,15600,ZAR,Constantia,Constantia,4,4.5,1,,,,,https://www.privateproperty.co.za/to-rent/western-cape/cape-town/southern-suburbs/constantia/RR4337116,"https://www.privateproperty.co.za/to-rent/western-cape/cape-town/55?pt=House,ApartmentFlat,TownHouseCluster&page=123",2026-04-05 20:59:18.337006
RR4332818,10977132,2 Bedroom Apartment Strand Central,R 1 250 per day,1250,ZAR,Strand Central,Strand Central,2,2,,,,,,https://www.privateproperty.co.za/to-rent/western-cape/cape-town/strand/strand-central/RR4332818,"https://www.privateproperty.co.za/to-rent/western-cape/cape-town/55?pt=House,ApartmentFlat,TownHouseCluster&page=123",2026-04-05 20:59:18.337006
RR4329062,10966853,4 Bedroom House Camps Bay,R 90 000,90000,ZAR,Camps Bay,Camps Bay,4,3,,,,,,https://www.privateproperty.co.za/to-rent/western-cape/cape-town/atlantic-seaboard/camps-bay/RR4329062,"https://www.privateproperty.co.za/to-rent/western-cape/cape-town/55?pt=House,ApartmentFlat,TownHouseCluster&page=123",2026-04-05 20:59:18.337006
RR4315513,10929045,4 Bedroom House Llandudno,R 11 000 per day,11000,ZAR,Llandudno,Llandudno,4,4,4,,,,,https://www.privateproperty.co.za/to-rent/western-cape/cape-town/atlantic-seaboard/llandudno/RR4315513,"https://www.privateproperty.co.za/to-rent/western-cape/cape-town/55?pt=House,ApartmentFlat,TownHouseCluster&page=123",2026-04-05 20:59:18.337006
RR4315508,10929034,4 Bedroom House Llandudno,R 18 000 per day,18000,ZAR,Llandudno,Llandudno,4,4,,,,,,https://www.privateproperty.co.za/to-rent/western-cape/cape-town/atlantic-seaboard/llandudno/liermans-rd/RR4315508,"https://www.privateproperty.co.za/to-rent/western-cape/cape-town/55?pt=House,ApartmentFlat,TownHouseCluster&page=123",2026-04-05 20:59:18.337006
RR4314782,10927137,1 Bedroom Apartment Cape Town City Centre,R 25 410,25410,ZAR,Cape Town City Centre,"Cape Town City Centre Neighbourg 84 Harrington, 84 Harrington Street",1,1,,,-33.9288487,18.4231561,,https://www.privateproperty.co.za/to-rent/western-cape/cape-town/cape-town-city-bowl/cape-town-city-centre/neighbourg-84-harrington/84-harrington-street/RR4314782,"https://www.privateproperty.co.za/to-rent/western-cape/cape-town/55?pt=House,ApartmentFlat,TownHouseCluster&page=123",2026-04-05 20:59:18.337006
RR4314748,10927058,1 Bedroom Apartment Green Point,R 15 660,15660,ZAR,Green Point,"Green Point Neighbourg Romney, 3 Romney Street",1,1,,,-33.9095639,18.4029864,,https://www.privateproperty.co.za/to-rent/western-cape/cape-town/atlantic-seaboard/green-point/neighbourg-romney/3-romney-street/RR4314748,"https://www.privateproperty.co.za/to-rent/western-cape/cape-town/55?pt=House,ApartmentFlat,TownHouseCluster&page=123",2026-04-05 20:59:18.337006
RR4314725,10927019,1 Bedroom Apartment Green Point,R 15 660,15660,ZAR,Green Point,"Green Point Neighbourg Ravenscraig, 2 Ravenscraig Road",1,1,,,-33.9084745,18.4034995,,https://www.privateproperty.co.za/to-rent/western-cape/cape-town/atlantic-seaboard/green-point/neighbourg-ravenscraig/2-ravenscraig-road/RR4314725,"https://www.privateproperty.co.za/to-rent/western-cape/cape-town/55?pt=House,ApartmentFlat,TownHouseCluster&page=123",2026-04-05 20:59:18.337006
RR4314711,10926991,1 Bedroom Apartment Green Point,R 17 820,17820,ZAR,Green Point,"Green Point Neighbourg Hill Suites, 2 Hill Road",1,1,,,-33.9086576,18.402078,,https://www.privateproperty.co.za/to-rent/western-cape/cape-town/atlantic-seaboard/green-point/neighbourg-hill-suites/2-hill-road/RR4314711,"https://www.privateproperty.co.za/to-rent/western-cape/cape-town/55?pt=House,ApartmentFlat,TownHouseCluster&page=123",2026-04-05 20:59:18.337006
RR4303508,10896763,4 Bedroom House Penzance Estate,R 6 000 per day,6000,ZAR,Penzance Estate,Penzance Estate,4,3,2,,,,,https://www.privateproperty.co.za/to-rent/western-cape/cape-town/hout-bay/penzance-estate/RR4303508,"https://www.privateproperty.co.za/to-rent/western-cape/cape-town/55?pt=House,ApartmentFlat,TownHouseCluster&page=123",2026-04-05 20:59:18.337006
RR4289440,10864255,7 Bedroom House Erinvale Estate,R 19 500 per day,19500,ZAR,Erinvale Estate,Erinvale Estate,7,6,2,,,,,https://www.privateproperty.co.za/to-rent/western-cape/cape-town/somerset-west/erinvale-estate/RR4289440,"https://www.privateproperty.co.za/to-rent/western-cape/cape-town/55?pt=House,ApartmentFlat,TownHouseCluster&page=123",2026-04-05 20:59:18.337006
RR4288391,10862248,4 Bedroom House Erinvale Estate,R 7 250 per day,7250,ZAR,Erinvale Estate,Erinvale Estate,4,4,1,,,,,https://www.privateproperty.co.za/to-rent/western-cape/cape-town/somerset-west/erinvale-estate/RR4288391,"https://www.privateproperty.co.za/to-rent/western-cape/cape-town/55?pt=House,ApartmentFlat,TownHouseCluster&page=123",2026-04-05 20:59:18.337006
RR2859430,7098034,2 Bedroom Apartment Big Bay,R 25 000,25000,ZAR,Big Bay,"Big Bay 101 Azure, 29 Otto Du Plessis Street",2,1,,,-33.7900903,18.4587626,,https://www.privateproperty.co.za/to-rent/western-cape/cape-town/blouberg/big-bay/101-azure/29-otto-du-plessis-street/RR2859430,"https://www.privateproperty.co.za/to-rent/western-cape/cape-town/55?pt=House,ApartmentFlat,TownHouseCluster&page=123",2026-04-05 20:59:18.337006
RR4281257,10846032,4 Bedroom House Constantia,R 30 000 per day,30000,ZAR,Constantia,Constantia,4,4,,,,,,https://www.privateproperty.co.za/to-rent/western-cape/cape-town/southern-suburbs/constantia/RR4281257,"https://www.privateproperty.co.za/to-rent/western-cape/cape-town/55?pt=House,ApartmentFlat,TownHouseCluster&page=123",2026-04-05 20:59:18.337006
RR4274098,10828690,4 Bedroom House Meadowridge,R 6 500 per day,6500,ZAR,Meadowridge,Meadowridge,4,3,,,,,,https://www.privateproperty.co.za/to-rent/western-cape/cape-town/southern-suburbs/meadowridge/RR4274098,"https://www.privateproperty.co.za/to-rent/western-cape/cape-town/55?pt=House,ApartmentFlat,TownHouseCluster&page=123",2026-04-05 20:59:18.337006
RR4271681,10822391,5 Bedroom House Constantia,R 45 000 per day,45000,ZAR,Constantia,Constantia,5,7,4,,,,,https://www.privateproperty.co.za/to-rent/western-cape/cape-town/southern-suburbs/constantia/RR4271681,"https://www.privateproperty.co.za/to-rent/western-cape/cape-town/55?pt=House,ApartmentFlat,TownHouseCluster&page=123",2026-04-05 20:59:18.337006
RR4264333,10803262,5 Bedroom House Clifton,R 25 000 per day,25000,ZAR,Clifton,Clifton,5,4,1,,,,,https://www.privateproperty.co.za/to-rent/western-cape/cape-town/atlantic-seaboard/clifton/RR4264333,"https://www.privateproperty.co.za/to-rent/western-cape/cape-town/55?pt=House,ApartmentFlat,TownHouseCluster&page=123",2026-04-05 20:59:18.337006
RR4263447,10801127,4 Bedroom House Camps Bay,R 18 000 per day,18000,ZAR,Camps Bay,Camps Bay,4,3.5,,,,,,https://www.privateproperty.co.za/to-rent/western-cape/cape-town/atlantic-seaboard/camps-bay/RR4263447,"https://www.privateproperty.co.za/to-rent/western-cape/cape-town/55?pt=House,ApartmentFlat,TownHouseCluster&page=124",2026-04-05 20:59:18.337006
RR4262130,10797614,4 Bedroom House Camps Bay,R 30 000 per day,30000,ZAR,Camps Bay,Camps Bay,4,6,,994 m²,,,,https://www.privateproperty.co.za/to-rent/western-cape/cape-town/atlantic-seaboard/camps-bay/RR4262130,"https://www.privateproperty.co.za/to-rent/western-cape/cape-town/55?pt=House,ApartmentFlat,TownHouseCluster&page=124",2026-04-05 20:59:18.337006
RR4262017,10797286,4 Bedroom House Green Point,R 12 500 per day,12500,ZAR,Green Point,Green Point,4,4.5,3,,,,,https://www.privateproperty.co.za/to-rent/western-cape/cape-town/atlantic-seaboard/green-point/RR4262017,"https://www.privateproperty.co.za/to-rent/western-cape/cape-town/55?pt=House,ApartmentFlat,TownHouseCluster&page=124",2026-04-05 20:59:18.337006
RR4257731,10786819,4 Bedroom House Constantia,R 24 000 per day,24000,ZAR,Constantia,Constantia,4,5,,,,,,https://www.privateproperty.co.za/to-rent/western-cape/cape-town/southern-suburbs/constantia/RR4257731,"https://www.privateproperty.co.za/to-rent/western-cape/cape-town/55?pt=House,ApartmentFlat,TownHouseCluster&page=124",2026-04-05 20:59:18.337006
RR4255304,10780882,2 Bedroom Apartment Sea Point,R 70 000,70000,ZAR,Sea Point,Sea Point,2,2,1,100 m²,,,,https://www.privateproperty.co.za/to-rent/western-cape/cape-town/atlantic-seaboard/sea-point/RR4255304,"https://www.privateproperty.co.za/to-rent/western-cape/cape-town/55?pt=House,ApartmentFlat,TownHouseCluster&page=124",2026-04-05 20:59:18.337006
RR4253999,10777891,6 Bedroom House Bishopscourt,R 45 000 per day,45000,ZAR,Bishopscourt,Bishopscourt,6,7,3,,,,,https://www.privateproperty.co.za/to-rent/western-cape/cape-town/southern-suburbs/bishopscourt/RR4253999,"https://www.privateproperty.co.za/to-rent/western-cape/cape-town/55?pt=House,ApartmentFlat,TownHouseCluster&page=124",2026-04-05 20:59:18.337006
RR4253997,10777885,6 Bedroom House Bantry Bay,R 100 000 per day,100000,ZAR,Bantry Bay,Bantry Bay,6,7,2,,,,,https://www.privateproperty.co.za/to-rent/western-cape/cape-town/atlantic-seaboard/bantry-bay/RR4253997,"https://www.privateproperty.co.za/to-rent/western-cape/cape-town/55?pt=House,ApartmentFlat,TownHouseCluster&page=124",2026-04-05 20:59:18.337006
RR1410490,3790157,4 Bedroom Apartment Camps Bay,R 11 000 per day,11000,ZAR,Camps Bay,Camps Bay,4,4,2,527 m²,,,,https://www.privateproperty.co.za/to-rent/western-cape/cape-town/atlantic-seaboard/camps-bay/RR1410490,"https://www.privateproperty.co.za/to-rent/western-cape/cape-town/55?pt=House,ApartmentFlat,TownHouseCluster&page=124",2026-04-05 20:59:18.337006
RR4249760,10767209,3 Bedroom House Bishopscourt,R 38 000 per day,38000,ZAR,Bishopscourt,Bishopscourt,3,3,,,,,,https://www.privateproperty.co.za/to-rent/western-cape/cape-town/southern-suburbs/bishopscourt/RR4249760,"https://www.privateproperty.co.za/to-rent/western-cape/cape-town/55?pt=House,ApartmentFlat,TownHouseCluster&page=124",2026-04-05 20:59:18.337006
RR4241669,10747244,5 Bedroom House Constantia,R 29 000 per day,29000,ZAR,Constantia,Constantia,5,5.5,1,,,,,https://www.privateproperty.co.za/to-rent/western-cape/cape-town/southern-suburbs/constantia/RR4241669,"https://www.privateproperty.co.za/to-rent/western-cape/cape-town/55?pt=House,ApartmentFlat,TownHouseCluster&page=124",2026-04-05 20:59:18.337006
RR4240050,10742766,3 Bedroom Apartment Bantry Bay,R 25 000 per day,25000,ZAR,Bantry Bay,Bantry Bay,3,3,,,,,,https://www.privateproperty.co.za/to-rent/western-cape/cape-town/atlantic-seaboard/bantry-bay/RR4240050,"https://www.privateproperty.co.za/to-rent/western-cape/cape-town/55?pt=House,ApartmentFlat,TownHouseCluster&page=124",2026-04-05 20:59:18.337006
RR4239876,10742320,2 Bedroom Apartment Sea Point,R 10 000 per day,10000,ZAR,Sea Point,Sea Point,2,2.5,,,,,,https://www.privateproperty.co.za/to-rent/western-cape/cape-town/atlantic-seaboard/sea-point/RR4239876,"https://www.privateproperty.co.za/to-rent/western-cape/cape-town/55?pt=House,ApartmentFlat,TownHouseCluster&page=124",2026-04-05 20:59:18.337006
RR4237701,10736618,4 Bedroom House Melkbosstrand,R 8 500 per day,8500,ZAR,Melkbosstrand,Melkbosstrand,4,3,,,,,,https://www.privateproperty.co.za/to-rent/western-cape/cape-town/melkbosstrand/melkbosstrand/RR4237701,"https://www.privateproperty.co.za/to-rent/western-cape/cape-town/55?pt=House,ApartmentFlat,TownHouseCluster&page=124",2026-04-05 20:59:18.337006
RR4233720,10726922,1 Bedroom House Ravensmead,R 5 500,5500,ZAR,Ravensmead,Ravensmead 44 Ernest Esau Street,1,7,9,644 m²,-33.9226595,18.6027185,,https://www.privateproperty.co.za/to-rent/western-cape/cape-town/parow/ravensmead/44-ernest-esau-street/RR4233720,"https://www.privateproperty.co.za/to-rent/western-cape/cape-town/55?pt=House,ApartmentFlat,TownHouseCluster&page=124",2026-04-05 20:59:18.337006
RR4232724,10724570,2 Bedroom House Erinvale Estate,R 5 000 per day,5000,ZAR,Erinvale Estate,Erinvale Estate,2,2,2,,,,,https://www.privateproperty.co.za/to-rent/western-cape/cape-town/somerset-west/erinvale-estate/RR4232724,"https://www.privateproperty.co.za/to-rent/western-cape/cape-town/55?pt=House,ApartmentFlat,TownHouseCluster&page=124",2026-04-05 20:59:18.337006
RR4227908,10711889,3 Bedroom Apartment Bantry Bay,R 18 000 per day,18000,ZAR,Bantry Bay,Bantry Bay,3,3,,,,,,https://www.privateproperty.co.za/to-rent/western-cape/cape-town/atlantic-seaboard/bantry-bay/RR4227908,"https://www.privateproperty.co.za/to-rent/western-cape/cape-town/55?pt=House,ApartmentFlat,TownHouseCluster&page=124",2026-04-05 20:59:18.337006
RR4227737,10711436,6 Bedroom House Constantia,R 18 000 per day,18000,ZAR,Constantia,Constantia,6,6,2,,,,,https://www.privateproperty.co.za/to-rent/western-cape/cape-town/southern-suburbs/constantia/RR4227737,"https://www.privateproperty.co.za/to-rent/western-cape/cape-town/55?pt=House,ApartmentFlat,TownHouseCluster&page=124",2026-04-05 20:59:18.337006
RR4226718,10708952,3 Bedroom Apartment Bantry Bay,R 18 000 per day,18000,ZAR,Bantry Bay,Bantry Bay,3,3,,,,,,https://www.privateproperty.co.za/to-rent/western-cape/cape-town/atlantic-seaboard/bantry-bay/RR4226718,"https://www.privateproperty.co.za/to-rent/western-cape/cape-town/55?pt=House,ApartmentFlat,TownHouseCluster&page=124",2026-04-05 20:59:18.337006
RR2125406,5436772,3 Bedroom House Sea Point,R 10 500 per day,10500,ZAR,Sea Point,Sea Point,3,3,2,,,,,https://www.privateproperty.co.za/to-rent/western-cape/cape-town/atlantic-seaboard/sea-point/RR2125406,"https://www.privateproperty.co.za/to-rent/western-cape/cape-town/55?pt=House,ApartmentFlat,TownHouseCluster&page=124",2026-04-05 20:59:18.337006
RR4226646,10708740,5 Bedroom House Bloubergstrand,R 100 000,100000,ZAR,Bloubergstrand,Bloubergstrand,5,5.5,4,859 m²,,,,https://www.privateproperty.co.za/to-rent/western-cape/cape-town/blouberg/bloubergstrand/RR4226646,"https://www.privateproperty.co.za/to-rent/western-cape/cape-town/55?pt=House,ApartmentFlat,TownHouseCluster&page=124",2026-04-05 20:59:18.337006
RR4226316,10707897,3 Bedroom Apartment Bantry Bay,R 18 000 per day,18000,ZAR,Bantry Bay,Bantry Bay,3,3,,,,,,https://www.privateproperty.co.za/to-rent/western-cape/cape-town/atlantic-seaboard/bantry-bay/RR4226316,"https://www.privateproperty.co.za/to-rent/western-cape/cape-town/55?pt=House,ApartmentFlat,TownHouseCluster&page=125",2026-04-05 20:59:18.337006
RR4226246,10707726,5 Bedroom House Bishopscourt,R 45 000 per day,45000,ZAR,Bishopscourt,Bishopscourt,5,3,2,,,,,https://www.privateproperty.co.za/to-rent/western-cape/cape-town/southern-suburbs/bishopscourt/RR4226246,"https://www.privateproperty.co.za/to-rent/western-cape/cape-town/55?pt=House,ApartmentFlat,TownHouseCluster&page=125",2026-04-05 20:59:18.337006
RR4226239,10707703,4 Bedroom House Bishopscourt,R 35 000 per day,35000,ZAR,Bishopscourt,Bishopscourt,4,4,,,,,,https://www.privateproperty.co.za/to-rent/western-cape/cape-town/southern-suburbs/bishopscourt/RR4226239,"https://www.privateproperty.co.za/to-rent/western-cape/cape-town/55?pt=House,ApartmentFlat,TownHouseCluster&page=125",2026-04-05 20:59:18.337006
RR3280365,8078745,2 Bedroom Flat Cape Town City Centre,R 30 000,30000,ZAR,Cape Town City Centre,"Cape Town City Centre 1308 The Decks, 67 Long Street",2,2,,,-33.92179,18.42015,,https://www.privateproperty.co.za/to-rent/western-cape/cape-town/cape-town-city-bowl/cape-town-city-centre/1308-the-decks/67-long-street/RR3280365,"https://www.privateproperty.co.za/to-rent/western-cape/cape-town/55?pt=House,ApartmentFlat,TownHouseCluster&page=125",2026-04-05 20:59:18.337006
RR4203763,10651937,Studio apartment Lentegeur,R 3 800,3800,ZAR,Lentegeur,Lentegeur,1,1,,,,,,https://www.privateproperty.co.za/to-rent/western-cape/cape-town/mitchells-plain/mitchells-plain/lentegeur/RR4203763,"https://www.privateproperty.co.za/to-rent/western-cape/cape-town/55?pt=House,ApartmentFlat,TownHouseCluster&page=125",2026-04-05 20:59:18.337006
RR4201819,10647163,1 Bedroom Apartment Strand South,R 1 250 per day,1250,ZAR,Strand South,"Strand South 62 Peninsula Bay, 16 Beach Road",1,1,1,,-34.126029,18.834663,,https://www.privateproperty.co.za/to-rent/western-cape/cape-town/strand/strand-south/62-peninsula-bay/16-beach-road/RR4201819,"https://www.privateproperty.co.za/to-rent/western-cape/cape-town/55?pt=House,ApartmentFlat,TownHouseCluster&page=125",2026-04-05 20:59:18.337006
RR4201705,10646899,2 Bedroom House Erinvale Estate,R 4 950 per day,4950,ZAR,Erinvale Estate,Erinvale Estate,2,2,,,,,,https://www.privateproperty.co.za/to-rent/western-cape/cape-town/somerset-west/erinvale-estate/RR4201705,"https://www.privateproperty.co.za/to-rent/western-cape/cape-town/55?pt=House,ApartmentFlat,TownHouseCluster&page=125",2026-04-05 20:59:18.337006
RR4009896,10148729,1 Bedroom Apartment Rosebank,R 6 950,6950,ZAR,Rosebank,Rosebank,1,1,,,,,,https://www.privateproperty.co.za/to-rent/western-cape/cape-town/southern-suburbs/rosebank/RR4009896,"https://www.privateproperty.co.za/to-rent/western-cape/cape-town/55?pt=House,ApartmentFlat,TownHouseCluster&page=125",2026-04-05 20:59:18.337006
RR4197715,10636786,1 Bedroom Flat Erinvale Estate,R 2 000 per day,2000,ZAR,Erinvale Estate,Erinvale Estate,1,1,,,,,,https://www.privateproperty.co.za/to-rent/western-cape/cape-town/somerset-west/erinvale-estate/RR4197715,"https://www.privateproperty.co.za/to-rent/western-cape/cape-town/55?pt=House,ApartmentFlat,TownHouseCluster&page=125",2026-04-05 20:59:18.337006
RR3945489,9986641,3 Bedroom Apartment Rondebosch,R 7 000,7000,ZAR,Rondebosch,"Rondebosch 2 Rondebosch Court, 4 Fountain Square",3,1.5,,,,,,https://www.privateproperty.co.za/to-rent/western-cape/cape-town/southern-suburbs/rondebosch/2-rondebosch-court/4-fountain-square/RR3945489,"https://www.privateproperty.co.za/to-rent/western-cape/cape-town/55?pt=House,ApartmentFlat,TownHouseCluster&page=125",2026-04-05 20:59:18.337006
RR3253802,8013692,9 Bedroom House Bo Kaap,R 6 400,6400,ZAR,Bo Kaap,Bo Kaap 41 Bryant,9,4,,,-33.92489,18.41137,,https://www.privateproperty.co.za/to-rent/western-cape/cape-town/cape-town-city-bowl/bo-kaap/41-bryant/RR3253802,"https://www.privateproperty.co.za/to-rent/western-cape/cape-town/55?pt=House,ApartmentFlat,TownHouseCluster&page=125",2026-04-05 20:59:18.337006
RR3253770,8013618,5 Bedroom House Bo Kaap,R 6 550,6550,ZAR,Bo Kaap,Bo Kaap 68 Bryant,5,2,,,-33.924799,18.4111275,,https://www.privateproperty.co.za/to-rent/western-cape/cape-town/cape-town-city-bowl/bo-kaap/68-bryant/RR3253770,"https://www.privateproperty.co.za/to-rent/western-cape/cape-town/55?pt=House,ApartmentFlat,TownHouseCluster&page=125",2026-04-05 20:59:18.337006
RR4185090,10605051,1 Bedroom Apartment Parow Valley,R 3 000,3000,ZAR,Parow Valley,Parow Valley,1,1,1,,,,,https://www.privateproperty.co.za/to-rent/western-cape/cape-town/parow/parow-valley/RR4185090,"https://www.privateproperty.co.za/to-rent/western-cape/cape-town/55?pt=House,ApartmentFlat,TownHouseCluster&page=125",2026-04-05 20:59:18.337006
RR4145400,10508556,1 Bedroom Apartment Cape Town City Centre,R 16 390,16390,ZAR,Cape Town City Centre,Cape Town City Centre 60 Corporation Street,1,1,,,-33.9262051,18.4217881,,https://www.privateproperty.co.za/to-rent/western-cape/cape-town/cape-town-city-bowl/cape-town-city-centre/60-corporation-street/RR4145400,"https://www.privateproperty.co.za/to-rent/western-cape/cape-town/55?pt=House,ApartmentFlat,TownHouseCluster&page=125",2026-04-05 20:59:18.337006
RR2739777,6838698,1 Bedroom Apartment Mitchells Plain Central,R 3 500,3500,ZAR,Mitchells Plain Central,Mitchells Plain Central,1,1,,,,,,https://www.privateproperty.co.za/to-rent/western-cape/cape-town/mitchells-plain/mitchells-plain/mitchells-plain-central/RR2739777,"https://www.privateproperty.co.za/to-rent/western-cape/cape-town/55?pt=House,ApartmentFlat,TownHouseCluster&page=125",2026-04-05 20:59:18.337006
RR4140047,10495645,1 Bedroom House Cape Town City Centre,R 16 400,16400,ZAR,Cape Town City Centre,"Cape Town City Centre 1 Neighbourgood Hill Street, 2 Hill Street",1,1,,,-33.90867280000001,18.4020837,,https://www.privateproperty.co.za/to-rent/western-cape/cape-town/cape-town-city-bowl/cape-town-city-centre/1-neighbourgood-hill-street/2-hill-street/RR4140047,"https://www.privateproperty.co.za/to-rent/western-cape/cape-town/55?pt=House,ApartmentFlat,TownHouseCluster&page=125",2026-04-05 20:59:18.337006
RR3253712,8013477,12 Bedroom House Bo Kaap,R 6 100,6100,ZAR,Bo Kaap,Bo Kaap 28 Jordaan,12,5,,,-33.92401,18.41251,,https://www.privateproperty.co.za/to-rent/western-cape/cape-town/cape-town-city-bowl/bo-kaap/28-jordaan/RR3253712,"https://www.privateproperty.co.za/to-rent/western-cape/cape-town/55?pt=House,ApartmentFlat,TownHouseCluster&page=125",2026-04-05 20:59:18.337006
RR4128014,10464714,2 Bedroom Apartment Mowbray,R 7 250,7250,ZAR,Mowbray,"Mowbray 103 Savoy On Rose, 28 Main Road",2,1,,,-33.9505998,18.4725255,,https://www.privateproperty.co.za/to-rent/western-cape/cape-town/southern-suburbs/mowbray/103-savoy-on-rose/28-main-road/RR4128014,"https://www.privateproperty.co.za/to-rent/western-cape/cape-town/55?pt=House,ApartmentFlat,TownHouseCluster&page=125",2026-04-05 20:59:18.337006
RR2879171,7143297,9 Bedroom House Woodstock,R 6 750,6750,ZAR,Woodstock,Woodstock 49 Roodebloem,9,6,,,,,,https://www.privateproperty.co.za/to-rent/western-cape/cape-town/cape-town-city-bowl/woodstock/49-roodebloem/RR2879171,"https://www.privateproperty.co.za/to-rent/western-cape/cape-town/55?pt=House,ApartmentFlat,TownHouseCluster&page=125",2026-04-05 20:59:18.337006
RR4118221,10440131,2 Bedroom House Erinvale Estate,R 4 400 per day,4400,ZAR,Erinvale Estate,Erinvale Estate,2,2,,,,,,https://www.privateproperty.co.za/to-rent/western-cape/cape-town/somerset-west/erinvale-estate/RR4118221,"https://www.privateproperty.co.za/to-rent/western-cape/cape-town/55?pt=House,ApartmentFlat,TownHouseCluster&page=125",2026-04-05 20:59:18.337006
RR4117782,10439102,1 Bedroom Apartment Erinvale Estate,R 2 850 per day,2850,ZAR,Erinvale Estate,Erinvale Estate,1,1,,,,,,https://www.privateproperty.co.za/to-rent/western-cape/cape-town/somerset-west/erinvale-estate/RR4117782,"https://www.privateproperty.co.za/to-rent/western-cape/cape-town/55?pt=House,ApartmentFlat,TownHouseCluster&page=126",2026-04-05 20:59:18.337006
RR4114687,10431497,1 Bedroom House Erinvale Estate,R 3 300 per day,3300,ZAR,Erinvale Estate,Erinvale Estate,1,1,2,,,,,https://www.privateproperty.co.za/to-rent/western-cape/cape-town/somerset-west/erinvale-estate/RR4114687,"https://www.privateproperty.co.za/to-rent/western-cape/cape-town/55?pt=House,ApartmentFlat,TownHouseCluster&page=126",2026-04-05 20:59:18.337006
RR3854736,9724433,1 Bedroom Apartment Glenlily,R 4 200,4200,ZAR,Glenlily,Glenlily,1,2,,,,,,https://www.privateproperty.co.za/to-rent/western-cape/cape-town/parow/glenlily/RR3854736,"https://www.privateproperty.co.za/to-rent/western-cape/cape-town/55?pt=House,ApartmentFlat,TownHouseCluster&page=126",2026-04-05 20:59:18.337006
RR4049674,10259594,Studio Apartment Woodstock,R 9 500,9500,ZAR,Woodstock,Woodstock,0.5,1,,,,,,https://www.privateproperty.co.za/to-rent/western-cape/cape-town/cape-town-city-bowl/woodstock/RR4049674,"https://www.privateproperty.co.za/to-rent/western-cape/cape-town/55?pt=House,ApartmentFlat,TownHouseCluster&page=126",2026-04-05 20:59:18.337006
RR3984407,10088775,Studio Apartment Foreshore,R 14 990,14990,ZAR,Foreshore,Foreshore,,1,,,,,,https://www.privateproperty.co.za/to-rent/western-cape/cape-town/atlantic-seaboard/foreshore/RR3984407,"https://www.privateproperty.co.za/to-rent/western-cape/cape-town/55?pt=House,ApartmentFlat,TownHouseCluster&page=126",2026-04-05 20:59:18.337006
RR3984129,10088120,6 Bedroom House Bantry Bay,R 120 000 per day,120000,ZAR,Bantry Bay,Bantry Bay,6,6,1,,,,,https://www.privateproperty.co.za/to-rent/western-cape/cape-town/atlantic-seaboard/bantry-bay/RR3984129,"https://www.privateproperty.co.za/to-rent/western-cape/cape-town/55?pt=House,ApartmentFlat,TownHouseCluster&page=126",2026-04-05 20:59:18.337006
RR3967595,10045705,3 Bedroom Apartment Strand South,R 1 800 per day,1800,ZAR,Strand South,"Strand South 30 33 On Sea, 31 Beach Road",3,2,,,-34.1245172,18.8317845,,https://www.privateproperty.co.za/to-rent/western-cape/cape-town/strand/strand-south/30-33-on-sea/31-beach-road/RR3967595,"https://www.privateproperty.co.za/to-rent/western-cape/cape-town/55?pt=House,ApartmentFlat,TownHouseCluster&page=126",2026-04-05 20:59:18.337006
RR1084791,2866796,4 Bedroom House Fresnaye,R 20 000 per day,20000,ZAR,Fresnaye,Fresnaye,4,4,3,600 m²,,,,https://www.privateproperty.co.za/to-rent/western-cape/cape-town/atlantic-seaboard/fresnaye/RR1084791,"https://www.privateproperty.co.za/to-rent/western-cape/cape-town/55?pt=House,ApartmentFlat,TownHouseCluster&page=126",2026-04-05 20:59:18.337006
RR3956947,10019214,3 Bedroom House Green Point,R 24 000 per day,24000,ZAR,Green Point,Green Point,3,3,1,,,,,https://www.privateproperty.co.za/to-rent/western-cape/cape-town/atlantic-seaboard/green-point/RR3956947,"https://www.privateproperty.co.za/to-rent/western-cape/cape-town/55?pt=House,ApartmentFlat,TownHouseCluster&page=126",2026-04-05 20:59:18.337006
RR3947328,9991788,2 Bedroom Apartment Sea Point,R 3 000 per day,3000,ZAR,Sea Point,Sea Point,2,2,,,,,,https://www.privateproperty.co.za/to-rent/western-cape/cape-town/atlantic-seaboard/sea-point/RR3947328,"https://www.privateproperty.co.za/to-rent/western-cape/cape-town/55?pt=House,ApartmentFlat,TownHouseCluster&page=126",2026-04-05 20:59:18.337006
RR3940927,9972998,3 Bedroom House Bantry Bay,R 14 500 per day,14500,ZAR,Bantry Bay,Bantry Bay,3,3,2,,,,,https://www.privateproperty.co.za/to-rent/western-cape/cape-town/atlantic-seaboard/bantry-bay/RR3940927,"https://www.privateproperty.co.za/to-rent/western-cape/cape-town/55?pt=House,ApartmentFlat,TownHouseCluster&page=126",2026-04-05 20:59:18.337006
RR1950901,5058753,2 Bedroom Apartment Erinvale Estate,R 3 550 per day,3550,ZAR,Erinvale Estate,Erinvale Estate,2,2,,,,,,https://www.privateproperty.co.za/to-rent/western-cape/cape-town/somerset-west/erinvale-estate/RR1950901,"https://www.privateproperty.co.za/to-rent/western-cape/cape-town/55?pt=House,ApartmentFlat,TownHouseCluster&page=126",2026-04-05 20:59:18.337006
RR3922003,9920179,Studio Apartment Foreshore,R 14 790,14790,ZAR,Foreshore,"Foreshore 721 Vida D''chette, 21 Martin Hammerschlag Way",,1,,,-33.9196358,18.4326861,,https://www.privateproperty.co.za/to-rent/western-cape/cape-town/atlantic-seaboard/foreshore/721-vida-dchette/21-martin-hammerschlag-way/RR3922003,"https://www.privateproperty.co.za/to-rent/western-cape/cape-town/55?pt=House,ApartmentFlat,TownHouseCluster&page=126",2026-04-05 20:59:18.337006
RR3900063,9857319,1 Bedroom Apartment Foreshore,R 16 990,16990,ZAR,Foreshore,"Foreshore 609 Vida D''chette, 21 Martin Hammerschlag Way",1,1,,,-33.9196358,18.4326861,,https://www.privateproperty.co.za/to-rent/western-cape/cape-town/atlantic-seaboard/foreshore/609-vida-dchette/21-martin-hammerschlag-way/RR3900063,"https://www.privateproperty.co.za/to-rent/western-cape/cape-town/55?pt=House,ApartmentFlat,TownHouseCluster&page=126",2026-04-05 20:59:18.337006
RR3898824,9852976,1 Bedroom Apartment Foreshore,R 7 750,7750,ZAR,Foreshore,"Foreshore 619a Vida D''chette, 21 Martin Hammerschlag Way",1,1,,,-33.9196358,18.4326861,,https://www.privateproperty.co.za/to-rent/western-cape/cape-town/atlantic-seaboard/foreshore/619a-vida-dchette/21-martin-hammerschlag-way/RR3898824,"https://www.privateproperty.co.za/to-rent/western-cape/cape-town/55?pt=House,ApartmentFlat,TownHouseCluster&page=126",2026-04-05 20:59:18.337006
RR3890595,9828126,8 Bedroom House Churchill Estate,R 750 per day,750,ZAR,Churchill Estate,"Churchill Estate 108 108 Ryan Road, Churchill Estate, Cape Town, South Africa",8,6,,,-33.8980547,18.5780184,,https://www.privateproperty.co.za/to-rent/western-cape/cape-town/parow/churchill-estate/108-108-ryan-road-churchill-estate-cape-town-south-africa/RR3890595,"https://www.privateproperty.co.za/to-rent/western-cape/cape-town/55?pt=House,ApartmentFlat,TownHouseCluster&page=126",2026-04-05 20:59:18.337006
RR3867099,9759689,5 Bedroom House Camps Bay,R 35 000 per day,35000,ZAR,Camps Bay,Camps Bay,5,4,1,,,,,https://www.privateproperty.co.za/to-rent/western-cape/cape-town/atlantic-seaboard/camps-bay/RR3867099,"https://www.privateproperty.co.za/to-rent/western-cape/cape-town/55?pt=House,ApartmentFlat,TownHouseCluster&page=126",2026-04-05 20:59:18.337006
RR3860936,9741709,6 Bedroom House Bantry Bay,R 70 000 per day,70000,ZAR,Bantry Bay,Bantry Bay,6,6,2,,,,,https://www.privateproperty.co.za/to-rent/western-cape/cape-town/atlantic-seaboard/bantry-bay/RR3860936,"https://www.privateproperty.co.za/to-rent/western-cape/cape-town/55?pt=House,ApartmentFlat,TownHouseCluster&page=126",2026-04-05 20:59:18.337006
RR3851361,9715409,4 Bedroom House Erinvale Estate,R 7 000 per day,7000,ZAR,Erinvale Estate,Erinvale Estate,4,3,,,,,,https://www.privateproperty.co.za/to-rent/western-cape/cape-town/somerset-west/erinvale-estate/RR3851361,"https://www.privateproperty.co.za/to-rent/western-cape/cape-town/55?pt=House,ApartmentFlat,TownHouseCluster&page=126",2026-04-05 20:59:18.337006
RR3845590,9698631,2 Bedroom Apartment Erinvale Estate,R 3 300 per day,3300,ZAR,Erinvale Estate,Erinvale Estate,2,2,,,,,,https://www.privateproperty.co.za/to-rent/western-cape/cape-town/somerset-west/erinvale-estate/RR3845590,"https://www.privateproperty.co.za/to-rent/western-cape/cape-town/55?pt=House,ApartmentFlat,TownHouseCluster&page=126",2026-04-05 20:59:18.337006
RR3841326,9686259,1 Bedroom Apartment Foreshore,R 15 490,15490,ZAR,Foreshore,"Foreshore 601 Vida D''chette, 21 Martin Hammerschlag Way",1,1,,,-33.9196358,18.4326861,,https://www.privateproperty.co.za/to-rent/western-cape/cape-town/atlantic-seaboard/foreshore/601-vida-dchette/21-martin-hammerschlag-way/RR3841326,"https://www.privateproperty.co.za/to-rent/western-cape/cape-town/55?pt=House,ApartmentFlat,TownHouseCluster&page=127",2026-04-05 20:59:18.337006
RR3828838,9646517,3 Bedroom House Erinvale Estate,R 5 300 per day,5300,ZAR,Erinvale Estate,Erinvale Estate,3,3,2,,,,,https://www.privateproperty.co.za/to-rent/western-cape/cape-town/somerset-west/erinvale-estate/RR3828838,"https://www.privateproperty.co.za/to-rent/western-cape/cape-town/55?pt=House,ApartmentFlat,TownHouseCluster&page=127",2026-04-05 20:59:18.337006
RR3804352,9572521,2 Bedroom House Erinvale Estate,R 4 950 per day,4950,ZAR,Erinvale Estate,Erinvale Estate,2,2,2,,,,,https://www.privateproperty.co.za/to-rent/western-cape/cape-town/somerset-west/erinvale-estate/RR3804352,"https://www.privateproperty.co.za/to-rent/western-cape/cape-town/55?pt=House,ApartmentFlat,TownHouseCluster&page=127",2026-04-05 20:59:18.337006
RR3780597,9503110,3 Bedroom House Mountainside,R 3 500 per day,3500,ZAR,Mountainside,Mountainside,3,2,2,,,,,https://www.privateproperty.co.za/to-rent/western-cape/cape-town/gordons-bay/mountainside/RR3780597,"https://www.privateproperty.co.za/to-rent/western-cape/cape-town/55?pt=House,ApartmentFlat,TownHouseCluster&page=127",2026-04-05 20:59:18.337006
RR3680944,9199291,3 Bedroom House Hout Bay Central,R 5 000 per day,5000,ZAR,Hout Bay Central,Hout Bay Central,3,3,,,,,,https://www.privateproperty.co.za/to-rent/western-cape/cape-town/hout-bay/hout-bay-central/RR3680944,"https://www.privateproperty.co.za/to-rent/western-cape/cape-town/55?pt=House,ApartmentFlat,TownHouseCluster&page=127",2026-04-05 20:59:18.337006
RR3661774,9147503,4 Bedroom House Llandudno,R 57 000 per day,57000,ZAR,Llandudno,Llandudno,4,5,8,1 139 m²,,,,https://www.privateproperty.co.za/to-rent/western-cape/cape-town/atlantic-seaboard/llandudno/RR3661774,"https://www.privateproperty.co.za/to-rent/western-cape/cape-town/55?pt=House,ApartmentFlat,TownHouseCluster&page=127",2026-04-05 20:59:18.337006
RR3658555,9138315,3 Bedroom House Beach Estate,R 5 500 per day,5500,ZAR,Beach Estate,Beach Estate,3,3,,,,,,https://www.privateproperty.co.za/to-rent/western-cape/cape-town/hout-bay/beach-estate/RR3658555,"https://www.privateproperty.co.za/to-rent/western-cape/cape-town/55?pt=House,ApartmentFlat,TownHouseCluster&page=127",2026-04-05 20:59:18.337006
RR3655982,9130321,3 Bedroom House Clifton,R 35 000 per day,35000,ZAR,Clifton,Clifton,3,3,1,,,,,https://www.privateproperty.co.za/to-rent/western-cape/cape-town/atlantic-seaboard/clifton/RR3655982,"https://www.privateproperty.co.za/to-rent/western-cape/cape-town/55?pt=House,ApartmentFlat,TownHouseCluster&page=127",2026-04-05 20:59:18.337006
RR3645428,9101295,9 Bedroom House Maitland,R 4 200,4200,ZAR,Maitland,Maitland 11a Spencer,9,9,,,,,,https://www.privateproperty.co.za/to-rent/western-cape/cape-town/milnerton/maitland/11a-spencer/RR3645428,"https://www.privateproperty.co.za/to-rent/western-cape/cape-town/55?pt=House,ApartmentFlat,TownHouseCluster&page=127",2026-04-05 20:59:18.337006
RR3635722,9075101,3 Bedroom House Clifton,R 30 000 per day,30000,ZAR,Clifton,Clifton,3,2,,,,,,https://www.privateproperty.co.za/to-rent/western-cape/cape-town/atlantic-seaboard/clifton/RR3635722,"https://www.privateproperty.co.za/to-rent/western-cape/cape-town/55?pt=House,ApartmentFlat,TownHouseCluster&page=127",2026-04-05 20:59:18.337006
RR3627416,9050795,3 Bedroom House Clifton,R 35 000 per day,35000,ZAR,Clifton,Clifton,3,3,1,,,,,https://www.privateproperty.co.za/to-rent/western-cape/cape-town/atlantic-seaboard/clifton/RR3627416,"https://www.privateproperty.co.za/to-rent/western-cape/cape-town/55?pt=House,ApartmentFlat,TownHouseCluster&page=127",2026-04-05 20:59:18.337006
RR3607845,8995520,4 Bedroom House Fresnaye,R 999 999 999 per day,999999999,ZAR,Fresnaye,Fresnaye,4,6,4,,,,,https://www.privateproperty.co.za/to-rent/western-cape/cape-town/atlantic-seaboard/fresnaye/RR3607845,"https://www.privateproperty.co.za/to-rent/western-cape/cape-town/55?pt=House,ApartmentFlat,TownHouseCluster&page=127",2026-04-05 20:59:18.337006
RR3607847,8995522,6 Bedroom House Clifton,R 999 999 999 per day,999999999,ZAR,Clifton,Clifton,6,6.5,4,,,,,https://www.privateproperty.co.za/to-rent/western-cape/cape-town/atlantic-seaboard/clifton/RR3607847,"https://www.privateproperty.co.za/to-rent/western-cape/cape-town/55?pt=House,ApartmentFlat,TownHouseCluster&page=127",2026-04-05 20:59:18.337006
RR3607849,8995525,4 Bedroom House Bantry Bay,R 999 999 999 per day,999999999,ZAR,Bantry Bay,Bantry Bay,4,4,2,,,,,https://www.privateproperty.co.za/to-rent/western-cape/cape-town/atlantic-seaboard/bantry-bay/RR3607849,"https://www.privateproperty.co.za/to-rent/western-cape/cape-town/55?pt=House,ApartmentFlat,TownHouseCluster&page=127",2026-04-05 20:59:18.337006
RR3607843,8995518,3 Bedroom Apartment Bantry Bay,R 999 999 999 per day,999999999,ZAR,Bantry Bay,Bantry Bay,3,3.5,2,,,,,https://www.privateproperty.co.za/to-rent/western-cape/cape-town/atlantic-seaboard/bantry-bay/RR3607843,"https://www.privateproperty.co.za/to-rent/western-cape/cape-town/55?pt=House,ApartmentFlat,TownHouseCluster&page=127",2026-04-05 20:59:18.337006
RR3607850,8995526,5 Bedroom House Bantry Bay,R 999 999 999 per day,999999999,ZAR,Bantry Bay,Bantry Bay,5,5,3,,,,,https://www.privateproperty.co.za/to-rent/western-cape/cape-town/atlantic-seaboard/bantry-bay/RR3607850,"https://www.privateproperty.co.za/to-rent/western-cape/cape-town/55?pt=House,ApartmentFlat,TownHouseCluster&page=127",2026-04-05 20:59:18.337006
RR3607848,8995524,5 Bedroom House Bantry Bay,R 999 999 999 per day,999999999,ZAR,Bantry Bay,Bantry Bay,5,5,2,,,,,https://www.privateproperty.co.za/to-rent/western-cape/cape-town/atlantic-seaboard/bantry-bay/RR3607848,"https://www.privateproperty.co.za/to-rent/western-cape/cape-town/55?pt=House,ApartmentFlat,TownHouseCluster&page=127",2026-04-05 20:59:18.337006
RR3607844,8995519,6 Bedroom House Clifton,R 999 999 999 per day,999999999,ZAR,Clifton,Clifton,6,7,7,,,,,https://www.privateproperty.co.za/to-rent/western-cape/cape-town/atlantic-seaboard/clifton/RR3607844,"https://www.privateproperty.co.za/to-rent/western-cape/cape-town/55?pt=House,ApartmentFlat,TownHouseCluster&page=127",2026-04-05 20:59:18.337006
RR3607842,8995517,5 Bedroom House Clifton,R 999 999 999 per day,999999999,ZAR,Clifton,Clifton,5,7,4,,,,,https://www.privateproperty.co.za/to-rent/western-cape/cape-town/atlantic-seaboard/clifton/RR3607842,"https://www.privateproperty.co.za/to-rent/western-cape/cape-town/55?pt=House,ApartmentFlat,TownHouseCluster&page=127",2026-04-05 20:59:18.337006
RR3558225,8852042,5 Bedroom House Llandudno,R 6 000 per day,6000,ZAR,Llandudno,Llandudno,5,5,1,,,,,https://www.privateproperty.co.za/to-rent/western-cape/cape-town/atlantic-seaboard/llandudno/RR3558225,"https://www.privateproperty.co.za/to-rent/western-cape/cape-town/55?pt=House,ApartmentFlat,TownHouseCluster&page=127",2026-04-05 20:59:18.337006
RR3556545,8847777,1 Bedroom Apartment Parow Valley,R 4 200,4200,ZAR,Parow Valley,Parow Valley,1,3,1,,,,,https://www.privateproperty.co.za/to-rent/western-cape/cape-town/parow/parow-valley/RR3556545,"https://www.privateproperty.co.za/to-rent/western-cape/cape-town/55?pt=House,ApartmentFlat,TownHouseCluster&page=128",2026-04-05 20:59:18.337006
RR3369802,8318679,3 Bedroom House Erinvale Estate,R 4 400 per day,4400,ZAR,Erinvale Estate,Erinvale Estate,3,2,1,,,,,https://www.privateproperty.co.za/to-rent/western-cape/cape-town/somerset-west/erinvale-estate/RR3369802,"https://www.privateproperty.co.za/to-rent/western-cape/cape-town/55?pt=House,ApartmentFlat,TownHouseCluster&page=128",2026-04-05 20:59:18.337006
RR3279167,8075856,5 Bedroom House Bantry Bay,R 28 000 per day,28000,ZAR,Bantry Bay,Bantry Bay,5,5,,,,,,https://www.privateproperty.co.za/to-rent/western-cape/cape-town/atlantic-seaboard/bantry-bay/RR3279167,"https://www.privateproperty.co.za/to-rent/western-cape/cape-town/55?pt=House,ApartmentFlat,TownHouseCluster&page=128",2026-04-05 20:59:18.337006
RR3229139,7955690,Studio Apartment Cape Town City Centre,R 11 690,11690,ZAR,Cape Town City Centre,"Cape Town City Centre 115 Homii Valencia, 53 Commercial Street",,1,,,-33.9279628,18.4217177,,https://www.privateproperty.co.za/to-rent/western-cape/cape-town/cape-town-city-bowl/cape-town-city-centre/115-homii-valencia/53-commercial-street/RR3229139,"https://www.privateproperty.co.za/to-rent/western-cape/cape-town/55?pt=House,ApartmentFlat,TownHouseCluster&page=128",2026-04-05 20:59:18.337006
RR3229141,7955692,1 Bedroom Apartment Cape Town City Centre,R 7 450,7450,ZAR,Cape Town City Centre,"Cape Town City Centre 103a Homii Valencia, 53 Commercial Street",1,1,,,-33.9279628,18.4217177,,https://www.privateproperty.co.za/to-rent/western-cape/cape-town/cape-town-city-bowl/cape-town-city-centre/103a-homii-valencia/53-commercial-street/RR3229141,"https://www.privateproperty.co.za/to-rent/western-cape/cape-town/55?pt=House,ApartmentFlat,TownHouseCluster&page=128",2026-04-05 20:59:18.337006
RR3229138,7955689,Studio Apartment Cape Town City Centre,R 6 690,6690,ZAR,Cape Town City Centre,"Cape Town City Centre 106a Homii Valencia, 53 Commercial Street",,1,,,-33.9279628,18.4217177,,https://www.privateproperty.co.za/to-rent/western-cape/cape-town/cape-town-city-bowl/cape-town-city-centre/106a-homii-valencia/53-commercial-street/RR3229138,"https://www.privateproperty.co.za/to-rent/western-cape/cape-town/55?pt=House,ApartmentFlat,TownHouseCluster&page=128",2026-04-05 20:59:18.337006
RR3129404,7713436,1 Bedroom Apartment Erinvale Estate,R 2 000 per day,2000,ZAR,Erinvale Estate,Erinvale Estate,1,1,,,,,,https://www.privateproperty.co.za/to-rent/western-cape/cape-town/somerset-west/erinvale-estate/RR3129404,"https://www.privateproperty.co.za/to-rent/western-cape/cape-town/55?pt=House,ApartmentFlat,TownHouseCluster&page=128",2026-04-05 20:59:18.337006
RR1953188,5063356,5 Bedroom House Erinvale Estate,R 7 500 per day,7500,ZAR,Erinvale Estate,Erinvale Estate,5,5,1,,,,,https://www.privateproperty.co.za/to-rent/western-cape/cape-town/somerset-west/erinvale-estate/RR1953188,"https://www.privateproperty.co.za/to-rent/western-cape/cape-town/55?pt=House,ApartmentFlat,TownHouseCluster&page=128",2026-04-05 20:59:18.337006
RR3087702,7613928,2 Bedroom House Erinvale Estate,R 4 850 per day,4850,ZAR,Erinvale Estate,Erinvale Estate,2,1,1,,,,,https://www.privateproperty.co.za/to-rent/western-cape/cape-town/somerset-west/erinvale-estate/RR3087702,"https://www.privateproperty.co.za/to-rent/western-cape/cape-town/55?pt=House,ApartmentFlat,TownHouseCluster&page=128",2026-04-05 20:59:18.337006
RR3084237,7605801,3 Bedroom House Erinvale Estate,R 3 800 per day,3800,ZAR,Erinvale Estate,Erinvale Estate,3,3,1,,,,,https://www.privateproperty.co.za/to-rent/western-cape/cape-town/somerset-west/erinvale-estate/RR3084237,"https://www.privateproperty.co.za/to-rent/western-cape/cape-town/55?pt=House,ApartmentFlat,TownHouseCluster&page=128",2026-04-05 20:59:18.337006
RR3084238,7605802,2 Bedroom House Erinvale Estate,R 4 200 per day,4200,ZAR,Erinvale Estate,Erinvale Estate,2,2,1,,,,,https://www.privateproperty.co.za/to-rent/western-cape/cape-town/somerset-west/erinvale-estate/RR3084238,"https://www.privateproperty.co.za/to-rent/western-cape/cape-town/55?pt=House,ApartmentFlat,TownHouseCluster&page=128",2026-04-05 20:59:18.337006
RR2942506,7282176,3 Bedroom House Erinvale Estate,R 5 000 per day,5000,ZAR,Erinvale Estate,Erinvale Estate,3,2,1,,,,,https://www.privateproperty.co.za/to-rent/western-cape/cape-town/somerset-west/erinvale-estate/RR2942506,"https://www.privateproperty.co.za/to-rent/western-cape/cape-town/55?pt=House,ApartmentFlat,TownHouseCluster&page=128",2026-04-05 20:59:18.337006
RR2884225,7154951,4 Bedroom House Erinvale Estate,R 5 650 per day,5650,ZAR,Erinvale Estate,Erinvale Estate,4,3,1,,,,,https://www.privateproperty.co.za/to-rent/western-cape/cape-town/somerset-west/erinvale-estate/RR2884225,"https://www.privateproperty.co.za/to-rent/western-cape/cape-town/55?pt=House,ApartmentFlat,TownHouseCluster&page=128",2026-04-05 20:59:18.337006
RR2627717,6603720,2 Bedroom House Erinvale Estate,R 4 950 per day,4950,ZAR,Erinvale Estate,Erinvale Estate,2,2,1,,,,,https://www.privateproperty.co.za/to-rent/western-cape/cape-town/somerset-west/erinvale-estate/RR2627717,"https://www.privateproperty.co.za/to-rent/western-cape/cape-town/55?pt=House,ApartmentFlat,TownHouseCluster&page=128",2026-04-05 20:59:18.337006
RR2620133,6586081,5 Bedroom House Erinvale Estate,R 8 700 per day,8700,ZAR,Erinvale Estate,Erinvale Estate,5,5,2,,,,,https://www.privateproperty.co.za/to-rent/western-cape/cape-town/somerset-west/erinvale-estate/RR2620133,"https://www.privateproperty.co.za/to-rent/western-cape/cape-town/55?pt=House,ApartmentFlat,TownHouseCluster&page=128",2026-04-05 20:59:18.337006
RR2615979,6576192,3 Bedroom House Erinvale Estate,R 4 250 per day,4250,ZAR,Erinvale Estate,Erinvale Estate,3,2,1,,,,,https://www.privateproperty.co.za/to-rent/western-cape/cape-town/somerset-west/erinvale-estate/RR2615979,"https://www.privateproperty.co.za/to-rent/western-cape/cape-town/55?pt=House,ApartmentFlat,TownHouseCluster&page=128",2026-04-05 20:59:18.337006
RR1994668,5159459,4 Bedroom House Clifton,R 18 000 per day,18000,ZAR,Clifton,Clifton,4,3,,355 m²,,,,https://www.privateproperty.co.za/to-rent/western-cape/cape-town/atlantic-seaboard/clifton/RR1994668,"https://www.privateproperty.co.za/to-rent/western-cape/cape-town/55?pt=House,ApartmentFlat,TownHouseCluster&page=128",2026-04-05 20:59:18.337006
RR2569571,6464514,4 Bedroom House Erinvale Estate,R 6 000 per day,6000,ZAR,Erinvale Estate,Erinvale Estate 1 Guardian Villa,4,3,,,-34.07113782594016,18.883671462535855,,https://www.privateproperty.co.za/to-rent/western-cape/cape-town/somerset-west/erinvale-estate/1-guardian-villa/RR2569571,"https://www.privateproperty.co.za/to-rent/western-cape/cape-town/55?pt=House,ApartmentFlat,TownHouseCluster&page=128",2026-04-05 20:59:18.337006
RR2530678,6379408,2 Bedroom House Erinvale Estate,R 4 150 per day,4150,ZAR,Erinvale Estate,Erinvale Estate,2,2,1,,,,,https://www.privateproperty.co.za/to-rent/western-cape/cape-town/somerset-west/erinvale-estate/RR2530678,"https://www.privateproperty.co.za/to-rent/western-cape/cape-town/55?pt=House,ApartmentFlat,TownHouseCluster&page=128",2026-04-05 20:59:18.337006
RR2503873,6321237,6 Bedroom House Bantry Bay,R 16 000 per day,16000,ZAR,Bantry Bay,Bantry Bay,6,7,,,,,,https://www.privateproperty.co.za/to-rent/western-cape/cape-town/atlantic-seaboard/bantry-bay/RR2503873,"https://www.privateproperty.co.za/to-rent/western-cape/cape-town/55?pt=House,ApartmentFlat,TownHouseCluster&page=128",2026-04-05 20:59:18.337006
RR2429476,6148329,2 Bedroom Apartment Bantry Bay,R 3 500 per day,3500,ZAR,Bantry Bay,Bantry Bay,2,2,,,,,,https://www.privateproperty.co.za/to-rent/western-cape/cape-town/atlantic-seaboard/bantry-bay/RR2429476,"https://www.privateproperty.co.za/to-rent/western-cape/cape-town/55?pt=House,ApartmentFlat,TownHouseCluster&page=129",2026-04-05 20:59:18.337006
RR2421930,6130304,1 Bedroom Duplex Clifton,R 4 000 per day,4000,ZAR,Clifton,Clifton,1,1,,,,,,https://www.privateproperty.co.za/to-rent/western-cape/cape-town/atlantic-seaboard/clifton/RR2421930,"https://www.privateproperty.co.za/to-rent/western-cape/cape-town/55?pt=House,ApartmentFlat,TownHouseCluster&page=129",2026-04-05 20:59:18.337006
RR2420978,6128230,2 Bedroom Townhouse Sea Point,R 4 200 per day,4200,ZAR,Sea Point,Sea Point,2,1,,,,,,https://www.privateproperty.co.za/to-rent/western-cape/cape-town/atlantic-seaboard/sea-point/RR2420978,"https://www.privateproperty.co.za/to-rent/western-cape/cape-town/55?pt=House,ApartmentFlat,TownHouseCluster&page=129",2026-04-05 20:59:18.337006
RR2320704,5894850,4 Bedroom House Clifton,R 26 000 per day,26000,ZAR,Clifton,Clifton,4,3,,355 m²,,,,https://www.privateproperty.co.za/to-rent/western-cape/cape-town/atlantic-seaboard/clifton/RR2320704,"https://www.privateproperty.co.za/to-rent/western-cape/cape-town/55?pt=House,ApartmentFlat,TownHouseCluster&page=129",2026-04-05 20:59:18.337006
RR2214242,5650142,3 Bedroom House Erinvale Estate,R 4 550 per day,4550,ZAR,Erinvale Estate,Erinvale Estate,3,2,,,,,,https://www.privateproperty.co.za/to-rent/western-cape/cape-town/somerset-west/erinvale-estate/RR2214242,"https://www.privateproperty.co.za/to-rent/western-cape/cape-town/55?pt=House,ApartmentFlat,TownHouseCluster&page=129",2026-04-05 20:59:18.337006
RR2208851,5636728,2 Bedroom House Erinvale Estate,R 4 400 per day,4400,ZAR,Erinvale Estate,Erinvale Estate,2,2,2,,,,,https://www.privateproperty.co.za/to-rent/western-cape/cape-town/somerset-west/erinvale-estate/RR2208851,"https://www.privateproperty.co.za/to-rent/western-cape/cape-town/55?pt=House,ApartmentFlat,TownHouseCluster&page=129",2026-04-05 20:59:18.337006
RR2112213,5407827,5 Bedroom House Erinvale Estate,R 7 500 per day,7500,ZAR,Erinvale Estate,Erinvale Estate,5,5,1,,,,,https://www.privateproperty.co.za/to-rent/western-cape/cape-town/somerset-west/erinvale-estate/RR2112213,"https://www.privateproperty.co.za/to-rent/western-cape/cape-town/55?pt=House,ApartmentFlat,TownHouseCluster&page=129",2026-04-05 20:59:18.337006
RR2104901,5394896,3 Bedroom House Erinvale Estate,R 5 600 per day,5600,ZAR,Erinvale Estate,Erinvale Estate,3,3,1,,,,,https://www.privateproperty.co.za/to-rent/western-cape/cape-town/somerset-west/erinvale-estate/RR2104901,"https://www.privateproperty.co.za/to-rent/western-cape/cape-town/55?pt=House,ApartmentFlat,TownHouseCluster&page=129",2026-04-05 20:59:18.337006
RR2019259,5213017,Studio Apartment Camps Bay,R 2 200 per day,2200,ZAR,Camps Bay,Camps Bay,0.5,1,,,,,,https://www.privateproperty.co.za/to-rent/western-cape/cape-town/atlantic-seaboard/camps-bay/RR2019259,"https://www.privateproperty.co.za/to-rent/western-cape/cape-town/55?pt=House,ApartmentFlat,TownHouseCluster&page=129",2026-04-05 20:59:18.337006
RR1953392,5063795,3 Bedroom House Erinvale Estate,R 4 650 per day,4650,ZAR,Erinvale Estate,Erinvale Estate,3,2,1,,,,,https://www.privateproperty.co.za/to-rent/western-cape/cape-town/somerset-west/erinvale-estate/RR1953392,"https://www.privateproperty.co.za/to-rent/western-cape/cape-town/55?pt=House,ApartmentFlat,TownHouseCluster&page=129",2026-04-05 20:59:18.337006
RR1953186,5063354,3 Bedroom House Erinvale Estate,R 4 500 per day,4500,ZAR,Erinvale Estate,Erinvale Estate,3,2,1,,,,,https://www.privateproperty.co.za/to-rent/western-cape/cape-town/somerset-west/erinvale-estate/RR1953186,"https://www.privateproperty.co.za/to-rent/western-cape/cape-town/55?pt=House,ApartmentFlat,TownHouseCluster&page=129",2026-04-05 20:59:18.337006
RR1932454,5016918,Studio Apartment Camps Bay,R 2 750 per day,2750,ZAR,Camps Bay,Camps Bay,0.5,1,,,,,,https://www.privateproperty.co.za/to-rent/western-cape/cape-town/atlantic-seaboard/camps-bay/RR1932454,"https://www.privateproperty.co.za/to-rent/western-cape/cape-town/55?pt=House,ApartmentFlat,TownHouseCluster&page=129",2026-04-05 20:59:18.337006
RR1458510,3912492,4 Bedroom House Clifton,R 35 000 per day,35000,ZAR,Clifton,Clifton,4,4,,460 m²,,,,https://www.privateproperty.co.za/to-rent/western-cape/cape-town/atlantic-seaboard/clifton/RR1458510,"https://www.privateproperty.co.za/to-rent/western-cape/cape-town/55?pt=House,ApartmentFlat,TownHouseCluster&page=129",2026-04-05 20:59:18.337006
