Title,Price,Price_value,PriceCurrency,Location,Address,Bedrooms,Bathrooms,Parking Spaces,ErfSize,Link,SourcePage,ScrapeDate,Excerpt,Icons,Featuredetails,Size,Favourite,Left
0.5 Bedroom Apartment,R 25 000,25000,ZAR,Cape Town City Centre,"12 Christiaan Barnard St,",0.5,1,1,56 m²,https://www.property24.com/to-rent/cape-town-city-centre/cape-town/western-cape/9138/116804541?plId=2290889&plt=4,https://www.property24.com/to-rent/cape-town/western-cape/432?PropertyCategory=House%2cApartmentOrFlat%2cTownhouse,2026-02-09 12:25:16.234283,"Welcome to your new home in the heart of Cape Town's vibrant city center. This stylish and modern apartment offers the perfect blend of luxury and convenience, ideal for professionals, remote workers, or long-term city ...",0.51156 m²,1,56 m²,,
2 Bedroom Apartment,R 70 000,70000,ZAR,Mouille Point,,2,2,2,137 m²,https://www.property24.com/to-rent/mouille-point/cape-town/western-cape/11018/116856519?plId=2308465&plt=4,https://www.property24.com/to-rent/cape-town/western-cape/432?PropertyCategory=House%2cApartmentOrFlat%2cTownhouse,2026-02-09 12:25:16.234283,"Nestled along the scenic promenade of Mouille Point, this exquisite two-bedroom, two-bathroom apartment blends modern luxury with the tranquil beauty of the Atlantic coast. Every detail of this space has been thoughtfully crafted, offering an unparalleled living experience ...",222137 m²,2,137 m²,,
2 Bedroom Apartment,R 20 500,20500,ZAR,Tamboerskloof,24 Albert Rd,2,1.5,1,55 m²,https://www.property24.com/to-rent/tamboerskloof/cape-town/western-cape/9163/116883661,https://www.property24.com/to-rent/cape-town/western-cape/432?PropertyCategory=House%2cApartmentOrFlat%2cTownhouse,2026-02-09 12:25:16.234283,"Lovely unfurnished 2-bedroom. Long-term. Fibre WiFi ready. 
Secure parking bay. Further ...",21.5155 m²,1,55 m²,,
0.5 Bedroom Apartment,R 20 000,20000,ZAR,Cape Town City Centre,"1209 The Rockefeller, 12 Christiaan Barnard Street",0.5,1,,37 m²,https://www.property24.com/to-rent/cape-town-city-centre/cape-town/western-cape/9138/112450643,https://www.property24.com/to-rent/cape-town/western-cape/432?PropertyCategory=House%2cApartmentOrFlat%2cTownhouse,2026-02-09 12:25:16.234283,Experience seamless urban living in the heart of Cape Town. The Rockefeller features ...,0.5137 m²,1,37 m²,,
2 Bedroom Apartment,R 25 000,25000,ZAR,Woodstock,"705 Urban Artisan, 22 Salt River Road",2,2,2,86 m²,https://www.property24.com/to-rent/woodstock/cape-town/western-cape/10164/115540939?plId=2290721&plt=4,https://www.property24.com/to-rent/cape-town/western-cape/432?PropertyCategory=House%2cApartmentOrFlat%2cTownhouse,2026-02-09 12:25:16.234283,"This loft apartment offers a double-volume living space. The open-plan living area features large windows with mountain views, engineered oak floors, and a contemporary kitchen equipped with high-end appliances. These tastefully ...",22286 m²,2,86 m²,,
2 Bedroom Apartment,R 20 000,20000,ZAR,Vredehoek,"7 Gloucester Square, 5 Chelmsford Road",2,1,1,70 m²,https://www.property24.com/to-rent/vredehoek/cape-town/western-cape/9166/108455314,https://www.property24.com/to-rent/cape-town/western-cape/432?PropertyCategory=House%2cApartmentOrFlat%2cTownhouse,2026-02-09 12:25:16.234283,"Beautiful, north-facing 2 bedroom apartment.

Situated in Chelmsford Road in well ...",21170 m²,1,70 m²,,
3 Bedroom Townhouse,R 17 000,17000,ZAR,Muizenberg,54 Santiago Bay,3,1,2,73 m²,https://www.property24.com/to-rent/muizenberg/cape-town/western-cape/9025/116788154,https://www.property24.com/to-rent/cape-town/western-cape/432?PropertyCategory=House%2cApartmentOrFlat%2cTownhouse,2026-02-09 12:25:16.234283,This semi-detached family home is located within the sought-after security estate ...,31273 m²,2,73 m²,,
2 Bedroom Apartment,R 25 000,25000,ZAR,Woodstock,"705 Urban Artisan, 22 Salt River Road",2,2,2,86 m²,https://www.property24.com/to-rent/woodstock/cape-town/western-cape/10164/116679842?plId=2290721&plt=4,https://www.property24.com/to-rent/cape-town/western-cape/432?PropertyCategory=House%2cApartmentOrFlat%2cTownhouse,2026-02-09 12:25:16.234283,"This loft apartment offers a double-volume living space. The open-plan living area features large windows with mountain views, engineered oak floors, and a contemporary kitchen equipped with high-end appliances. These tastefully ...",22286 m²,2,86 m²,,
Apartment,R 15 000,15000,ZAR,Gardens,10 Annandale St,,1,,36 m²,https://www.property24.com/to-rent/gardens/cape-town/western-cape/9145/112222282,https://www.property24.com/to-rent/cape-town/western-cape/432?PropertyCategory=House%2cApartmentOrFlat%2cTownhouse,2026-02-09 12:25:16.234283,"This top floor modern studio apartment is available immediately. 

Details of the ...",136 m²,1,36 m²,,
1 Bedroom Apartment,R 25 000,25000,ZAR,De Waterkant,117 Strand St,1,1,1,45 m²,https://www.property24.com/to-rent/de-waterkant/cape-town/western-cape/9141/116894564,https://www.property24.com/to-rent/cape-town/western-cape/432?PropertyCategory=House%2cApartmentOrFlat%2cTownhouse,2026-02-09 12:25:16.234283,This stylish furnished apartment in the sought-after De Waterkant area offers a prime ...,11145 m²,1,45 m²,,
1 Bedroom Apartment,R 14 500,14500,ZAR,Foreshore,"1 Harbour Arch, 11 Christiaan Barnard Street",1,1,1,35 m²,https://www.property24.com/to-rent/foreshore/cape-town/western-cape/9143/116901505,https://www.property24.com/to-rent/cape-town/western-cape/432?PropertyCategory=House%2cApartmentOrFlat%2cTownhouse,2026-02-09 12:25:16.234283,"Enjoy this stunning furnished studio apartment Harbour Arch has to offer, Cape Town’s ...",11135 m²,1,35 m²,,
3 Bedroom Apartment,R 6 500,6500,ZAR,Kenilworth,3 Myrtle Rd,3,2,2,120 m²,https://www.property24.com/to-rent/kenilworth/cape-town/western-cape/8669/110611417,https://www.property24.com/to-rent/cape-town/western-cape/432?PropertyCategory=House%2cApartmentOrFlat%2cTownhouse,2026-02-09 12:25:16.234283,"Beautiful, peaceful, spacious,  convenient ( walk to PnPay/Woolies/ Butchery/ ...",322120 m²,2,120 m²,,
0.5 Bedroom Apartment,R 9 500,9500,ZAR,Foreshore,"1004 The Diplomat, 8 Hans Strijdom Ave",0.5,1,,30 m²,https://www.property24.com/to-rent/foreshore/cape-town/western-cape/9143/116681848,https://www.property24.com/to-rent/cape-town/western-cape/432?PropertyCategory=House%2cApartmentOrFlat%2cTownhouse,2026-02-09 12:25:16.234283,"Views! Views! Views!

Available immediately

Rent = R9 500pm

Electricity users charge  ...",0.5130 m²,1,30 m²,,
1 Bedroom Apartment,R 22 500,22500,ZAR,Cape Town City Centre,2 Lower Long St,1,1,1,71 m²,https://www.property24.com/to-rent/cape-town-city-centre/cape-town/western-cape/9138/115111074,https://www.property24.com/to-rent/cape-town/western-cape/432/p2?PropertyCategory=House%2cApartmentOrFlat%2cTownhouse,2026-02-09 12:25:16.234283,"Modern Fully Furnished 1-Bedroom Apartment to Rent – Icon, Foreshore

Available from ...",11171 m²,1,71 m²,,
1 Bedroom Apartment,R 9 500,9500,ZAR,Rosebank,1 Nursery Rd,1,,,,https://www.property24.com/to-rent/rosebank/cape-town/western-cape/8683/116860691?plId=2303587&plt=4,https://www.property24.com/to-rent/cape-town/western-cape/432/p2?PropertyCategory=House%2cApartmentOrFlat%2cTownhouse,2026-02-09 12:25:16.234283,"Charming & Central Student Accommodation – Nursery Square

Welcome to Nursery Square, a well-located student accommodation option in the heart of Cape Town. Perfectly positioned just steps away from UCT, Varsity College ...",1,1,,,
3 Bedroom Townhouse,R 25 000,25000,ZAR,Marina Da Gama,9a Oudevlei Marina Da Gama,3,2,1,269 m²,https://www.property24.com/to-rent/marina-da-gama/cape-town/western-cape/10213/116894851,https://www.property24.com/to-rent/cape-town/western-cape/432/p2?PropertyCategory=House%2cApartmentOrFlat%2cTownhouse,2026-02-09 12:25:16.234283,This immaculate town house offers excellent accommodation with spectacular views over ...,321269 m²,1,269 m²,,
1 Bedroom Apartment,R 10 000,10000,ZAR,Oranjezicht,"5 Green Oaks, 13 St Quintons",1,1,1,38 m²,https://www.property24.com/to-rent/oranjezicht/cape-town/western-cape/9155/115772643,https://www.property24.com/to-rent/cape-town/western-cape/432/p2?PropertyCategory=House%2cApartmentOrFlat%2cTownhouse,2026-02-09 12:25:16.234283,"Situated in a quiet oak tree lined, one way street in Oranjezicht, you will find the ...",11138 m²,1,38 m²,,
2 Bedroom Apartment,R 18 500,18500,ZAR,Rosebank,23 Bridge St,2,1,1,75 m²,https://www.property24.com/to-rent/rosebank/cape-town/western-cape/8683/112156925,https://www.property24.com/to-rent/cape-town/western-cape/432/p2?PropertyCategory=House%2cApartmentOrFlat%2cTownhouse,2026-02-09 12:25:16.234283,Recently renovated modern - Fully Furnished 2 Bed Apartment – Walking Distance to UCT ...,21175 m²,1,75 m²,,
1 Bedroom Apartment,R 16 400,16400,ZAR,Rondebosch,143 Main Road,1,1,,88 m²,https://www.property24.com/to-rent/rondebosch/cape-town/western-cape/8682/114473377,https://www.property24.com/to-rent/cape-town/western-cape/432/p2?PropertyCategory=House%2cApartmentOrFlat%2cTownhouse,2026-02-09 12:25:16.234283,Lovely furnished / unfurnished 1-bedroom apartment. Long-term. Stunning views of Table ...,1188 m²,1,88 m²,,
2 Bedroom Apartment,R 27 500,27500,ZAR,Claremont Upper,12 Brooke St,2,2,2,108 m²,https://www.property24.com/to-rent/claremont-upper/cape-town/western-cape/14225/116886209,https://www.property24.com/to-rent/cape-town/western-cape/432/p2?PropertyCategory=House%2cApartmentOrFlat%2cTownhouse,2026-02-09 12:25:16.234283,"Fully furnished two-bedroom, two-bathroom apartment available from 1 March 2026, ideally ...",222108 m²,2,108 m²,,
1.5 Bedroom Apartment,R 18 000,18000,ZAR,Vredehoek,36 Davenport Rd,1.5,1,1,78 m²,https://www.property24.com/to-rent/vredehoek/cape-town/western-cape/9166/112917251,https://www.property24.com/to-rent/cape-town/western-cape/432/p2?PropertyCategory=House%2cApartmentOrFlat%2cTownhouse,2026-02-09 12:25:16.234283,"SUNNY SPACIOUS APARTMENT FOR RENT IN SMALL ART DECO BLOCK IN VREDEHOEK, Cnr Davenport ...",1.51178 m²,1,78 m²,,
3 Bedroom Apartment,R 8 000,8000,ZAR,Mowbray,2 Selby Rd,3,1,,77 m²,https://www.property24.com/to-rent/mowbray/cape-town/western-cape/8677/116728788,https://www.property24.com/to-rent/cape-town/western-cape/432/p2?PropertyCategory=House%2cApartmentOrFlat%2cTownhouse,2026-02-09 12:25:16.234283,"Premium Postgraduate Living – Available February 2026

A fully furnished apartment in ...",3177 m²,1,77 m²,,
3 Bedroom Apartment,R 23 500,23500,ZAR,Claremont,"502 Clarepark, 14 Brook Street",3,2,1,,https://www.property24.com/to-rent/claremont/cape-town/western-cape/11741/109383676,https://www.property24.com/to-rent/cape-town/western-cape/432/p2?PropertyCategory=House%2cApartmentOrFlat%2cTownhouse,2026-02-09 12:25:16.234283,"Located in the heart of Claremont, this beautiful top floor apartment offers the perfect ...",321,1,,,
2 Bedroom Apartment,R 15 000,15000,ZAR,Kirstenhof,"27 Kirstenhof Meadows, Sea Breeze Road",2,1,1,,https://www.property24.com/to-rent/kirstenhof/cape-town/western-cape/10178/107006585,https://www.property24.com/to-rent/cape-town/western-cape/432/p2?PropertyCategory=House%2cApartmentOrFlat%2cTownhouse,2026-02-09 12:25:16.234283,This modern 2-bedroom duplex offers a comfortable and convenient lifestyle for ...,211,1,,,
2 Bedroom Apartment,R 45 000,45000,ZAR,Sea Point,13 Bertram Road,2,2,1,105 m²,https://www.property24.com/to-rent/sea-point/cape-town/western-cape/11021/115598643,https://www.property24.com/to-rent/cape-town/western-cape/432/p2?PropertyCategory=House%2cApartmentOrFlat%2cTownhouse,2026-02-09 12:25:16.234283,This stylish and tranquil apartment is available for short term only.  Situated in the ...,221105 m²,1,105 m²,,
1 Bedroom Apartment,R 22 000,22000,ZAR,Cape Town City Centre,4 Adderley Street,1,1,,49 m²,https://www.property24.com/to-rent/cape-town-city-centre/cape-town/western-cape/9138/115663074,https://www.property24.com/to-rent/cape-town/western-cape/432/p2?PropertyCategory=House%2cApartmentOrFlat%2cTownhouse,2026-02-09 12:25:16.234283,"Experience upscale urban living in this luxury one-bedroom apartment, nestled in the ...",1149 m²,1,49 m²,,
1 Bedroom Apartment,R 14 500,14500,ZAR,Foreshore,"1 Harbour Arch, 11 Christiaan Barnard Street",1,1,1,35 m²,https://www.property24.com/to-rent/foreshore/cape-town/western-cape/9143/116885442,https://www.property24.com/to-rent/cape-town/western-cape/432/p2?PropertyCategory=House%2cApartmentOrFlat%2cTownhouse,2026-02-09 12:25:16.234283,"Enjoy the stunning unfurnished studio apartment Harbour Arch has to offer, Cape Town’s ...",11135 m²,1,35 m²,,
3 Bedroom House,R 20 000,20000,ZAR,Marina Da Gama,2 Red Roman Way,3,2.5,2,294 m²,https://www.property24.com/to-rent/marina-da-gama/cape-town/western-cape/10213/116872473,https://www.property24.com/to-rent/cape-town/western-cape/432/p2?PropertyCategory=House%2cApartmentOrFlat%2cTownhouse,2026-02-09 12:25:16.234283,"Location: Short walk to Zandvlei Nature Reserve 

Living: Open-plan kitchen and lounge ...",32.52294 m²,2,294 m²,,
1 Bedroom Apartment,R 15 000,15000,ZAR,Gardens,11 Wembley Rd,1,1,1,43 m²,https://www.property24.com/to-rent/gardens/cape-town/western-cape/9145/116834486,https://www.property24.com/to-rent/cape-town/western-cape/432/p2?PropertyCategory=House%2cApartmentOrFlat%2cTownhouse,2026-02-09 12:25:16.234283,Location Location Location! We're ready to welcome you to your new home! Eveything ...,11143 m²,1,43 m²,,
2 Bedroom Apartment,R 80 000,80000,ZAR,Waterfront,5 Dock Rd,2,2,2,170 m²,https://www.property24.com/to-rent/waterfront/cape-town/western-cape/9169/116874941,https://www.property24.com/to-rent/cape-town/western-cape/432/p2?PropertyCategory=House%2cApartmentOrFlat%2cTownhouse,2026-02-09 12:25:16.234283,"Welcome to the most sought-after new address at the Waterfront, the newly completed 5 ...",222170 m²,2,170 m²,,
2 Bedroom Apartment,R 29 950,29950,ZAR,Gardens,173 Buitenkant St,2,1,1,80 m²,https://www.property24.com/to-rent/gardens/cape-town/western-cape/9145/116870666,https://www.property24.com/to-rent/cape-town/western-cape/432/p2?PropertyCategory=House%2cApartmentOrFlat%2cTownhouse,2026-02-09 12:25:16.234283,"Stunning 2-Bedroom Apartment with Iconic Mountain Views

Wake up every day to ...",21180 m²,1,80 m²,,
2 Bedroom Apartment,R 55 000,55000,ZAR,Mouille Point,"Ss THE Vantage, 36 Bay Road",2,2,2,87 m²,https://www.property24.com/to-rent/mouille-point/cape-town/western-cape/11018/116830705,https://www.property24.com/to-rent/cape-town/western-cape/432/p2?PropertyCategory=House%2cApartmentOrFlat%2cTownhouse,2026-02-09 12:25:16.234283,"This striking two-bedroom, two-bathroom apartment offers a rare blend of modern comfort ...",22287 m²,2,87 m²,,
3 Bedroom Apartment,R 8 000,8000,ZAR,Mowbray,2 Selby Rd,3,1,,77 m²,https://www.property24.com/to-rent/mowbray/cape-town/western-cape/8677/116886322,https://www.property24.com/to-rent/cape-town/western-cape/432/p2?PropertyCategory=House%2cApartmentOrFlat%2cTownhouse,2026-02-09 12:25:16.234283,"Premium Postgraduate Living – Available February 2026

A fully furnished apartment in ...",3177 m²,1,77 m²,,
1 Bedroom House,R 16 000,16000,ZAR,Meadowridge,"8b Huxley Drive, Meadowridge",1,1,3,39 m²,https://www.property24.com/to-rent/meadowridge/cape-town/western-cape/10052/116900526,https://www.property24.com/to-rent/cape-town/western-cape/432/p2?PropertyCategory=House%2cApartmentOrFlat%2cTownhouse,2026-02-09 12:25:16.234283,"Section 2 - 8 on Huxley

This  stand alone 1 bedroomed unfurnished  cottage offers ...",11339 m²,3,39 m²,,
1 Bedroom Apartment,R 20 000,20000,ZAR,Foreshore,"1 Harbour Arch, 11 Christiaan Barnard Street",1,1,1,41 m²,https://www.property24.com/to-rent/foreshore/cape-town/western-cape/9143/116899773,https://www.property24.com/to-rent/cape-town/western-cape/432/p3?PropertyCategory=House%2cApartmentOrFlat%2cTownhouse,2026-02-09 12:25:16.234283,"Step into contemporary city living with this stylish apartment, thoughtfully designed ...",11141 m²,1,41 m²,,
2 Bedroom Apartment,R 40 000,40000,ZAR,Cape Town City Centre,17 Loop Street,2,2,1,90 m²,https://www.property24.com/to-rent/cape-town-city-centre/cape-town/western-cape/9138/116888940,https://www.property24.com/to-rent/cape-town/western-cape/432/p3?PropertyCategory=House%2cApartmentOrFlat%2cTownhouse,2026-02-09 12:25:16.234283,"Set within an exclusive, well-managed luxury development, this exceptional two-bedroom ...",22190 m²,1,90 m²,,
1 Bedroom Apartment,R 18 500,18500,ZAR,Cape Town City Centre,"705 North Wharf, 1 Bree Street",1,1,,76 m²,https://www.property24.com/to-rent/cape-town-city-centre/cape-town/western-cape/9138/116871628,https://www.property24.com/to-rent/cape-town/western-cape/432/p3?PropertyCategory=House%2cApartmentOrFlat%2cTownhouse,2026-02-09 12:25:16.234283,"Fantastic Large (76sqm) North-Facing Apartment.

Spacious open-plan living area with ...",1176 m²,1,76 m²,,
1 Bedroom Apartment,R 12 500,12500,ZAR,Kenilworth Upper,270 Main Rd,1,1,1,30 m²,https://www.property24.com/to-rent/kenilworth-upper/cape-town/western-cape/14224/116870665,https://www.property24.com/to-rent/cape-town/western-cape/432/p3?PropertyCategory=House%2cApartmentOrFlat%2cTownhouse,2026-02-09 12:25:16.234283,"The Space:
Step into this beautifully renovated, north-facing, spacious, 1-bedroom flat ...",11130 m²,1,30 m²,,
2 Bedroom Apartment,R 17 000,17000,ZAR,Zonnebloem,"700 Castle Rock, 160 Darling",2,2,2,65 m²,https://www.property24.com/to-rent/zonnebloem/cape-town/western-cape/10166/116869736,https://www.property24.com/to-rent/cape-town/western-cape/432/p3?PropertyCategory=House%2cApartmentOrFlat%2cTownhouse,2026-02-09 12:25:16.234283,"Unfurnished Modern 2-Bedroom City Apartment – Walk across to CPUT

Available to rent in ...",22265 m²,2,65 m²,,
1 Bedroom Apartment,R 19 000,19000,ZAR,Foreshore,"Harbour Arch, 11 Christiaan Barnard Street",1,1,1,51 m²,https://www.property24.com/to-rent/foreshore/cape-town/western-cape/9143/116872917,https://www.property24.com/to-rent/cape-town/western-cape/432/p3?PropertyCategory=House%2cApartmentOrFlat%2cTownhouse,2026-02-09 12:25:16.234283,Enjoy the views that Harbour Arch's stylish/modern 1-bedroom apartment has to offer ...,11151 m²,1,51 m²,,
2 Bedroom Apartment,R 35 000,35000,ZAR,Foreshore,"1 Harbour Arch, 11 Christiaan Barnard Street",2,2,1,86 m²,https://www.property24.com/to-rent/foreshore/cape-town/western-cape/9143/116876986,https://www.property24.com/to-rent/cape-town/western-cape/432/p3?PropertyCategory=House%2cApartmentOrFlat%2cTownhouse,2026-02-09 12:25:16.234283,"Enjoy this stunning 2-bedroom apartment Harbour Arch has to offer, Cape Town’s premier ...",22186 m²,1,86 m²,,
1 Bedroom Apartment,R 18 500,18500,ZAR,Foreshore,"Harbour Arch, 11 Christiaan Barnard Street",1,1,1,51 m²,https://www.property24.com/to-rent/foreshore/cape-town/western-cape/9143/116874603,https://www.property24.com/to-rent/cape-town/western-cape/432/p3?PropertyCategory=House%2cApartmentOrFlat%2cTownhouse,2026-02-09 12:25:16.234283,Enjoy the views that Harbour Arch's stylish/modern 1-bedroom apartment has to offer ...,11151 m²,1,51 m²,,
1 Bedroom Apartment,R 19 000,19000,ZAR,Foreshore,"1 Harbour Arch, 11 Christiaan Barnard Street",1,1,1,51 m²,https://www.property24.com/to-rent/foreshore/cape-town/western-cape/9143/116876196,https://www.property24.com/to-rent/cape-town/western-cape/432/p3?PropertyCategory=House%2cApartmentOrFlat%2cTownhouse,2026-02-09 12:25:16.234283,"Enjoy this stunning 1-bedroom apartment Harbour Arch has to offer, Cape Town’s premier ...",11151 m²,1,51 m²,,
2 Bedroom Apartment,R 33 500,33500,ZAR,Constantia Heights,25 Ave Picardie,2,2,1,120 m²,https://www.property24.com/to-rent/constantia-heights/cape-town/western-cape/10112/107493114,https://www.property24.com/to-rent/cape-town/western-cape/432/p3?PropertyCategory=House%2cApartmentOrFlat%2cTownhouse,2026-02-09 12:25:16.234283,!!!!!!Perfect secure furnished cottage on secure estate for the proffesional.5 Star 120 ...,221120 m²,1,120 m²,,
2 Bedroom Apartment,R 40 000,40000,ZAR,Cape Town City Centre,17 Loop Street,2,2,1,90 m²,https://www.property24.com/to-rent/cape-town-city-centre/cape-town/western-cape/9138/116808577,https://www.property24.com/to-rent/cape-town/western-cape/432/p3?PropertyCategory=House%2cApartmentOrFlat%2cTownhouse,2026-02-09 12:25:16.234283,"Set within an exclusive, well-managed luxury development, this exceptional two-bedroom ...",22190 m²,1,90 m²,,
0.5 Bedroom Apartment,R 9 000,9000,ZAR,Pinelands,8 Moringa Way,0.5,1,,29 m²,https://www.property24.com/to-rent/pinelands/cape-town/western-cape/8017/114562150,https://www.property24.com/to-rent/cape-town/western-cape/432/p3?PropertyCategory=House%2cApartmentOrFlat%2cTownhouse,2026-02-09 12:25:16.234283,"Lock up and go** Studio Apartment: Rent: R9 000 p/m 
Credit Check and administration ...",0.5129 m²,1,29 m²,,
2 Bedroom Apartment,R 13 500,13500,ZAR,Plumstead,8 Nicholette Street,2,1,,45 m²,https://www.property24.com/to-rent/plumstead/cape-town/western-cape/10094/116879878,https://www.property24.com/to-rent/cape-town/western-cape/432/p3?PropertyCategory=House%2cApartmentOrFlat%2cTownhouse,2026-02-09 12:25:16.234283,"Fully renovated 2-bedroom, 1-bathroom ground-floor apartment with 17sqm private ...",2145 m²,1,45 m²,,
1 Bedroom House,R 11 100,11100,ZAR,Observatory,85a Kipling Street,1,1,,38.5 m²,https://www.property24.com/to-rent/observatory/cape-town/western-cape/10157/106925245,https://www.property24.com/to-rent/cape-town/western-cape/432/p3?PropertyCategory=House%2cApartmentOrFlat%2cTownhouse,2026-02-09 12:25:16.234283,"38.5m2 flat at border to Observatory, 
back-facing bedroom (wardrobe available on ...",1138.5 m²,1,38.5 m²,,
2 Bedroom Apartment,R 34 000,34000,ZAR,Cape Town City Centre,72 Orange Road,2,2,2,119 m²,https://www.property24.com/to-rent/cape-town-city-centre/cape-town/western-cape/9138/116867173,https://www.property24.com/to-rent/cape-town/western-cape/432/p3?PropertyCategory=House%2cApartmentOrFlat%2cTownhouse,2026-02-09 12:25:16.234283,"Looking for a stylish and comfortable apartment in the heart of Gardens? 

This fully ...",222119 m²,2,119 m²,,
2 Bedroom Apartment,R 19 000,19000,ZAR,Claremont Upper,5 Bath Rd,2,1,1,82 m²,https://www.property24.com/to-rent/claremont-upper/cape-town/western-cape/14225/116863504,https://www.property24.com/to-rent/cape-town/western-cape/432/p3?PropertyCategory=House%2cApartmentOrFlat%2cTownhouse,2026-02-09 12:25:16.234283,"Welcome to this immaculate 2-bedroom penthouse unit, ""Home in the Sky"" — a ...",21182 m²,1,82 m²,,
2 Bedroom Apartment,R 16 500,16500,ZAR,Kenilworth,"Monte Vino, 86 Rosemead Avenue",2,1,1,86 m²,https://www.property24.com/to-rent/kenilworth/cape-town/western-cape/8669/116883393,https://www.property24.com/to-rent/cape-town/western-cape/432/p3?PropertyCategory=House%2cApartmentOrFlat%2cTownhouse,2026-02-09 12:25:16.234283,Modern Pet Friendly 2-Bedroom Apartment on Harfield Village/ Kenilworth Border – 86m2 ...,21186 m²,1,86 m²,,
2 Bedroom Apartment,R 75 000,75000,ZAR,Llandudno,11 Apostle Road,2,2,2,160 m²,https://www.property24.com/to-rent/llandudno/cape-town/western-cape/9118/116862489,https://www.property24.com/to-rent/cape-town/western-cape/432/p3?PropertyCategory=House%2cApartmentOrFlat%2cTownhouse,2026-02-09 12:25:16.234283,2 Bedroom Apartment with Loft Potential to Rent in Llandudno | Available 3 March – End ...,222160 m²,2,160 m²,,
1 Bedroom Apartment,R 20 000,20000,ZAR,Bakoven,"Ss Totness Place, 15 Totness Avenue",1,1,1,64 m²,https://www.property24.com/to-rent/bakoven/cape-town/western-cape/11012/116873985,https://www.property24.com/to-rent/cape-town/western-cape/432/p3?PropertyCategory=House%2cApartmentOrFlat%2cTownhouse,2026-02-09 12:25:16.234283,This stylish and light filled one-bedroom apartment offers comfortable coastal living ...,11164 m²,1,64 m²,,
2 Bedroom Apartment,R 23 500,23500,ZAR,Vredehoek,4 St James St,2,1,1,85 m²,https://www.property24.com/to-rent/vredehoek/cape-town/western-cape/9166/112264502,https://www.property24.com/to-rent/cape-town/western-cape/432/p3?PropertyCategory=House%2cApartmentOrFlat%2cTownhouse,2026-02-09 12:25:16.234283,"Looking for a sunny, spacious home in sought-after Vredehoek? This beautifully renovated ...",21185 m²,1,85 m²,,
1 Bedroom Apartment,R 30 000,30000,ZAR,Sea Point,15 St Johns Road,1,1,1,62 m²,https://www.property24.com/to-rent/sea-point/cape-town/western-cape/11021/116859428,https://www.property24.com/to-rent/cape-town/western-cape/432/p3?PropertyCategory=House%2cApartmentOrFlat%2cTownhouse,2026-02-09 12:25:16.234283,"A well-positioned, fully furnished, second-floor apartment in the sought-after Pepper ...",11162 m²,1,62 m²,,
1 Bedroom Apartment,R 6 000,6000,ZAR,Lotus River,6 Hawk Road,1,1,1,50 m²,https://www.property24.com/to-rent/lotus-river/cape-town/western-cape/10212/116871554,https://www.property24.com/to-rent/cape-town/western-cape/432/p4?PropertyCategory=House%2cApartmentOrFlat%2cTownhouse,2026-02-09 12:25:16.234283,"This well-presented bachelor unit offers stylish, low-maintenance living in a secure and ...",11150 m²,1,50 m²,,
2 Bedroom Apartment,R 15 000,15000,ZAR,Costa Da Gama,1 Saint Davids Street,2,1,1,64 m²,https://www.property24.com/to-rent/costa-da-gama/cape-town/western-cape/13856/116882997,https://www.property24.com/to-rent/cape-town/western-cape/432/p4?PropertyCategory=House%2cApartmentOrFlat%2cTownhouse,2026-02-09 12:25:16.234283,"Ready....Set...Go!
Don't miss out on this modern centrally located 2 bedroom ...",21164 m²,1,64 m²,,
2 Bedroom Apartment,R 25 000,25000,ZAR,Sea Point,,2,1,1,83 m²,https://www.property24.com/to-rent/sea-point/cape-town/western-cape/11021/116882885,https://www.property24.com/to-rent/cape-town/western-cape/432/p4?PropertyCategory=House%2cApartmentOrFlat%2cTownhouse,2026-02-09 12:25:16.234283,"Conveniently situated between Sea Point and Green Point, this modern 83 sqm, 2 bedroom apartment has been renovated.
It boasts ...",21183 m²,1,83 m²,,
4 Bedroom Apartment,R 48 000,48000,ZAR,Kenilworth,1 Wetton Rd,4,2,1,4 m²,https://www.property24.com/to-rent/kenilworth/cape-town/western-cape/8669/116765506,https://www.property24.com/to-rent/cape-town/western-cape/432/p4?PropertyCategory=House%2cApartmentOrFlat%2cTownhouse,2026-02-09 12:25:16.234283,"Apartment for Rent – Kenilworth

Spacious semi-furnished apartment available in ...",4214 m²,1,4 m²,,
2 Bedroom House,R 18 300,18300,ZAR,Woodstock,62 Balfour Street,2,1,1,,https://www.property24.com/to-rent/woodstock/cape-town/western-cape/10164/107038139,https://www.property24.com/to-rent/cape-town/western-cape/432/p4?PropertyCategory=House%2cApartmentOrFlat%2cTownhouse,2026-02-09 12:25:16.234283,"house with typical Victorian features in popular road,
2 bedrooms with BIC, 
lounge ...",211,1,,,
5 Bedroom House,R 35 000,35000,ZAR,Claremont,14 Surrey Street Claremont 7708solving Address...,5,4,2,550 m²,https://www.property24.com/to-rent/claremont/cape-town/western-cape/11741/106985746,https://www.property24.com/to-rent/cape-town/western-cape/432/p4?PropertyCategory=House%2cApartmentOrFlat%2cTownhouse,2026-02-09 12:25:16.234283,"Beautiful, Original Victorian Home, fully renovated with all latest fixtures and ...",542550 m²,2,550 m²,,
1 Bedroom Apartment,R 9 500,9500,ZAR,Woodstock,6 Clarence Road,1,1,1,50 m²,https://www.property24.com/to-rent/woodstock/cape-town/western-cape/10164/116870429,https://www.property24.com/to-rent/cape-town/western-cape/432/p4?PropertyCategory=House%2cApartmentOrFlat%2cTownhouse,2026-02-09 12:25:16.234283,"Secure Parking, UNDERCOVER PARKING, FREE 50 MEG FIBRE WIFI UNCAPPED

Pet friendly. 1 ...",11150 m²,1,50 m²,,
3 Bedroom House,R 11 500,11500,ZAR,Belhar,68 Bass Road,3,1,2,200 m²,https://www.property24.com/to-rent/belhar/cape-town/western-cape/8132/116875265,https://www.property24.com/to-rent/cape-town/western-cape/432/p4?PropertyCategory=House%2cApartmentOrFlat%2cTownhouse,2026-02-09 12:25:16.234283,Newest rental offering available for immediate occupation is this neat and newly ...,312200 m²,2,200 m²,,
2 Bedroom Apartment,R 36 000,36000,ZAR,Riverlands,51 Gogosoa Street,2,2,2,75 m²,https://www.property24.com/to-rent/riverlands/cape-town/western-cape/33651/116858581,https://www.property24.com/to-rent/cape-town/western-cape/432/p4?PropertyCategory=House%2cApartmentOrFlat%2cTownhouse,2026-02-09 12:25:16.234283,"Modern 2-Bedroom , 2-Bathroom and 2 Parking bays at Riverlands Apartments

Experience ...",22275 m²,2,75 m²,,
2 Bedroom Apartment,R 30 000,30000,ZAR,Tamboerskloof,9 Hillside Rd,2,1,1,88 m²,https://www.property24.com/to-rent/tamboerskloof/cape-town/western-cape/9163/115778695,https://www.property24.com/to-rent/cape-town/western-cape/432/p4?PropertyCategory=House%2cApartmentOrFlat%2cTownhouse,2026-02-09 12:25:16.234283,"***temporary lease only! 9 months, April-Dec***

Our beautiful 2 bedroom Tamboerskloof ...",21188 m²,1,88 m²,,
2 Bedroom House,R 27 300,27300,ZAR,Oranjezicht,20-25 Rosebank Place,2,2.5,,120 m²,https://www.property24.com/to-rent/oranjezicht/cape-town/western-cape/9155/116847849,https://www.property24.com/to-rent/cape-town/western-cape/432/p4?PropertyCategory=House%2cApartmentOrFlat%2cTownhouse,2026-02-09 12:25:16.234283,"Lovely unfurnished two-level, two-bedroom house. Long-term. Street parking.
Pet ...",22.5120 m²,2.5,120 m²,,
4 Bedroom Apartment,R 48 000,48000,ZAR,Kenilworth,1 Wetton Rd,4,2,1,4 m²,https://www.property24.com/to-rent/kenilworth/cape-town/western-cape/8669/116599649,https://www.property24.com/to-rent/cape-town/western-cape/432/p4?PropertyCategory=House%2cApartmentOrFlat%2cTownhouse,2026-02-09 12:25:16.234283,"Apartment for Rent – Kenilworth

Spacious semi-furnished apartment available in ...",4214 m²,1,4 m²,,
1 Bedroom Apartment,R 25 000,25000,ZAR,Camps Bay,27 Medburn Rd,1,1,1,40 m²,https://www.property24.com/to-rent/camps-bay/cape-town/western-cape/11014/116847896,https://www.property24.com/to-rent/cape-town/western-cape/432/p4?PropertyCategory=House%2cApartmentOrFlat%2cTownhouse,2026-02-09 12:25:16.234283,"This well-appointed, fully furnished apartment is attached to the main house but offers ...",11140 m²,1,40 m²,,
2 Bedroom Apartment,R 38 000,38000,ZAR,Mouille Point,135 Beach Road,2,2,2,116 m²,https://www.property24.com/to-rent/mouille-point/cape-town/western-cape/11018/116877806,https://www.property24.com/to-rent/cape-town/western-cape/432/p4?PropertyCategory=House%2cApartmentOrFlat%2cTownhouse,2026-02-09 12:25:16.234283,Spectacular views over the ocean from this 7th floor apartment. Lounge and separate ...,222116 m²,2,116 m²,,
2 Bedroom Apartment,R 19 950,19950,ZAR,Gardens,2 Vine Street,2,1,1,73 m²,https://www.property24.com/to-rent/gardens/cape-town/western-cape/9145/116893649,https://www.property24.com/to-rent/cape-town/western-cape/432/p4?PropertyCategory=House%2cApartmentOrFlat%2cTownhouse,2026-02-09 12:25:16.234283,"Lovely unfurnished 2-bedroom. Long-term. Fibre WiFi ready. Stunning views. 
Secure ...",21173 m²,1,73 m²,,
4 Bedroom House,R 55 000,55000,ZAR,Green Point,2 St George Rd,4,4,,201 m²,https://www.property24.com/to-rent/green-point/cape-town/western-cape/11017/116883388,https://www.property24.com/to-rent/cape-town/western-cape/432/p4?PropertyCategory=House%2cApartmentOrFlat%2cTownhouse,2026-02-09 12:25:16.234283,"Fully Furnished Dual-Living Home | Prime Green Point, Cape Town

A Versatile ...",44201 m²,4,201 m²,,
2 Bedroom Apartment,R 9 500,9500,ZAR,Wynberg,201 Main Road Wynberg Milestone Building Capetown Western Cape South Africa 7800,2,1,1,52 m²,https://www.property24.com/to-rent/wynberg/cape-town/western-cape/10109/116890936,https://www.property24.com/to-rent/cape-town/western-cape/432/p4?PropertyCategory=House%2cApartmentOrFlat%2cTownhouse,2026-02-09 12:25:16.234283,"Two bedroom apartment to rent in Wynberg. Available 2 March 2026

Milestone Building ...",21152 m²,1,52 m²,,
2 Bedroom Apartment,R 33 000,33000,ZAR,Cape Town City Centre,54 Shortmarket St,2,2.5,2,86 m²,https://www.property24.com/to-rent/cape-town-city-centre/cape-town/western-cape/9138/116855571,https://www.property24.com/to-rent/cape-town/western-cape/432/p4?PropertyCategory=House%2cApartmentOrFlat%2cTownhouse,2026-02-09 12:25:16.234283,"Luxury Duplex Penthouse in CBD | 6-Month Rental (April 1 – September 30)

Experience ...",22.5286 m²,2,86 m²,,
2 Bedroom Apartment,R 17 000,17000,ZAR,Cape Town City Centre,37 Roeland Street,2,2,1,66 m²,https://www.property24.com/to-rent/cape-town-city-centre/cape-town/western-cape/9138/116867490,https://www.property24.com/to-rent/cape-town/western-cape/432/p4?PropertyCategory=House%2cApartmentOrFlat%2cTownhouse,2026-02-09 12:25:16.234283,"Viewing: Tuesday, 3 February, at 5:30pm
Please reply to online listing to attend ...",22166 m²,1,66 m²,,
2 Bedroom Apartment,R 45 000,45000,ZAR,Foreshore,"Harbour Arch, 11 Christiaan Barnard Street",2,2,2,86 m²,https://www.property24.com/to-rent/foreshore/cape-town/western-cape/9143/116845239,https://www.property24.com/to-rent/cape-town/western-cape/432/p4?PropertyCategory=House%2cApartmentOrFlat%2cTownhouse,2026-02-09 12:25:16.234283,Enjoy breathtaking views and sophisticated city living in this fully furnished 2-bedroom ...,22286 m²,2,86 m²,,
2 Bedroom Apartment,R 22 000,22000,ZAR,Tamboerskloof,4 Bennignton Road,2,1,1,83 m²,https://www.property24.com/to-rent/tamboerskloof/cape-town/western-cape/9163/116867402,https://www.property24.com/to-rent/cape-town/western-cape/432/p4?PropertyCategory=House%2cApartmentOrFlat%2cTownhouse,2026-02-09 12:25:16.234283,Unfurnished Semi-Equipped Two-Bedroom Pet Friendly Apartment For Rent in Tamboerskloof ...,21183 m²,1,83 m²,,
2 Bedroom Apartment,R 90 000,90000,ZAR,Waterfront,,2,2.5,2,152 m²,https://www.property24.com/to-rent/waterfront/cape-town/western-cape/9169/116894368,https://www.property24.com/to-rent/cape-town/western-cape/432/p5?PropertyCategory=House%2cApartmentOrFlat%2cTownhouse,2026-02-09 12:25:16.234283,"This spectacular, spacious, and light-filled two-bedroom, two-bathroom apartment offers refined luxury living in one of Cape Town’s ...",22.52152 m²,2,152 m²,,
1 Bedroom Apartment,R 9 500,9500,ZAR,Mowbray,28 Main Rd,1,1,,35 m²,https://www.property24.com/to-rent/mowbray/cape-town/western-cape/8677/116868916,https://www.property24.com/to-rent/cape-town/western-cape/432/p5?PropertyCategory=House%2cApartmentOrFlat%2cTownhouse,2026-02-09 12:25:16.234283,Studio Apartment in Mowbray. Walking distance to the Jammie Shuttle (UCT)  and amenities ...,1135 m²,1,35 m²,,
2 Bedroom Apartment,R 38 000,38000,ZAR,Bantry Bay,114 Kloof Road,2,2,2,138 m²,https://www.property24.com/to-rent/bantry-bay/cape-town/western-cape/11013/114234416,https://www.property24.com/to-rent/cape-town/western-cape/432/p5?PropertyCategory=House%2cApartmentOrFlat%2cTownhouse,2026-02-09 12:25:16.234283,"Situated in a boutique apartment block in the sought-after location of Bantry Bay, this ...",222138 m²,2,138 m²,,
1 Bedroom Apartment,R 9 200,9200,ZAR,Mowbray,,1,1,,34 m²,https://www.property24.com/to-rent/mowbray/cape-town/western-cape/8677/116899579,https://www.property24.com/to-rent/cape-town/western-cape/432/p5?PropertyCategory=House%2cApartmentOrFlat%2cTownhouse,2026-02-09 12:25:16.234283,"bright studio on 34m2 on 1st floor, 
open-plan living area with large windows & BIC,
galley kitchen with eat-in counter & new ...",1134 m²,1,34 m²,,
Apartment,R 13 000,13000,ZAR,Cape Town City Centre,,,1,,30 m²,https://www.property24.com/to-rent/cape-town-city-centre/cape-town/western-cape/9138/116889442,https://www.property24.com/to-rent/cape-town/western-cape/432/p5?PropertyCategory=House%2cApartmentOrFlat%2cTownhouse,2026-02-09 12:25:16.234283,"Fully furnished studio apartment for rent, conveniently located in Foreshore, Cape Town.

The rental excludes electricity, water and ...",130 m²,1,30 m²,,
1 Bedroom Apartment,R 15 700,15700,ZAR,Cape Town City Centre,70 Queen Victoria Street,1,1,1,42 m²,https://www.property24.com/to-rent/cape-town-city-centre/cape-town/western-cape/9138/116851510,https://www.property24.com/to-rent/cape-town/western-cape/432/p5?PropertyCategory=House%2cApartmentOrFlat%2cTownhouse,2026-02-09 12:25:16.234283,This well-appointed fully furnished studio apartment offers comfortable and convenient ...,11142 m²,1,42 m²,,
2 Bedroom House,R 40 000,40000,ZAR,Camps Bay,4 Atholl South Road,2,2,1,180 m²,https://www.property24.com/to-rent/camps-bay/cape-town/western-cape/11014/114382737,https://www.property24.com/to-rent/cape-town/western-cape/432/p5?PropertyCategory=House%2cApartmentOrFlat%2cTownhouse,2026-02-09 12:25:16.234283,"*6 Month Lease*

FURNISHED
- Weekly Clean and fresh linen supply included!
- Weekly ...",221180 m²,1,180 m²,,
2 Bedroom House,R 21 000,21000,ZAR,Observatory,25 Trill Rd,2,1,,330 m²,https://www.property24.com/to-rent/observatory/cape-town/western-cape/10157/113933119,https://www.property24.com/to-rent/cape-town/western-cape/432/p5?PropertyCategory=House%2cApartmentOrFlat%2cTownhouse,2026-02-09 12:25:16.234283,"SHORT TERM RENTAL: 15 April - 15 July 2026 (min. 2 months)

Our charming  Victorian ...",21330 m²,1,330 m²,,
1 Bedroom Apartment,R 29 000,29000,ZAR,Bantry Bay,7 Bantry Rd,1,1.5,1,49 m²,https://www.property24.com/to-rent/bantry-bay/cape-town/western-cape/11013/116898613,https://www.property24.com/to-rent/cape-town/western-cape/432/p5?PropertyCategory=House%2cApartmentOrFlat%2cTownhouse,2026-02-09 12:25:16.234283,"This modern studio apartment offers a perfect blend of comfort and sophistication, ideal ...",11.5149 m²,1,49 m²,,
2 Bedroom Apartment,R 25 000,25000,ZAR,Kenilworth Upper,,2,1,2,127 m²,https://www.property24.com/to-rent/kenilworth-upper/cape-town/western-cape/14224/116879716,https://www.property24.com/to-rent/cape-town/western-cape/432/p5?PropertyCategory=House%2cApartmentOrFlat%2cTownhouse,2026-02-09 12:25:16.234283,"6 Month Furnished Rental - Large 2 Bedroom Garden Apartment to Rent in Kenilworth Upper 

Located in the beautiful Brackley Court. ...",212127 m²,2,127 m²,,
2 Bedroom Apartment,R 80 000,80000,ZAR,Waterfront,,2,2,2,118 m²,https://www.property24.com/to-rent/waterfront/cape-town/western-cape/9169/116883015,https://www.property24.com/to-rent/cape-town/western-cape/432/p5?PropertyCategory=House%2cApartmentOrFlat%2cTownhouse,2026-02-09 12:25:16.234283,"This spectacular, spacious, and light-filled two-bedroom, two-bathroom apartment offers refined luxury living in one of Cape Town’s ...",222118 m²,2,118 m²,,
2 Bedroom Apartment,R 85 000,85000,ZAR,Waterfront,,2,2,2,109 m²,https://www.property24.com/to-rent/waterfront/cape-town/western-cape/9169/116879794,https://www.property24.com/to-rent/cape-town/western-cape/432/p5?PropertyCategory=House%2cApartmentOrFlat%2cTownhouse,2026-02-09 12:25:16.234283,"This spectacular, spacious, and light-filled two-bedroom, two-bathroom apartment offers refined luxury living in one of Cape Town’s ...",222109 m²,2,109 m²,,
5 Bedroom House,R 5 500,5500,ZAR,Observatory,22 Kipling Street,5,1.5,,,https://www.property24.com/to-rent/observatory/cape-town/western-cape/10157/116572588,https://www.property24.com/to-rent/cape-town/western-cape/432/p5?PropertyCategory=House%2cApartmentOrFlat%2cTownhouse,2026-02-09 12:25:16.234283,A room is available to lease in a 5bedroom house share in Observatory. The house is ...,51.5,1.5,,,
3 Bedroom House,R 75 000,75000,ZAR,Oranjezicht,Rugby Road,3,2,3,962 m²,https://www.property24.com/to-rent/oranjezicht/cape-town/western-cape/9155/114518654,https://www.property24.com/to-rent/cape-town/western-cape/432/p5?PropertyCategory=House%2cApartmentOrFlat%2cTownhouse,2026-02-09 12:25:16.234283,"Set against the majestic backdrop of Table Mountain, this beautifully furnished home ...",323962 m²,3,962 m²,,
4 Bedroom House,R 120 000,120000,ZAR,Llandudno,1 Liermans Rd,4,4.5,3,900 m²,https://www.property24.com/to-rent/llandudno/cape-town/western-cape/9118/116838868,https://www.property24.com/to-rent/cape-town/western-cape/432/p5?PropertyCategory=House%2cApartmentOrFlat%2cTownhouse,2026-02-09 12:25:16.234283,"Refined coastal living within walking distance of the beach

Available as a fully ...",44.53900 m²,3,900 m²,,
1 Bedroom House,R 16 000,16000,ZAR,Observatory,41 Milton Road,1,1,1,186 m²,https://www.property24.com/to-rent/observatory/cape-town/western-cape/10157/116838821,https://www.property24.com/to-rent/cape-town/western-cape/432/p5?PropertyCategory=House%2cApartmentOrFlat%2cTownhouse,2026-02-09 12:25:16.234283,This well-maintained 1-bedroom corner house is ideally suited to a single professional ...,111186 m²,1,186 m²,,
Apartment,R 13 000,13000,ZAR,Cape Town City Centre,,,1,,30 m²,https://www.property24.com/to-rent/cape-town-city-centre/cape-town/western-cape/9138/116765896,https://www.property24.com/to-rent/cape-town/western-cape/432/p5?PropertyCategory=House%2cApartmentOrFlat%2cTownhouse,2026-02-09 12:25:16.234283,"Fully furnished studio apartment for rent, conveniently located in Foreshore, Cape Town.

The rental excludes electricity, water and ...",130 m²,1,30 m²,,
2 Bedroom Apartment,R 27 500,27500,ZAR,Claremont Upper,21 Campground Road,2,2,2,129 m²,https://www.property24.com/to-rent/claremont-upper/cape-town/western-cape/14225/106239291,https://www.property24.com/to-rent/cape-town/western-cape/432/p5?PropertyCategory=House%2cApartmentOrFlat%2cTownhouse,2026-02-09 12:25:16.234283,This goreous 129sqm two-bedroom unfurnished apartment with spectacular mountain views is ...,222129 m²,2,129 m²,,
0.5 Bedroom Apartment,R 14 500,14500,ZAR,Cape Town City Centre,,0.5,1,1,34 m²,https://www.property24.com/to-rent/cape-town-city-centre/cape-town/western-cape/9138/108639138,https://www.property24.com/to-rent/cape-town/western-cape/432/p5?PropertyCategory=House%2cApartmentOrFlat%2cTownhouse,2026-02-09 12:25:16.234283,"Available 1 May - end October / November – Fully Furnished Central Studio Apartment

4 or 7 Month Lease

Modern studio apartment on the ...",0.51134 m²,1,34 m²,,
2 Bedroom House,R 20 000,20000,ZAR,Claremont,35 Carlton Rd,2,2,2,270 m²,https://www.property24.com/to-rent/claremont/cape-town/western-cape/11741/110532942,https://www.property24.com/to-rent/cape-town/western-cape/432/p5?PropertyCategory=House%2cApartmentOrFlat%2cTownhouse,2026-02-09 12:25:16.234283,"Southern Suburbs Gem, with a beautiful garden.

(Email only)
If you enjoy lush ...",222270 m²,2,270 m²,,
3 Bedroom Apartment,R 21 500,21500,ZAR,Lakeside,3 Rutter Rd,3,1,2,110 m²,https://www.property24.com/to-rent/lakeside/cape-town/western-cape/10174/114640325,https://www.property24.com/to-rent/cape-town/western-cape/432/p5?PropertyCategory=House%2cApartmentOrFlat%2cTownhouse,2026-02-09 12:25:16.234283,"Spacious renovated 110 square meter flat, 3 bed 1 bathroom with extra large open plan ...",312110 m²,2,110 m²,,
2 Bedroom Apartment,R 28 000,28000,ZAR,Sea Point,Four On O 4,2,2,2,,https://www.property24.com/to-rent/sea-point/cape-town/western-cape/11021/116823766,https://www.property24.com/to-rent/cape-town/western-cape/432/p6?PropertyCategory=House%2cApartmentOrFlat%2cTownhouse,2026-02-09 12:25:16.234283,"Newly built, fully furnished, modernly designed apartment situated in the heart of Sea ...",222,2,,,
2 Bedroom Apartment,R 10 000,10000,ZAR,Muizenberg,"54 Coral Sands, St Georges Street",2,1,1,46 m²,https://www.property24.com/to-rent/muizenberg/cape-town/western-cape/9025/106042017,https://www.property24.com/to-rent/cape-town/western-cape/432/p6?PropertyCategory=House%2cApartmentOrFlat%2cTownhouse,2026-02-09 12:25:16.234283,"This beautiful modern apartment is situated in Coral Sands Muizenberg. 
The apartment ...",21146 m²,1,46 m²,,
2 Bedroom Apartment,R 15 500,15500,ZAR,Diep River,"167 Main Road, Diep River Cape Town",2,,1,62 m²,https://www.property24.com/to-rent/diep-river/cape-town/western-cape/10195/114446475,https://www.property24.com/to-rent/cape-town/western-cape/432/p6?PropertyCategory=House%2cApartmentOrFlat%2cTownhouse,2026-02-09 12:25:16.234283,"Available 1 May 2026!

UN-FURNISHED 2-bedroom Apartments for rental period of minimum ...",2162 m²,1,62 m²,,
1 Bedroom Apartment,R 22 000,22000,ZAR,Oranjezicht,170 Buitenkant St,1,1,1,50 m²,https://www.property24.com/to-rent/oranjezicht/cape-town/western-cape/9155/116820435,https://www.property24.com/to-rent/cape-town/western-cape/432/p6?PropertyCategory=House%2cApartmentOrFlat%2cTownhouse,2026-02-09 12:25:16.234283,"Luxury Fully Furnished City Retreat at 170 Buitenkant Street

This newly renovated ...",11150 m²,1,50 m²,,
1 Bedroom Apartment,R 25 000,25000,ZAR,Green Point,38 Main Road,1,1,,64 m²,https://www.property24.com/to-rent/green-point/cape-town/western-cape/11017/116825451,https://www.property24.com/to-rent/cape-town/western-cape/432/p6?PropertyCategory=House%2cApartmentOrFlat%2cTownhouse,2026-02-09 12:25:16.234283,This beautifully furnished one-bedroom apartment is located in the secure and ...,1164 m²,1,64 m²,,
2 Bedroom House,R 26 000,26000,ZAR,Bel Ombre,2 Arum Close,2,1,2,,https://www.property24.com/to-rent/bel-ombre/cape-town/western-cape/10059/116883556,https://www.property24.com/to-rent/cape-town/western-cape/432/p6?PropertyCategory=House%2cApartmentOrFlat%2cTownhouse,2026-02-09 12:25:16.234283,This tranquil cottage is available either partially furnished (R26000 p/m) or ...,212,2,,,
0.5 Bedroom Apartment,R 14 500,14500,ZAR,Cape Town City Centre,,0.5,1,1,34 m²,https://www.property24.com/to-rent/cape-town-city-centre/cape-town/western-cape/9138/108639157,https://www.property24.com/to-rent/cape-town/western-cape/432/p6?PropertyCategory=House%2cApartmentOrFlat%2cTownhouse,2026-02-09 12:25:16.234283,"Available 1 May - end Oct / Nov – Fully Furnished Central Luxury Studio

Modern studio apartment on the 12th floor of the Four Seasons ...",0.51134 m²,1,34 m²,,
1 Bedroom Apartment,R 17 500,17500,ZAR,Newlands,235 Main Road,1,1,1,52 m²,https://www.property24.com/to-rent/newlands/cape-town/western-cape/8679/116826104,https://www.property24.com/to-rent/cape-town/western-cape/432/p6?PropertyCategory=House%2cApartmentOrFlat%2cTownhouse,2026-02-09 12:25:16.234283,"Situated in the heart of leafy Newlands, this beautifully located furnished bachelor ...",11152 m²,1,52 m²,,
1 Bedroom Apartment,R 9 500,9500,ZAR,Plumstead,"Unit 8, 29 Prince Avenue",1,1,1,40 m²,https://www.property24.com/to-rent/plumstead/cape-town/western-cape/10094/109941135,https://www.property24.com/to-rent/cape-town/western-cape/432/p6?PropertyCategory=House%2cApartmentOrFlat%2cTownhouse,2026-02-09 12:25:16.234283,"Unit 8. Stunning 1-bedroom apartment. Free uncapped Fibre.
Secure parking bays. Large ...",11140 m²,1,40 m²,,
1 Bedroom Apartment,R 23 000,23000,ZAR,Sea Point,20 London Rd,1,1,,67 m²,https://www.property24.com/to-rent/sea-point/cape-town/western-cape/11021/106783399,https://www.property24.com/to-rent/cape-town/western-cape/432/p6?PropertyCategory=House%2cApartmentOrFlat%2cTownhouse,2026-02-09 12:25:16.234283,This characterful fully furnished apartment is in a sought after block!.  The spacious ...,1167 m²,1,67 m²,,
1 Bedroom Apartment,R 12 500,12500,ZAR,Cape Town City Centre,"100 Black Brick, 6 St Georges",1,1,,30 m²,https://www.property24.com/to-rent/cape-town-city-centre/cape-town/western-cape/9138/116870026,https://www.property24.com/to-rent/cape-town/western-cape/432/p6?PropertyCategory=House%2cApartmentOrFlat%2cTownhouse,2026-02-09 12:25:16.234283,"Fully furnished and self contained studio in Black Brick

Rent: R12 500pm
Deposit: R25 ...",1130 m²,1,30 m²,,
1 Bedroom Apartment,R 20 000,20000,ZAR,De Waterkant,"900 Dockside, 31 Mechau",1,1,1,65 m²,https://www.property24.com/to-rent/de-waterkant/cape-town/western-cape/9141/116189058,https://www.property24.com/to-rent/cape-town/western-cape/432/p6?PropertyCategory=House%2cApartmentOrFlat%2cTownhouse,2026-02-09 12:25:16.234283,Stylish fully furnished  1-Bedroom Apartment with Stunning Views in De Waterkant – ...,11165 m²,1,65 m²,,
3 Bedroom House,R 52 500,52500,ZAR,Newlands,66 Boshof Ave,3,3,2,1 400 m²,https://www.property24.com/to-rent/newlands/cape-town/western-cape/8679/106169763,https://www.property24.com/to-rent/cape-town/western-cape/432/p6?PropertyCategory=House%2cApartmentOrFlat%2cTownhouse,2026-02-09 12:25:16.234283,"NEWLANDS UPPER - FERNWOOD
 HOUSE TO RENT
* 3 Bedrooms Upstairs
* 3 Bathrooms
* ...",3321 400 m²,2,1 400 m²,,
1 Bedroom Apartment,R 19 000,19000,ZAR,Foreshore,"Harbour Arch, 11 Christiaan Barnard Street",1,1,1,51 m²,https://www.property24.com/to-rent/foreshore/cape-town/western-cape/9143/116819701,https://www.property24.com/to-rent/cape-town/western-cape/432/p6?PropertyCategory=House%2cApartmentOrFlat%2cTownhouse,2026-02-09 12:25:16.234283,This open-plan 1-bedroom apartment at Harbour Arch offers the perfect blend of city ...,11151 m²,1,51 m²,,
8 Bedroom House,R 6 250,6250,ZAR,Observatory,4 Florence Avenue,8,4,1,,https://www.property24.com/to-rent/observatory/cape-town/western-cape/10157/116879332,https://www.property24.com/to-rent/cape-town/western-cape/432/p6?PropertyCategory=House%2cApartmentOrFlat%2cTownhouse,2026-02-09 12:25:16.234283,"A room is available to lease in an 8 bed, 4 bath shared home in Observatory's. The ...",841,1,,,
1 Bedroom Apartment,R 14 500,14500,ZAR,Foreshore,"Harbour Arch, 11 Harbour Arch Boulevard",1,1,1,35 m²,https://www.property24.com/to-rent/foreshore/cape-town/western-cape/9143/116819898,https://www.property24.com/to-rent/cape-town/western-cape/432/p6?PropertyCategory=House%2cApartmentOrFlat%2cTownhouse,2026-02-09 12:25:16.234283,"Move straight in and enjoy the convenience of this chic, studio apartment in the heart ...",11135 m²,1,35 m²,,
3 Bedroom House,R 38 000,38000,ZAR,Zeekoevlei,13 Peninsula Rd,3,3,2,1 105 m²,https://www.property24.com/to-rent/zeekoevlei/cape-town/western-cape/9047/116824355,https://www.property24.com/to-rent/cape-town/western-cape/432/p6?PropertyCategory=House%2cApartmentOrFlat%2cTownhouse,2026-02-09 12:25:16.234283,Discover this stunning home nestled in the tranquil and highly sought-after suburb of ...,3321 105 m²,2,1 105 m²,,
4 Bedroom House,R 7 000,7000,ZAR,Observatory,26 Ash Street,4,2,,,https://www.property24.com/to-rent/observatory/cape-town/western-cape/10157/116327493,https://www.property24.com/to-rent/cape-town/western-cape/432/p6?PropertyCategory=House%2cApartmentOrFlat%2cTownhouse,2026-02-09 12:25:16.234283,A room is available for a female tenant in an Observatory house share. The house enjoys ...,42,2,,,
1 Bedroom Apartment,R 13 000,13000,ZAR,Zeekoevlei,7 Peninsula Rd,1,1,1,75 m²,https://www.property24.com/to-rent/zeekoevlei/cape-town/western-cape/9047/116424727,https://www.property24.com/to-rent/cape-town/western-cape/432/p6?PropertyCategory=House%2cApartmentOrFlat%2cTownhouse,2026-02-09 12:25:16.234283,"View Cape Town's only pod of hippos from your balcony. 
 
In a prime location on ...",11175 m²,1,75 m²,,
1 Bedroom Apartment,R 11 000,11000,ZAR,Salt River,Upper Eastside Brickfield Rd,1,1,1,54 m²,https://www.property24.com/to-rent/salt-river/cape-town/western-cape/10158/110772800,https://www.property24.com/to-rent/cape-town/western-cape/432/p6?PropertyCategory=House%2cApartmentOrFlat%2cTownhouse,2026-02-09 12:25:16.234283,"NEAR GROOTE SCHUUR HOSPITAL / UNIVERSITY,
Modern  large (54m2) studio apartment in ...",11154 m²,1,54 m²,,
2 Bedroom Apartment,R 28 000,28000,ZAR,Sea Point,Four On O 4,2,2,2,,https://www.property24.com/to-rent/sea-point/cape-town/western-cape/11021/116719120,https://www.property24.com/to-rent/cape-town/western-cape/432/p6?PropertyCategory=House%2cApartmentOrFlat%2cTownhouse,2026-02-09 12:25:16.234283,"Newly built, fully furnished, modernly designed apartment situated in the heart of Sea ...",222,2,,,
House,R 25 000,25000,ZAR,Observatory,38 Polo Rd,,2,2,232 m²,https://www.property24.com/to-rent/observatory/cape-town/western-cape/10157/116870029,https://www.property24.com/to-rent/cape-town/western-cape/432/p7?PropertyCategory=House%2cApartmentOrFlat%2cTownhouse,2026-02-09 12:25:16.234283,"Lovely 3 bedroomed house ,with lounge,kitchen,two bathrooms,wooden floors ...",22232 m²,2,232 m²,,
5 Bedroom House,R 3 500,3500,ZAR,Observatory,22 Kipling Street,5,1.5,,,https://www.property24.com/to-rent/observatory/cape-town/western-cape/10157/114990694,https://www.property24.com/to-rent/cape-town/western-cape/432/p7?PropertyCategory=House%2cApartmentOrFlat%2cTownhouse,2026-02-09 12:25:16.234283,A room is available to share with a male tenant in a 5bedroom house share in ...,51.5,1.5,,,
4 Bedroom House,R 7 800,7800,ZAR,Rosebank,29 Church Street,4,3,2,,https://www.property24.com/to-rent/rosebank/cape-town/western-cape/8683/116877007,https://www.property24.com/to-rent/cape-town/western-cape/432/p7?PropertyCategory=House%2cApartmentOrFlat%2cTownhouse,2026-02-09 12:25:16.234283,"Seeking a mature MALE student or young professional.

Large bedroom with its own ...",432,2,,,
5 Bedroom House,R 95 000,95000,ZAR,Claremont Upper,64 Newlands Road,5,4,6,3 679 m²,https://www.property24.com/to-rent/claremont-upper/cape-town/western-cape/14225/116874456,https://www.property24.com/to-rent/cape-town/western-cape/432/p7?PropertyCategory=House%2cApartmentOrFlat%2cTownhouse,2026-02-09 12:25:16.234283,"A beautiful Victorian family home in the heart of Claremont Upper, offering generous ...",5463 679 m²,6,3 679 m²,,
2 Bedroom Apartment,R 12 000,12000,ZAR,Ottery,29 Conifer Road,2,1,,,https://www.property24.com/to-rent/ottery/cape-town/western-cape/10090/116872602,https://www.property24.com/to-rent/cape-town/western-cape/432/p7?PropertyCategory=House%2cApartmentOrFlat%2cTownhouse,2026-02-09 12:25:16.234283,"For Rent: 2-Bedroom Apartment in a gated, secure community!

Location:
This secure ...",21,1,,,
2 Bedroom Apartment,R 30 000,30000,ZAR,Tamboerskloof,44 Warren Street,2,2,,140 m²,https://www.property24.com/to-rent/tamboerskloof/cape-town/western-cape/9163/116865615,https://www.property24.com/to-rent/cape-town/western-cape/432/p7?PropertyCategory=House%2cApartmentOrFlat%2cTownhouse,2026-02-09 12:25:16.234283,"Stylish Furnished Ground Floor Apartment with Private Entrance

Key Features

Fully ...",22140 m²,2,140 m²,,
House,R 25 000,25000,ZAR,Observatory,38 Polo Rd,,2,2,232 m²,https://www.property24.com/to-rent/observatory/cape-town/western-cape/10157/116789053,https://www.property24.com/to-rent/cape-town/western-cape/432/p7?PropertyCategory=House%2cApartmentOrFlat%2cTownhouse,2026-02-09 12:25:16.234283,"Lovely 3 bedroomed house ,with lounge,kitchen,two bathrooms,wooden floors ...",22232 m²,2,232 m²,,
0.5 Bedroom Apartment,R 16 500,16500,ZAR,Foreshore,"1234 Harbour Arch, 1 Christiaan Barnard",0.5,1,1,35 m²,https://www.property24.com/to-rent/foreshore/cape-town/western-cape/9143/112686521,https://www.property24.com/to-rent/cape-town/western-cape/432/p7?PropertyCategory=House%2cApartmentOrFlat%2cTownhouse,2026-02-09 12:25:16.234283,"Welcome to Harbour Arch!

The building is situated on Christiaan Barnard Street ...",0.51135 m²,1,35 m²,,
2 Bedroom Apartment,R 19 500,19500,ZAR,Walmer Estate,39 Coronation Road,2,2,1,92 m²,https://www.property24.com/to-rent/walmer-estate/cape-town/western-cape/10163/109245453,https://www.property24.com/to-rent/cape-town/western-cape/432/p7?PropertyCategory=House%2cApartmentOrFlat%2cTownhouse,2026-02-09 12:25:16.234283,"Spacious apartment with 2 bedrooms, 2 bathrooms (one en-suite) located on the first ...",22192 m²,1,92 m²,,
2 Bedroom House,R 17 500,17500,ZAR,University Estate,81 Ritchie Street,2,1,2,189 m²,https://www.property24.com/to-rent/university-estate/cape-town/western-cape/10161/102003843,https://www.property24.com/to-rent/cape-town/western-cape/432/p7?PropertyCategory=House%2cApartmentOrFlat%2cTownhouse,2026-02-09 12:25:16.234283,"RENTAL PENDING

2 open parking bays behind electronic gates (fits Golf sized cars, SUV ...",212189 m²,2,189 m²,,
1 Bedroom Apartment,R 16 000,16000,ZAR,Cape Town City Centre,14 Darling Street,1,1,1,,https://www.property24.com/to-rent/cape-town-city-centre/cape-town/western-cape/9138/116896310,https://www.property24.com/to-rent/cape-town/western-cape/432/p7?PropertyCategory=House%2cApartmentOrFlat%2cTownhouse,2026-02-09 12:25:16.234283,This apartment is located in the heart of the city centre in the iconic Mutual Heights.  ...,111,1,,,
3 Bedroom House,R 27 000,27000,ZAR,Dreyersdal Estate,14 Balmoral Close,3,2,3,297 m²,https://www.property24.com/to-rent/dreyersdal-estate/cape-town/western-cape/9049/114013926,https://www.property24.com/to-rent/cape-town/western-cape/432/p7?PropertyCategory=House%2cApartmentOrFlat%2cTownhouse,2026-02-09 12:25:16.234283,Newly refurbished home set in a very  quiet close in easy walking distance to the ...,323297 m²,3,297 m²,,
1 Bedroom Apartment,R 18 000,18000,ZAR,Sea Point,St Andrews Rd,1,1,,10 575 m²,https://www.property24.com/to-rent/sea-point/cape-town/western-cape/11021/116821479,https://www.property24.com/to-rent/cape-town/western-cape/432/p7?PropertyCategory=House%2cApartmentOrFlat%2cTownhouse,2026-02-09 12:25:16.234283,"To Let | Sea Point | Furnished  | 1Bed/1Bath | 
*****Available 01 march 2026 **** Fully ...",1110 575 m²,1,10 575 m²,,
1 Bedroom Apartment,R 17 000,17000,ZAR,Gardens,37 Kloof Nek Road,1,1,,51 m²,https://www.property24.com/to-rent/gardens/cape-town/western-cape/9145/106488015,https://www.property24.com/to-rent/cape-town/western-cape/432/p7?PropertyCategory=House%2cApartmentOrFlat%2cTownhouse,2026-02-09 12:25:16.234283,"Introducing your ideal top-floor apartment, boasting breathtaking views from every ...",1151 m²,1,51 m²,,
2 Bedroom Apartment,R 30 000,30000,ZAR,Devils Peak Estate,19b High Cape Ave,2,2,2,92 m²,https://www.property24.com/to-rent/devils-peak-estate/cape-town/western-cape/16541/115537423,https://www.property24.com/to-rent/cape-town/western-cape/432/p7?PropertyCategory=House%2cApartmentOrFlat%2cTownhouse,2026-02-09 12:25:16.234283,"This recently renovated 2-bedroom, 2-bathroom north facing flat is situated on the first ...",22292 m²,2,92 m²,,
1 Bedroom Apartment,R 25 000,25000,ZAR,Sea Point,235 Beach Rd,1,1,,58 m²,https://www.property24.com/to-rent/sea-point/cape-town/western-cape/11021/116533112,https://www.property24.com/to-rent/cape-town/western-cape/432/p7?PropertyCategory=House%2cApartmentOrFlat%2cTownhouse,2026-02-09 12:25:16.234283,"Beach road, sea point, cape town. 
*** AVAILABLE 01 MAY 2026***
- Located directly on ...",1158 m²,1,58 m²,,
1 Bedroom Apartment,R 12 500,12500,ZAR,Wynberg,15 Aliwal Road,1,1,1,65 m²,https://www.property24.com/to-rent/wynberg/cape-town/western-cape/10109/116897788,https://www.property24.com/to-rent/cape-town/western-cape/432/p7?PropertyCategory=House%2cApartmentOrFlat%2cTownhouse,2026-02-09 12:25:16.234283,"Lovely unfurnished 1-bedroom. Long-term. Fibre WiFi ready.
Secure parking bay. Further ...",11165 m²,1,65 m²,,
3 Bedroom House,R 70 000,70000,ZAR,Higgovale,"15 St Johns Estate Higgovale, Upper Kloof Street",3,3.5,3,246 m²,https://www.property24.com/to-rent/higgovale/cape-town/western-cape/9149/116770279,https://www.property24.com/to-rent/cape-town/western-cape/432/p7?PropertyCategory=House%2cApartmentOrFlat%2cTownhouse,2026-02-09 12:25:16.234283,Full title cluster Unit no.15 in St Johns security Estate. Floor size is ...,33.53246 m²,3,246 m²,,
2 Bedroom Apartment,R 95 000,95000,ZAR,Waterfront,,2,2,2,118 m²,https://www.property24.com/to-rent/waterfront/cape-town/western-cape/9169/116865084,https://www.property24.com/to-rent/cape-town/western-cape/432/p7?PropertyCategory=House%2cApartmentOrFlat%2cTownhouse,2026-02-09 12:25:16.234283,"This spectacular, spacious, and light-filled two-bedroom, two-bathroom apartment offers refined luxury living in one of Cape Town’s ...",222118 m²,2,118 m²,,
2 Bedroom Apartment,R 34 000,34000,ZAR,Gardens,,2,2,1,100 m²,https://www.property24.com/to-rent/gardens/cape-town/western-cape/9145/116863454,https://www.property24.com/to-rent/cape-town/western-cape/432/p7?PropertyCategory=House%2cApartmentOrFlat%2cTownhouse,2026-02-09 12:25:16.234283,"This fully furnished Penthouse character apartment is ideal for a single professional or a couple. 

From the balcony you overlook the ...",221100 m²,1,100 m²,,
2 Bedroom Apartment,R 33 000,33000,ZAR,De Waterkant,4 Liddle Street,2,2,1,92 m²,https://www.property24.com/to-rent/de-waterkant/cape-town/western-cape/9141/113782739,https://www.property24.com/to-rent/cape-town/western-cape/432/p7?PropertyCategory=House%2cApartmentOrFlat%2cTownhouse,2026-02-09 12:25:16.234283,"Situated in a very vibey De Waterkant’s premier development, ‘The Signature’, this ...",22192 m²,1,92 m²,,
3 Bedroom House,R 34 000,34000,ZAR,Meadowridge,"9 Huxley Drive, Meadowridge",3,1,5,744 m²,https://www.property24.com/to-rent/meadowridge/cape-town/western-cape/10052/116841628,https://www.property24.com/to-rent/cape-town/western-cape/432/p8?PropertyCategory=House%2cApartmentOrFlat%2cTownhouse,2026-02-09 12:25:16.234283,"This sunny and bright 3 bedroomed, 1 bathroom and reception roomed family home with ...",315744 m²,5,744 m²,,
2 Bedroom Apartment,R 38 000,38000,ZAR,Sea Point,,2,2,1,81 m²,https://www.property24.com/to-rent/sea-point/cape-town/western-cape/11021/116863349,https://www.property24.com/to-rent/cape-town/western-cape/432/p8?PropertyCategory=House%2cApartmentOrFlat%2cTownhouse,2026-02-09 12:25:16.234283,This dazzling fully furnished 2 bedroom apartment offers the ultimate experience in urban living in the heart of Sea Point. 2 minutes ...,22181 m²,1,81 m²,,
Apartment,R 14 000,14000,ZAR,Vredehoek,,,1,1,40 m²,https://www.property24.com/to-rent/vredehoek/cape-town/western-cape/9166/116874588,https://www.property24.com/to-rent/cape-town/western-cape/432/p8?PropertyCategory=House%2cApartmentOrFlat%2cTownhouse,2026-02-09 12:25:16.234283,"Studio Apartment with Iconic Mountain & City Views at Disa Towers 

Positioned in the iconic Disa Towers in the heart of ...",1140 m²,1,40 m²,,
2 Bedroom Apartment,R 15 750,15750,ZAR,Kenilworth,149b 1st Ave Kenilworth,2,1,1,,https://www.property24.com/to-rent/kenilworth/cape-town/western-cape/8669/116865063,https://www.property24.com/to-rent/cape-town/western-cape/432/p8?PropertyCategory=House%2cApartmentOrFlat%2cTownhouse,2026-02-09 12:25:16.234283,"St Claire, second floor flat.
Newly renovated  throughout .
Bright, light and spacious ...",211,1,,,
2 Bedroom Apartment,R 95 000,95000,ZAR,Waterfront,,2,2,2,110 m²,https://www.property24.com/to-rent/waterfront/cape-town/western-cape/9169/116864860,https://www.property24.com/to-rent/cape-town/western-cape/432/p8?PropertyCategory=House%2cApartmentOrFlat%2cTownhouse,2026-02-09 12:25:16.234283,"This spectacular, spacious, and light-filled corner two-bedroom, two-bathroom apartment offers refined luxury living in one of Cape ...",222110 m²,2,110 m²,,
2 Bedroom Apartment,R 20 000,20000,ZAR,Observatory,6 Trill Rd,2,2,1,78 m²,https://www.property24.com/to-rent/observatory/cape-town/western-cape/10157/116789214,https://www.property24.com/to-rent/cape-town/western-cape/432/p8?PropertyCategory=House%2cApartmentOrFlat%2cTownhouse,2026-02-09 12:25:16.234283,This spacious and sun-filled corner unit offers two generously sized bedrooms and two ...,22178 m²,1,78 m²,,
1 Bedroom Apartment,R 13 500,13500,ZAR,Zonnebloem,6 Sydney Street,1,1,1,58 m²,https://www.property24.com/to-rent/zonnebloem/cape-town/western-cape/10166/116845409,https://www.property24.com/to-rent/cape-town/western-cape/432/p8?PropertyCategory=House%2cApartmentOrFlat%2cTownhouse,2026-02-09 12:25:16.234283,"This North facing unfurnished 58sqm one bedroom apartment in popular SIX, offers ...",11158 m²,1,58 m²,,
2 Bedroom House,R 18 500,18500,ZAR,Lakeside,142 Main Road,2,1,,285 m²,https://www.property24.com/to-rent/lakeside/cape-town/western-cape/10174/116879607,https://www.property24.com/to-rent/cape-town/western-cape/432/p8?PropertyCategory=House%2cApartmentOrFlat%2cTownhouse,2026-02-09 12:25:16.234283,"SHORT-TERM RENTAL: Available for up to 2 months, from 23 June 2026 to the end of August ...",21285 m²,1,285 m²,,
2 Bedroom Apartment,R 18 500,18500,ZAR,Rosebank,27 Guildford Road,2,1,1,71 m²,https://www.property24.com/to-rent/rosebank/cape-town/western-cape/8683/116899755,https://www.property24.com/to-rent/cape-town/western-cape/432/p8?PropertyCategory=House%2cApartmentOrFlat%2cTownhouse,2026-02-09 12:25:16.234283,"A newly-listed, 71m² apartment with a covered parking bay is available for rent in ...",21171 m²,1,71 m²,,
3 Bedroom Apartment,R 65 000,65000,ZAR,Tamboerskloof,,3,3,2,168 m²,https://www.property24.com/to-rent/tamboerskloof/cape-town/western-cape/9163/116900516,https://www.property24.com/to-rent/cape-town/western-cape/432/p8?PropertyCategory=House%2cApartmentOrFlat%2cTownhouse,2026-02-09 12:25:16.234283,Superb garden apartment in the sought after “Quarry Hill” complex at the top of Tamboerskloof bordering the nature reserve. This luxury ...,332168 m²,2,168 m²,,
2 Bedroom House,R 15 000,15000,ZAR,Kenilworth,,2,1,3,171 m²,https://www.property24.com/to-rent/kenilworth/cape-town/western-cape/8669/116900701,https://www.property24.com/to-rent/cape-town/western-cape/432/p8?PropertyCategory=House%2cApartmentOrFlat%2cTownhouse,2026-02-09 12:25:16.234283,"Discover this beautiful and immaculate 2-bedroom house nestled in the highly sought-after Kenilworth Park, known for its safety and ...",213171 m²,3,171 m²,,
2 Bedroom House,R 15 250,15250,ZAR,Woodstock,16 Kitchener Street,2,1,,,https://www.property24.com/to-rent/woodstock/cape-town/western-cape/10164/113612797,https://www.property24.com/to-rent/cape-town/western-cape/432/p8?PropertyCategory=House%2cApartmentOrFlat%2cTownhouse,2026-02-09 12:25:16.234283,This charming and well-maintained home in Woodstock is filled with natural light ...,21,1,,,
2 Bedroom Apartment,R 45 000,45000,ZAR,Mouille Point,125 Beach Road,2,2,2,108 m²,https://www.property24.com/to-rent/mouille-point/cape-town/western-cape/11018/116885106,https://www.property24.com/to-rent/cape-town/western-cape/432/p8?PropertyCategory=House%2cApartmentOrFlat%2cTownhouse,2026-02-09 12:25:16.234283,Unfurnished side facing (sea and mountain) apartment in Amalfi available immediately. 2 ...,222108 m²,2,108 m²,,
1 Bedroom Apartment,R 25 000,25000,ZAR,Mouille Point,,1,1,,60 m²,https://www.property24.com/to-rent/mouille-point/cape-town/western-cape/11018/116899700,https://www.property24.com/to-rent/cape-town/western-cape/432/p8?PropertyCategory=House%2cApartmentOrFlat%2cTownhouse,2026-02-09 12:25:16.234283,"This newly renovated 1-bedroom apartment is located in the well-kept retirement complex of Good Hope Park, offering comfortable and ...",1160 m²,1,60 m²,,
1 Bedroom Apartment,R 12 500,12500,ZAR,Rondebosch,34 Albion Rd,1,1,1,65 m²,https://www.property24.com/to-rent/rondebosch/cape-town/western-cape/8682/112108654,https://www.property24.com/to-rent/cape-town/western-cape/432/p8?PropertyCategory=House%2cApartmentOrFlat%2cTownhouse,2026-02-09 12:25:16.234283,"1 Bedroom, lock up and go apartment in well looked after secure estate (Rondebosch ...",11165 m²,1,65 m²,,
1 Bedroom Apartment,R 22 000,22000,ZAR,Mouille Point,,1,1,1,100 m²,https://www.property24.com/to-rent/mouille-point/cape-town/western-cape/11018/116865777,https://www.property24.com/to-rent/cape-town/western-cape/432/p8?PropertyCategory=House%2cApartmentOrFlat%2cTownhouse,2026-02-09 12:25:16.234283,"Embrace coastal living in this charming, older-style 1-bedroom apartment in the well-established Pont Du Gard building, Mouille Point. ...",111100 m²,1,100 m²,,
3 Bedroom House,R 36 000,36000,ZAR,Woodstock,5 Kitchener Road,3,1,,120 m²,https://www.property24.com/to-rent/woodstock/cape-town/western-cape/10164/116894635,https://www.property24.com/to-rent/cape-town/western-cape/432/p8?PropertyCategory=House%2cApartmentOrFlat%2cTownhouse,2026-02-09 12:25:16.234283,"Our beautiful, newly renovated Victorian Airbnb in vibey Woodstock is available for a 3 ...",31120 m²,1,120 m²,,
0.5 Bedroom Apartment,R 14 950,14950,ZAR,Oranjezicht,"22 Mill Street, Gardens Centre",0.5,1,,40 m²,https://www.property24.com/to-rent/oranjezicht/cape-town/western-cape/9155/108933433,https://www.property24.com/to-rent/cape-town/western-cape/432/p8?PropertyCategory=House%2cApartmentOrFlat%2cTownhouse,2026-02-09 12:25:16.234283,Beautiful furnished studio. 6 Month Lease and can be changed to a month to month lease ...,0.5140 m²,1,40 m²,,
1 Bedroom Apartment,R 13 900,13900,ZAR,Gardens,"Wembley Square, Solan Road",1,1,1,46 m²,https://www.property24.com/to-rent/gardens/cape-town/western-cape/9145/106433583,https://www.property24.com/to-rent/cape-town/western-cape/432/p8?PropertyCategory=House%2cApartmentOrFlat%2cTownhouse,2026-02-09 12:25:16.234283,Stunning 1 bedroom apartment in the sought-after Wembley Square complex. Unfurnished ...,11146 m²,1,46 m²,,
2 Bedroom Apartment,R 65 000,65000,ZAR,Waterfront,,2,2,2,117 m²,https://www.property24.com/to-rent/waterfront/cape-town/western-cape/9169/116899440,https://www.property24.com/to-rent/cape-town/western-cape/432/p8?PropertyCategory=House%2cApartmentOrFlat%2cTownhouse,2026-02-09 12:25:16.234283,"SENSATIONAL MOUNTAIN VIEWS | CONTEMPORARY LUXURY APARTMENT


Long-term lease | Furnished or unfurnished - available from 1 March ...",222117 m²,2,117 m²,,
2 Bedroom Apartment,R 20 000,20000,ZAR,Observatory,6 Trill Rd,2,2,1,78 m²,https://www.property24.com/to-rent/observatory/cape-town/western-cape/10157/109395638,https://www.property24.com/to-rent/cape-town/western-cape/432/p8?PropertyCategory=House%2cApartmentOrFlat%2cTownhouse,2026-02-09 12:25:16.234283,This spacious and sun-filled corner unit offers two generously sized bedrooms and two ...,22178 m²,1,78 m²,,
3 Bedroom House,R 16 500,16500,ZAR,Woodstock,24 Cavendish Square,3,1,,176 m²,https://www.property24.com/to-rent/woodstock/cape-town/western-cape/10164/113612737,https://www.property24.com/to-rent/cape-town/western-cape/432/p9?PropertyCategory=House%2cApartmentOrFlat%2cTownhouse,2026-02-09 12:25:16.234283,"Spacious Victorian home in Cavendish Square, Woodstock.
This house consists of 3 ...",31176 m²,1,176 m²,,
2 Bedroom Apartment,R 17 500,17500,ZAR,Claremont,2 Ripelby Rd,2,1,,,https://www.property24.com/to-rent/claremont/cape-town/western-cape/11741/116876505,https://www.property24.com/to-rent/cape-town/western-cape/432/p9?PropertyCategory=House%2cApartmentOrFlat%2cTownhouse,2026-02-09 12:25:16.234283,"We have 4 x Spacious unfurnished two-bedroom, one-bathroom apartments to rent at THE ...",21,1,,,
4 Bedroom Apartment,R 120 000,120000,ZAR,Green Point,,4,4.5,3,354 m²,https://www.property24.com/to-rent/green-point/cape-town/western-cape/11017/116900363,https://www.property24.com/to-rent/cape-town/western-cape/432/p9?PropertyCategory=House%2cApartmentOrFlat%2cTownhouse,2026-02-09 12:25:16.234283,"An exceptional, one-of-a-kind luxury residence is now available to rent in the heart of Green Point. Occupying an entire floor, this ...",44.53354 m²,3,354 m²,,
2 Bedroom Apartment,R 17 000,17000,ZAR,Cape Town City Centre,"Unit 3, 77 Upper Park Road",2,1,1,72 m²,https://www.property24.com/to-rent/cape-town-city-centre/cape-town/western-cape/9138/116153760,https://www.property24.com/to-rent/cape-town/western-cape/432/p9?PropertyCategory=House%2cApartmentOrFlat%2cTownhouse,2026-02-09 12:25:16.234283,"Spacious apartment with 2 bedrooms, 2 bathrooms located on the first floor. This unit ...",21172 m²,1,72 m²,,
2 Bedroom Apartment,R 17 000,17000,ZAR,Zonnebloem,45 Chapel Street,2,2,1,65 m²,https://www.property24.com/to-rent/zonnebloem/cape-town/western-cape/10166/110065113,https://www.property24.com/to-rent/cape-town/western-cape/432/p9?PropertyCategory=House%2cApartmentOrFlat%2cTownhouse,2026-02-09 12:25:16.234283,"Lovely unfurnished 2-bedroom. Chapel Towers. 1st floor corner unit.
Long-term. ...",22165 m²,1,65 m²,,
5 Bedroom House,R 115 000,115000,ZAR,Silvertree Estate,,5,3,6,683 m²,https://www.property24.com/to-rent/silvertree-estate/cape-town/western-cape/15132/109737884,https://www.property24.com/to-rent/cape-town/western-cape/432/p9?PropertyCategory=House%2cApartmentOrFlat%2cTownhouse,2026-02-09 12:25:16.234283,"Grand family home, in prime position overlooking the park

Overlooking the main park in Silvertree Estate, the dramatic double volume ...",536683 m²,6,683 m²,,
3 Bedroom Apartment,R 85 000,85000,ZAR,Three Anchor Bay,"- The Richmond, 211 Main Road",3,3.5,2,146 m²,https://www.property24.com/to-rent/three-anchor-bay/cape-town/western-cape/11022/116800775,https://www.property24.com/to-rent/cape-town/western-cape/432/p9?PropertyCategory=House%2cApartmentOrFlat%2cTownhouse,2026-02-09 12:25:16.234283,This exceptional fully furnished penthouse at The Richmond offers refined urban living ...,33.52146 m²,2,146 m²,,
3 Bedroom Apartment,R 85 000,85000,ZAR,Three Anchor Bay,"- The Richmond, 211 Main Road",3,3.5,2,146 m²,https://www.property24.com/to-rent/three-anchor-bay/cape-town/western-cape/11022/116717257,https://www.property24.com/to-rent/cape-town/western-cape/432/p9?PropertyCategory=House%2cApartmentOrFlat%2cTownhouse,2026-02-09 12:25:16.234283,This exceptional fully furnished penthouse at The Richmond offers refined urban living ...,33.52146 m²,2,146 m²,,
1 Bedroom Apartment,R 12 500,12500,ZAR,Woodstock,30 Dickson Street,1,1,1,42 m²,https://www.property24.com/to-rent/woodstock/cape-town/western-cape/10164/116479054,https://www.property24.com/to-rent/cape-town/western-cape/432/p9?PropertyCategory=House%2cApartmentOrFlat%2cTownhouse,2026-02-09 12:25:16.234283,"One Bedroom Apartment in the Perfect Estate

This newly refurbished 1-bedroom ...",11142 m²,1,42 m²,,
1 Bedroom Apartment,R 19 000,19000,ZAR,Llandudno,"2 Apostle, 11 Apostle Road",1,1,,60 m²,https://www.property24.com/to-rent/llandudno/cape-town/western-cape/9118/116847458,https://www.property24.com/to-rent/cape-town/western-cape/432/p9?PropertyCategory=House%2cApartmentOrFlat%2cTownhouse,2026-02-09 12:25:16.234283,"Set on a beautiful, well-maintained property in sought-after Llandudno, this fully ...",1160 m²,1,60 m²,,
4 Bedroom House,R 9 200,9200,ZAR,Observatory,31 Station Rd,4,2,1,800 m²,https://www.property24.com/to-rent/observatory/cape-town/western-cape/10157/116801123,https://www.property24.com/to-rent/cape-town/western-cape/432/p9?PropertyCategory=House%2cApartmentOrFlat%2cTownhouse,2026-02-09 12:25:16.234283,"Mitra Mews · 31 Station Road, Observatory
A LIGHT AND  SPACIOUS   ROOM IN A FULLY ...",421800 m²,1,800 m²,,
2 Bedroom Apartment,R 25 000,25000,ZAR,Gardens,11 Weltevreden Street,2,2,1,112 m²,https://www.property24.com/to-rent/gardens/cape-town/western-cape/9145/115380281,https://www.property24.com/to-rent/cape-town/western-cape/432/p9?PropertyCategory=House%2cApartmentOrFlat%2cTownhouse,2026-02-09 12:25:16.234283,"Renovated Ground Floor Apartment in Quirky Art Deco Building
Ample Living ...",221112 m²,1,112 m²,,
2 Bedroom Apartment,R 25 000,25000,ZAR,Woodstock,,2,2,2,90 m²,https://www.property24.com/to-rent/woodstock/cape-town/western-cape/10164/116898279,https://www.property24.com/to-rent/cape-town/western-cape/432/p9?PropertyCategory=House%2cApartmentOrFlat%2cTownhouse,2026-02-09 12:25:16.234283,"6th Floor, 2 - Bedroom Apartment - Woodstock Quarters

Woodstock Quarter is the perfect balance between fine living and convenience. ...",22290 m²,2,90 m²,,
1 Bedroom Apartment,R 29 500,29500,ZAR,Sea Point,,1,1,1,77 m²,https://www.property24.com/to-rent/sea-point/cape-town/western-cape/11021/116847116,https://www.property24.com/to-rent/cape-town/western-cape/432/p9?PropertyCategory=House%2cApartmentOrFlat%2cTownhouse,2026-02-09 12:25:16.234283,"A beautifully renovated and professionally interior designed beachfront apartment located on Beach Road, just steps away from the ...",11177 m²,1,77 m²,,
2 Bedroom Apartment,R 90 000,90000,ZAR,Waterfront,,2,2,2,118 m²,https://www.property24.com/to-rent/waterfront/cape-town/western-cape/9169/116850612,https://www.property24.com/to-rent/cape-town/western-cape/432/p9?PropertyCategory=House%2cApartmentOrFlat%2cTownhouse,2026-02-09 12:25:16.234283,"This spectacular, spacious, and light-filled two-bedroom, two-bathroom apartment offers refined luxury living in one of Cape Town’s ...",222118 m²,2,118 m²,,
2 Bedroom Apartment,R 85 000,85000,ZAR,Waterfront,,2,2,2,108 m²,https://www.property24.com/to-rent/waterfront/cape-town/western-cape/9169/116850451,https://www.property24.com/to-rent/cape-town/western-cape/432/p9?PropertyCategory=House%2cApartmentOrFlat%2cTownhouse,2026-02-09 12:25:16.234283,"This spectacular, spacious, and light-filled two-bedroom, two-bathroom apartment offers luxury living in one of Cape Town’s most ...",222108 m²,2,108 m²,,
2 Bedroom Apartment,R 18 000,18000,ZAR,Kenilworth,,2,2,1,73 m²,https://www.property24.com/to-rent/kenilworth/cape-town/western-cape/8669/116900006,https://www.property24.com/to-rent/cape-town/western-cape/432/p9?PropertyCategory=House%2cApartmentOrFlat%2cTownhouse,2026-02-09 12:25:16.234283,"We a have a beautiful unfurnished 2 bed apartment in the modern development, Yellow Woods , in Kenilworth, available 1 April 2026

- ...",22173 m²,1,73 m²,,
1 Bedroom Apartment,R 16 000,16000,ZAR,Rondebosch,34 Albion Rd,1,1,1,57 m²,https://www.property24.com/to-rent/rondebosch/cape-town/western-cape/8682/116791643,https://www.property24.com/to-rent/cape-town/western-cape/432/p9?PropertyCategory=House%2cApartmentOrFlat%2cTownhouse,2026-02-09 12:25:16.234283,"In highly sought-after Rondebosch Oaks complex, ideal for young professionals or ...",11157 m²,1,57 m²,,
1 Bedroom Apartment,R 45 000,45000,ZAR,Waterfront,,1,1,1,75 m²,https://www.property24.com/to-rent/waterfront/cape-town/western-cape/9169/116897864,https://www.property24.com/to-rent/cape-town/western-cape/432/p9?PropertyCategory=House%2cApartmentOrFlat%2cTownhouse,2026-02-09 12:25:16.234283,"Set within the brand new development ‘Dock Road’ Residences at the V&A Waterfront, this fully furnished 1 bed apartment offers ...",11175 m²,1,75 m²,,
3 Bedroom Apartment,R 110 000,110000,ZAR,Mouille Point,,3,3.5,2,257 m²,https://www.property24.com/to-rent/mouille-point/cape-town/western-cape/11018/116126690,https://www.property24.com/to-rent/cape-town/western-cape/432/p9?PropertyCategory=House%2cApartmentOrFlat%2cTownhouse,2026-02-09 12:25:16.234283,"Experience refined coastal living in this fully furnished and elegantly equipped 3 bedroom apartment, each bedroom featuring its own ...",33.52257 m²,2,257 m²,,
2 Bedroom House,R 15 000,15000,ZAR,Observatory,100 Rochester Road,2,1,,,https://www.property24.com/to-rent/observatory/cape-town/western-cape/10157/105076139,https://www.property24.com/to-rent/cape-town/western-cape/432/p9?PropertyCategory=House%2cApartmentOrFlat%2cTownhouse,2026-02-09 12:25:16.234283,"front double bedroom with fireplace (no BIC),
centre double bedroom (no BIC), 
lounge ...",21,1,,,
1 Bedroom Apartment,R 10 000,10000,ZAR,Plumstead,,1,1,1,40 m²,https://www.property24.com/to-rent/plumstead/cape-town/western-cape/10094/116899963,https://www.property24.com/to-rent/cape-town/western-cape/432/p10?PropertyCategory=House%2cApartmentOrFlat%2cTownhouse,2026-02-09 12:25:16.234283,"Discover this inviting 1-bedroom, 1-bathroom separate cottage, perfectly situated in the suburban heart of Plumstead.
This cottage ...",11140 m²,1,40 m²,,
1 Bedroom Apartment,R 9 200,9200,ZAR,Rosebank,"1 Main Rd,rosebank",1,1,,49 m²,https://www.property24.com/to-rent/rosebank/cape-town/western-cape/8683/116799443,https://www.property24.com/to-rent/cape-town/western-cape/432/p10?PropertyCategory=House%2cApartmentOrFlat%2cTownhouse,2026-02-09 12:25:16.234283,"Located in Rosehope,this flat is ideal for mature students and young professionals  as ...",1149 m²,1,49 m²,,
2 Bedroom House,R 26 000,26000,ZAR,Newlands,,2,1,2,201 m²,https://www.property24.com/to-rent/newlands/cape-town/western-cape/8679/115951210,https://www.property24.com/to-rent/cape-town/western-cape/432/p10?PropertyCategory=House%2cApartmentOrFlat%2cTownhouse,2026-02-09 12:25:16.234283,"Available to rent from 1 March to 30 August 2026. Heritage cottage in Newlands Village. This character-filled, century-old home is ...",212201 m²,2,201 m²,,
3 Bedroom Apartment,R 32 000,32000,ZAR,Sea Point,,3,2,1,104 m²,https://www.property24.com/to-rent/sea-point/cape-town/western-cape/11021/113346355,https://www.property24.com/to-rent/cape-town/western-cape/432/p10?PropertyCategory=House%2cApartmentOrFlat%2cTownhouse,2026-02-09 12:25:16.234283,"This apartment is conveniently situated close to shops, restaurants and other amenities. It's beautifully furnished with excellent ...",321104 m²,1,104 m²,,
4 Bedroom House,R 90 000,90000,ZAR,St James,16 Braemar Rd,4,3.5,1,350 m²,https://www.property24.com/to-rent/st-james/cape-town/western-cape/9039/115746031,https://www.property24.com/to-rent/cape-town/western-cape/432/p10?PropertyCategory=House%2cApartmentOrFlat%2cTownhouse,2026-02-09 12:25:16.234283,Perfectly positioned Victorian gem on the beachfront. Elevated and private with stunning ...,43.51350 m²,1,350 m²,,
3 Bedroom Apartment,R 20 000,20000,ZAR,Wynberg Upper,,3,1.5,2,92 m²,https://www.property24.com/to-rent/wynberg-upper/cape-town/western-cape/10102/116894601,https://www.property24.com/to-rent/cape-town/western-cape/432/p10?PropertyCategory=House%2cApartmentOrFlat%2cTownhouse,2026-02-09 12:25:16.234283,"!Revovation in progress!

This ground-floor property, located in a secure complex within the desirable neighborhood of Wynberg Upper ...",31.5292 m²,2,92 m²,,
4 Bedroom House,R 120 000,120000,ZAR,Llandudno,,4,3,9,995 m²,https://www.property24.com/to-rent/llandudno/cape-town/western-cape/9118/116897250,https://www.property24.com/to-rent/cape-town/western-cape/432/p10?PropertyCategory=House%2cApartmentOrFlat%2cTownhouse,2026-02-09 12:25:16.234283,"This stylish modern unfurnished home combines strong architectural lines, good security and generous living areas, just a short ...",439995 m²,9,995 m²,,
1 Bedroom Apartment,R 18 500,18500,ZAR,Green Point,,1,1,1,60 m²,https://www.property24.com/to-rent/green-point/cape-town/western-cape/11017/116868137,https://www.property24.com/to-rent/cape-town/western-cape/432/p10?PropertyCategory=House%2cApartmentOrFlat%2cTownhouse,2026-02-09 12:25:16.234283,"Character-Filled One-Bedroom Apartment in the Heart of Green Point 

This charming one-bedroom, one-bathroom apartment is set within ...",11160 m²,1,60 m²,,
2 Bedroom Apartment,R 25 000,25000,ZAR,Three Anchor Bay,,2,1,1,73 m²,https://www.property24.com/to-rent/three-anchor-bay/cape-town/western-cape/11022/116899217,https://www.property24.com/to-rent/cape-town/western-cape/432/p10?PropertyCategory=House%2cApartmentOrFlat%2cTownhouse,2026-02-09 12:25:16.234283,"Modern 2 bedroom unfurnished apartment in Three Anchor Bay near Green Point

A stylish 2-bedroom apartment set in a safe and secure ...",21173 m²,1,73 m²,,
3 Bedroom Apartment,R 75 000,75000,ZAR,Mouille Point,77 Beach Road,3,2,2,200 m²,https://www.property24.com/to-rent/mouille-point/cape-town/western-cape/11018/115884724,https://www.property24.com/to-rent/cape-town/western-cape/432/p10?PropertyCategory=House%2cApartmentOrFlat%2cTownhouse,2026-02-09 12:25:16.234283,"Story of the Home

You’ll start most evenings the same way — sliding open the patio ...",322200 m²,2,200 m²,,
Apartment,R 18 000,18000,ZAR,Sea Point,,,1,,27 m²,https://www.property24.com/to-rent/sea-point/cape-town/western-cape/11021/113036025,https://www.property24.com/to-rent/cape-town/western-cape/432/p10?PropertyCategory=House%2cApartmentOrFlat%2cTownhouse,2026-02-09 12:25:16.234283,"Welcome to Sea Point’s ultimate lifestyle building, where luxury meets convenience!
This stylish studio apartment offers an open-plan ...",127 m²,1,27 m²,,
2 Bedroom Apartment,R 44 000,44000,ZAR,Camps Bay,,2,2,1,200 m²,https://www.property24.com/to-rent/camps-bay/cape-town/western-cape/11014/114040504,https://www.property24.com/to-rent/cape-town/western-cape/432/p10?PropertyCategory=House%2cApartmentOrFlat%2cTownhouse,2026-02-09 12:25:16.234283,"GORGEOUS 5-STAR Airbnb Guest Favorite Rental, 2 Spacious Bedrooms, 2 Bathroom Apartment, Open Plan, Aircon, Beautifully Fully Furnished ...",221200 m²,1,200 m²,,
1 Bedroom Apartment,R 18 500,18500,ZAR,Green Point,,1,1,1,60 m²,https://www.property24.com/to-rent/green-point/cape-town/western-cape/11017/116868138,https://www.property24.com/to-rent/cape-town/western-cape/432/p10?PropertyCategory=House%2cApartmentOrFlat%2cTownhouse,2026-02-09 12:25:16.234283,"Character-Filled One-Bedroom Apartment in the Heart of Green Point 

Set within one of Green Point’s classic, older buildings, this ...",11160 m²,1,60 m²,,
3 Bedroom Apartment,R 45 000,45000,ZAR,Green Point,,3,3,1,125 m²,https://www.property24.com/to-rent/green-point/cape-town/western-cape/11017/116863106,https://www.property24.com/to-rent/cape-town/western-cape/432/p10?PropertyCategory=House%2cApartmentOrFlat%2cTownhouse,2026-02-09 12:25:16.234283,Welcome to this exquisite Fully furnished three-bedroom apartment located in the highly sought-after Devonshire Green Point area of ...,331125 m²,1,125 m²,,
Apartment,R 12 000,12000,ZAR,Cape Town City Centre,50 Buitenkant Street,,1,1,38 m²,https://www.property24.com/to-rent/cape-town-city-centre/cape-town/western-cape/9138/111019309,https://www.property24.com/to-rent/cape-town/western-cape/432/p10?PropertyCategory=House%2cApartmentOrFlat%2cTownhouse,2026-02-09 12:25:16.234283,"Neat studio apartment located in the City. Long-term. 
Shops and restaurants within ...",1138 m²,1,38 m²,,
1 Bedroom Apartment,R 30 000,30000,ZAR,Cape Town City Centre,57 Burg Street,1,1,,76 m²,https://www.property24.com/to-rent/cape-town-city-centre/cape-town/western-cape/9138/116806018,https://www.property24.com/to-rent/cape-town/western-cape/432/p10?PropertyCategory=House%2cApartmentOrFlat%2cTownhouse,2026-02-09 12:25:16.234283,This furnished one-bedroom apartment at Mandela Rhodes Place offers comfortable and ...,1176 m²,1,76 m²,,
2 Bedroom Apartment,R 15 500,15500,ZAR,Cape Town City Centre,,2,1,,60 m²,https://www.property24.com/to-rent/cape-town-city-centre/cape-town/western-cape/9138/116330570,https://www.property24.com/to-rent/cape-town/western-cape/432/p10?PropertyCategory=House%2cApartmentOrFlat%2cTownhouse,2026-02-09 12:25:16.234283,"Beautiful Newly Renovated 2-Bedroom Apartment for Rent in Cape Town!

Discover this stunning 60 sqm two-bedroom apartment, freshly ...",2160 m²,1,60 m²,,
4 Bedroom Apartment,R 16 500,16500,ZAR,Claremont,Pinetree Avenue,4,1,2,116 m²,https://www.property24.com/to-rent/claremont/cape-town/western-cape/11741/115448085,https://www.property24.com/to-rent/cape-town/western-cape/432/p10?PropertyCategory=House%2cApartmentOrFlat%2cTownhouse,2026-02-09 12:25:16.234283,"Claremont - Well positioned, North Facing extra spacious apartment, a short walk to ...",412116 m²,2,116 m²,,
1 Bedroom Apartment,R 23 000,23000,ZAR,Sea Point,,1,1,,45 m²,https://www.property24.com/to-rent/sea-point/cape-town/western-cape/11021/115575876,https://www.property24.com/to-rent/cape-town/western-cape/432/p10?PropertyCategory=House%2cApartmentOrFlat%2cTownhouse,2026-02-09 12:25:16.234283,"Available from 1 May - 31 October 2026.
Welcome to a stylish and contemporary 1 bedroom apartment nestled in the sought-after area ...",1145 m²,1,45 m²,,
4 Bedroom House,R 90 000,90000,ZAR,St James,16 Braemar Rd,4,3.5,1,350 m²,https://www.property24.com/to-rent/st-james/cape-town/western-cape/9039/116892040,https://www.property24.com/to-rent/cape-town/western-cape/432/p10?PropertyCategory=House%2cApartmentOrFlat%2cTownhouse,2026-02-09 12:25:16.234283,Perfectly positioned Victorian gem on the beachfront. Elevated and private with stunning ...,43.51350 m²,1,350 m²,,
2 Bedroom Apartment,R 22 000,22000,ZAR,Salt River,"31 Brickfield Road, Salt River",2,2,2,82 m²,https://www.property24.com/to-rent/salt-river/cape-town/western-cape/10158/111020042,https://www.property24.com/to-rent/cape-town/western-cape/432/p10?PropertyCategory=House%2cApartmentOrFlat%2cTownhouse,2026-02-09 12:25:16.234283,"Upper East Side Apartment Block – North Block

Spacious unfurnished OR funished  ...",22282 m²,2,82 m²,,
0.5 Bedroom Apartment,R 12 950,12950,ZAR,Zonnebloem,43 Buitenkant Street,0.5,1,1,32 m²,https://www.property24.com/to-rent/zonnebloem/cape-town/western-cape/10166/116801729,https://www.property24.com/to-rent/cape-town/western-cape/432/p11?PropertyCategory=House%2cApartmentOrFlat%2cTownhouse,2026-02-09 12:25:16.234283,"MODERN FULLY FURNISHED UNIT IN FOUR SEASONS

Glorious views of Lions Head and CITY ...",0.51132 m²,1,32 m²,,
1 Bedroom Apartment,R 24 000,24000,ZAR,Mouille Point,"The Fairways, 23 Beach Road",1,1,1,63 m²,https://www.property24.com/to-rent/mouille-point/cape-town/western-cape/11018/116890389,https://www.property24.com/to-rent/cape-town/western-cape/432/p11?PropertyCategory=House%2cApartmentOrFlat%2cTownhouse,2026-02-09 12:25:16.234283,"Live by the ocean at 23 Beach Road, Mouille Point in the landmark Fairways building ...",11163 m²,1,63 m²,,
0.5 Bedroom Apartment,R 18 000,18000,ZAR,Sea Point,"The Sage, 377 Arthurs Road",0.5,1,,34 m²,https://www.property24.com/to-rent/sea-point/cape-town/western-cape/11021/115424087,https://www.property24.com/to-rent/cape-town/western-cape/432/p11?PropertyCategory=House%2cApartmentOrFlat%2cTownhouse,2026-02-09 12:25:16.234283,Step into modern comfort with this charming studio apartment located in Sea Point & ...,0.5134 m²,1,34 m²,,
1 Bedroom Apartment,R 12 000,12000,ZAR,Rosebank,2 Ryan Road,1,1,,65 m²,https://www.property24.com/to-rent/rosebank/cape-town/western-cape/8683/116828110,https://www.property24.com/to-rent/cape-town/western-cape/432/p11?PropertyCategory=House%2cApartmentOrFlat%2cTownhouse,2026-02-09 12:25:16.234283,"***Available 1st March 2026

Prime Position! Security Complex in Garden ...",1165 m²,1,65 m²,,
2 Bedroom Apartment,R 16 000,16000,ZAR,Kenilworth,,2,1,1,86 m²,https://www.property24.com/to-rent/kenilworth/cape-town/western-cape/8669/116898371,https://www.property24.com/to-rent/cape-town/western-cape/432/p11?PropertyCategory=House%2cApartmentOrFlat%2cTownhouse,2026-02-09 12:25:16.234283,"This well-positioned unfurnished apartment, sits in a convenient pocket, placing shops, daily essentials, and transport routes right on ...",21186 m²,1,86 m²,,
2 Bedroom Apartment,R 17 000,17000,ZAR,Plumstead,,2,1.5,2,81 m²,https://www.property24.com/to-rent/plumstead/cape-town/western-cape/10094/116705989,https://www.property24.com/to-rent/cape-town/western-cape/432/p11?PropertyCategory=House%2cApartmentOrFlat%2cTownhouse,2026-02-09 12:25:16.234283,"Step into this beautifully laid-out home, where modern finishes meet subtle natural touches and a breathtaking view – perfect with a ...",21.5281 m²,2,81 m²,,
2 Bedroom Apartment,R 100 000,100000,ZAR,Mouille Point,The Waterclub Beach Road,2,3,1,,https://www.property24.com/to-rent/mouille-point/cape-town/western-cape/11018/116855424,https://www.property24.com/to-rent/cape-town/western-cape/432/p11?PropertyCategory=House%2cApartmentOrFlat%2cTownhouse,2026-02-09 12:25:16.234283,"AVAILABLE FOR 3 MONTHS OR A LONGER RENTAL PERIOD OF UP TO 12 MONTHS

Experience the ...",231,1,,,
2 Bedroom House,R 8 500,8500,ZAR,Belhar,,2,2,6,500 m²,https://www.property24.com/to-rent/belhar/cape-town/western-cape/8132/116023591,https://www.property24.com/to-rent/cape-town/western-cape/432/p11?PropertyCategory=House%2cApartmentOrFlat%2cTownhouse,2026-02-09 12:25:16.234283,"This recently renovated home in the heart of Belhar is cleverly divided into two separate 2-bedroom cottages, offering an ideal ...",226500 m²,6,500 m²,,
2 Bedroom House,R 30 000,30000,ZAR,Camps Bay,7 Ingleside Road,2,1,,150 m²,https://www.property24.com/to-rent/camps-bay/cape-town/western-cape/11014/116794617,https://www.property24.com/to-rent/cape-town/western-cape/432/p11?PropertyCategory=House%2cApartmentOrFlat%2cTownhouse,2026-02-09 12:25:16.234283,"Stylish and furnished garden cottage walking distance to the beach.

Escape to a ...",21150 m²,1,150 m²,,
2 Bedroom Apartment,R 14 000,14000,ZAR,Kenilworth,,2,1,1,74 m²,https://www.property24.com/to-rent/kenilworth/cape-town/western-cape/8669/116874020,https://www.property24.com/to-rent/cape-town/western-cape/432/p11?PropertyCategory=House%2cApartmentOrFlat%2cTownhouse,2026-02-09 12:25:16.234283,"Located in the heart of the family friendly suburb of Kenilworth, this unfurnished two bedroom apartment offers a well maintained, move ...",21174 m²,1,74 m²,,
1 Bedroom Apartment,R 15 000,15000,ZAR,Cape Town City Centre,66 Keerom St,1,1,,42 m²,https://www.property24.com/to-rent/cape-town-city-centre/cape-town/western-cape/9138/116787635,https://www.property24.com/to-rent/cape-town/western-cape/432/p11?PropertyCategory=House%2cApartmentOrFlat%2cTownhouse,2026-02-09 12:25:16.234283,"Experience the heartbeat of Cape Town in this stylish, fully furnished 1-bedroom ...",1142 m²,1,42 m²,,
2 Bedroom Apartment,R 11 500,11500,ZAR,Rondebosch,,2,1,,77 m²,https://www.property24.com/to-rent/rondebosch/cape-town/western-cape/8682/116892598,https://www.property24.com/to-rent/cape-town/western-cape/432/p11?PropertyCategory=House%2cApartmentOrFlat%2cTownhouse,2026-02-09 12:25:16.234283,This 1 bedroom apartment is perfectly located for young professionals who wish to live close to all the amenities Rondebosch has to ...,2177 m²,1,77 m²,,
2 Bedroom Apartment,R 55 000,55000,ZAR,Sea Point,,2,2,1,131 m²,https://www.property24.com/to-rent/sea-point/cape-town/western-cape/11021/110877897,https://www.property24.com/to-rent/cape-town/western-cape/432/p11?PropertyCategory=House%2cApartmentOrFlat%2cTownhouse,2026-02-09 12:25:16.234283,Welcome to this modern and beautifully designed fully furnished 2 bedroom 2 bathroom both en-suite with high-end finishes and fittings. ...,221131 m²,1,131 m²,,
1 Bedroom Apartment,R 14 000,14000,ZAR,Sea Point,6 Norfolk Rd,1,1,,35 m²,https://www.property24.com/to-rent/sea-point/cape-town/western-cape/11021/114415048,https://www.property24.com/to-rent/cape-town/western-cape/432/p11?PropertyCategory=House%2cApartmentOrFlat%2cTownhouse,2026-02-09 12:25:16.234283,"Brand new contemporary fully furnished apartment located in the heart of Sea point, just ...",1135 m²,1,35 m²,,
3 Bedroom Townhouse,R 19 950,19950,ZAR,Plumstead,"14 Brampton Road, 14d Tiverton Road",3,2,3,,https://www.property24.com/to-rent/plumstead/cape-town/western-cape/10094/116850880,https://www.property24.com/to-rent/cape-town/western-cape/432/p11?PropertyCategory=House%2cApartmentOrFlat%2cTownhouse,2026-02-09 12:25:16.234283,"Welcome to Brampton Mews!
This well maintained and tranquil complex is situated in ...",323,3,,,
2 Bedroom Apartment,R 17 000,17000,ZAR,Plumstead,,2,1.5,2,81 m²,https://www.property24.com/to-rent/plumstead/cape-town/western-cape/10094/116895251,https://www.property24.com/to-rent/cape-town/western-cape/432/p11?PropertyCategory=House%2cApartmentOrFlat%2cTownhouse,2026-02-09 12:25:16.234283,"Step into this beautifully laid-out home, where modern finishes meet subtle natural touches and a breathtaking view – perfect with a ...",21.5281 m²,2,81 m²,,
2 Bedroom Apartment,R 19 000,19000,ZAR,Kenilworth Upper,,2,1,2,67 m²,https://www.property24.com/to-rent/kenilworth-upper/cape-town/western-cape/14224/116894332,https://www.property24.com/to-rent/cape-town/western-cape/432/p11?PropertyCategory=House%2cApartmentOrFlat%2cTownhouse,2026-02-09 12:25:16.234283,"This apartment is available to rent for 12 months from 1 March 2026 to 1 March 2027. This is a modern, unfurnished 2-bedroom ...",21267 m²,2,67 m²,,
1 Bedroom Apartment,R 18 000,18000,ZAR,Muizenberg,,1,1,1,86 m²,https://www.property24.com/to-rent/muizenberg/cape-town/western-cape/9025/116890785,https://www.property24.com/to-rent/cape-town/western-cape/432/p11?PropertyCategory=House%2cApartmentOrFlat%2cTownhouse,2026-02-09 12:25:16.234283,"Stylish and modern, suitable for a single professional - short term lease - 6 months only 

This one bedroom apartment comes fully ...",11186 m²,1,86 m²,,
2 Bedroom Apartment,R 30 000,30000,ZAR,Gardens,1 Breda Street Oranjezicht,2,1,,94 m²,https://www.property24.com/to-rent/gardens/cape-town/western-cape/9145/116854645,https://www.property24.com/to-rent/cape-town/western-cape/432/p11?PropertyCategory=House%2cApartmentOrFlat%2cTownhouse,2026-02-09 12:25:16.234283,"AVAILABLE: 1st of March 
Charming 2 bedroom Apartment / Flat in Oranjezitcht. ...",2194 m²,1,94 m²,,
1 Bedroom Apartment,R 23 000,23000,ZAR,Gardens,,1,1,1,70 m²,https://www.property24.com/to-rent/gardens/cape-town/western-cape/9145/114348911,https://www.property24.com/to-rent/cape-town/western-cape/432/p11?PropertyCategory=House%2cApartmentOrFlat%2cTownhouse,2026-02-09 12:25:16.234283,"Whatsapp for faster response.

Experience the best of Cape Town in this stunning 1-bedroom apartment fully furnished situated in the ...",11170 m²,1,70 m²,,
2 Bedroom Apartment,R 22 500,22500,ZAR,Vredehoek,Florida Road,2,1,,100 m²,https://www.property24.com/to-rent/vredehoek/cape-town/western-cape/9166/116880028,https://www.property24.com/to-rent/cape-town/western-cape/432/p11?PropertyCategory=House%2cApartmentOrFlat%2cTownhouse,2026-02-09 12:25:16.234283,"Lovely, light & spacious art deco apartment in the heart of the City Bowl available ...",21100 m²,1,100 m²,,
1 Bedroom Apartment,R 16 000,16000,ZAR,Claremont,2 Ripelby Rd,1,1,,,https://www.property24.com/to-rent/claremont/cape-town/western-cape/11741/116874595,https://www.property24.com/to-rent/cape-town/western-cape/432/p12?PropertyCategory=House%2cApartmentOrFlat%2cTownhouse,2026-02-09 12:25:16.234283,"PENTHOUSE - STUDIO UNITS

We have 2 x Spacious unfurnished top floor studio apartments ...",11,1,,,
1 Bedroom Apartment,R 23 000,23000,ZAR,Observatory,,1,1,1,50 m²,https://www.property24.com/to-rent/observatory/cape-town/western-cape/10157/111440993,https://www.property24.com/to-rent/cape-town/western-cape/432/p12?PropertyCategory=House%2cApartmentOrFlat%2cTownhouse,2026-02-09 12:25:16.234283,"Located in the prestigious block of The Winchester.
This block is a well maintained, located and stylish block.

Three levels of secure ...",11150 m²,1,50 m²,,
2 Bedroom Apartment,R 26 000,26000,ZAR,Claremont Upper,,2,1.5,2,100 m²,https://www.property24.com/to-rent/claremont-upper/cape-town/western-cape/14225/116885488,https://www.property24.com/to-rent/cape-town/western-cape/432/p12?PropertyCategory=House%2cApartmentOrFlat%2cTownhouse,2026-02-09 12:25:16.234283,"This exceptional apartment offers an ideal lock-up-and-go lifestyle, recently painted with new vinyl bedroom floors - centrally located ...",21.52100 m²,2,100 m²,,
4 Bedroom House,R 20 000,20000,ZAR,Lansdowne,,4,2,4,495 m²,https://www.property24.com/to-rent/lansdowne/cape-town/western-cape/8778/116737646,https://www.property24.com/to-rent/cape-town/western-cape/432/p12?PropertyCategory=House%2cApartmentOrFlat%2cTownhouse,2026-02-09 12:25:16.234283,"This beautifully appointed 4-bedroom, 2-bathroom home offers generous living and modern convenience, making it the perfect rental for ...",424495 m²,4,495 m²,,
1 Bedroom Apartment,R 27 000,27000,ZAR,Cape Town City Centre,128 Strand St,1,1,1,78 m²,https://www.property24.com/to-rent/cape-town-city-centre/cape-town/western-cape/9138/116835155,https://www.property24.com/to-rent/cape-town/western-cape/432/p12?PropertyCategory=House%2cApartmentOrFlat%2cTownhouse,2026-02-09 12:25:16.234283,"Cape Town’s vibrant city centre, within easy walking distance of shops, restaurants, and ...",11178 m²,1,78 m²,,
1 Bedroom Apartment,R 10 500,10500,ZAR,Zonnebloem,47 Buitenkant St,1,1,1,43 m²,https://www.property24.com/to-rent/zonnebloem/cape-town/western-cape/10166/110440400,https://www.property24.com/to-rent/cape-town/western-cape/432/p12?PropertyCategory=House%2cApartmentOrFlat%2cTownhouse,2026-02-09 12:25:16.234283,"CAPE TOWN STUDIO APARTMENT WITH GREAT VIEWS IN ICONIC FOUR SEASONS

Viewing times will ...",11143 m²,1,43 m²,,
1 Bedroom Apartment,R 13 500,13500,ZAR,Woodstock,,1,1,1,52 m²,https://www.property24.com/to-rent/woodstock/cape-town/western-cape/10164/107323265,https://www.property24.com/to-rent/cape-town/western-cape/432/p12?PropertyCategory=House%2cApartmentOrFlat%2cTownhouse,2026-02-09 12:25:16.234283,This modern 52 sqm unfurnished apartment is situated on the 7th floor and boasts breathtaking mountain views from a 3 sqm private ...,11152 m²,1,52 m²,,
1 Bedroom Apartment,R 9 500,9500,ZAR,Rondebosch,155 Main Road,1,1,,36 m²,https://www.property24.com/to-rent/rondebosch/cape-town/western-cape/8682/116888301,https://www.property24.com/to-rent/cape-town/western-cape/432/p12?PropertyCategory=House%2cApartmentOrFlat%2cTownhouse,2026-02-09 12:25:16.234283,"First viewing scheduled for monday 09/02/26 at 17h30 open viewing. 
Please confirm if ...",1136 m²,1,36 m²,,
2 Bedroom House,R 48 000,48000,ZAR,Sea Point,,2,1,,117 m²,https://www.property24.com/to-rent/sea-point/cape-town/western-cape/11021/106080671,https://www.property24.com/to-rent/cape-town/western-cape/432/p12?PropertyCategory=House%2cApartmentOrFlat%2cTownhouse,2026-02-09 12:25:16.234283,"German precision defines this beautifully renovated terraced cottage, perfectly positioned in a quiet cul-de-sac in Upper Sea Point. ...",21117 m²,1,117 m²,,
2 Bedroom Apartment,R 14 000,14000,ZAR,Kenwyn,2 Range Rd,2,1,1,,https://www.property24.com/to-rent/kenwyn/cape-town/western-cape/8792/116835469,https://www.property24.com/to-rent/cape-town/western-cape/432/p12?PropertyCategory=House%2cApartmentOrFlat%2cTownhouse,2026-02-09 12:25:16.234283,"*****brand new complex in kenwyn*****

                   ***residential ...",211,1,,,
4 Bedroom House,R 20 000,20000,ZAR,Lansdowne,,4,2,4,495 m²,https://www.property24.com/to-rent/lansdowne/cape-town/western-cape/8778/116883826,https://www.property24.com/to-rent/cape-town/western-cape/432/p12?PropertyCategory=House%2cApartmentOrFlat%2cTownhouse,2026-02-09 12:25:16.234283,"This beautifully appointed 4-bedroom, 2-bathroom home offers generous living and modern convenience, making it the perfect rental for ...",424495 m²,4,495 m²,,
2 Bedroom Apartment,R 17 000,17000,ZAR,Cape Town City Centre,,2,2,,68 m²,https://www.property24.com/to-rent/cape-town-city-centre/cape-town/western-cape/9138/109660521,https://www.property24.com/to-rent/cape-town/western-cape/432/p12?PropertyCategory=House%2cApartmentOrFlat%2cTownhouse,2026-02-09 12:25:16.234283,"– Modern City Living

8th-floor apartment offering:  
- 2 bedrooms, 2 bathrooms (including a private en-suite)  
- Open-plan kitchen ...",2268 m²,2,68 m²,,
1 Bedroom Apartment,R 18 000,18000,ZAR,Cape Town City Centre,,1,1,1,67 m²,https://www.property24.com/to-rent/cape-town-city-centre/cape-town/western-cape/9138/116890049,https://www.property24.com/to-rent/cape-town/western-cape/432/p12?PropertyCategory=House%2cApartmentOrFlat%2cTownhouse,2026-02-09 12:25:16.234283,A spacious one-bedroom apartment located in the heart of Cape Town’s prime city centre. This generously sized unit offers an ...,11167 m²,1,67 m²,,
1 Bedroom Apartment,R 18 000,18000,ZAR,Sea Point,,1,1,1,49 m²,https://www.property24.com/to-rent/sea-point/cape-town/western-cape/11021/116899651,https://www.property24.com/to-rent/cape-town/western-cape/432/p12?PropertyCategory=House%2cApartmentOrFlat%2cTownhouse,2026-02-09 12:25:16.234283,Delightful first floor corner apartment that has recently undergone a full renovation with fresh clean lines and features an open ...,11149 m²,1,49 m²,,
2 Bedroom House,R 59 500,59500,ZAR,Bantry Bay,6 Fir Avenue,2,1.5,,190 m²,https://www.property24.com/to-rent/bantry-bay/cape-town/western-cape/11013/116880364,https://www.property24.com/to-rent/cape-town/western-cape/432/p12?PropertyCategory=House%2cApartmentOrFlat%2cTownhouse,2026-02-09 12:25:16.234283,"Charming Renovated Victorian Cottage in Wind-Free Bantry Bay.
Set in one of Bantry ...",21.5190 m²,1.5,190 m²,,
1 Bedroom Apartment,R 19 500,19500,ZAR,Green Point,,1,1,1,63 m²,https://www.property24.com/to-rent/green-point/cape-town/western-cape/11017/116885292,https://www.property24.com/to-rent/cape-town/western-cape/432/p12?PropertyCategory=House%2cApartmentOrFlat%2cTownhouse,2026-02-09 12:25:16.234283,"Situated on the 8th floor of the Devonshire building, this 65 sqm unfurnished apartment is available from 1 April on a long-term ...",11163 m²,1,63 m²,,
1 Bedroom Apartment,R 18 300,18300,ZAR,Sea Point,166 Ocean View Dr,1,1,2,60 m²,https://www.property24.com/to-rent/sea-point/cape-town/western-cape/11021/114480174,https://www.property24.com/to-rent/cape-town/western-cape/432/p12?PropertyCategory=House%2cApartmentOrFlat%2cTownhouse,2026-02-09 12:25:16.234283,"Sunny one bedroom apartment located in upper Sea Point. 

Fully furnished with linen ...",11260 m²,2,60 m²,,
1 Bedroom Apartment,R 18 500,18500,ZAR,Green Point,,1,1,,50 m²,https://www.property24.com/to-rent/green-point/cape-town/western-cape/11017/116899821,https://www.property24.com/to-rent/cape-town/western-cape/432/p12?PropertyCategory=House%2cApartmentOrFlat%2cTownhouse,2026-02-09 12:25:16.234283,"Character-Filled One-Bedroom Apartment in the Heart of Green Point 

Set within one of Green Point’s classic, older buildings, this ...",1150 m²,1,50 m²,,
2 Bedroom Apartment,R 33 000,33000,ZAR,Sea Point,,2,1,,97 m²,https://www.property24.com/to-rent/sea-point/cape-town/western-cape/11021/116896483,https://www.property24.com/to-rent/cape-town/western-cape/432/p12?PropertyCategory=House%2cApartmentOrFlat%2cTownhouse,2026-02-09 12:25:16.234283,"Positioned in one of Sea Point’s most coveted addresses, this beautifully presented corner apartment offers an exceptional blend of ...",2197 m²,1,97 m²,,
2 Bedroom Apartment,R 40 000,40000,ZAR,Mouille Point,,2,1,1,91 m²,https://www.property24.com/to-rent/mouille-point/cape-town/western-cape/11018/116899784,https://www.property24.com/to-rent/cape-town/western-cape/432/p12?PropertyCategory=House%2cApartmentOrFlat%2cTownhouse,2026-02-09 12:25:16.234283,"This remodeled apartment offers all of the amenities of luxury beach front living. 

Spacious open plan living, dining and kitchen area ...",21191 m²,1,91 m²,,
5 Bedroom House,R 5 000,5000,ZAR,Maitland,21 Montague Road,5,1,2,731 m²,https://www.property24.com/to-rent/maitland/cape-town/western-cape/9153/116841579,https://www.property24.com/to-rent/cape-town/western-cape/432/p12?PropertyCategory=House%2cApartmentOrFlat%2cTownhouse,2026-02-09 12:25:16.234283,"Calling all students and single young professionals.

House share available in Maitland ...",512731 m²,2,731 m²,,
3 Bedroom House,R 55 000,55000,ZAR,Cape Farms,,3,3,4,270 m²,https://www.property24.com/to-rent/cape-farms/cape-town/western-cape/12693/116898430,https://www.property24.com/to-rent/cape-town/western-cape/432/p13?PropertyCategory=House%2cApartmentOrFlat%2cTownhouse,2026-02-09 12:25:16.234283,"Step into effortless, modern living with this fully furnished 3-bedroom, 2.5-bathroom home located in the sought-after Cape Farms area ...",334270 m²,4,270 m²,,
2 Bedroom Apartment,R 65 000,65000,ZAR,Sea Point,,2,2,2,112 m²,https://www.property24.com/to-rent/sea-point/cape-town/western-cape/11021/116838704,https://www.property24.com/to-rent/cape-town/western-cape/432/p13?PropertyCategory=House%2cApartmentOrFlat%2cTownhouse,2026-02-09 12:25:16.234283,"Set high on the 9th floor of the sought-after Station House, this opulent corner apartment epitomizes modern luxury living. The ...",222112 m²,2,112 m²,,
2 Bedroom Apartment,R 37 500,37500,ZAR,Gardens,173 Buitenkant,2,2,,76 m²,https://www.property24.com/to-rent/gardens/cape-town/western-cape/9145/116807083,https://www.property24.com/to-rent/cape-town/western-cape/432/p13?PropertyCategory=House%2cApartmentOrFlat%2cTownhouse,2026-02-09 12:25:16.234283,"This light and well-kept apartment sits opposite Gardens Centre, giving you easy access ...",2276 m²,2,76 m²,,
3 Bedroom Apartment,R 35 000,35000,ZAR,Claremont Upper,,3,2,2,116 m²,https://www.property24.com/to-rent/claremont-upper/cape-town/western-cape/14225/116896899,https://www.property24.com/to-rent/cape-town/western-cape/432/p13?PropertyCategory=House%2cApartmentOrFlat%2cTownhouse,2026-02-09 12:25:16.234283,"Live your best life in this executive duplex penthouse! To arrange a viewing, contact me now! 

Opportunities to rent a penthouse in ...",322116 m²,2,116 m²,,
1 Bedroom Apartment,R 13 000,13000,ZAR,Claremont,,1,1,1,53 m²,https://www.property24.com/to-rent/claremont/cape-town/western-cape/11741/116898517,https://www.property24.com/to-rent/cape-town/western-cape/432/p13?PropertyCategory=House%2cApartmentOrFlat%2cTownhouse,2026-02-09 12:25:16.234283,"- spacious living area which flows onto balcony
- kitchen includes built in stove, extractor fan and ample cupboard space
- plumbing ...",11153 m²,1,53 m²,,
2 Bedroom Apartment,R 14 950,14950,ZAR,Kenilworth,,2,1,1,125 m²,https://www.property24.com/to-rent/kenilworth/cape-town/western-cape/8669/115020478,https://www.property24.com/to-rent/cape-town/western-cape/432/p13?PropertyCategory=House%2cApartmentOrFlat%2cTownhouse,2026-02-09 12:25:16.234283,"Available 1 March 
Long-Term Lease Opportunity
Unfurnished

Discover the perfect space in the desirable Dennekamp complex, ideally ...",211125 m²,1,125 m²,,
2 Bedroom Apartment,R 27 000,27000,ZAR,Kenilworth Upper,"11 Oak Ave, Kenilworth",2,1,2,74 m²,https://www.property24.com/to-rent/kenilworth-upper/cape-town/western-cape/14224/116507683,https://www.property24.com/to-rent/cape-town/western-cape/432/p13?PropertyCategory=House%2cApartmentOrFlat%2cTownhouse,2026-02-09 12:25:16.234283,"Upper Kenilworth Oak Lodge Fully Renovated Gem. 
Highlights of this R250,000. newly ...",21274 m²,2,74 m²,,
1 Bedroom Apartment,R 22 000,22000,ZAR,Sea Point,,1,1,1,57 m²,https://www.property24.com/to-rent/sea-point/cape-town/western-cape/11021/116879415,https://www.property24.com/to-rent/cape-town/western-cape/432/p13?PropertyCategory=House%2cApartmentOrFlat%2cTownhouse,2026-02-09 12:25:16.234283,"1 Bedroom | 1 Bathroom | Sleeps 2

Available from 1 April | 12-Month Lease

Experience coastal city living at its finest with this ...",11157 m²,1,57 m²,,
2 Bedroom Apartment,R 35 000,35000,ZAR,Sea Point,,2,2,1,88 m²,https://www.property24.com/to-rent/sea-point/cape-town/western-cape/11021/116878887,https://www.property24.com/to-rent/cape-town/western-cape/432/p13?PropertyCategory=House%2cApartmentOrFlat%2cTownhouse,2026-02-09 12:25:16.234283,"Fully front-facing apartment (88sqm) in the sought-after Kingsgate.

Two bedrooms both with en-suite bathrooms. The master has a ...",22188 m²,1,88 m²,,
2 Bedroom Apartment,R 27 000,27000,ZAR,Sea Point,,2,1.5,1,93 m²,https://www.property24.com/to-rent/sea-point/cape-town/western-cape/11021/116455161,https://www.property24.com/to-rent/cape-town/western-cape/432/p13?PropertyCategory=House%2cApartmentOrFlat%2cTownhouse,2026-02-09 12:25:16.234283,"Newly renovated two bedroom unfurnished apartment available in the heart of Sea Point. Beautiful, gleaming wooden floors, high ...",21.5193 m²,1,93 m²,,
9 Bedroom House,R 7 000,7000,ZAR,Observatory,57 Arnold Street,9,5,6,,https://www.property24.com/to-rent/observatory/cape-town/western-cape/10157/114003565,https://www.property24.com/to-rent/cape-town/western-cape/432/p13?PropertyCategory=House%2cApartmentOrFlat%2cTownhouse,2026-02-09 12:25:16.234283,These lovely house is located perfectly within Observatory. On a quiet road but within ...,956,6,,,
3 Bedroom Apartment,R 23 100,23100,ZAR,Newlands,3 Letterstedt Rd,3,1,1,,https://www.property24.com/to-rent/newlands/cape-town/western-cape/8679/116505671,https://www.property24.com/to-rent/cape-town/western-cape/432/p13?PropertyCategory=House%2cApartmentOrFlat%2cTownhouse,2026-02-09 12:25:16.234283,"- 3 Bedrooms which include a bed, desk, built-in cupboards, and a study table
- The ...",311,1,,,
2 Bedroom House,R 10 500,10500,ZAR,Heideveld,51 Amber Street,2,1,,,https://www.property24.com/to-rent/heideveld/cape-town/western-cape/8726/116865864,https://www.property24.com/to-rent/cape-town/western-cape/432/p13?PropertyCategory=House%2cApartmentOrFlat%2cTownhouse,2026-02-09 12:25:16.234283,"Modern 2-Bedroom Home with Parking in Vanguard, Cape Town

This inviting two-bedroom ...",21,1,,,
2 Bedroom Apartment,R 28 000,28000,ZAR,Claremont Upper,"The Quadrant, Wilderness Road, Claremont",2,2,1,,https://www.property24.com/to-rent/claremont-upper/cape-town/western-cape/14225/116853274,https://www.property24.com/to-rent/cape-town/western-cape/432/p13?PropertyCategory=House%2cApartmentOrFlat%2cTownhouse,2026-02-09 12:25:16.234283,"Situated in an oak-lined cul de sac, close to Claremont CBD, Rondebosch and Newlands ...",221,1,,,
1 Bedroom Apartment,R 13 000,13000,ZAR,Claremont,,1,1,1,53 m²,https://www.property24.com/to-rent/claremont/cape-town/western-cape/11741/116775817,https://www.property24.com/to-rent/cape-town/western-cape/432/p13?PropertyCategory=House%2cApartmentOrFlat%2cTownhouse,2026-02-09 12:25:16.234283,"- spacious living area which flows onto balcony
- kitchen includes built in stove, extractor fan and ample cupboard space
- plumbing ...",11153 m²,1,53 m²,,
2 Bedroom Apartment,R 65 000,65000,ZAR,Waterfront,,2,2,2,117 m²,https://www.property24.com/to-rent/waterfront/cape-town/western-cape/9169/116856866,https://www.property24.com/to-rent/cape-town/western-cape/432/p13?PropertyCategory=House%2cApartmentOrFlat%2cTownhouse,2026-02-09 12:25:16.234283,"Set within the brand new exclusive and secure development, 5 Dock Road, within walking distance of the V&A Waterfront, 117m2 ...",222117 m²,2,117 m²,,
3 Bedroom House,R 17 000,17000,ZAR,Ottery,,3,2,1,600 m²,https://www.property24.com/to-rent/ottery/cape-town/western-cape/10090/116899262,https://www.property24.com/to-rent/cape-town/western-cape/432/p13?PropertyCategory=House%2cApartmentOrFlat%2cTownhouse,2026-02-09 12:25:16.234283,"AVAILABLE 1 MAY 

This family home has been refurbished inside, new cupboards, flooring, new bathrooms. 

This home offers: ...",321600 m²,1,600 m²,,
3 Bedroom House,R 110 000,110000,ZAR,Llandudno,,3,3.5,2,1 026 m²,https://www.property24.com/to-rent/llandudno/cape-town/western-cape/9118/116878463,https://www.property24.com/to-rent/cape-town/western-cape/432/p13?PropertyCategory=House%2cApartmentOrFlat%2cTownhouse,2026-02-09 12:25:16.234283,"Gum Tree House
A place to arrive. To breathe. To stay. In Llandudno, Cape Town becomes quieter. From the Gumtree House, the view opens ...",33.521 026 m²,2,1 026 m²,,
3 Bedroom House,R 26 200,26200,ZAR,Claremont,,3,3,1,488 m²,https://www.property24.com/to-rent/claremont/cape-town/western-cape/11741/104987196,https://www.property24.com/to-rent/cape-town/western-cape/432/p13?PropertyCategory=House%2cApartmentOrFlat%2cTownhouse,2026-02-09 12:25:16.234283,This spacious family home has a large living area with high ceilings and original woodblock floors. The bedrooms have built in ...,331488 m²,1,488 m²,,
1 Bedroom Apartment,R 21 000,21000,ZAR,Green Point,,1,1,,51 m²,https://www.property24.com/to-rent/green-point/cape-town/western-cape/11017/116881146,https://www.property24.com/to-rent/cape-town/western-cape/432/p13?PropertyCategory=House%2cApartmentOrFlat%2cTownhouse,2026-02-09 12:25:16.234283,"This lovely one-bedroom, one-bathroom apartment offers a spacious living area that feels warm and inviting, perfect for relaxing or ...",1151 m²,1,51 m²,,
2 Bedroom Apartment,R 27 000,27000,ZAR,Sea Point,"Chatsworth, 67 Main Road",2,1.5,1,93 m²,https://www.property24.com/to-rent/sea-point/cape-town/western-cape/11021/116462410,https://www.property24.com/to-rent/cape-town/western-cape/432/p13?PropertyCategory=House%2cApartmentOrFlat%2cTownhouse,2026-02-09 12:25:16.234283,Newly renovated two-bedroom apartment available in the heart of Sea Point. With ...,21.5193 m²,1,93 m²,,
1 Bedroom Apartment,R 19 500,19500,ZAR,Gardens,,1,1,1,61 m²,https://www.property24.com/to-rent/gardens/cape-town/western-cape/9145/113001325,https://www.property24.com/to-rent/cape-town/western-cape/432/p14?PropertyCategory=House%2cApartmentOrFlat%2cTownhouse,2026-02-09 12:25:16.234283,"This beautiful 1-bedroom, 1-bathroom corner unit in the renowned Wembley Square is available for long-term rental from March 1, 2026. ...",11161 m²,1,61 m²,,
2 Bedroom Apartment,R 25 000,25000,ZAR,Cape Town City Centre,,2,2,1,99 m²,https://www.property24.com/to-rent/cape-town-city-centre/cape-town/western-cape/9138/114031934,https://www.property24.com/to-rent/cape-town/western-cape/432/p14?PropertyCategory=House%2cApartmentOrFlat%2cTownhouse,2026-02-09 12:25:16.234283,"Two-bedroom, two-bathroom residence located in the heart of Cape Town's vibrant city center. This exquisite apartment offers the ...",22199 m²,1,99 m²,,
1 Bedroom Apartment,R 25 000,25000,ZAR,Vredehoek,,1,1,1,120 m²,https://www.property24.com/to-rent/vredehoek/cape-town/western-cape/9166/116876640,https://www.property24.com/to-rent/cape-town/western-cape/432/p14?PropertyCategory=House%2cApartmentOrFlat%2cTownhouse,2026-02-09 12:25:16.234283,"Private Garden Living in the Heart of Vredehoek, a rare furnished one bedroom ground floor apartment offering exceptional privacy ...",111120 m²,1,120 m²,,
1 Bedroom Apartment,R 15 000,15000,ZAR,Cape Town City Centre,47 47 Buitenkant St,1,1,1,,https://www.property24.com/to-rent/cape-town-city-centre/cape-town/western-cape/9138/116851186,https://www.property24.com/to-rent/cape-town/western-cape/432/p14?PropertyCategory=House%2cApartmentOrFlat%2cTownhouse,2026-02-09 12:25:16.234283,This stylish semi-furnished 1-bedroom apartment is perfectly positioned on the 10th ...,111,1,,,
2 Bedroom Apartment,R 16 500,16500,ZAR,Diep River,167 Main Road,2,2,1,60 m²,https://www.property24.com/to-rent/diep-river/cape-town/western-cape/10195/116836728,https://www.property24.com/to-rent/cape-town/western-cape/432/p14?PropertyCategory=House%2cApartmentOrFlat%2cTownhouse,2026-02-09 12:25:16.234283,"Ergonomically designed by master architect, Sebastian van Greunen, these beautiful ...",22160 m²,1,60 m²,,
3 Bedroom Apartment,R 30 000,30000,ZAR,Muizenberg,4 Atlantic Road,3,2.5,1,,https://www.property24.com/to-rent/muizenberg/cape-town/western-cape/9025/116840095,https://www.property24.com/to-rent/cape-town/western-cape/432/p14?PropertyCategory=House%2cApartmentOrFlat%2cTownhouse,2026-02-09 12:25:16.234283,Discover the perfect blend of modern living and coastal charm in this contemporary ...,32.51,1,,,
1 Bedroom Apartment,R 18 000,18000,ZAR,Muizenberg,,1,1,1,49 m²,https://www.property24.com/to-rent/muizenberg/cape-town/western-cape/9025/116879994,https://www.property24.com/to-rent/cape-town/western-cape/432/p14?PropertyCategory=House%2cApartmentOrFlat%2cTownhouse,2026-02-09 12:25:16.234283,"Welcome to your future coastal retreat! Presenting a brand-new, one-bedroom apartment nestled in the heart of Muizenberg, Western Cape ...",11149 m²,1,49 m²,,
3 Bedroom Apartment,R 8 000,8000,ZAR,Rosebank,,3,1,1,65 m²,https://www.property24.com/to-rent/rosebank/cape-town/western-cape/8683/116895226,https://www.property24.com/to-rent/cape-town/western-cape/432/p14?PropertyCategory=House%2cApartmentOrFlat%2cTownhouse,2026-02-09 12:25:16.234283,"3-Bedroom Apartment to Rent | Trelawney, Rosebank | Fully furnished | Flatshare 

This 3-bedroom apartment at Trelawney, Rosebank is ...",31165 m²,1,65 m²,,
2 Bedroom Apartment,R 27 000,27000,ZAR,Cape Town City Centre,,2,2,1,87 m²,https://www.property24.com/to-rent/cape-town-city-centre/cape-town/western-cape/9138/116873715,https://www.property24.com/to-rent/cape-town/western-cape/432/p14?PropertyCategory=House%2cApartmentOrFlat%2cTownhouse,2026-02-09 12:25:16.234283,"A fully furnished 2-bed, 2-bath apartment in the iconic Piazza on Church Square, right in the heart of Cape Town’s City Centre.

Move ...",22187 m²,1,87 m²,,
3 Bedroom Townhouse,R 23 000,23000,ZAR,Plumstead,,3,1.5,2,139 m²,https://www.property24.com/to-rent/plumstead/cape-town/western-cape/10094/116884322,https://www.property24.com/to-rent/cape-town/western-cape/432/p14?PropertyCategory=House%2cApartmentOrFlat%2cTownhouse,2026-02-09 12:25:16.234283,"This well located double-storey townhouse offers comfortable family living with lovely mountain views.

Upstairs features three ...",31.52139 m²,2,139 m²,,
2 Bedroom Apartment,R 35 000,35000,ZAR,Camps Bay,,2,1,1,77 m²,https://www.property24.com/to-rent/camps-bay/cape-town/western-cape/11014/116877581,https://www.property24.com/to-rent/cape-town/western-cape/432/p14?PropertyCategory=House%2cApartmentOrFlat%2cTownhouse,2026-02-09 12:25:16.234283,"A beautifully appointed furnished and equipped 2 bedroom 1 bathroom apartment nestled in a secure, well managed complex in the ...",21177 m²,1,77 m²,,
2 Bedroom Apartment,R 30 000,30000,ZAR,Sea Point,,2,1,,65 m²,https://www.property24.com/to-rent/sea-point/cape-town/western-cape/11021/116198708,https://www.property24.com/to-rent/cape-town/western-cape/432/p14?PropertyCategory=House%2cApartmentOrFlat%2cTownhouse,2026-02-09 12:25:16.234283,"This  2-bedroom, 1-bathroom apartment offers a great blend of comfort and a fantastic location, perfect for someone looking to enjoy ...",2165 m²,1,65 m²,,
2 Bedroom Apartment,R 17 400,17400,ZAR,Rondebosch,"143 Main Road, Rondebosch, Cape Town",2,1,1,100 m²,https://www.property24.com/to-rent/rondebosch/cape-town/western-cape/8682/106869199,https://www.property24.com/to-rent/cape-town/western-cape/432/p14?PropertyCategory=House%2cApartmentOrFlat%2cTownhouse,2026-02-09 12:25:16.234283,Spacious rooms. Stunning communal garden. Large enclosed balcony. Fibre Wi-Fi ...,211100 m²,1,100 m²,,
1 Bedroom Apartment,R 14 000,14000,ZAR,Woodstock,,1,1,1,45 m²,https://www.property24.com/to-rent/woodstock/cape-town/western-cape/10164/116882510,https://www.property24.com/to-rent/cape-town/western-cape/432/p14?PropertyCategory=House%2cApartmentOrFlat%2cTownhouse,2026-02-09 12:25:16.234283,"This modern bachelor unit in one of Cape Town's most popular and well equipped apartment blocks, Wex 1.

As you walk into the ...",11145 m²,1,45 m²,,
2 Bedroom Apartment,R 17 500,17500,ZAR,Kenilworth Upper,,2,2,1,67 m²,https://www.property24.com/to-rent/kenilworth-upper/cape-town/western-cape/14224/116901401,https://www.property24.com/to-rent/cape-town/western-cape/432/p14?PropertyCategory=House%2cApartmentOrFlat%2cTownhouse,2026-02-09 12:25:16.234283,"Modern 2-bedroom, 2-bathroom apartment available at 82 on Harfield, 24-hour security block in Upper Kenilworth.  Secure lock-up-and-go ...",22167 m²,1,67 m²,,
Apartment,R 14 500,14500,ZAR,Kenilworth,,,1,1,40 m²,https://www.property24.com/to-rent/kenilworth/cape-town/western-cape/8669/116877326,https://www.property24.com/to-rent/cape-town/western-cape/432/p14?PropertyCategory=House%2cApartmentOrFlat%2cTownhouse,2026-02-09 12:25:16.234283,"Modern Unfurnished  Apartment situated in the desirable 82 on Harfield development 

Lounge which leads onto your own private, sunny ...",1140 m²,1,40 m²,,
1 Bedroom Apartment,R 25 000,25000,ZAR,Waterfront,1 Dockrail Road,1,1,1,62 m²,https://www.property24.com/to-rent/waterfront/cape-town/western-cape/9169/106893553,https://www.property24.com/to-rent/cape-town/western-cape/432/p14?PropertyCategory=House%2cApartmentOrFlat%2cTownhouse,2026-02-09 12:25:16.234283,Fully furnished one bedroom apartment available for long term rental in the magnificent ...,11162 m²,1,62 m²,,
2 Bedroom Apartment,R 15 000,15000,ZAR,Dreyersdal Estate,"2 Mont Bleu, 7 The Close",2,1,1,60 m²,https://www.property24.com/to-rent/dreyersdal-estate/cape-town/western-cape/9049/106157213,https://www.property24.com/to-rent/cape-town/western-cape/432/p14?PropertyCategory=House%2cApartmentOrFlat%2cTownhouse,2026-02-09 12:25:16.234283,"2 bedroom cosy apartment in the Close, Tokai , offers lovely mountain views from the 1st ...",21160 m²,1,60 m²,,
2 Bedroom Apartment,R 16 500,16500,ZAR,Diep River,167 Main Road,2,2,1,60 m²,https://www.property24.com/to-rent/diep-river/cape-town/western-cape/10195/111467645,https://www.property24.com/to-rent/cape-town/western-cape/432/p14?PropertyCategory=House%2cApartmentOrFlat%2cTownhouse,2026-02-09 12:25:16.234283,"Ergonomically designed by master architect, Sebastian van Greunen, these beautiful ...",22160 m²,1,60 m²,,
2 Bedroom Apartment,R 20 000,20000,ZAR,Observatory,,2,2,2,62 m²,https://www.property24.com/to-rent/observatory/cape-town/western-cape/10157/116879803,https://www.property24.com/to-rent/cape-town/western-cape/432/p14?PropertyCategory=House%2cApartmentOrFlat%2cTownhouse,2026-02-09 12:25:16.234283,"Fully Furnished Apartment in secure Obs Court, Observatory

This well-maintained fully furnished apartment offers comfortable long-term ...",22262 m²,2,62 m²,,
2 Bedroom Apartment,R 32 000,32000,ZAR,Constantia,"No.8, Glendyrr Walk, Barbarossa Constantia",2,2,1,110 m²,https://www.property24.com/to-rent/constantia/cape-town/western-cape/11742/109143838,https://www.property24.com/to-rent/cape-town/western-cape/432/p14?PropertyCategory=House%2cApartmentOrFlat%2cTownhouse,2026-02-09 12:25:16.234283,"The Willow suite apartment is above the main house, with private entrance onto an open ...",221110 m²,1,110 m²,,
2 Bedroom Apartment,R 25 000,25000,ZAR,Muizenberg,176 Main Road,2,2,2,,https://www.property24.com/to-rent/muizenberg/cape-town/western-cape/9025/116839765,https://www.property24.com/to-rent/cape-town/western-cape/432/p15?PropertyCategory=House%2cApartmentOrFlat%2cTownhouse,2026-02-09 12:25:16.234283,"Welcome to this charming apartment in the heart of Muizenberg, Cape Town. This ...",222,2,,,
2 Bedroom Apartment,R 30 000,30000,ZAR,Green Point,"8 York Road, Green Point",2,1,1,91 m²,https://www.property24.com/to-rent/green-point/cape-town/western-cape/11017/116869085,https://www.property24.com/to-rent/cape-town/western-cape/432/p15?PropertyCategory=House%2cApartmentOrFlat%2cTownhouse,2026-02-09 12:25:16.234283,This beautiful and sun-lit two bedroom apartment in Green Point is located on the fourth ...,21191 m²,1,91 m²,,
2 Bedroom Apartment,R 17 300,17300,ZAR,Wynberg Upper,,2,1.5,2,74 m²,https://www.property24.com/to-rent/wynberg-upper/cape-town/western-cape/10102/115370738,https://www.property24.com/to-rent/cape-town/western-cape/432/p15?PropertyCategory=House%2cApartmentOrFlat%2cTownhouse,2026-02-09 12:25:16.234283,"This apartment is freshly painted and neat as a pin. Spacious kitchen with ample cupboard space, built-in hob and oven, and fittings ...",21.5274 m²,2,74 m²,,
3 Bedroom House,R 80 000,80000,ZAR,Higgovale,,3,3,1,286 m²,https://www.property24.com/to-rent/higgovale/cape-town/western-cape/9149/114307424,https://www.property24.com/to-rent/cape-town/western-cape/432/p15?PropertyCategory=House%2cApartmentOrFlat%2cTownhouse,2026-02-09 12:25:16.234283,"Check out this cozy yet stylish pad in Higgovale available for long-term rental! This fully furnished, double-storey home is a gem ...",331286 m²,1,286 m²,,
3 Bedroom House,R 44 000,44000,ZAR,Tamboerskloof,,3,2,,400 m²,https://www.property24.com/to-rent/tamboerskloof/cape-town/western-cape/9163/106279732,https://www.property24.com/to-rent/cape-town/western-cape/432/p15?PropertyCategory=House%2cApartmentOrFlat%2cTownhouse,2026-02-09 12:25:16.234283,"Boutique Bauhaus-Victorian sanctuary 

A rare urban retreat 
Available for long-term lease, Lee-Sha is a home that truly lives up to ...",32400 m²,2,400 m²,,
8 Bedroom House,R 8 500,8500,ZAR,Rondebosch,53 Jamieson Rd,8,7,6,490 m²,https://www.property24.com/to-rent/rondebosch/cape-town/western-cape/8682/111478351,https://www.property24.com/to-rent/cape-town/western-cape/432/p15?PropertyCategory=House%2cApartmentOrFlat%2cTownhouse,2026-02-09 12:25:16.234283,Luxury Living for Rondebosch Students. Great spacious room & entertainment area in ...,876490 m²,6,490 m²,,
3 Bedroom Apartment,R 75 000,75000,ZAR,Sea Point,,3,3,1,144 m²,https://www.property24.com/to-rent/sea-point/cape-town/western-cape/11021/116819838,https://www.property24.com/to-rent/cape-town/western-cape/432/p15?PropertyCategory=House%2cApartmentOrFlat%2cTownhouse,2026-02-09 12:25:16.234283,"Set within one of Sea Point’s most exclusive contemporary developments, this beautifully furnished apartment offers refined, easy ...",331144 m²,1,144 m²,,
1 Bedroom Apartment,R 17 000,17000,ZAR,Bakoven,,1,1,,71 m²,https://www.property24.com/to-rent/bakoven/cape-town/western-cape/11012/116892824,https://www.property24.com/to-rent/cape-town/western-cape/432/p15?PropertyCategory=House%2cApartmentOrFlat%2cTownhouse,2026-02-09 12:25:16.234283,"1.5 Bedroom Apartment in Prime Location

Spacious and furnished 1.5-bedroom apartment with private entrance, forming part of a house ...",1171 m²,1,71 m²,,
2 Bedroom Apartment,R 26 594,26594,ZAR,Green Point,,2,2,2,81 m²,https://www.property24.com/to-rent/green-point/cape-town/western-cape/11017/116891364,https://www.property24.com/to-rent/cape-town/western-cape/432/p15?PropertyCategory=House%2cApartmentOrFlat%2cTownhouse,2026-02-09 12:25:16.234283,"This stylish and spacious apartment is ideally located in the heart of Green Point, offering secure and convenient city living.

The ...",22281 m²,2,81 m²,,
1 Bedroom Apartment,R 12 500,12500,ZAR,Rosebank,,1,1,1,73 m²,https://www.property24.com/to-rent/rosebank/cape-town/western-cape/8683/116872359,https://www.property24.com/to-rent/cape-town/western-cape/432/p15?PropertyCategory=House%2cApartmentOrFlat%2cTownhouse,2026-02-09 12:25:16.234283,"*Exclusive Sole Mandate*
**First Viewing Session Friday 6th February from 5PM - 6PM** (Please note that this viewing is fully ...",11173 m²,1,73 m²,,
2 Bedroom Apartment,R 63 500,63500,ZAR,Three Anchor Bay,"8 Battery Crescent , The Marlo",2,2,2,98 m²,https://www.property24.com/to-rent/three-anchor-bay/cape-town/western-cape/11022/116808164,https://www.property24.com/to-rent/cape-town/western-cape/432/p15?PropertyCategory=House%2cApartmentOrFlat%2cTownhouse,2026-02-09 12:25:16.234283,"Luxurious 2 bedroom apartment with panoramic ocean and mountain view in a new, safe and ...",22298 m²,2,98 m²,,
3 Bedroom House,R 27 500,27500,ZAR,Gardens,,3,1,1,206 m²,https://www.property24.com/to-rent/gardens/cape-town/western-cape/9145/116872745,https://www.property24.com/to-rent/cape-town/western-cape/432/p15?PropertyCategory=House%2cApartmentOrFlat%2cTownhouse,2026-02-09 12:25:16.234283,"Discover the charm of this unfurnished heritage cottage, perfectly situated in a prime location in a quiet street just off Kloof ...",311206 m²,1,206 m²,,
3 Bedroom House,R 28 300,28300,ZAR,Rondebosch,,3,2,2,260 m²,https://www.property24.com/to-rent/rondebosch/cape-town/western-cape/8682/112750472,https://www.property24.com/to-rent/cape-town/western-cape/432/p15?PropertyCategory=House%2cApartmentOrFlat%2cTownhouse,2026-02-09 12:25:16.234283,"This charming 3 bedroom, North facing home is perfect for a young family. 

Centrally located in Rondebosch and walking distance to ...",322260 m²,2,260 m²,,
2 Bedroom Apartment,R 27 500,27500,ZAR,Three Anchor Bay,,2,2,1,120 m²,https://www.property24.com/to-rent/three-anchor-bay/cape-town/western-cape/11022/116054711,https://www.property24.com/to-rent/cape-town/western-cape/432/p15?PropertyCategory=House%2cApartmentOrFlat%2cTownhouse,2026-02-09 12:25:16.234283,"Available 1 April 2025 | Furnished | 12-Month Lease

This stylish and sunlit 2-bedroom, 2-bathroom apartment is perfectly positioned on ...",221120 m²,1,120 m²,,
1 Bedroom Apartment,R 28 500,28500,ZAR,Mouille Point,"402 Monterey, 78 Bay Road",1,1,1,71 m²,https://www.property24.com/to-rent/mouille-point/cape-town/western-cape/11018/116774566,https://www.property24.com/to-rent/cape-town/western-cape/432/p15?PropertyCategory=House%2cApartmentOrFlat%2cTownhouse,2026-02-09 12:25:16.234283,"Situated in the sought-after suburb of Mouille Point, this beautifully presented ...",11171 m²,1,71 m²,,
1 Bedroom House,R 10 000,10000,ZAR,Bo Kaap,62 Bryant St,1,2,,66 m²,https://www.property24.com/to-rent/bo-kaap/cape-town/western-cape/9136/115692412,https://www.property24.com/to-rent/cape-town/western-cape/432/p15?PropertyCategory=House%2cApartmentOrFlat%2cTownhouse,2026-02-09 12:25:16.234283,Schoonzicht is a beautiful four bedroom house in the Bo-kaap. The boundary wall being ...,1266 m²,2,66 m²,,
0.5 Bedroom Apartment,R 16 500,16500,ZAR,Gardens,,0.5,1,1,40 m²,https://www.property24.com/to-rent/gardens/cape-town/western-cape/9145/115910716,https://www.property24.com/to-rent/cape-town/western-cape/432/p15?PropertyCategory=House%2cApartmentOrFlat%2cTownhouse,2026-02-09 12:25:16.234283,"Available 1 May to end October or November

4 to 7 month lease only

Modern Fully Furnished Studio Apartment

1 Bed | 1 Bath | Secure ...",0.51140 m²,1,40 m²,,
2 Bedroom Apartment,R 20 000,20000,ZAR,Kenilworth Upper,"254 Main Road, Claremont",2,1,4,89 m²,https://www.property24.com/to-rent/kenilworth-upper/cape-town/western-cape/14224/116890550,https://www.property24.com/to-rent/cape-town/western-cape/432/p15?PropertyCategory=House%2cApartmentOrFlat%2cTownhouse,2026-02-09 12:25:16.234283,"Two-Bedroom, 1-Bathroom Apartment

A rare find in established Kenilworth Upper. This ...",21489 m²,4,89 m²,,
1 Bedroom Apartment,R 15 000,15000,ZAR,Claremont,,1,1,1,64 m²,https://www.property24.com/to-rent/claremont/cape-town/western-cape/11741/116891639,https://www.property24.com/to-rent/cape-town/western-cape/432/p15?PropertyCategory=House%2cApartmentOrFlat%2cTownhouse,2026-02-09 12:25:16.234283,"Semi-Furnished Rental Available Immediately in Seven Miles South

Newly Renovated large flat in sought-after block with ...",11164 m²,1,64 m²,,
2 Bedroom Apartment,R 16 500,16500,ZAR,Kenilworth,,2,1,1,79 m²,https://www.property24.com/to-rent/kenilworth/cape-town/western-cape/8669/116687039,https://www.property24.com/to-rent/cape-town/western-cape/432/p15?PropertyCategory=House%2cApartmentOrFlat%2cTownhouse,2026-02-09 12:25:16.234283,"Set in the well-maintained Lisanore complex on Main Road, Kenilworth, this lovely unfurnished two-bedroom apartment offers a perfect ...",21179 m²,1,79 m²,,
2 Bedroom Apartment,R 16 500,16500,ZAR,Kenilworth,,2,1,1,79 m²,https://www.property24.com/to-rent/kenilworth/cape-town/western-cape/8669/116879354,https://www.property24.com/to-rent/cape-town/western-cape/432/p15?PropertyCategory=House%2cApartmentOrFlat%2cTownhouse,2026-02-09 12:25:16.234283,"Set in the well-maintained Lisanore complex on Main Road, Kenilworth, this lovely unfurnished two-bedroom apartment offers a perfect ...",21179 m²,1,79 m²,,
5 Bedroom House,R 135 000,135000,ZAR,Bishopscourt,,5,3,5,6 730 m²,https://www.property24.com/to-rent/bishopscourt/cape-town/western-cape/8661/113139717,https://www.property24.com/to-rent/cape-town/western-cape/432/p16?PropertyCategory=House%2cApartmentOrFlat%2cTownhouse,2026-02-09 12:25:16.234283,"Welcome to this exquisite 5-bedroom home located on Canterbury Drive, where luxury and comfort blend seamlessly. Boasting 3 bathrooms ...",5356 730 m²,5,6 730 m²,,
2 Bedroom House,R 55 000,55000,ZAR,Green Point,,2,2,,150 m²,https://www.property24.com/to-rent/green-point/cape-town/western-cape/11017/116715345,https://www.property24.com/to-rent/cape-town/western-cape/432/p16?PropertyCategory=House%2cApartmentOrFlat%2cTownhouse,2026-02-09 12:25:16.234283,"Available: 1 March 2026 to 30 November 2026 Only

This exquisite ""townhome"" in a quiet cobbled road in sought -after and ...",22150 m²,2,150 m²,,
Apartment,R 20 000,20000,ZAR,Cape Town City Centre,,,1,1,72 m²,https://www.property24.com/to-rent/cape-town-city-centre/cape-town/western-cape/9138/116878883,https://www.property24.com/to-rent/cape-town/western-cape/432/p16?PropertyCategory=House%2cApartmentOrFlat%2cTownhouse,2026-02-09 12:25:16.234283,"Experience urban living in this newly renovated studio apartment, perfectly blending classic art deco charm with modern ...",1172 m²,1,72 m²,,
5 Bedroom Apartment,R 110 000,110000,ZAR,Mouille Point,,5,5,2,427 m²,https://www.property24.com/to-rent/mouille-point/cape-town/western-cape/11018/116868658,https://www.property24.com/to-rent/cape-town/western-cape/432/p16?PropertyCategory=House%2cApartmentOrFlat%2cTownhouse,2026-02-09 12:25:16.234283,"Welcome to this magnificent 5 bedrooms 5 bathrooms Penthouse spread over 2 levels with 3 receptions areas, open plan kitchen as well as ...",552427 m²,2,427 m²,,
1 Bedroom Townhouse,R 24 750,24750,ZAR,Bakoven,11b Rottingdean Road,1,1,1,150 m²,https://www.property24.com/to-rent/bakoven/cape-town/western-cape/11012/108483896,https://www.property24.com/to-rent/cape-town/western-cape/432/p16?PropertyCategory=House%2cApartmentOrFlat%2cTownhouse,2026-02-09 12:25:16.234283,"This Spacious, sunny & secure freestanding 80m2 Guest Apartment/Cottage with its ...",111150 m²,1,150 m²,,
2 Bedroom Apartment,R 44 995,44995,ZAR,Mouille Point,,2,2,1,123 m²,https://www.property24.com/to-rent/mouille-point/cape-town/western-cape/11018/116884078,https://www.property24.com/to-rent/cape-town/western-cape/432/p16?PropertyCategory=House%2cApartmentOrFlat%2cTownhouse,2026-02-09 12:25:16.234283,"Set in the heart of Mouille Point, this well-positioned unfurnished two-bedroom apartment offers contemporary coastal living within a ...",221123 m²,1,123 m²,,
3 Bedroom House,R 55 000,55000,ZAR,Newlands,,3,2,1,495 m²,https://www.property24.com/to-rent/newlands/cape-town/western-cape/8679/116890882,https://www.property24.com/to-rent/cape-town/western-cape/432/p16?PropertyCategory=House%2cApartmentOrFlat%2cTownhouse,2026-02-09 12:25:16.234283,"Light-filled 3-bedroom, 2-bathroom home with incredible mountain views, well suited to relaxed family living. Situated in the heart of ...",321495 m²,1,495 m²,,
2 Bedroom Apartment,R 2 500per day,2500,ZAR,Muizenberg,,2,2,1,76 m²,https://www.property24.com/to-rent/muizenberg/cape-town/western-cape/9025/116839094,https://www.property24.com/to-rent/cape-town/western-cape/432/p16?PropertyCategory=House%2cApartmentOrFlat%2cTownhouse,2026-02-09 12:25:16.234283,"Welcome to this charming apartment located in the picturesque Muizenberg area of Cape Town, Western Cape. This modern residence ...",22176 m²,1,76 m²,,per day
2 Bedroom Apartment,R 13 000,13000,ZAR,Thornton,,2,1,,82 m²,https://www.property24.com/to-rent/thornton/cape-town/western-cape/8112/116250585,https://www.property24.com/to-rent/cape-town/western-cape/432/p16?PropertyCategory=House%2cApartmentOrFlat%2cTownhouse,2026-02-09 12:25:16.234283,"Welcome to this very spacious 2-bedroom unit located  in Charles Court, Thornton.

As you step into this spacious apartment, you are ...",2182 m²,1,82 m²,,
1 Bedroom Apartment,R 10 500,10500,ZAR,Pinelands,,1,1,1,55 m²,https://www.property24.com/to-rent/pinelands/cape-town/western-cape/8017/116138577,https://www.property24.com/to-rent/cape-town/western-cape/432/p16?PropertyCategory=House%2cApartmentOrFlat%2cTownhouse,2026-02-09 12:25:16.234283,"Modern, master built cottage on shared property.
Suitable for a single person only. 
Not suitable for work from home.
Smoking not ...",11155 m²,1,55 m²,,
1 Bedroom Apartment,R 19 500,19500,ZAR,Cape Town City Centre,11 Christiaan Barnard St,1,1,1,51 m²,https://www.property24.com/to-rent/cape-town-city-centre/cape-town/western-cape/9138/112775600,https://www.property24.com/to-rent/cape-town/western-cape/432/p16?PropertyCategory=House%2cApartmentOrFlat%2cTownhouse,2026-02-09 12:25:16.234283,"1 bedroom apartment at Harbour Arch

This modern and spacious apartment features an ...",11151 m²,1,51 m²,,
2 Bedroom Apartment,R 16 000,16000,ZAR,Muizenberg,15 St Georges St,2,1,1,58 m²,https://www.property24.com/to-rent/muizenberg/cape-town/western-cape/9025/116174733,https://www.property24.com/to-rent/cape-town/western-cape/432/p16?PropertyCategory=House%2cApartmentOrFlat%2cTownhouse,2026-02-09 12:25:16.234283,The apartment is fully furnished and has a fully fitted kitchen with an open plan lounge ...,21158 m²,1,58 m²,,
1 Bedroom Apartment,R 11 250,11250,ZAR,Cape Farms,Rooiheuwel Rd Cape Farms,1,1,1,43 m²,https://www.property24.com/to-rent/cape-farms/cape-town/western-cape/12693/115980404,https://www.property24.com/to-rent/cape-town/western-cape/432/p16?PropertyCategory=House%2cApartmentOrFlat%2cTownhouse,2026-02-09 12:25:16.234283,"1 Bedroom Apartment for Rent in De Aan-Zicht, Richwood, Milnerton

Property Details
- ...",11143 m²,1,43 m²,,
1 Bedroom Apartment,R 6 000,6000,ZAR,Mowbray,5 Upper Durban Road,1,1,,,https://www.property24.com/to-rent/mowbray/cape-town/western-cape/8677/116891200,https://www.property24.com/to-rent/cape-town/western-cape/432/p16?PropertyCategory=House%2cApartmentOrFlat%2cTownhouse,2026-02-09 12:25:16.234283,"Furnished
Includes wifi
Walking distance to all transport, jammie and uct.
To share ...",11,1,,,
5 Bedroom House,R 35 000,35000,ZAR,Rondebosch,13 Balintore Rd,5,3,2,,https://www.property24.com/to-rent/rondebosch/cape-town/western-cape/8682/116833016,https://www.property24.com/to-rent/cape-town/western-cape/432/p16?PropertyCategory=House%2cApartmentOrFlat%2cTownhouse,2026-02-09 12:25:16.234283,"Rental R35 000 monthly 
(water, electricity and effluent are for the tenant's ...",532,2,,,
4 Bedroom Apartment,R 120 000,120000,ZAR,Green Point,,4,4,3,354 m²,https://www.property24.com/to-rent/green-point/cape-town/western-cape/11017/116876396,https://www.property24.com/to-rent/cape-town/western-cape/432/p16?PropertyCategory=House%2cApartmentOrFlat%2cTownhouse,2026-02-09 12:25:16.234283,"An exceptional full-floor apartment offering rare scale, privacy and sweeping views across Green Point Park, the harbour and Robben ...",443354 m²,3,354 m²,,
5 Bedroom House,R 120 000,120000,ZAR,Camps Bay,123 Victoria Road,5,4,2,250 m²,https://www.property24.com/to-rent/camps-bay/cape-town/western-cape/11014/116830221,https://www.property24.com/to-rent/cape-town/western-cape/432/p16?PropertyCategory=House%2cApartmentOrFlat%2cTownhouse,2026-02-09 12:25:16.234283,"A beautiful Camps Bay property featuring breathtaking sea views, stylish living areas ...",542250 m²,2,250 m²,,
1 Bedroom Apartment,R 9 000,9000,ZAR,Elfindale,,1,1,,42 m²,https://www.property24.com/to-rent/elfindale/cape-town/western-cape/10170/116883323,https://www.property24.com/to-rent/cape-town/western-cape/432/p16?PropertyCategory=House%2cApartmentOrFlat%2cTownhouse,2026-02-09 12:25:16.234283,"Situated in a quiet pocket of Punts Estate, Elfindale, this neat and well-maintained separate entrance offers comfortable, private ...",1142 m²,1,42 m²,,
2 Bedroom House,R 55 000,55000,ZAR,Green Point,,2,2,,150 m²,https://www.property24.com/to-rent/green-point/cape-town/western-cape/11017/114061874,https://www.property24.com/to-rent/cape-town/western-cape/432/p16?PropertyCategory=House%2cApartmentOrFlat%2cTownhouse,2026-02-09 12:25:16.234283,"Available: 1 March 2026 to 30 November 2026 Only

This exquisite ""townhome"" in a quiet cobbled road in sought -after and ...",22150 m²,2,150 m²,,
2 Bedroom Townhouse,R 17 000,17000,ZAR,Kenilworth,,2,1,1,,https://www.property24.com/to-rent/kenilworth/cape-town/western-cape/8669/115642171,https://www.property24.com/to-rent/cape-town/western-cape/432/p16?PropertyCategory=House%2cApartmentOrFlat%2cTownhouse,2026-02-09 12:25:16.234283,"Upstairs consists of: 
Main bedroom with built-in cupboards. Private balcony. New parquet flooring (throughout).
Sunny second bedroom ...",211,1,,,
Apartment,R 13 000,13000,ZAR,Cape Town City Centre,,,,,47 m²,https://www.property24.com/to-rent/cape-town-city-centre/cape-town/western-cape/9138/116872899,https://www.property24.com/to-rent/cape-town/western-cape/432/p16?PropertyCategory=House%2cApartmentOrFlat%2cTownhouse,2026-02-09 12:25:16.234283,"This apartment is perfect for students, couples and young professionals. It caters to work-from-home lifestyles.

Rent: R 13 000 ...",47 m²,,47 m²,,
1 Bedroom Apartment,R 25 000,25000,ZAR,Cape Town City Centre,37 Buitenkant Street,1,1,1,102 m²,https://www.property24.com/to-rent/cape-town-city-centre/cape-town/western-cape/9138/116868915,https://www.property24.com/to-rent/cape-town/western-cape/432/p17?PropertyCategory=House%2cApartmentOrFlat%2cTownhouse,2026-02-09 12:25:16.234283,Beautifully fully furnished & equipped creative New York style apartment in the ...,111102 m²,1,102 m²,,
1 Bedroom Apartment,R 17 800,17800,ZAR,Cape Town City Centre,,1,1,1,40 m²,https://www.property24.com/to-rent/cape-town-city-centre/cape-town/western-cape/9138/116757837,https://www.property24.com/to-rent/cape-town/western-cape/432/p17?PropertyCategory=House%2cApartmentOrFlat%2cTownhouse,2026-02-09 12:25:16.234283,Luxury 1-Bedroom Studio Apartment to Rent in Cape Town City Centre | Modern | Mountain & Harbour Views | No Load Shedding ...,11140 m²,1,40 m²,,
2 Bedroom Apartment,R 35 000,35000,ZAR,De Waterkant,31 Prestwich St,2,2,1,,https://www.property24.com/to-rent/de-waterkant/cape-town/western-cape/9141/116823159,https://www.property24.com/to-rent/cape-town/western-cape/432/p17?PropertyCategory=House%2cApartmentOrFlat%2cTownhouse,2026-02-09 12:25:16.234283,"Spacious, fully furnished 2-bedroom apartment in the heart of De Waterkant available ...",221,1,,,
0.5 Bedroom Apartment,R 17 500,17500,ZAR,Cape Town City Centre,,0.5,1,,30 m²,https://www.property24.com/to-rent/cape-town-city-centre/cape-town/western-cape/9138/116874716,https://www.property24.com/to-rent/cape-town/western-cape/432/p17?PropertyCategory=House%2cApartmentOrFlat%2cTownhouse,2026-02-09 12:25:16.234283,Step into urban living in the heart of Cape Town with this delightful fully furnished studio apartment ideally positioned in the iconic ...,0.5130 m²,1,30 m²,,
2 Bedroom Townhouse,R 24 000,24000,ZAR,Rondebosch,,2,2.5,2,203 m²,https://www.property24.com/to-rent/rondebosch/cape-town/western-cape/8682/116866727,https://www.property24.com/to-rent/cape-town/western-cape/432/p17?PropertyCategory=House%2cApartmentOrFlat%2cTownhouse,2026-02-09 12:25:16.234283,"Experience the perfect blend of security, space, and convenience.

This beautifully maintained duplex offers a clever dual-level ...",22.52203 m²,2,203 m²,,
2 Bedroom Apartment,R 45 000,45000,ZAR,Mouille Point,,2,2,1,108 m²,https://www.property24.com/to-rent/mouille-point/cape-town/western-cape/11018/111173861,https://www.property24.com/to-rent/cape-town/western-cape/432/p17?PropertyCategory=House%2cApartmentOrFlat%2cTownhouse,2026-02-09 12:25:16.234283,"NO WHATSAPP - EMAIL ONLY 

Side sea facing 2 bedroom, 2 bathroom apartment in Amalfi on the Platinum Mile. 

Modern, unfurnished loft ...",221108 m²,1,108 m²,,
4 Bedroom House,R 110 000,110000,ZAR,Tamboerskloof,35 St Michaels Road,4,3,1,490 m²,https://www.property24.com/to-rent/tamboerskloof/cape-town/western-cape/9163/106087664,https://www.property24.com/to-rent/cape-town/western-cape/432/p17?PropertyCategory=House%2cApartmentOrFlat%2cTownhouse,2026-02-09 12:25:16.234283,This beautifully designed contemporary home is perfectly positioned just a short walk ...,431490 m²,1,490 m²,,
4 Bedroom House,R 35 000,35000,ZAR,Vredehoek,,4,3,,850 m²,https://www.property24.com/to-rent/vredehoek/cape-town/western-cape/9166/116866913,https://www.property24.com/to-rent/cape-town/western-cape/432/p17?PropertyCategory=House%2cApartmentOrFlat%2cTownhouse,2026-02-09 12:25:16.234283,"This wonderfully situated 4 bedroom / 2 bathroom family home, sits on a huge plot very rarely found in this part of Upper City Bowl ...",43850 m²,3,850 m²,,
1 Bedroom Apartment,R 17 800,17800,ZAR,Cape Town City Centre,,1,1,1,40 m²,https://www.property24.com/to-rent/cape-town-city-centre/cape-town/western-cape/9138/116877165,https://www.property24.com/to-rent/cape-town/western-cape/432/p17?PropertyCategory=House%2cApartmentOrFlat%2cTownhouse,2026-02-09 12:25:16.234283,Luxury 1-Bedroom Studio Apartment to Rent in Cape Town City Centre | Modern | Mountain & Harbour Views | No Load Shedding ...,11140 m²,1,40 m²,,
1 Bedroom Apartment,R 22 000,22000,ZAR,Sea Point,285 Beach Rd,1,1,1,85 m²,https://www.property24.com/to-rent/sea-point/cape-town/western-cape/11021/116770554,https://www.property24.com/to-rent/cape-town/western-cape/432/p17?PropertyCategory=House%2cApartmentOrFlat%2cTownhouse,2026-02-09 12:25:16.234283,"Upmarket 1-Bedroom Apartment To Rent | Clarensville, Sea Point

Positioned in one of ...",11185 m²,1,85 m²,,
3 Bedroom Apartment,R 45 000,45000,ZAR,Sea Point,8 London Road,3,2.5,,132 m²,https://www.property24.com/to-rent/sea-point/cape-town/western-cape/11021/116876169,https://www.property24.com/to-rent/cape-town/western-cape/432/p17?PropertyCategory=House%2cApartmentOrFlat%2cTownhouse,2026-02-09 12:25:16.234283,"This large, sunny, 3 bedroom duplex garden apartment 20m from the promenade is a rare ...",32.5132 m²,2.5,132 m²,,
3 Bedroom Apartment,R 22 000,22000,ZAR,Walmer Estate,,3,3,1,140 m²,https://www.property24.com/to-rent/walmer-estate/cape-town/western-cape/10163/107682034,https://www.property24.com/to-rent/cape-town/western-cape/432/p17?PropertyCategory=House%2cApartmentOrFlat%2cTownhouse,2026-02-09 12:25:16.234283,"Luxury 3 bedroom
3 Bathroom
Fully furnished 
Awesome location, always against the traffic and close to CBD
Includes:
Wifi
Private ...",331140 m²,1,140 m²,,
1 Bedroom Apartment,R 38 000,38000,ZAR,Constantia,Montrose Avenue,1,2,1,,https://www.property24.com/to-rent/constantia/cape-town/western-cape/11742/115874949,https://www.property24.com/to-rent/cape-town/western-cape/432/p17?PropertyCategory=House%2cApartmentOrFlat%2cTownhouse,2026-02-09 12:25:16.234283,"Tranquil Valley View Haven - Constantia Heights

Nestled in a peaceful, tree-lined ...",121,1,,,
6 Bedroom House,R 34 000,34000,ZAR,Observatory,110 Rochester Road,6,2,,,https://www.property24.com/to-rent/observatory/cape-town/western-cape/10157/105770402,https://www.property24.com/to-rent/cape-town/western-cape/432/p17?PropertyCategory=House%2cApartmentOrFlat%2cTownhouse,2026-02-09 12:25:16.234283,"huge house ideal for sharing, 
3 large bedrooms in the front, 
3 medium bedrooms in ...",62,2,,,
Apartment,R 10 000,10000,ZAR,Woodstock,,,1,,28 m²,https://www.property24.com/to-rent/woodstock/cape-town/western-cape/10164/116901532,https://www.property24.com/to-rent/cape-town/western-cape/432/p17?PropertyCategory=House%2cApartmentOrFlat%2cTownhouse,2026-02-09 12:25:16.234283,"Live in the heart of Cape Town’s creative district in this furnished sleek, chic studio apartment with exposed concrete ...",128 m²,1,28 m²,,
2 Bedroom House,R 35 000,35000,ZAR,Vredehoek,,2,2,2,290 m²,https://www.property24.com/to-rent/vredehoek/cape-town/western-cape/9166/115655358,https://www.property24.com/to-rent/cape-town/western-cape/432/p17?PropertyCategory=House%2cApartmentOrFlat%2cTownhouse,2026-02-09 12:25:16.234283,"Spacious Home with Versatile Living Spaces

Welcome home, where modern living meets convenience and versatility. This spacious property ...",222290 m²,2,290 m²,,
2 Bedroom Apartment,R 20 000,20000,ZAR,Observatory,,2,1,1,66 m²,https://www.property24.com/to-rent/observatory/cape-town/western-cape/10157/116867298,https://www.property24.com/to-rent/cape-town/western-cape/432/p17?PropertyCategory=House%2cApartmentOrFlat%2cTownhouse,2026-02-09 12:25:16.234283,"Two bedroom apartment in secure Waverley Business Park
Open plan kitchen and lounge with large 30sqm balcony
Single bathroom with ...",21166 m²,1,66 m²,,
5 Bedroom Apartment,R 110 000,110000,ZAR,Mouille Point,,5,5,2,427 m²,https://www.property24.com/to-rent/mouille-point/cape-town/western-cape/11018/116866421,https://www.property24.com/to-rent/cape-town/western-cape/432/p17?PropertyCategory=House%2cApartmentOrFlat%2cTownhouse,2026-02-09 12:25:16.234283,"Penthouse Apartment in Mouille Sands with breathtaking views

Spectacular, 427sqm duplex penthouse apartment in Mouille Sands with ...",552427 m²,2,427 m²,,
2 Bedroom Apartment,R 35 000,35000,ZAR,Green Point,,2,1,1,80 m²,https://www.property24.com/to-rent/green-point/cape-town/western-cape/11017/116893626,https://www.property24.com/to-rent/cape-town/western-cape/432/p17?PropertyCategory=House%2cApartmentOrFlat%2cTownhouse,2026-02-09 12:25:16.234283,"Water & WiFi Included!

9-month lease available - need to stay longer, we can consider that too. 

Wake up to sweeping ocean ...",21180 m²,1,80 m²,,
2 Bedroom House,R 14 000,14000,ZAR,Costa Da Gama,,2,1,2,200 m²,https://www.property24.com/to-rent/costa-da-gama/cape-town/western-cape/13856/116870938,https://www.property24.com/to-rent/cape-town/western-cape/432/p17?PropertyCategory=House%2cApartmentOrFlat%2cTownhouse,2026-02-09 12:25:16.234283,"**ONLY AVAILABLE ON 1 MAY 2026**

This beautiful lock-up-and-go summer home in Soralia Village offers the perfect blend of convenience ...",212200 m²,2,200 m²,,
1 Bedroom Apartment,R 11 500,11500,ZAR,Pinelands,,1,1,,61 m²,https://www.property24.com/to-rent/pinelands/cape-town/western-cape/8017/112328358,https://www.property24.com/to-rent/cape-town/western-cape/432/p17?PropertyCategory=House%2cApartmentOrFlat%2cTownhouse,2026-02-09 12:25:16.234283,"Well sized living room.
Bedroom with built in cupboards
Kitchen leading into laundry.
Bathroom and separate toilet.
Parking bay for 1 ...",1161 m²,1,61 m²,,
1 Bedroom Apartment,R 19 800,19800,ZAR,Sea Point,Firmount Road,1,1,1,55 m²,https://www.property24.com/to-rent/sea-point/cape-town/western-cape/11021/116808407,https://www.property24.com/to-rent/cape-town/western-cape/432/p18?PropertyCategory=House%2cApartmentOrFlat%2cTownhouse,2026-02-09 12:25:16.234283,"Centrally located in Sea Point this modern, bright fully furnished and move-in ready one ...",11155 m²,1,55 m²,,
2 Bedroom Apartment,R 28 000,28000,ZAR,Claremont,,2,2,1,103 m²,https://www.property24.com/to-rent/claremont/cape-town/western-cape/11741/116861865,https://www.property24.com/to-rent/cape-town/western-cape/432/p18?PropertyCategory=House%2cApartmentOrFlat%2cTownhouse,2026-02-09 12:25:16.234283,"Available from 1 March:

Welcome to your new home in the heart of Claremont, where convenience meets luxury in a well-established ...",221103 m²,1,103 m²,,
2 Bedroom Apartment,R 120 000,120000,ZAR,Clifton,52 Victoria Rd,2,2,2,,https://www.property24.com/to-rent/clifton/cape-town/western-cape/11015/113461462,https://www.property24.com/to-rent/cape-town/western-cape/432/p18?PropertyCategory=House%2cApartmentOrFlat%2cTownhouse,2026-02-09 12:25:16.234283,"Monthly from April 2026 @R100 000 month 
Absolutely prime beachfront apartment on ...",222,2,,,
2 Bedroom Apartment,R 19 500,19500,ZAR,Claremont,"The Claremont, 53 Main Road",2,2,2,81 m²,https://www.property24.com/to-rent/claremont/cape-town/western-cape/11741/116863971,https://www.property24.com/to-rent/cape-town/western-cape/432/p18?PropertyCategory=House%2cApartmentOrFlat%2cTownhouse,2026-02-09 12:25:16.234283,"Modern and well maintained two-bedroom, two-bathroom apartment available to rent in the ...",22281 m²,2,81 m²,,
2 Bedroom Apartment,R 21 500,21500,ZAR,Vredehoek,,2,1,1,73 m²,https://www.property24.com/to-rent/vredehoek/cape-town/western-cape/9166/116862580,https://www.property24.com/to-rent/cape-town/western-cape/432/p18?PropertyCategory=House%2cApartmentOrFlat%2cTownhouse,2026-02-09 12:25:16.234283,"Situated in the iconic Disa Park Towers, this fully furnished apartment is located in the middle tower on the 4th floor, offering ...",21173 m²,1,73 m²,,
1 Bedroom Apartment,R 22 000,22000,ZAR,Three Anchor Bay,,1,1,1,70 m²,https://www.property24.com/to-rent/three-anchor-bay/cape-town/western-cape/11022/116867163,https://www.property24.com/to-rent/cape-town/western-cape/432/p18?PropertyCategory=House%2cApartmentOrFlat%2cTownhouse,2026-02-09 12:25:16.234283,"Gorgeous fully furnished 1 Bedroom in quiet Cul-De-Sac with lovely private balcony overlooking evergreen trees.

1 Spacious Comfortable ...",11170 m²,1,70 m²,,
0.5 Bedroom Apartment,R 12 500,12500,ZAR,Woodstock,,0.5,1,1,40 m²,https://www.property24.com/to-rent/woodstock/cape-town/western-cape/10164/116866201,https://www.property24.com/to-rent/cape-town/western-cape/432/p18?PropertyCategory=House%2cApartmentOrFlat%2cTownhouse,2026-02-09 12:25:16.234283,"Discover the perfect balance of modern comfort and urban vibrancy in this fully furnished studio apartment at Urban Artisan, ideally ...",0.51140 m²,1,40 m²,,
2 Bedroom Apartment,R 38 000,38000,ZAR,Sea Point,,2,2,1,147 m²,https://www.property24.com/to-rent/sea-point/cape-town/western-cape/11021/114898243,https://www.property24.com/to-rent/cape-town/western-cape/432/p18?PropertyCategory=House%2cApartmentOrFlat%2cTownhouse,2026-02-09 12:25:16.234283,"This eclectic 2-bedroom, 2-bathroom apartment in the heart of Sea Point offers breathtaking ocean views and the ideal coastal ...",221147 m²,1,147 m²,,
2 Bedroom Apartment,R 28 000,28000,ZAR,Cape Town City Centre,,2,1,1,73 m²,https://www.property24.com/to-rent/cape-town-city-centre/cape-town/western-cape/9138/114847131,https://www.property24.com/to-rent/cape-town/western-cape/432/p18?PropertyCategory=House%2cApartmentOrFlat%2cTownhouse,2026-02-09 12:25:16.234283,"This trendy, beautifully decorated and stylish apartment is located on the sought after Greenmarket Square.  This is now available for ...",21173 m²,1,73 m²,,
2 Bedroom Apartment,R 17 500,17500,ZAR,Pinelands,"Broad Walk, Pinelands 7405",2,1.5,2,83 m²,https://www.property24.com/to-rent/pinelands/cape-town/western-cape/8017/111228694,https://www.property24.com/to-rent/cape-town/western-cape/432/p18?PropertyCategory=House%2cApartmentOrFlat%2cTownhouse,2026-02-09 12:25:16.234283,"Garden Cottage in olde Pinelands - available 1 April 2026.
Ideal for professional ...",21.5283 m²,2,83 m²,,
1 Bedroom Apartment,R 13 000,13000,ZAR,Mowbray,,1,1,,54 m²,https://www.property24.com/to-rent/mowbray/cape-town/western-cape/8677/116864822,https://www.property24.com/to-rent/cape-town/western-cape/432/p18?PropertyCategory=House%2cApartmentOrFlat%2cTownhouse,2026-02-09 12:25:16.234283,"Occupation Date: 1 February 2026 Lease Term: 12 Months 
Discover comfortable living in this fully furnished apartment situated in the ...",1154 m²,1,54 m²,,
0.5 Bedroom Apartment,R 18 000,18000,ZAR,Green Point,"159 Main Road, Green Point, 8001 Cape Town, South Africa",0.5,1,,46 m²,https://www.property24.com/to-rent/green-point/cape-town/western-cape/11017/115784381,https://www.property24.com/to-rent/cape-town/western-cape/432/p18?PropertyCategory=House%2cApartmentOrFlat%2cTownhouse,2026-02-09 12:25:16.234283,This Stylish FULLY FURNISHED Spacious Studio Apartment Opposite Green Point Park is ...,0.5146 m²,1,46 m²,,
2 Bedroom Apartment,R 70 000,70000,ZAR,Fresnaye,,2,2.5,3,161 m²,https://www.property24.com/to-rent/fresnaye/cape-town/western-cape/11016/114193549,https://www.property24.com/to-rent/cape-town/western-cape/432/p18?PropertyCategory=House%2cApartmentOrFlat%2cTownhouse,2026-02-09 12:25:16.234283,"This fully furnished, contemporary 2-bedroom, 2-bathroom apartment offers a superb location in the heart of Fresnaye, close to the ...",22.53161 m²,3,161 m²,,
1 Bedroom Apartment,R 15 000,15000,ZAR,Three Anchor Bay,207 Main Rd,1,1,,44 m²,https://www.property24.com/to-rent/three-anchor-bay/cape-town/western-cape/11022/108304286,https://www.property24.com/to-rent/cape-town/western-cape/432/p18?PropertyCategory=House%2cApartmentOrFlat%2cTownhouse,2026-02-09 12:25:16.234283,"Certainly the best value on the Atlantic Seaboard! 

Perfect pad in trendy Three ...",1144 m²,1,44 m²,,
1 Bedroom Apartment,R 35 000,35000,ZAR,Sea Point,,1,1,1,38 m²,https://www.property24.com/to-rent/sea-point/cape-town/western-cape/11021/116038889,https://www.property24.com/to-rent/cape-town/western-cape/432/p18?PropertyCategory=House%2cApartmentOrFlat%2cTownhouse,2026-02-09 12:25:16.234283,"Furnished one bedroom at Station House
Open plan lounge and kitchen 
Balcony access from lounge and main bedroom
En-suite ...",11138 m²,1,38 m²,,
2 Bedroom Apartment,R 11 000,11000,ZAR,Ottery,Shaftesbury Road,2,1,,55 m²,https://www.property24.com/to-rent/ottery/cape-town/western-cape/10090/116706364,https://www.property24.com/to-rent/cape-town/western-cape/432/p18?PropertyCategory=House%2cApartmentOrFlat%2cTownhouse,2026-02-09 12:25:16.234283,Step into contemporary living with this neatly maintained 2-bedroom apartment located in ...,2155 m²,1,55 m²,,
2 Bedroom Apartment,R 11 000,11000,ZAR,Ottery,Shaftesbury Road,2,1,,55 m²,https://www.property24.com/to-rent/ottery/cape-town/western-cape/10090/116865198,https://www.property24.com/to-rent/cape-town/western-cape/432/p18?PropertyCategory=House%2cApartmentOrFlat%2cTownhouse,2026-02-09 12:25:16.234283,Step into contemporary living with this neatly maintained 2-bedroom apartment located in ...,2155 m²,1,55 m²,,
2 Bedroom Apartment,R 16 500,16500,ZAR,Pinelands,,2,1,1,84 m²,https://www.property24.com/to-rent/pinelands/cape-town/western-cape/8017/112609651,https://www.property24.com/to-rent/cape-town/western-cape/432/p18?PropertyCategory=House%2cApartmentOrFlat%2cTownhouse,2026-02-09 12:25:16.234283,"Two bedroom unfurnished apartment with balcony
Spacious with parquet wooden floors throughout.
One bathroom (shower over ...",21184 m²,1,84 m²,,
6 Bedroom House,R 4 450,4450,ZAR,Mowbray,8 Malleson Street,6,3,1,,https://www.property24.com/to-rent/mowbray/cape-town/western-cape/8677/110027299,https://www.property24.com/to-rent/cape-town/western-cape/432/p18?PropertyCategory=House%2cApartmentOrFlat%2cTownhouse,2026-02-09 12:25:16.234283,"No need to wait for a viewing – our 3d virtual tour brings the property to you!

Wi-Fi ...",631,1,,,
2 Bedroom Apartment,R 27 000,27000,ZAR,Mouille Point,,2,1,1,93 m²,https://www.property24.com/to-rent/mouille-point/cape-town/western-cape/11018/116862241,https://www.property24.com/to-rent/cape-town/western-cape/432/p18?PropertyCategory=House%2cApartmentOrFlat%2cTownhouse,2026-02-09 12:25:16.234283,"This spacious apartment in  the perfect location on Beach Road offers magical views over Green Point Park,  Signal Hill and the stadium ...",21193 m²,1,93 m²,,
1 Bedroom Apartment,R 13 000,13000,ZAR,Camps Bay,,1,1,,40 m²,https://www.property24.com/to-rent/camps-bay/cape-town/western-cape/11014/116862148,https://www.property24.com/to-rent/cape-town/western-cape/432/p18?PropertyCategory=House%2cApartmentOrFlat%2cTownhouse,2026-02-09 12:25:16.234283,"Welcome to Marine Heights, a sought-after area nestled alongside the breathtaking Atlantic Seaboard on the serene slopes of Table ...",1140 m²,1,40 m²,,
2 Bedroom Apartment,R 27 000,27000,ZAR,Mouille Point,,2,1,1,93 m²,https://www.property24.com/to-rent/mouille-point/cape-town/western-cape/11018/116862241,https://www.property24.com/to-rent/cape-town/western-cape/432/p19?PropertyCategory=House%2cApartmentOrFlat%2cTownhouse,2026-02-09 12:25:16.234283,"This spacious apartment in  the perfect location on Beach Road offers magical views over Green Point Park,  Signal Hill and the stadium ...",21193 m²,1,93 m²,,
1 Bedroom Apartment,R 13 000,13000,ZAR,Camps Bay,,1,1,,40 m²,https://www.property24.com/to-rent/camps-bay/cape-town/western-cape/11014/116862148,https://www.property24.com/to-rent/cape-town/western-cape/432/p19?PropertyCategory=House%2cApartmentOrFlat%2cTownhouse,2026-02-09 12:25:16.234283,"Welcome to Marine Heights, a sought-after area nestled alongside the breathtaking Atlantic Seaboard on the serene slopes of Table ...",1140 m²,1,40 m²,,
1 Bedroom Apartment,R 13 000,13000,ZAR,Camps Bay,,1,1,,40 m²,https://www.property24.com/to-rent/camps-bay/cape-town/western-cape/11014/116861833,https://www.property24.com/to-rent/cape-town/western-cape/432/p19?PropertyCategory=House%2cApartmentOrFlat%2cTownhouse,2026-02-09 12:25:16.234283,"Welcome to Marine Heights, a sought-after area nestled alongside the breathtaking Atlantic Seaboard on the serene slopes of Table ...",1140 m²,1,40 m²,,
2 Bedroom Apartment,R 19 500,19500,ZAR,Gardens,,2,1,1,92 m²,https://www.property24.com/to-rent/gardens/cape-town/western-cape/9145/108915516,https://www.property24.com/to-rent/cape-town/western-cape/432/p19?PropertyCategory=House%2cApartmentOrFlat%2cTownhouse,2026-02-09 12:25:16.234283,"Available: 15 March 2026 until 15 January 2027 only
 
Located in leafy Gardens, this lovely 2 bedroom apartment is perfect for a couple ...",21192 m²,1,92 m²,,
0.5 Bedroom Apartment,R 9 200,9200,ZAR,Rondebosch,,0.5,1,1,32 m²,https://www.property24.com/to-rent/rondebosch/cape-town/western-cape/8682/107111798,https://www.property24.com/to-rent/cape-town/western-cape/432/p19?PropertyCategory=House%2cApartmentOrFlat%2cTownhouse,2026-02-09 12:25:16.234283,"Super sunny bachelor/studio apartment in very popular rondebosch oaks, albion road, rondebosch.  (off campground road) on the jammie ...",0.51132 m²,1,32 m²,,
1 Bedroom Apartment,R 30 000,30000,ZAR,Cape Town City Centre,"22 Riebeek Street, Cape Town",1,1,1,80 m²,https://www.property24.com/to-rent/cape-town-city-centre/cape-town/western-cape/9138/116870140,https://www.property24.com/to-rent/cape-town/western-cape/432/p19?PropertyCategory=House%2cApartmentOrFlat%2cTownhouse,2026-02-09 12:25:16.234283,"One bedroom apartment Available for rental at the Famous Pullman Hotel, Cape Town City ...",11180 m²,1,80 m²,,
3 Bedroom Apartment,R 115 000,115000,ZAR,Waterfront,5 Dock Rd,3,2.5,2,174 m²,https://www.property24.com/to-rent/waterfront/cape-town/western-cape/9169/116795681,https://www.property24.com/to-rent/cape-town/western-cape/432/p19?PropertyCategory=House%2cApartmentOrFlat%2cTownhouse,2026-02-09 12:25:16.234283,"Flagship Sanctuary | Panoramic Canal & Mountain Vistas

Experience the pinnacle of ...",32.52174 m²,2,174 m²,,
2 Bedroom Apartment,R 26 500,26500,ZAR,Rondebosch,2 Belmont Road,2,2,1,72 m²,https://www.property24.com/to-rent/rondebosch/cape-town/western-cape/8682/116867200,https://www.property24.com/to-rent/cape-town/western-cape/432/p19?PropertyCategory=House%2cApartmentOrFlat%2cTownhouse,2026-02-09 12:25:16.234283,Light and airy north facing two bedroom two bathroom loft apartment furnished at The ...,22172 m²,1,72 m²,,
3 Bedroom House,R 24 000,24000,ZAR,Observatory,,3,2,3,,https://www.property24.com/to-rent/observatory/cape-town/western-cape/10157/110824797,https://www.property24.com/to-rent/cape-town/western-cape/432/p19?PropertyCategory=House%2cApartmentOrFlat%2cTownhouse,2026-02-09 12:25:16.234283,Old world charm semi furnished family home! Also perfect for 3 students to house share. (no individual leases). Some furniture in the ...,323,3,,,
1 Bedroom House,R 28 000,28000,ZAR,Camps Bay,,1,1,1,50 m²,https://www.property24.com/to-rent/camps-bay/cape-town/western-cape/11014/116900503,https://www.property24.com/to-rent/cape-town/western-cape/432/p19?PropertyCategory=House%2cApartmentOrFlat%2cTownhouse,2026-02-09 12:25:16.234283,"Tucked away on a secure property along sought after Camps Bay Drive, this beautifully furnished 1 bedroom cottage offers a peaceful ...",11150 m²,1,50 m²,,
2 Bedroom Apartment,R 24 500,24500,ZAR,Gardens,179 Kloof Street,2,1,,,https://www.property24.com/to-rent/gardens/cape-town/western-cape/9145/116851711,https://www.property24.com/to-rent/cape-town/western-cape/432/p19?PropertyCategory=House%2cApartmentOrFlat%2cTownhouse,2026-02-09 12:25:16.234283,"Views on Kloof.

Wake up every day to breathtaking Lion’s Head views in this ...",21,1,,,
2 Bedroom Apartment,R 26 000,26000,ZAR,Observatory,"304 The Eden, 14 Trill Road",2,2,1,74 m²,https://www.property24.com/to-rent/observatory/cape-town/western-cape/10157/111979812,https://www.property24.com/to-rent/cape-town/western-cape/432/p19?PropertyCategory=House%2cApartmentOrFlat%2cTownhouse,2026-02-09 12:25:16.234283,"Beautiful north facing apartment with great views and excellent security.
This is a ...",22174 m²,1,74 m²,,
2 Bedroom Apartment,R 17 500,17500,ZAR,Woodstock,240 Sir Lowry Rd,2,1,,67 m²,https://www.property24.com/to-rent/woodstock/cape-town/western-cape/10164/105587491,https://www.property24.com/to-rent/cape-town/western-cape/432/p19?PropertyCategory=House%2cApartmentOrFlat%2cTownhouse,2026-02-09 12:25:16.234283,"Modern 2 Bedroom Apartment: IRON WORKS (Woodstock)

The Iron Works is an exciting ...",2167 m²,1,67 m²,,
1 Bedroom Apartment,R 38 000,38000,ZAR,Waterfront,,1,1,1,65 m²,https://www.property24.com/to-rent/waterfront/cape-town/western-cape/9169/116887465,https://www.property24.com/to-rent/cape-town/western-cape/432/p19?PropertyCategory=House%2cApartmentOrFlat%2cTownhouse,2026-02-09 12:25:16.234283,Available immediately. Highly sought after garden unit in the brand new luxury complex 5 Dock Road. Perfection awaits. High end ...,11165 m²,1,65 m²,,
0.5 Bedroom Apartment,R 12 500,12500,ZAR,Cape Town City Centre,,0.5,1,,26 m²,https://www.property24.com/to-rent/cape-town-city-centre/cape-town/western-cape/9138/116858604,https://www.property24.com/to-rent/cape-town/western-cape/432/p19?PropertyCategory=House%2cApartmentOrFlat%2cTownhouse,2026-02-09 12:25:16.234283,"This fully furnished studio apartment is located in the popular BlackBrick development in Cape Town’s city centre, offering secure and ...",0.5126 m²,1,26 m²,,
1 Bedroom Apartment,R 25 000,25000,ZAR,De Waterkant,34 Prestwich Street,1,1,2,67 m²,https://www.property24.com/to-rent/de-waterkant/cape-town/western-cape/9141/112028023,https://www.property24.com/to-rent/cape-town/western-cape/432/p19?PropertyCategory=House%2cApartmentOrFlat%2cTownhouse,2026-02-09 12:25:16.234283,Recently renovated & fully furnished 1 bed apartment in trendy De Waterkant. Close ...,11267 m²,2,67 m²,,
2 Bedroom Apartment,R 26 000,26000,ZAR,Observatory,"304 The Eden, 14 Trill Road",2,2,1,74 m²,https://www.property24.com/to-rent/observatory/cape-town/western-cape/10157/116721929,https://www.property24.com/to-rent/cape-town/western-cape/432/p19?PropertyCategory=House%2cApartmentOrFlat%2cTownhouse,2026-02-09 12:25:16.234283,"Beautiful north facing apartment with great views and excellent security.
This is a ...",22174 m²,1,74 m²,,
3 Bedroom House,R 35 000,35000,ZAR,Gardens,,3,3,2,419 m²,https://www.property24.com/to-rent/gardens/cape-town/western-cape/9145/110586396,https://www.property24.com/to-rent/cape-town/western-cape/432/p19?PropertyCategory=House%2cApartmentOrFlat%2cTownhouse,2026-02-09 12:25:16.234283,"Available 1 April 2026 to 30 November 2026 only
 
Spacious home to rent in quiet road close to shops, restaurants and schools. This ...",332419 m²,2,419 m²,,
1 Bedroom Apartment,R 13 900,13900,ZAR,Gardens,"Four Seasons, 47 Buitenkant Street",1,1,1,55 m²,https://www.property24.com/to-rent/gardens/cape-town/western-cape/9145/107891718,https://www.property24.com/to-rent/cape-town/western-cape/432/p19?PropertyCategory=House%2cApartmentOrFlat%2cTownhouse,2026-02-09 12:25:16.234283,"Lovely unfurnished 1-bedroom. Long-term. Free 10mbps uncapped fibre. 
Secure parking ...",11155 m²,1,55 m²,,
7 Bedroom House,R 83 750per day,83750,ZAR,Tokai,113 Zwaanswyk Road,7,9,7,4 003 m²,https://www.property24.com/to-rent/tokai/cape-town/western-cape/9044/115925362,https://www.property24.com/to-rent/cape-town/western-cape/432/p19?PropertyCategory=House%2cApartmentOrFlat%2cTownhouse,2026-02-09 12:25:16.234283,"Welcome to your slice of paradise..
Per night rates: high season r 55 600; low season: ...",7974 003 m²,7,4 003 m²,,per day
1 Bedroom Apartment,R 13 500,13500,ZAR,Tokai,,1,1,1,45 m²,https://www.property24.com/to-rent/tokai/cape-town/western-cape/9044/116863210,https://www.property24.com/to-rent/cape-town/western-cape/432/p19?PropertyCategory=House%2cApartmentOrFlat%2cTownhouse,2026-02-09 12:25:16.234283,"6 month lease! This neat, sunny flat in Brittany, Tokai Villas is perfect for a working professional, or couple. It includes one ...",11145 m²,1,45 m²,,
1 Bedroom Apartment,R 45 000,45000,ZAR,Waterfront,,1,1,1,65 m²,https://www.property24.com/to-rent/waterfront/cape-town/western-cape/9169/116858584,https://www.property24.com/to-rent/cape-town/western-cape/432/p20?PropertyCategory=House%2cApartmentOrFlat%2cTownhouse,2026-02-09 12:25:16.234283,"An exceptional luxury residence is now available within the highly anticipated Dock Road Residences, a landmark development perfectly ...",11165 m²,1,65 m²,,
2 Bedroom Apartment,R 40 000,40000,ZAR,Cape Town City Centre,,2,2,1,90 m²,https://www.property24.com/to-rent/cape-town-city-centre/cape-town/western-cape/9138/116860246,https://www.property24.com/to-rent/cape-town/western-cape/432/p20?PropertyCategory=House%2cApartmentOrFlat%2cTownhouse,2026-02-09 12:25:16.234283,"Step into refined city living with this exquisitely furnished apartment in The Rubik, a contemporary luxury residence set in the heart ...",22190 m²,1,90 m²,,
2 Bedroom House,R 75 000,75000,ZAR,Constantia,,2,2,2,500 m²,https://www.property24.com/to-rent/constantia/cape-town/western-cape/11742/116858359,https://www.property24.com/to-rent/cape-town/western-cape/432/p20?PropertyCategory=House%2cApartmentOrFlat%2cTownhouse,2026-02-09 12:25:16.234283,"2 Bedroom House To Rent | Private Estate |  A move-in ready

Month-to-Month Only - Fully furnished

Charming two-bedroom ...",222500 m²,2,500 m²,,
1 Bedroom Apartment,R 8 000,8000,ZAR,Plumstead,,1,1,1,56 m²,https://www.property24.com/to-rent/plumstead/cape-town/western-cape/10094/116890404,https://www.property24.com/to-rent/cape-town/western-cape/432/p20?PropertyCategory=House%2cApartmentOrFlat%2cTownhouse,2026-02-09 12:25:16.234283,"Ground Floor, Spacious 1 Bedroom (BIC) apartment in Plumstead
Separate Lounge, Kitchen and bathroom (shower over bath)
Enclosed ...",11156 m²,1,56 m²,,
2 Bedroom Apartment,R 120 000,120000,ZAR,Clifton,,2,2,1,185 m²,https://www.property24.com/to-rent/clifton/cape-town/western-cape/11015/116762243,https://www.property24.com/to-rent/cape-town/western-cape/432/p20?PropertyCategory=House%2cApartmentOrFlat%2cTownhouse,2026-02-09 12:25:16.234283,"Beachfront Oasis 
Fully Furnished Apartment with Breathtaking Sea Views in the heart of Clifton. 

Offering 2 Bedrooms, 2 Bathrooms ...",221185 m²,1,185 m²,,
4 Bedroom House,R 6 600,6600,ZAR,Mowbray,16 John Steet,4,2,,,https://www.property24.com/to-rent/mowbray/cape-town/western-cape/8677/116814961,https://www.property24.com/to-rent/cape-town/western-cape/432/p20?PropertyCategory=House%2cApartmentOrFlat%2cTownhouse,2026-02-09 12:25:16.234283,"Fully Furnished 4 Bedroom Student House – 16 John Street, Mowbray

This 4 bedroom, 2 ...",42,2,,,
3 Bedroom House,R 53 000,53000,ZAR,Green Point,,3,2,1,226 m²,https://www.property24.com/to-rent/green-point/cape-town/western-cape/11017/116888878,https://www.property24.com/to-rent/cape-town/western-cape/432/p20?PropertyCategory=House%2cApartmentOrFlat%2cTownhouse,2026-02-09 12:25:16.234283,"This beautifully renovated three-bedroom, two-bathroom character duplex in a secure, gated street in Three Anchor Bay offers a perfect ...",321226 m²,1,226 m²,,
4 Bedroom Apartment,R 180 000,180000,ZAR,Fresnaye,,4,4.5,4,388 m²,https://www.property24.com/to-rent/fresnaye/cape-town/western-cape/11016/116857036,https://www.property24.com/to-rent/cape-town/western-cape/432/p20?PropertyCategory=House%2cApartmentOrFlat%2cTownhouse,2026-02-09 12:25:16.234283,Situated against the slope of Lion's head and bordering wind-free Bantry Bay with close proximity to Clifton and Camps Bay beaches ...,44.54388 m²,4,388 m²,,
2 Bedroom Townhouse,R 15 000,15000,ZAR,Costa Da Gama,,2,1,2,103 m²,https://www.property24.com/to-rent/costa-da-gama/cape-town/western-cape/13856/116862126,https://www.property24.com/to-rent/cape-town/western-cape/432/p20?PropertyCategory=House%2cApartmentOrFlat%2cTownhouse,2026-02-09 12:25:16.234283,"Available immediately - Unfurnished - Long Lease

Welcome to this charming and comfortable townhouse, an ideal haven for young families ...",212103 m²,2,103 m²,,
1 Bedroom Apartment,R 30 000,30000,ZAR,Green Point,,1,1,1,70 m²,https://www.property24.com/to-rent/green-point/cape-town/western-cape/11017/115583171,https://www.property24.com/to-rent/cape-town/western-cape/432/p20?PropertyCategory=House%2cApartmentOrFlat%2cTownhouse,2026-02-09 12:25:16.234283,"Nestled in the heart of De Waterkant, this stylish one-bedroom, one-bathroom duplex offers a seamless blend of contemporary elegance ...",11170 m²,1,70 m²,,
1 Bedroom Apartment,R 14 000,14000,ZAR,Sea Point,13 Olivier Road,1,1,,,https://www.property24.com/to-rent/sea-point/cape-town/western-cape/11021/116871310,https://www.property24.com/to-rent/cape-town/western-cape/432/p20?PropertyCategory=House%2cApartmentOrFlat%2cTownhouse,2026-02-09 12:25:16.234283,This large unfurnished 1 bedroom apartment is available for long term let in security ...,11,1,,,
3 Bedroom House,R 120 000,120000,ZAR,Clifton,,3,3.5,2,206 m²,https://www.property24.com/to-rent/clifton/cape-town/western-cape/11015/116845602,https://www.property24.com/to-rent/cape-town/western-cape/432/p20?PropertyCategory=House%2cApartmentOrFlat%2cTownhouse,2026-02-09 12:25:16.234283,This home is a rare find. Newly renovated with top-of-the-range furnishings make this a peaceful retreat for the discerning tenant. ...,33.52206 m²,2,206 m²,,
1 Bedroom House,R 34 500,34500,ZAR,Green Point,,1,1,,75 m²,https://www.property24.com/to-rent/green-point/cape-town/western-cape/11017/116900891,https://www.property24.com/to-rent/cape-town/western-cape/432/p20?PropertyCategory=House%2cApartmentOrFlat%2cTownhouse,2026-02-09 12:25:16.234283,"This spacious, well-appointed apartment is ideal for a professional seeking a peaceful city base, or for someone who regularly travels ...",1175 m²,1,75 m²,,
2 Bedroom Apartment,R 120 000,120000,ZAR,Clifton,,2,2,1,185 m²,https://www.property24.com/to-rent/clifton/cape-town/western-cape/11015/116819468,https://www.property24.com/to-rent/cape-town/western-cape/432/p20?PropertyCategory=House%2cApartmentOrFlat%2cTownhouse,2026-02-09 12:25:16.234283,"Beachfront Oasis 
Fully Furnished Apartment with Breathtaking Sea Views in the heart of Clifton. 

Offering 2 Bedrooms, 2 Bathrooms ...",221185 m²,1,185 m²,,
3 Bedroom Apartment,R 31 000,31000,ZAR,Oranjezicht,,3,2,,110 m²,https://www.property24.com/to-rent/oranjezicht/cape-town/western-cape/9155/116851939,https://www.property24.com/to-rent/cape-town/western-cape/432/p20?PropertyCategory=House%2cApartmentOrFlat%2cTownhouse,2026-02-09 12:25:16.234283,"Available from 1 February 2026 for a long term rental (unfurnished).

Nestled on a leafy, one-way street in the heart of Oranjezicht ...",32110 m²,2,110 m²,,
1 Bedroom Apartment,R 15 500,15500,ZAR,Oranjezicht,,1,1,1,54 m²,https://www.property24.com/to-rent/oranjezicht/cape-town/western-cape/9155/116854250,https://www.property24.com/to-rent/cape-town/western-cape/432/p20?PropertyCategory=House%2cApartmentOrFlat%2cTownhouse,2026-02-09 12:25:16.234283,"Discover your new home at the foot of Table Mountain! 

This 1-bedroom, 1-bathroom studio apartment offers the perfect blend of ...",11154 m²,1,54 m²,,
2 Bedroom Apartment,R 54 995,54995,ZAR,Mouille Point,,2,2,2,162 m²,https://www.property24.com/to-rent/mouille-point/cape-town/western-cape/11018/116857952,https://www.property24.com/to-rent/cape-town/western-cape/432/p20?PropertyCategory=House%2cApartmentOrFlat%2cTownhouse,2026-02-09 12:25:16.234283,"An exceptional fully furnished two-bedroom apartment set within one of Mouille Point’s most prestigious residential addresses, offering ...",222162 m²,2,162 m²,,
10 Bedroom House,R 260 000,260000,ZAR,Constantia,,10,8,11,4 376 m²,https://www.property24.com/to-rent/constantia/cape-town/western-cape/11742/116861007,https://www.property24.com/to-rent/cape-town/western-cape/432/p20?PropertyCategory=House%2cApartmentOrFlat%2cTownhouse,2026-02-09 12:25:16.234283,"Set within Firgrove, Constantia, this substantial estate offers exceptional privacy, and versatile accommodation.

The main house is ...",108114 376 m²,11,4 376 m²,,
2 Bedroom Apartment,R 21 000,21000,ZAR,Observatory,232 Main Road,2,2,1,75 m²,https://www.property24.com/to-rent/observatory/cape-town/western-cape/10157/116864205,https://www.property24.com/to-rent/cape-town/western-cape/432/p20?PropertyCategory=House%2cApartmentOrFlat%2cTownhouse,2026-02-09 12:25:16.234283,"Very spacious, light and airy mountain facing two bedroom apartment with a generous ...",22175 m²,1,75 m²,,
1 Bedroom Apartment,R 13 200,13200,ZAR,Observatory,202 Lower Main Road,1,1,1,47 m²,https://www.property24.com/to-rent/observatory/cape-town/western-cape/10157/116853544,https://www.property24.com/to-rent/cape-town/western-cape/432/p20?PropertyCategory=House%2cApartmentOrFlat%2cTownhouse,2026-02-09 12:25:16.234283,"Spacious One Bedroom Apartment in the Heart of Observatory

Discover urban living at ...",11147 m²,1,47 m²,,
1 Bedroom Apartment,R 13 000,13000,ZAR,Cape Town City Centre,,1,1,1,53 m²,https://www.property24.com/to-rent/cape-town-city-centre/cape-town/western-cape/9138/116873349,https://www.property24.com/to-rent/cape-town/western-cape/432/p20?PropertyCategory=House%2cApartmentOrFlat%2cTownhouse,2026-02-09 12:25:16.234283,This charming 1-bedroom apartment is perfectly situated on the vibrant Strand Street in Cape Town’s City Centre. Ideal for ...,11153 m²,1,53 m²,,
1 Bedroom Apartment,R 17 000,17000,ZAR,Kenilworth Upper,,1,2,1,92 m²,https://www.property24.com/to-rent/kenilworth-upper/cape-town/western-cape/14224/107740939,https://www.property24.com/to-rent/cape-town/western-cape/432/p21?PropertyCategory=House%2cApartmentOrFlat%2cTownhouse,2026-02-09 12:25:16.234283,"**no agents, or phone calls. Email & sms / whatsapp only for admin purposes.** Enjoy a luxury apartment steeped in South African ...",12192 m²,1,92 m²,,
1 Bedroom House,R 6 634,6634,ZAR,Observatory,28 Lower Main Road,1,2,2,,https://www.property24.com/to-rent/observatory/cape-town/western-cape/10157/116831014,https://www.property24.com/to-rent/cape-town/western-cape/432/p21?PropertyCategory=House%2cApartmentOrFlat%2cTownhouse,2026-02-09 12:25:16.234283,"This room comes fully furnished with a double bed, desk and chair, side table and ...",122,2,,,
1 Bedroom Apartment,R 33 000,33000,ZAR,De Waterkant,"Ss THE Rockwell, 713 Napier Street",1,1,1,66 m²,https://www.property24.com/to-rent/de-waterkant/cape-town/western-cape/9141/116796069,https://www.property24.com/to-rent/cape-town/western-cape/432/p21?PropertyCategory=House%2cApartmentOrFlat%2cTownhouse,2026-02-09 12:25:16.234283,"Experience city living at its finest with this stylish one-bedroom, one-bathroom ...",11166 m²,1,66 m²,,
3 Bedroom House,R 60 000,60000,ZAR,Constantia,,3,2.5,3,461 m²,https://www.property24.com/to-rent/constantia/cape-town/western-cape/11742/116879086,https://www.property24.com/to-rent/cape-town/western-cape/432/p21?PropertyCategory=House%2cApartmentOrFlat%2cTownhouse,2026-02-09 12:25:16.234283,"Experience refined living in this exquisite 3-bedroom, 2-bath residence in the exclusive Stonehurst Mountain Estate. The luxurious main ...",32.53461 m²,3,461 m²,,
1 Bedroom Apartment,R 15 000,15000,ZAR,Gardens,,1,1,,36 m²,https://www.property24.com/to-rent/gardens/cape-town/western-cape/9145/116858858,https://www.property24.com/to-rent/cape-town/western-cape/432/p21?PropertyCategory=House%2cApartmentOrFlat%2cTownhouse,2026-02-09 12:25:16.234283,"Brand New 1-Bedroom Apartment | BlackBrick Gardens | R15,000
Step into next-level living at BlackBrick Gardens with this brand-new ...",1136 m²,1,36 m²,,
3 Bedroom Apartment,R 120 000,120000,ZAR,Bantry Bay,,3,3,2,223 m²,https://www.property24.com/to-rent/bantry-bay/cape-town/western-cape/11013/116759360,https://www.property24.com/to-rent/cape-town/western-cape/432/p21?PropertyCategory=House%2cApartmentOrFlat%2cTownhouse,2026-02-09 12:25:16.234283,"Wake up to the sound of the ocean in this beautiful 3-bedroom seafront apartment in Bantry Bay, one of Cape Town’s most prestigious ...",332223 m²,2,223 m²,,
2 Bedroom Apartment,R 75 000,75000,ZAR,Mouille Point,,2,2,2,185 m²,https://www.property24.com/to-rent/mouille-point/cape-town/western-cape/11018/116800306,https://www.property24.com/to-rent/cape-town/western-cape/432/p21?PropertyCategory=House%2cApartmentOrFlat%2cTownhouse,2026-02-09 12:25:16.234283,This exceptional north facing apartment is situated on the first floor of the sought-after South Seas building. Offering 185 sqm+ of ...,222185 m²,2,185 m²,,
2 Bedroom Apartment,R 26 500,26500,ZAR,Cape Town City Centre,,2,2,1,88 m²,https://www.property24.com/to-rent/cape-town-city-centre/cape-town/western-cape/9138/116877657,https://www.property24.com/to-rent/cape-town/western-cape/432/p21?PropertyCategory=House%2cApartmentOrFlat%2cTownhouse,2026-02-09 12:25:16.234283,"Experience urban sophistication in this exceptional 2-bedroom, 2-bathroom apartment, perfectly positioned in the heart of Cape ...",22188 m²,1,88 m²,,
1 Bedroom Apartment,R 1 000per day,1000,ZAR,Vredehoek,Appenine Cl Devil's Peak Estate,1,1,1,56 m²,https://www.property24.com/to-rent/vredehoek/cape-town/western-cape/9166/109666036,https://www.property24.com/to-rent/cape-town/western-cape/432/p21?PropertyCategory=House%2cApartmentOrFlat%2cTownhouse,2026-02-09 12:25:16.234283,Available from 6 - 31 March 2026 ONLY .  Minimum stay 14 nights. for March. Fully ...,11156 m²,1,56 m²,,per day
Apartment,R 12 000,12000,ZAR,Woodstock,,,1,1,40 m²,https://www.property24.com/to-rent/woodstock/cape-town/western-cape/10164/116853903,https://www.property24.com/to-rent/cape-town/western-cape/432/p21?PropertyCategory=House%2cApartmentOrFlat%2cTownhouse,2026-02-09 12:25:16.234283,"Welcome to your new home—a beautifully furnished, modern apartment nestled in the vibrant heart of Woodstock. This stunning residence ...",1140 m²,1,40 m²,,
2 Bedroom Apartment,R 95 000,95000,ZAR,Waterfront,5 Dock Rd,2,2.5,2,178 m²,https://www.property24.com/to-rent/waterfront/cape-town/western-cape/9169/116795413,https://www.property24.com/to-rent/cape-town/western-cape/432/p21?PropertyCategory=House%2cApartmentOrFlat%2cTownhouse,2026-02-09 12:25:16.234283,"The North-East Facing Executive Wing | 178sqm Corner Residence

Experience the Rarity ...",22.52178 m²,2,178 m²,,
2 Bedroom Apartment,R 29 900,29900,ZAR,Green Point,12 Ravenscraig Rd,2,1,1,78 m²,https://www.property24.com/to-rent/green-point/cape-town/western-cape/11017/116761191,https://www.property24.com/to-rent/cape-town/western-cape/432/p21?PropertyCategory=House%2cApartmentOrFlat%2cTownhouse,2026-02-09 12:25:16.234283,"Sunny, quiet 2-bedroom apartment between Sea Point and Green Point on Cape Town’s ...",21178 m²,1,78 m²,,
1 Bedroom Apartment,R 21 000,21000,ZAR,Foreshore,,1,1,1,51 m²,https://www.property24.com/to-rent/foreshore/cape-town/western-cape/9143/116850378,https://www.property24.com/to-rent/cape-town/western-cape/432/p21?PropertyCategory=House%2cApartmentOrFlat%2cTownhouse,2026-02-09 12:25:16.234283,A modern 51sqm apartment located in the sought-after Harbour Arch precinct. The apartment offers a lovely open-plan living area with ...,11151 m²,1,51 m²,,
Apartment,R 11 800,11800,ZAR,Observatory,202 Lower Main Road,,1,1,42 m²,https://www.property24.com/to-rent/observatory/cape-town/western-cape/10157/116498307,https://www.property24.com/to-rent/cape-town/western-cape/432/p21?PropertyCategory=House%2cApartmentOrFlat%2cTownhouse,2026-02-09 12:25:16.234283,"Spacious Studio Apartment in the Heart of Observatory

Discover urban living at its ...",1142 m²,1,42 m²,,
3 Bedroom Apartment,R 120 000,120000,ZAR,Bantry Bay,,3,3,2,223 m²,https://www.property24.com/to-rent/bantry-bay/cape-town/western-cape/11013/116847792,https://www.property24.com/to-rent/cape-town/western-cape/432/p21?PropertyCategory=House%2cApartmentOrFlat%2cTownhouse,2026-02-09 12:25:16.234283,"Wake up to the sound of the ocean in this beautiful 3-bedroom seafront apartment in Bantry Bay, one of Cape Town’s most prestigious ...",332223 m²,2,223 m²,,
2 Bedroom Townhouse,R 9 200,9200,ZAR,Plumstead,,2,1,1,1 817 m²,https://www.property24.com/to-rent/plumstead/cape-town/western-cape/10094/113663929,https://www.property24.com/to-rent/cape-town/western-cape/432/p21?PropertyCategory=House%2cApartmentOrFlat%2cTownhouse,2026-02-09 12:25:16.234283,"2nd Floor, Spacious 2 Bedroom (BIC) apartment in Plumstead
Situated in Exeter Road
Separate Lounge, Kitchen & Bathroom (hand ...",2111 817 m²,1,1 817 m²,,
2 Bedroom Apartment,R 22 000,22000,ZAR,Green Point,Devonshire 7 Main Road Green Point,2,1,1,74 m²,https://www.property24.com/to-rent/green-point/cape-town/western-cape/11017/116248644,https://www.property24.com/to-rent/cape-town/western-cape/432/p21?PropertyCategory=House%2cApartmentOrFlat%2cTownhouse,2026-02-09 12:25:16.234283,"Newly renovated by owner
No expenses spared in renovation
SMEG gas stove and ...",21174 m²,1,74 m²,,
2 Bedroom Apartment,R 17 250,17250,ZAR,Observatory,202 Lower Main Road,2,1,1,82 m²,https://www.property24.com/to-rent/observatory/cape-town/western-cape/10157/116423590,https://www.property24.com/to-rent/cape-town/western-cape/432/p21?PropertyCategory=House%2cApartmentOrFlat%2cTownhouse,2026-02-09 12:25:16.234283,"Spacious 2-Bedroom Apartment in the Heart of Observatory

Discover urban living at its ...",21182 m²,1,82 m²,,
1 Bedroom House,R 9 000,9000,ZAR,Plumstead,12 Bardia,1,1,4,170 m²,https://www.property24.com/to-rent/plumstead/cape-town/western-cape/10094/116893540,https://www.property24.com/to-rent/cape-town/western-cape/432/p21?PropertyCategory=House%2cApartmentOrFlat%2cTownhouse,2026-02-09 12:25:16.234283,"This is a compact one bedroom house with a great spacious garden at the back. 

The ...",114170 m²,4,170 m²,,
3 Bedroom Apartment,R 150 000,150000,ZAR,Clifton,,3,3,,50 m²,https://www.property24.com/to-rent/clifton/cape-town/western-cape/11015/116850647,https://www.property24.com/to-rent/cape-town/western-cape/432/p21?PropertyCategory=House%2cApartmentOrFlat%2cTownhouse,2026-02-09 12:25:16.234283,"Set in one of Clifton’s most sought-after beachfront locations, this elegant 3-bedroom, 3-bathroom residence offers exceptional coastal ...",3350 m²,3,50 m²,,
0.5 Bedroom Apartment,R 11 750,11750,ZAR,Woodstock,,0.5,1,,29 m²,https://www.property24.com/to-rent/woodstock/cape-town/western-cape/10164/116847004,https://www.property24.com/to-rent/cape-town/western-cape/432/p21?PropertyCategory=House%2cApartmentOrFlat%2cTownhouse,2026-02-09 12:25:16.234283,"For long term lease only.

Modern, fully furnished studio apartment in the popular WEX 2 development, ideal for students or young ...",0.5129 m²,1,29 m²,,
1 Bedroom Apartment,R 15 000,15000,ZAR,Zonnebloem,,1,1,1,53 m²,https://www.property24.com/to-rent/zonnebloem/cape-town/western-cape/10166/116873021,https://www.property24.com/to-rent/cape-town/western-cape/432/p22?PropertyCategory=House%2cApartmentOrFlat%2cTownhouse,2026-02-09 12:25:16.234283,"Ideally positioned within Cape Town’s vibrant East City precinct, this stylish, fully furnished one-bedroom apartment offers effortless ...",11153 m²,1,53 m²,,
1 Bedroom Apartment,R 10 000,10000,ZAR,Plumstead,,1,1,1,32 m²,https://www.property24.com/to-rent/plumstead/cape-town/western-cape/10094/116856010,https://www.property24.com/to-rent/cape-town/western-cape/432/p22?PropertyCategory=House%2cApartmentOrFlat%2cTownhouse,2026-02-09 12:25:16.234283,This beautiful loft-style one-bedroom apartment will be available for rent from the 1st of March . Situated in a well-maintained ...,11132 m²,1,32 m²,,
4 Bedroom House,R 60 000,60000,ZAR,Sea Point,,4,4.5,3,291 m²,https://www.property24.com/to-rent/sea-point/cape-town/western-cape/11021/116874313,https://www.property24.com/to-rent/cape-town/western-cape/432/p22?PropertyCategory=House%2cApartmentOrFlat%2cTownhouse,2026-02-09 12:25:16.234283,"Available furnished or semi-furnished by arrangement, this beautifully presented four-bedroom residence offers a premium rental ...",44.53291 m²,3,291 m²,,
1 Bedroom Apartment,R 30 000,30000,ZAR,Foreshore,,1,1,,47 m²,https://www.property24.com/to-rent/foreshore/cape-town/western-cape/9143/116894197,https://www.property24.com/to-rent/cape-town/western-cape/432/p22?PropertyCategory=House%2cApartmentOrFlat%2cTownhouse,2026-02-09 12:25:16.234283,"Luxury Fully Furnished 1 Bedroom Apartment embracing Cape Towns Iconic views! 

Foreshore Place stands at the pinnacle of urban ...",1147 m²,1,47 m²,,
3 Bedroom House,R 53 000,53000,ZAR,Green Point,,3,2,1,226 m²,https://www.property24.com/to-rent/green-point/cape-town/western-cape/11017/116881215,https://www.property24.com/to-rent/cape-town/western-cape/432/p22?PropertyCategory=House%2cApartmentOrFlat%2cTownhouse,2026-02-09 12:25:16.234283,"Set within a quiet, access-controlled road, this beautifully renovated townhouse blends classic architectural charm with modern ...",321226 m²,1,226 m²,,
2 Bedroom Apartment,R 18 000,18000,ZAR,Claremont Upper,,2,1,1,82 m²,https://www.property24.com/to-rent/claremont-upper/cape-town/western-cape/14225/116852319,https://www.property24.com/to-rent/cape-town/western-cape/432/p22?PropertyCategory=House%2cApartmentOrFlat%2cTownhouse,2026-02-09 12:25:16.234283,"available 1 March 2026

Deposit = 2 months rental amount
NO pets


large living and dining area which flows onto balcony
kitchen ...",21182 m²,1,82 m²,,
2 Bedroom House,R 16 000,16000,ZAR,Mowbray,1 Sydney Road,2,1,,159 m²,https://www.property24.com/to-rent/mowbray/cape-town/western-cape/8677/107368451,https://www.property24.com/to-rent/cape-town/western-cape/432/p22?PropertyCategory=House%2cApartmentOrFlat%2cTownhouse,2026-02-09 12:25:16.234283,This charming Victorian home features two spacious bedrooms and a full bathroom. A ...,21159 m²,1,159 m²,,
3 Bedroom House,R 53 000,53000,ZAR,Green Point,,3,2,1,226 m²,https://www.property24.com/to-rent/green-point/cape-town/western-cape/11017/116888037,https://www.property24.com/to-rent/cape-town/western-cape/432/p22?PropertyCategory=House%2cApartmentOrFlat%2cTownhouse,2026-02-09 12:25:16.234283,"Set within a quiet, access-controlled road, this beautifully renovated townhouse blends classic architectural charm with modern ...",321226 m²,1,226 m²,,
3 Bedroom Apartment,R 18 000,18000,ZAR,Kenilworth,,3,1.5,1,106 m²,https://www.property24.com/to-rent/kenilworth/cape-town/western-cape/8669/114507842,https://www.property24.com/to-rent/cape-town/western-cape/432/p22?PropertyCategory=House%2cApartmentOrFlat%2cTownhouse,2026-02-09 12:25:16.234283,***** Open house viewing on the 10th February at 17h30. Please confirm your attendance via Email and the address will be ...,31.51106 m²,1,106 m²,,
5 Bedroom House,R 120 000,120000,ZAR,Constantia,65 Rathvelder Avenue,5,5,2,3 338 m²,https://www.property24.com/to-rent/constantia/cape-town/western-cape/11742/116890507,https://www.property24.com/to-rent/cape-town/western-cape/432/p22?PropertyCategory=House%2cApartmentOrFlat%2cTownhouse,2026-02-09 12:25:16.234283,"Set far back from the road in a quiet pocket of Constantia, this home is wonderfully ...",5523 338 m²,2,3 338 m²,,
2 Bedroom Apartment,R 75 000,75000,ZAR,Waterfront,,2,2,2,98 m²,https://www.property24.com/to-rent/waterfront/cape-town/western-cape/9169/116856029,https://www.property24.com/to-rent/cape-town/western-cape/432/p22?PropertyCategory=House%2cApartmentOrFlat%2cTownhouse,2026-02-09 12:25:16.234283,"Positioned in the iconic 5 Dock Road, this refined 2-bedroom, 2-bathroom apartment offers premium Waterfront living in one of Cape ...",22298 m²,2,98 m²,,
4 Bedroom House,R 65 000,65000,ZAR,Camps Bay,,4,5,3,805 m²,https://www.property24.com/to-rent/camps-bay/cape-town/western-cape/11014/114343784,https://www.property24.com/to-rent/cape-town/western-cape/432/p22?PropertyCategory=House%2cApartmentOrFlat%2cTownhouse,2026-02-09 12:25:16.234283,"Available from 1 April 2026 until 30 November 2025
This hidden jungle creek home sounds like a dream retreat! With its secluded ...",453805 m²,3,805 m²,,
3 Bedroom House,R 150 000,150000,ZAR,Green Point,,3,3,4,,https://www.property24.com/to-rent/green-point/cape-town/western-cape/11017/116747184?plId=2314444&plt=4,https://www.property24.com/to-rent/cape-town/western-cape/432/p22?PropertyCategory=House%2cApartmentOrFlat%2cTownhouse,2026-02-09 12:25:16.234283,"Experience the ultimate in luxury living in this stunning three bedroom, all ensuite multi level house, boasting breathtaking, uninterrupted views of the vibrant urban park, the majestic Atlantic Ocean, and the finest that Cape Town has to offer. Imagine waking up every ...",334,4,,,
2 Bedroom House,R 27 500,27500,ZAR,Rondebosch,,2,1,1,446 m²,https://www.property24.com/to-rent/rondebosch/cape-town/western-cape/8682/116857077,https://www.property24.com/to-rent/cape-town/western-cape/432/p22?PropertyCategory=House%2cApartmentOrFlat%2cTownhouse,2026-02-09 12:25:16.234283,"Rental R27 500.00 monthly
Deposit of R27 500 
Admin Fee R1000

Prepaid Electricity
Water, sewerage and refuse are for the ...",211446 m²,1,446 m²,,
2 Bedroom Apartment,R 37 500,37500,ZAR,Mouille Point,119 Beach Road,2,1,1,91 m²,https://www.property24.com/to-rent/mouille-point/cape-town/western-cape/11018/114937656,https://www.property24.com/to-rent/cape-town/western-cape/432/p22?PropertyCategory=House%2cApartmentOrFlat%2cTownhouse,2026-02-09 12:25:16.234283,"Furnished, easy lock-up-and-go living in the Henley Manor Block in Mouille Point. Clean ...",21191 m²,1,91 m²,,
1 Bedroom Apartment,R 13 500,13500,ZAR,Claremont,,1,1,1,39 m²,https://www.property24.com/to-rent/claremont/cape-town/western-cape/11741/116464938,https://www.property24.com/to-rent/cape-town/western-cape/432/p22?PropertyCategory=House%2cApartmentOrFlat%2cTownhouse,2026-02-09 12:25:16.234283,"Presenting an exceptional opportunity for sophisticated urban living, this modern one-bedroom, one-bathroom apartment is situated ...",11139 m²,1,39 m²,,
1 Bedroom Apartment,R 32 000,32000,ZAR,Sea Point,,1,1,1,47 m²,https://www.property24.com/to-rent/sea-point/cape-town/western-cape/11021/116033424,https://www.property24.com/to-rent/cape-town/western-cape/432/p22?PropertyCategory=House%2cApartmentOrFlat%2cTownhouse,2026-02-09 12:25:16.234283,"Welcome to Station House! An Urban beauty, perfectly located in the heart of Sea Point.

Discover the perfect blend of comfort and ...",11147 m²,1,47 m²,,
2 Bedroom Apartment,R 23 500,23500,ZAR,Claremont,,2,2,1,103 m²,https://www.property24.com/to-rent/claremont/cape-town/western-cape/11741/116859554,https://www.property24.com/to-rent/cape-town/western-cape/432/p22?PropertyCategory=House%2cApartmentOrFlat%2cTownhouse,2026-02-09 12:25:16.234283,"Available February 1st - Unfurnished Apartment
Long lease available

Welcome to this spacious and light-filled 5th-floor apartment in ...",221103 m²,1,103 m²,,
Apartment,R 11 000,11000,ZAR,Cape Town City Centre,,,1,1,26 m²,https://www.property24.com/to-rent/cape-town-city-centre/cape-town/western-cape/9138/110270464,https://www.property24.com/to-rent/cape-town/western-cape/432/p22?PropertyCategory=House%2cApartmentOrFlat%2cTownhouse,2026-02-09 12:25:16.234283,"The apartment features the following:
- 24h Security/concierge
- Open-plan living with room divider
- Modern and sleek
- 7th floor ...",1126 m²,1,26 m²,,
2 Bedroom Apartment,R 32 000,32000,ZAR,Tamboerskloof,,2,1,,88 m²,https://www.property24.com/to-rent/tamboerskloof/cape-town/western-cape/9163/116845233,https://www.property24.com/to-rent/cape-town/western-cape/432/p22?PropertyCategory=House%2cApartmentOrFlat%2cTownhouse,2026-02-09 12:25:16.234283,"In a typical, historical block, on a charming street, by a green park, in my favourite of the inner suburbs, you will find this ...",2188 m²,1,88 m²,,
3 Bedroom Apartment,R 35 000,35000,ZAR,Sea Point,,3,1.5,2,159 m²,https://www.property24.com/to-rent/sea-point/cape-town/western-cape/11021/116895908,https://www.property24.com/to-rent/cape-town/western-cape/432/p22?PropertyCategory=House%2cApartmentOrFlat%2cTownhouse,2026-02-09 12:25:16.234283,Large 159sqm old style apartment situated on the 8th floor with spectacular sea views. The building is conveniently located near the ...,31.52159 m²,2,159 m²,,
1 Bedroom Apartment,R 6 500,6500,ZAR,Plumstead,38 Gray Road,1,1,,,https://www.property24.com/to-rent/plumstead/cape-town/western-cape/10094/116877617,https://www.property24.com/to-rent/cape-town/western-cape/432/p23?PropertyCategory=House%2cApartmentOrFlat%2cTownhouse,2026-02-09 12:25:16.234283,"Ground floor Studio flat in Plumstead

- Tiled flooring throughout the flat 
- The ...",11,1,,,
3 Bedroom House,R 25 000,25000,ZAR,Plumstead,,3,2,4,489 m²,https://www.property24.com/to-rent/plumstead/cape-town/western-cape/10094/116884077,https://www.property24.com/to-rent/cape-town/western-cape/432/p23?PropertyCategory=House%2cApartmentOrFlat%2cTownhouse,2026-02-09 12:25:16.234283,"Whatsapp Messages or Email Inquiries Only!

This well-maintained and generously sized 3-bedroom home offers comfortable family living ...",324489 m²,4,489 m²,,
3 Bedroom House,R 85 000,85000,ZAR,Green Point,,3,2.5,3,169 m²,https://www.property24.com/to-rent/green-point/cape-town/western-cape/11017/116876591,https://www.property24.com/to-rent/cape-town/western-cape/432/p23?PropertyCategory=House%2cApartmentOrFlat%2cTownhouse,2026-02-09 12:25:16.234283,"Set within an exquisitely restored heritage church dating back to 1856, this one-of-a-kind residence offers a living experience unlike ...",32.53169 m²,3,169 m²,,
2 Bedroom Apartment,R 28 000,28000,ZAR,Sea Point,,2,2,1,81 m²,https://www.property24.com/to-rent/sea-point/cape-town/western-cape/11021/116851659,https://www.property24.com/to-rent/cape-town/western-cape/432/p23?PropertyCategory=House%2cApartmentOrFlat%2cTownhouse,2026-02-09 12:25:16.234283,"Experience comfort and style in this beautifully furnished two-bedroom apartment, available for a limited period from 1st April  to ...",22181 m²,1,81 m²,,
3 Bedroom Apartment,R 55 000,55000,ZAR,Green Point,,3,2.5,2,168 m²,https://www.property24.com/to-rent/green-point/cape-town/western-cape/11017/116703964,https://www.property24.com/to-rent/cape-town/western-cape/432/p23?PropertyCategory=House%2cApartmentOrFlat%2cTownhouse,2026-02-09 12:25:16.234283,"*LONG TERM RENTAL ONLY*

Available:  31 March 2026

This beautifully situated 8th floor apartment shows off both mountain and sea ...",32.52168 m²,2,168 m²,,
3 Bedroom Townhouse,R 55 000,55000,ZAR,Camps Bay,,3,2.5,3,231 m²,https://www.property24.com/to-rent/camps-bay/cape-town/western-cape/11014/116845858,https://www.property24.com/to-rent/cape-town/western-cape/432/p23?PropertyCategory=House%2cApartmentOrFlat%2cTownhouse,2026-02-09 12:25:16.234283,Nox introduces this beautifully renovated 231m2 duplex offering contemporary living just 5 minutes from Camps Bay Beach. Designed with ...,32.53231 m²,3,231 m²,,
2 Bedroom Apartment,R 24 500,24500,ZAR,Mouille Point,,2,1,,65 m²,https://www.property24.com/to-rent/mouille-point/cape-town/western-cape/11018/106186968,https://www.property24.com/to-rent/cape-town/western-cape/432/p23?PropertyCategory=House%2cApartmentOrFlat%2cTownhouse,2026-02-09 12:25:16.234283,The flat has been finished with modern fixtures and fittings. The open plan lounge and dining area enjoy breath taking views of the ...,2165 m²,1,65 m²,,
3 Bedroom House,R 40 000,40000,ZAR,Meadowridge,,3,3,3,,https://www.property24.com/to-rent/meadowridge/cape-town/western-cape/10052/116900383,https://www.property24.com/to-rent/cape-town/western-cape/432/p23?PropertyCategory=House%2cApartmentOrFlat%2cTownhouse,2026-02-09 12:25:16.234283,"This immaculate, newly renovated property enjoys a prime location in the peaceful suburb of Meadowridge, offering easy access to top ...",333,3,,,
Apartment,R 27 500,27500,ZAR,Gardens,,,,1,,https://www.property24.com/to-rent/gardens/cape-town/western-cape/9145/116901270,https://www.property24.com/to-rent/cape-town/western-cape/432/p23?PropertyCategory=House%2cApartmentOrFlat%2cTownhouse,2026-02-09 12:25:16.234283,"This move-in-ready, lock-up-and-go 2-bedroom apartment is ideally located in the heart of Gardens.

The apartment features a modern ...",1,1,,,
2 Bedroom House,R 19 500,19500,ZAR,Wynberg Upper,,2,1,2,218 m²,https://www.property24.com/to-rent/wynberg-upper/cape-town/western-cape/10102/116877322,https://www.property24.com/to-rent/cape-town/western-cape/432/p23?PropertyCategory=House%2cApartmentOrFlat%2cTownhouse,2026-02-09 12:25:16.234283,"Hidden gem in the heart of Wynberg Upper available mid March / 1 April 2026 

ON SHOW this weekend - Whatsapp Agent to secure your ...",212218 m²,2,218 m²,,
3 Bedroom Apartment,R 55 000,55000,ZAR,Vredehoek,,3,2,2,,https://www.property24.com/to-rent/vredehoek/cape-town/western-cape/9166/114799207,https://www.property24.com/to-rent/cape-town/western-cape/432/p23?PropertyCategory=House%2cApartmentOrFlat%2cTownhouse,2026-02-09 12:25:16.234283,"SPACIOUS, NEWLY FURNISHED AND RENOVATED IN SECURITY ESTATE
Fully furnished and equipped with bedding, towels etc.
Availability - ...",322,2,,,
3 Bedroom House,R 21 000,21000,ZAR,Observatory,,3,2,2,249 m²,https://www.property24.com/to-rent/observatory/cape-town/western-cape/10157/116883228,https://www.property24.com/to-rent/cape-town/western-cape/432/p23?PropertyCategory=House%2cApartmentOrFlat%2cTownhouse,2026-02-09 12:25:16.234283,"Charming 3-Bed, 2-Bath Home in Observatory

This lovely 3-bedroom, 2-bathroom home in the heart of Observatory offers the perfect blend ...",322249 m²,2,249 m²,,
0.5 Bedroom Apartment,R 14 500,14500,ZAR,Sea Point,,0.5,1,1,,https://www.property24.com/to-rent/sea-point/cape-town/western-cape/11021/116901412,https://www.property24.com/to-rent/cape-town/western-cape/432/p23?PropertyCategory=House%2cApartmentOrFlat%2cTownhouse,2026-02-09 12:25:16.234283,"This stylish, fully furnished studio apartment offers a seamless open-plan layout designed for modern coastal living. Perfect as a ...",0.511,1,,,
0.5 Bedroom Apartment,R 16 000,16000,ZAR,Sea Point,,0.5,1,,38 m²,https://www.property24.com/to-rent/sea-point/cape-town/western-cape/11021/116868088,https://www.property24.com/to-rent/cape-town/western-cape/432/p23?PropertyCategory=House%2cApartmentOrFlat%2cTownhouse,2026-02-09 12:25:16.234283,"Sea Point  partly furnished bachelor, nestled between the sparkling Atlantic Ocean and the iconic Signal Hill, offers the ...",0.5138 m²,1,38 m²,,
0.5 Bedroom Apartment,R 13 000,13000,ZAR,Cape Town City Centre,,0.5,1,,25 m²,https://www.property24.com/to-rent/cape-town-city-centre/cape-town/western-cape/9138/116860276,https://www.property24.com/to-rent/cape-town/western-cape/432/p23?PropertyCategory=House%2cApartmentOrFlat%2cTownhouse,2026-02-09 12:25:16.234283,"This modern, fully furnished studio apartment is located in the sought-after BlackBrick development in Cape Town’s city centre. ...",0.5125 m²,1,25 m²,,
House,R 125 000,125000,ZAR,Fresnaye,,,,,230 m²,https://www.property24.com/to-rent/fresnaye/cape-town/western-cape/11016/116896087,https://www.property24.com/to-rent/cape-town/western-cape/432/p23?PropertyCategory=House%2cApartmentOrFlat%2cTownhouse,2026-02-09 12:25:16.234283,Lovely family home situated on the border of Fresnaye & Sea Point. The property is within walking distance to the The Point ...,230 m²,,230 m²,,
3 Bedroom Apartment,R 70 000,70000,ZAR,Camps Bay,30 First Crescent,3,3,3,202 m²,https://www.property24.com/to-rent/camps-bay/cape-town/western-cape/11014/116807358,https://www.property24.com/to-rent/cape-town/western-cape/432/p23?PropertyCategory=House%2cApartmentOrFlat%2cTownhouse,2026-02-09 12:25:16.234283,"Available 15 April for 6 months, this beautifully furnished apartment offers relaxed ...",333202 m²,3,202 m²,,
2 Bedroom Apartment,R 28 000,28000,ZAR,Sea Point,,2,2,1,81 m²,https://www.property24.com/to-rent/sea-point/cape-town/western-cape/11021/116670523,https://www.property24.com/to-rent/cape-town/western-cape/432/p23?PropertyCategory=House%2cApartmentOrFlat%2cTownhouse,2026-02-09 12:25:16.234283,"Experience comfort and style in this beautifully furnished two-bedroom apartment, available for a limited period from 1st April  to ...",22181 m²,1,81 m²,,
2 Bedroom House,R 37 000,37000,ZAR,Tokai,,2,1,2,,https://www.property24.com/to-rent/tokai/cape-town/western-cape/9044/113936193,https://www.property24.com/to-rent/cape-town/western-cape/432/p23?PropertyCategory=House%2cApartmentOrFlat%2cTownhouse,2026-02-09 12:25:16.234283,"Set in the sought-after, leafy enclave of Zwaanswyk in Upper Tokai, this charming, newly renovated and beautifully furnished two ...",212,2,,,
2 Bedroom Apartment,R 38 000,38000,ZAR,Tamboerskloof,,2,1,,88 m²,https://www.property24.com/to-rent/tamboerskloof/cape-town/western-cape/9163/116880262,https://www.property24.com/to-rent/cape-town/western-cape/432/p23?PropertyCategory=House%2cApartmentOrFlat%2cTownhouse,2026-02-09 12:25:16.234283,"Beautifully reimagined by an interior designer, this two bedroom apartment blends warmth, texture and thoughtful functionality to ...",2188 m²,1,88 m²,,
3 Bedroom House,R 70 000,70000,ZAR,Witteboomen,,3,3,6,4 047 m²,https://www.property24.com/to-rent/witteboomen/cape-town/western-cape/16245/116815373,https://www.property24.com/to-rent/cape-town/western-cape/432/p23?PropertyCategory=House%2cApartmentOrFlat%2cTownhouse,2026-02-09 12:25:16.234283,"This newly renovated ""Old Heritage House"" is a spacious and comfortable home situated in, Witteboomen  Constantia. Available ...",3364 047 m²,6,4 047 m²,,
3 Bedroom House,R 50 000,50000,ZAR,Sea Point,1a Rocklands Road,3,3,2,,https://www.property24.com/to-rent/sea-point/cape-town/western-cape/11021/113881593,https://www.property24.com/to-rent/cape-town/western-cape/432/p24?PropertyCategory=House%2cApartmentOrFlat%2cTownhouse,2026-02-09 12:25:16.234283,"This character-filled, semi-detached houser, offers a perfect blend of classic charm and ...",332,2,,,
1 Bedroom Apartment,R 14 000,14000,ZAR,Camps Bay,,1,1,,40 m²,https://www.property24.com/to-rent/camps-bay/cape-town/western-cape/11014/116862061,https://www.property24.com/to-rent/cape-town/western-cape/432/p24?PropertyCategory=House%2cApartmentOrFlat%2cTownhouse,2026-02-09 12:25:16.234283,"Welcome to Marine Heights, a sought-after area nestled alongside the breathtaking Atlantic Seaboard on the serene slopes of Table ...",1140 m²,1,40 m²,,
2 Bedroom Apartment,R 40 000,40000,ZAR,Three Anchor Bay,1 Walter Road,2,2,1,,https://www.property24.com/to-rent/three-anchor-bay/cape-town/western-cape/11022/115565918,https://www.property24.com/to-rent/cape-town/western-cape/432/p24?PropertyCategory=House%2cApartmentOrFlat%2cTownhouse,2026-02-09 12:25:16.234283,This unique 2 bedroom apartment offers an open plan master suite on the entire top floor ...,221,1,,,
1 Bedroom Apartment,R 60 000,60000,ZAR,Foreshore,,1,1,1,100 m²,https://www.property24.com/to-rent/foreshore/cape-town/western-cape/9143/116874990,https://www.property24.com/to-rent/cape-town/western-cape/432/p24?PropertyCategory=House%2cApartmentOrFlat%2cTownhouse,2026-02-09 12:25:16.234283,"This luxurious, north-facing one-bedroom apartment is situated in Canal Quays and offers approximately 100m² of interior space ...",111100 m²,1,100 m²,,
3 Bedroom Apartment,R 28 000,28000,ZAR,Sea Point,,3,1.5,1,105 m²,https://www.property24.com/to-rent/sea-point/cape-town/western-cape/11021/116882453,https://www.property24.com/to-rent/cape-town/western-cape/432/p24?PropertyCategory=House%2cApartmentOrFlat%2cTownhouse,2026-02-09 12:25:16.234283,"Unfurnished 3 bedroom apartment with a large lounge and balcony
Kitchen with oven and hob and 1 full bathroom as well as separate loo ...",31.51105 m²,1,105 m²,,
2 Bedroom Apartment,R 16 950,16950,ZAR,Kenilworth,,2,1,1,,https://www.property24.com/to-rent/kenilworth/cape-town/western-cape/8669/116900245,https://www.property24.com/to-rent/cape-town/western-cape/432/p24?PropertyCategory=House%2cApartmentOrFlat%2cTownhouse,2026-02-09 12:25:16.234283,This property is situated in a quiet cul de sac surrounded by beautiful gardens and trees and is within walking distance to the ...,211,1,,,
0.5 Bedroom Apartment,R 9 500,9500,ZAR,Observatory,,0.5,1,1,39 m²,https://www.property24.com/to-rent/observatory/cape-town/western-cape/10157/114953319,https://www.property24.com/to-rent/cape-town/western-cape/432/p24?PropertyCategory=House%2cApartmentOrFlat%2cTownhouse,2026-02-09 12:25:16.234283,"I have a spacious studio apartment in the sought out complex, The Factory.

-Kitchen with stove/oven and plenty of cupboard ...",0.51139 m²,1,39 m²,,
1 Bedroom Apartment,R 19 000,19000,ZAR,Cape Town City Centre,,1,1,1,68 m²,https://www.property24.com/to-rent/cape-town-city-centre/cape-town/western-cape/9138/116858370,https://www.property24.com/to-rent/cape-town/western-cape/432/p24?PropertyCategory=House%2cApartmentOrFlat%2cTownhouse,2026-02-09 12:25:16.234283,"Live in the heart of Cape Town in this spacious one bedroom apartment set within the iconic Mandela Rhodes Place, a landmark building ...",11168 m²,1,68 m²,,
2 Bedroom Apartment,R 15 950,15950,ZAR,Rosebank,4 Hermitage Rd,2,1,1,,https://www.property24.com/to-rent/rosebank/cape-town/western-cape/8683/109538159,https://www.property24.com/to-rent/cape-town/western-cape/432/p24?PropertyCategory=House%2cApartmentOrFlat%2cTownhouse,2026-02-09 12:25:16.234283,"2 Bedroom Apartment in Rosebank , Cape Town
This apartment is in a secure block ...",211,1,,,
5 Bedroom House,R 85 000,85000,ZAR,Constantia,,5,3.5,6,2 123 m²,https://www.property24.com/to-rent/constantia/cape-town/western-cape/11742/116894004,https://www.property24.com/to-rent/cape-town/western-cape/432/p24?PropertyCategory=House%2cApartmentOrFlat%2cTownhouse,2026-02-09 12:25:16.234283,Country living at its very best in the heart of Constantia Valley. North facing and versatile five-bedroom family home. Set in an ...,53.562 123 m²,6,2 123 m²,,
2 Bedroom Apartment,R 40 000,40000,ZAR,Three Anchor Bay,1 Walter Road,2,2,1,,https://www.property24.com/to-rent/three-anchor-bay/cape-town/western-cape/11022/116687685,https://www.property24.com/to-rent/cape-town/western-cape/432/p24?PropertyCategory=House%2cApartmentOrFlat%2cTownhouse,2026-02-09 12:25:16.234283,This unique 2 bedroom apartment offers an open plan master suite on the entire top floor ...,221,1,,,
3 Bedroom House,R 75 000,75000,ZAR,Oranjezicht,,3,3,3,962 m²,https://www.property24.com/to-rent/oranjezicht/cape-town/western-cape/9155/116849827,https://www.property24.com/to-rent/cape-town/western-cape/432/p24?PropertyCategory=House%2cApartmentOrFlat%2cTownhouse,2026-02-09 12:25:16.234283,"Double Storey Home to Rent in Oranjezicht

- Fully Furnished - 

Set high against the majestic slopes of Table Mountain, this ...",333962 m²,3,962 m²,,
2 Bedroom Apartment,R 26 000,26000,ZAR,Claremont,The Quadrant,2,2,2,86 m²,https://www.property24.com/to-rent/claremont/cape-town/western-cape/11741/110135475,https://www.property24.com/to-rent/cape-town/western-cape/432/p24?PropertyCategory=House%2cApartmentOrFlat%2cTownhouse,2026-02-09 12:25:16.234283,Modern 2-Bedroom Apartment in The Quadrant – Prime Location with Luxury ...,22286 m²,2,86 m²,,
2 Bedroom Apartment,R 19 450,19450,ZAR,Kenilworth Upper,,2,1,1,70 m²,https://www.property24.com/to-rent/kenilworth-upper/cape-town/western-cape/14224/116855840,https://www.property24.com/to-rent/cape-town/western-cape/432/p24?PropertyCategory=House%2cApartmentOrFlat%2cTownhouse,2026-02-09 12:25:16.234283,"Available from immediately

Bright Main Bedroom: Equipped with built-in cupboards (BICs) and lovely laminated floors.
Second Bedroom: ...",21170 m²,1,70 m²,,
1 Bedroom Apartment,R 14 800,14800,ZAR,Cape Town City Centre,,1,1,,59 m²,https://www.property24.com/to-rent/cape-town-city-centre/cape-town/western-cape/9138/116887325,https://www.property24.com/to-rent/cape-town/western-cape/432/p24?PropertyCategory=House%2cApartmentOrFlat%2cTownhouse,2026-02-09 12:25:16.234283,"The neat ultra-stylish, semi furnished 2 Roomed apartment (59m²) in the CBD is in close proximity to The Western Cape High Court ...",1159 m²,1,59 m²,,
4 Bedroom House,POAper day,,,Fresnaye,,4,4.5,,699 m²,https://www.property24.com/to-rent/fresnaye/cape-town/western-cape/11016/116884229,https://www.property24.com/to-rent/cape-town/western-cape/432/p24?PropertyCategory=House%2cApartmentOrFlat%2cTownhouse,2026-02-09 12:25:16.234283,"Tucked away in a peaceful residential setting, this beautifully curated four-bedroom, four-bathroom villa offers an exceptional Cape ...",44.5699 m²,4.5,699 m²,,per day
2 Bedroom Apartment,R 75 000,75000,ZAR,Green Point,"Devonshire, 7 Main Road",2,2,1,,https://www.property24.com/to-rent/green-point/cape-town/western-cape/11017/116850564,https://www.property24.com/to-rent/cape-town/western-cape/432/p24?PropertyCategory=House%2cApartmentOrFlat%2cTownhouse,2026-02-09 12:25:16.234283,Newly renovated and luxury 2 Bedroom Apartment in situated in the nestled in the heart ...,221,1,,,
2 Bedroom Apartment,R 39 000,39000,ZAR,Oranjezicht,15 Breda Street,2,2,2,100 m²,https://www.property24.com/to-rent/oranjezicht/cape-town/western-cape/9155/116896223,https://www.property24.com/to-rent/cape-town/western-cape/432/p24?PropertyCategory=House%2cApartmentOrFlat%2cTownhouse,2026-02-09 12:25:16.234283,"Stylish Fully Furnished 2-Bedroom Apartment in Gardens



This beautiful fully ...",222100 m²,2,100 m²,,
2 Bedroom Apartment,R 14 500,14500,ZAR,Claremont,"Grove Avenue, Claremont",2,1,,,https://www.property24.com/to-rent/claremont/cape-town/western-cape/11741/116900226,https://www.property24.com/to-rent/cape-town/western-cape/432/p24?PropertyCategory=House%2cApartmentOrFlat%2cTownhouse,2026-02-09 12:25:16.234283,This 2 Bed Apartment is ideal for student/s. Situated in a quiet block 250m away from ...,21,1,,,
2 Bedroom Apartment,R 55 000,55000,ZAR,Green Point,,2,2,2,,https://www.property24.com/to-rent/green-point/cape-town/western-cape/11017/116897635,https://www.property24.com/to-rent/cape-town/western-cape/432/p24?PropertyCategory=House%2cApartmentOrFlat%2cTownhouse,2026-02-09 12:25:16.234283,"A luxurious, secure space situated high up in Green Point, with incredible views of the ocean and the rest of the Atlantic Seaboard ...",222,2,,,
3 Bedroom House,R 70 000,70000,ZAR,Kenilworth Upper,,3,3,2,,https://www.property24.com/to-rent/kenilworth-upper/cape-town/western-cape/14224/116848487,https://www.property24.com/to-rent/cape-town/western-cape/432/p24?PropertyCategory=House%2cApartmentOrFlat%2cTownhouse,2026-02-09 12:25:16.234283,"Exclusive sole mandate 

Set within a secure and sought-after gated estate in Upper Kenilworth, this beautiful modern triplex home ...",332,2,,,
2 Bedroom Apartment,R 55 000,55000,ZAR,Green Point,,2,2,2,,https://www.property24.com/to-rent/green-point/cape-town/western-cape/11017/116897635,https://www.property24.com/to-rent/cape-town/western-cape/432/p25?PropertyCategory=House%2cApartmentOrFlat%2cTownhouse,2026-02-09 12:25:16.234283,"A luxurious, secure space situated high up in Green Point, with incredible views of the ocean and the rest of the Atlantic Seaboard ...",222,2,,,
2 Bedroom Apartment,R 27 000,27000,ZAR,Sea Point,,2,2,1,93 m²,https://www.property24.com/to-rent/sea-point/cape-town/western-cape/11021/116678808,https://www.property24.com/to-rent/cape-town/western-cape/432/p25?PropertyCategory=House%2cApartmentOrFlat%2cTownhouse,2026-02-09 12:25:16.234283,"Unfurnished two bedroom apartment in Regent Road
Ground floor, new refurbished
Spacious kitchen with dishwasher, washing machine and ...",22193 m²,1,93 m²,,
3 Bedroom House,R 70 000,70000,ZAR,Kenilworth Upper,,3,3,2,,https://www.property24.com/to-rent/kenilworth-upper/cape-town/western-cape/14224/116848487,https://www.property24.com/to-rent/cape-town/western-cape/432/p25?PropertyCategory=House%2cApartmentOrFlat%2cTownhouse,2026-02-09 12:25:16.234283,"Exclusive sole mandate 

Set within a secure and sought-after gated estate in Upper Kenilworth, this beautiful modern triplex home ...",332,2,,,
3 Bedroom House,R 25 000,25000,ZAR,Plumstead,,3,2,1,,https://www.property24.com/to-rent/plumstead/cape-town/western-cape/10094/116901063,https://www.property24.com/to-rent/cape-town/western-cape/432/p25?PropertyCategory=House%2cApartmentOrFlat%2cTownhouse,2026-02-09 12:25:16.234283,"Completely re-done, this family home has been renovated and re-painted throughout with a new kitchen and bathroom installed.  The ...",321,1,,,
1 Bedroom Apartment,R 16 500,16500,ZAR,Cape Town City Centre,,1,1,,44 m²,https://www.property24.com/to-rent/cape-town-city-centre/cape-town/western-cape/9138/116844978,https://www.property24.com/to-rent/cape-town/western-cape/432/p25?PropertyCategory=House%2cApartmentOrFlat%2cTownhouse,2026-02-09 12:25:16.234283,We are delighted to release this spacious fully furnished chic studio in the heart of the city. A modern open-plan space that is well ...,1144 m²,1,44 m²,,
3 Bedroom House,R 38 500,38500,ZAR,Muizenberg,59 The Row Street Muizenberg,3,2,4,460 m²,https://www.property24.com/to-rent/muizenberg/cape-town/western-cape/9025/113118507,https://www.property24.com/to-rent/cape-town/western-cape/432/p25?PropertyCategory=House%2cApartmentOrFlat%2cTownhouse,2026-02-09 12:25:16.234283,"Charming 3-Bedroom Family Home.

Available from 1st of April 2026

This beautifully ...",324460 m²,4,460 m²,,
2 Bedroom Apartment,R 17 900,17900,ZAR,Kenilworth,,2,2,2,61 m²,https://www.property24.com/to-rent/kenilworth/cape-town/western-cape/8669/116664361,https://www.property24.com/to-rent/cape-town/western-cape/432/p25?PropertyCategory=House%2cApartmentOrFlat%2cTownhouse,2026-02-09 12:25:16.234283,"AVAILABLE 1 MARCH 2026 - This lovely apartment has two of everything and its FURNISHED - 2 bedrooms, 2 bathrooms and 2 parking bays! ...",22261 m²,2,61 m²,,
2 Bedroom Apartment,R 27 000,27000,ZAR,Sea Point,,2,2,1,93 m²,https://www.property24.com/to-rent/sea-point/cape-town/western-cape/11021/116451641,https://www.property24.com/to-rent/cape-town/western-cape/432/p25?PropertyCategory=House%2cApartmentOrFlat%2cTownhouse,2026-02-09 12:25:16.234283,"Unfurnished two bedroom apartment in Regent Road
Ground floor, new refurbished
Spacious kitchen with dishwasher, washing machine and ...",22193 m²,1,93 m²,,
2 Bedroom Apartment,R 30 000,30000,ZAR,Newlands,,2,2,2,85 m²,https://www.property24.com/to-rent/newlands/cape-town/western-cape/8679/116841743,https://www.property24.com/to-rent/cape-town/western-cape/432/p25?PropertyCategory=House%2cApartmentOrFlat%2cTownhouse,2026-02-09 12:25:16.234283,"This stylish and contemporary 2-bedroom, 2-bathroom apartment is ideally located in the sought-after Newlands Peak development. ...",22285 m²,2,85 m²,,
5 Bedroom House,R 30 000,30000,ZAR,Ottery,,5,2.5,5,522 m²,https://www.property24.com/to-rent/ottery/cape-town/western-cape/10090/113383357,https://www.property24.com/to-rent/cape-town/western-cape/432/p25?PropertyCategory=House%2cApartmentOrFlat%2cTownhouse,2026-02-09 12:25:16.234283,"Entertainment Dream - 5 Bedroom House with separate Bachelor apartment To Rent

Please read carefully as all financial details is ...",52.55522 m²,5,522 m²,,
1 Bedroom Apartment,R 12 250,12250,ZAR,Cape Town City Centre,,1,1,,31 m²,https://www.property24.com/to-rent/cape-town-city-centre/cape-town/western-cape/9138/116888214,https://www.property24.com/to-rent/cape-town/western-cape/432/p25?PropertyCategory=House%2cApartmentOrFlat%2cTownhouse,2026-02-09 12:25:16.234283,"The neat ultra-stylish, semi furnished 2 Roomed apartment (31m²) in the CBD is in close proximity to The Western Cape High Court ...",1131 m²,1,31 m²,,
1 Bedroom Apartment,R 7 700,7700,ZAR,Rondebosch,,1,1,1,39 m²,https://www.property24.com/to-rent/rondebosch/cape-town/western-cape/8682/115126929,https://www.property24.com/to-rent/cape-town/western-cape/432/p25?PropertyCategory=House%2cApartmentOrFlat%2cTownhouse,2026-02-09 12:25:16.234283,"2nd Floor, Spacious neat 1 Bedroom (BIC) apartment in Rondebosch
Situated in Kingsbury Park Road
Separate lounge, kitchen & ...",11139 m²,1,39 m²,,
3 Bedroom Townhouse,R 18 000,18000,ZAR,Muizenberg,,3,3,1,125 m²,https://www.property24.com/to-rent/muizenberg/cape-town/western-cape/9025/116843490,https://www.property24.com/to-rent/cape-town/western-cape/432/p25?PropertyCategory=House%2cApartmentOrFlat%2cTownhouse,2026-02-09 12:25:16.234283,"This beautifully proportioned 3-bedroom, 3-bathroom triplex is positioned to maximise uninterrupted Atlantic Ocean views, creating a ...",331125 m²,1,125 m²,,
2 Bedroom Apartment,R 60 000,60000,ZAR,Muizenberg,176 Main Road,2,2,2,145 m²,https://www.property24.com/to-rent/muizenberg/cape-town/western-cape/9025/116722923,https://www.property24.com/to-rent/cape-town/western-cape/432/p25?PropertyCategory=House%2cApartmentOrFlat%2cTownhouse,2026-02-09 12:25:16.234283,"Welcome to this exceptional Penthouse apartment, 150 meters from Surfers Corner, at the ...",222145 m²,2,145 m²,,
3 Bedroom House,R 18 750,18750,ZAR,Wynberg,14 Malton Road,3,2,4,,https://www.property24.com/to-rent/wynberg/cape-town/western-cape/10109/116895285,https://www.property24.com/to-rent/cape-town/western-cape/432/p25?PropertyCategory=House%2cApartmentOrFlat%2cTownhouse,2026-02-09 12:25:16.234283,3 bedroom family home available for rent from 1 April 2026 in this convenient and ...,324,4,,,
3 Bedroom House,R 8 500,8500,ZAR,Gardens,,3,4,1,,https://www.property24.com/to-rent/gardens/cape-town/western-cape/9145/116895487,https://www.property24.com/to-rent/cape-town/western-cape/432/p25?PropertyCategory=House%2cApartmentOrFlat%2cTownhouse,2026-02-09 12:25:16.234283,"Located in the highly sought-after suburb of Gardens, this well-maintained property offers comfortable room rentals ideal for young ...",341,1,,,
4 Bedroom House,R 18 000,18000,ZAR,Plumstead,,4,2,1,,https://www.property24.com/to-rent/plumstead/cape-town/western-cape/10094/116844905,https://www.property24.com/to-rent/cape-town/western-cape/432/p25?PropertyCategory=House%2cApartmentOrFlat%2cTownhouse,2026-02-09 12:25:16.234283,"Step into comfort, space, and the best of suburban living with this beautiful 4 bedroom home in Plumstead. Set in a friendly ...",421,1,,,
Apartment,R 13 000,13000,ZAR,Observatory,9 Bowden Studios,,1,1,,https://www.property24.com/to-rent/observatory/cape-town/western-cape/10157/116895024,https://www.property24.com/to-rent/cape-town/western-cape/432/p25?PropertyCategory=House%2cApartmentOrFlat%2cTownhouse,2026-02-09 12:25:16.234283,"We are excited to welcome the exclusive launch of The Bowden Villas in Observatory, Cape ...",11,1,,,
3 Bedroom Apartment,R 78 000,78000,ZAR,Green Point,,3,3,2,171 m²,https://www.property24.com/to-rent/green-point/cape-town/western-cape/11017/115837568,https://www.property24.com/to-rent/cape-town/western-cape/432/p25?PropertyCategory=House%2cApartmentOrFlat%2cTownhouse,2026-02-09 12:25:16.234283,"Nestled in the heart of Green Point, The Braemar offers the ultimate urban living experience with this newly developed 3-bedroom ...",332171 m²,2,171 m²,,
1 Bedroom Apartment,R 15 000,15000,ZAR,Cape Town City Centre,37 Roeland Street,1,1,1,45 m²,https://www.property24.com/to-rent/cape-town-city-centre/cape-town/western-cape/9138/113797428,https://www.property24.com/to-rent/cape-town/western-cape/432/p25?PropertyCategory=House%2cApartmentOrFlat%2cTownhouse,2026-02-09 12:25:16.234283,"Secure 1 bed apartment with open plan lounge kitchen area
includes 1 basement parking ...",11145 m²,1,45 m²,,
0.5 Bedroom Apartment,R 12 000,12000,ZAR,Woodstock,,0.5,1,,62 m²,https://www.property24.com/to-rent/woodstock/cape-town/western-cape/10164/114678317,https://www.property24.com/to-rent/cape-town/western-cape/432/p25?PropertyCategory=House%2cApartmentOrFlat%2cTownhouse,2026-02-09 12:25:16.234283,"Modern Studio Apartment in Woodstock, Cape Town  

Welcome to this charming, newly renovated studio apartment in the vibrant heart of ...",0.5162 m²,1,62 m²,,
2 Bedroom Apartment,R 27 500,27500,ZAR,Gardens,,2,,,,https://www.property24.com/to-rent/gardens/cape-town/western-cape/9145/116901418,https://www.property24.com/to-rent/cape-town/western-cape/432/p26?PropertyCategory=House%2cApartmentOrFlat%2cTownhouse,2026-02-09 12:25:16.234283,"Live in the heart of Gardens, close to all amenities, with breathtaking views from this stunning 2-bedroom apartment. Ready to move in ...",2,2,,,
3 Bedroom House,R 34 500,34500,ZAR,Plumstead,,3,3,3,,https://www.property24.com/to-rent/plumstead/cape-town/western-cape/10094/116897349,https://www.property24.com/to-rent/cape-town/western-cape/432/p26?PropertyCategory=House%2cApartmentOrFlat%2cTownhouse,2026-02-09 12:25:16.234283,"This lovely well maintained semi furnished Victorian, heritage home is set in a beautiful garden and offers three large bedrooms and a ...",333,3,,,
3 Bedroom Townhouse,R 32 000,32000,ZAR,Vredehoek,,3,2.5,4,126 m²,https://www.property24.com/to-rent/vredehoek/cape-town/western-cape/9166/116849834,https://www.property24.com/to-rent/cape-town/western-cape/432/p26?PropertyCategory=House%2cApartmentOrFlat%2cTownhouse,2026-02-09 12:25:16.234283,"UNFURNISHED townhouse in a secure complex

A light filled, well proportioned townhouse with space in all the right places.

Upstairs ...",32.54126 m²,4,126 m²,,
2 Bedroom Apartment,R 34 500,34500,ZAR,Green Point,,2,2,1,80 m²,https://www.property24.com/to-rent/green-point/cape-town/western-cape/11017/116838490,https://www.property24.com/to-rent/cape-town/western-cape/432/p26?PropertyCategory=House%2cApartmentOrFlat%2cTownhouse,2026-02-09 12:25:16.234283,"BOUTIQUE BLOCK IN GREEN POINT

80 sqm Two bedroom, two bathroom, unfurnished apartment in a small boutique block in Green Point.  ...",22180 m²,1,80 m²,,
1 Bedroom Apartment,R 14 000,14000,ZAR,Mowbray,,1,1,1,40 m²,https://www.property24.com/to-rent/mowbray/cape-town/western-cape/8677/116836577,https://www.property24.com/to-rent/cape-town/western-cape/432/p26?PropertyCategory=House%2cApartmentOrFlat%2cTownhouse,2026-02-09 12:25:16.234283,"Located in the heart of Mowbray, The Kingsley presents a sophisticated and comfortable living environment, combining contemporary ...",11140 m²,1,40 m²,,
2 Bedroom Apartment,R 36 500,36500,ZAR,Sea Point,,2,2,2,127 m²,https://www.property24.com/to-rent/sea-point/cape-town/western-cape/11021/116873320,https://www.property24.com/to-rent/cape-town/western-cape/432/p26?PropertyCategory=House%2cApartmentOrFlat%2cTownhouse,2026-02-09 12:25:16.234283,"Enjoy effortless coastal living in this stylish unfurnished 2-bedroom apartment, perfectly positioned in the heart of Sea Point. ...",222127 m²,2,127 m²,,
2 Bedroom Apartment,R 70 000,70000,ZAR,Waterfront,,2,2,2,94 m²,https://www.property24.com/to-rent/waterfront/cape-town/western-cape/9169/116858644,https://www.property24.com/to-rent/cape-town/western-cape/432/p26?PropertyCategory=House%2cApartmentOrFlat%2cTownhouse,2026-02-09 12:25:16.234283,"This outstanding two-bedroom apartment is available for long-term rental within the newly launched Dock Road Residences, a premier ...",22294 m²,2,94 m²,,
4 Bedroom House,R 78 000,78000,ZAR,Oranjezicht,,4,4,1,280 m²,https://www.property24.com/to-rent/oranjezicht/cape-town/western-cape/9155/114675610,https://www.property24.com/to-rent/cape-town/western-cape/432/p26?PropertyCategory=House%2cApartmentOrFlat%2cTownhouse,2026-02-09 12:25:16.234283,"**Available furnished, from 5 May to 4 December 2026 or a part of it**

This beautifully decorated, luxurious and spacious family ...",441280 m²,1,280 m²,,
2 Bedroom Apartment,R 15 500,15500,ZAR,Kenilworth,,2,1,1,72 m²,https://www.property24.com/to-rent/kenilworth/cape-town/western-cape/8669/116785859,https://www.property24.com/to-rent/cape-town/western-cape/432/p26?PropertyCategory=House%2cApartmentOrFlat%2cTownhouse,2026-02-09 12:25:16.234283,"Nestled in the leafy and sought after suburb of Kenilworth, this beautifully maintained 2 bedroom, 1 bathroom apartment offers the ...",21172 m²,1,72 m²,,
4 Bedroom Apartment,R 180 000,180000,ZAR,Fresnaye,,4,4,4,275 m²,https://www.property24.com/to-rent/fresnaye/cape-town/western-cape/11016/115996662,https://www.property24.com/to-rent/cape-town/western-cape/432/p26?PropertyCategory=House%2cApartmentOrFlat%2cTownhouse,2026-02-09 12:25:16.234283,"FURN/UNFURN 4 BEDROOM HOME IN FRESNAYE 

Small exclusive block of apartments in Arcadia Road.  The unit boasts incredible views from ...",444275 m²,4,275 m²,,
3 Bedroom House,R 40 000,40000,ZAR,Newlands,,3,2.5,2,,https://www.property24.com/to-rent/newlands/cape-town/western-cape/8679/116886191,https://www.property24.com/to-rent/cape-town/western-cape/432/p26?PropertyCategory=House%2cApartmentOrFlat%2cTownhouse,2026-02-09 12:25:16.234283,"Located in Fernwood, this home includes 3 bedrooms (main en-suite), a family bathroom and a guest loo.
Open-plan living area with ...",32.52,2,,,
Apartment,R 13 500,13500,ZAR,Cape Town City Centre,,,1,,35 m²,https://www.property24.com/to-rent/cape-town-city-centre/cape-town/western-cape/9138/116892374,https://www.property24.com/to-rent/cape-town/western-cape/432/p26?PropertyCategory=House%2cApartmentOrFlat%2cTownhouse,2026-02-09 12:25:16.234283,"Unfurnished Studio Apartment situated in the desirable The Tokyo development, City Centre

Located in the heart of Cape Town City ...",135 m²,1,35 m²,,
1 Bedroom Apartment,R 25 000,25000,ZAR,Sea Point,,1,1,,57 m²,https://www.property24.com/to-rent/sea-point/cape-town/western-cape/11021/116843929,https://www.property24.com/to-rent/cape-town/western-cape/432/p26?PropertyCategory=House%2cApartmentOrFlat%2cTownhouse,2026-02-09 12:25:16.234283,"This beautifully furnished one-bedroom apartment is ideally positioned on Beach Road in the heart of Sea Point, offering modern ...",1157 m²,1,57 m²,,
2 Bedroom House,R 15 500,15500,ZAR,Penlyn Estate,2 Kontiki Road,2,1,1,744 m²,https://www.property24.com/to-rent/penlyn-estate/cape-town/western-cape/8800/116868612,https://www.property24.com/to-rent/cape-town/western-cape/432/p26?PropertyCategory=House%2cApartmentOrFlat%2cTownhouse,2026-02-09 12:25:16.234283,"Introducing three brand new, modern-finished 2-bedroom units ideally located in Penlyn. ...",211744 m²,1,744 m²,,
2 Bedroom Apartment,R 35 000,35000,ZAR,Cape Town City Centre,,2,2,2,108 m²,https://www.property24.com/to-rent/cape-town-city-centre/cape-town/western-cape/9138/116841035,https://www.property24.com/to-rent/cape-town/western-cape/432/p26?PropertyCategory=House%2cApartmentOrFlat%2cTownhouse,2026-02-09 12:25:16.234283,"Available on a 6-month lease from (April–September)

This stunning modern two-bedroom apartment offers generous, light-filled living in ...",222108 m²,2,108 m²,,
0.5 Bedroom Apartment,R 16 000,16000,ZAR,Zonnebloem,"1 The Harri, 75 Harrington Street",0.5,1,,24 m²,https://www.property24.com/to-rent/zonnebloem/cape-town/western-cape/10166/116837534,https://www.property24.com/to-rent/cape-town/western-cape/432/p26?PropertyCategory=House%2cApartmentOrFlat%2cTownhouse,2026-02-09 12:25:16.234283,"Situated in the sought-after Harri development, this contemporary studio apartment ...",0.5124 m²,1,24 m²,,
2 Bedroom Apartment,R 52 000,52000,ZAR,Green Point,,2,2,2,125 m²,https://www.property24.com/to-rent/green-point/cape-town/western-cape/11017/116855404,https://www.property24.com/to-rent/cape-town/western-cape/432/p26?PropertyCategory=House%2cApartmentOrFlat%2cTownhouse,2026-02-09 12:25:16.234283,"Welcome to one of Green Point’s most sought-after addresses on Main Road - where city energy, coastal living, and everyday convenience ...",222125 m²,2,125 m²,,
2 Bedroom House,R 38 000,38000,ZAR,Green Point,Torbay Rd Green Point,2,1,,118 m²,https://www.property24.com/to-rent/green-point/cape-town/western-cape/11017/112487380,https://www.property24.com/to-rent/cape-town/western-cape/432/p26?PropertyCategory=House%2cApartmentOrFlat%2cTownhouse,2026-02-09 12:25:16.234283,"Available from 1 Feb.
Beautifully appointed, fully furnished heritage cottage in the ...",21118 m²,1,118 m²,,
1 Bedroom Apartment,R 11 000,11000,ZAR,Salt River,,1,1,1,,https://www.property24.com/to-rent/salt-river/cape-town/western-cape/10158/116759029,https://www.property24.com/to-rent/cape-town/western-cape/432/p26?PropertyCategory=House%2cApartmentOrFlat%2cTownhouse,2026-02-09 12:25:16.234283,"Bright, contemporary studio apartment with high ceilings and a clever loft-style sleeping area, creating a spacious and functional ...",111,1,,,
2 Bedroom Apartment,R 35 000,35000,ZAR,Camps Bay,4 Woodford Avenue,2,2,2,100 m²,https://www.property24.com/to-rent/camps-bay/cape-town/western-cape/11014/114301768,https://www.property24.com/to-rent/cape-town/western-cape/432/p26?PropertyCategory=House%2cApartmentOrFlat%2cTownhouse,2026-02-09 12:25:16.234283,Super open plan  two bed two bath newly renovated fully equipped  available end April ...,222100 m²,2,100 m²,,
1 Bedroom Apartment,R 11 000,11000,ZAR,Salt River,,1,1,1,,https://www.property24.com/to-rent/salt-river/cape-town/western-cape/10158/116890242,https://www.property24.com/to-rent/cape-town/western-cape/432/p26?PropertyCategory=House%2cApartmentOrFlat%2cTownhouse,2026-02-09 12:25:16.234283,"Bright, contemporary studio apartment with high ceilings and a clever loft-style sleeping area, creating a spacious and functional ...",111,1,,,
2 Bedroom Apartment,R 35 000,35000,ZAR,Camps Bay,4 Woodford Avenue,2,2,2,100 m²,https://www.property24.com/to-rent/camps-bay/cape-town/western-cape/11014/114301768,https://www.property24.com/to-rent/cape-town/western-cape/432/p27?PropertyCategory=House%2cApartmentOrFlat%2cTownhouse,2026-02-09 12:25:16.234283,Super open plan  two bed two bath newly renovated fully equipped  available end April ...,222100 m²,2,100 m²,,
1 Bedroom Apartment,R 11 000,11000,ZAR,Salt River,,1,1,1,,https://www.property24.com/to-rent/salt-river/cape-town/western-cape/10158/116890242,https://www.property24.com/to-rent/cape-town/western-cape/432/p27?PropertyCategory=House%2cApartmentOrFlat%2cTownhouse,2026-02-09 12:25:16.234283,"Bright, contemporary studio apartment with high ceilings and a clever loft-style sleeping area, creating a spacious and functional ...",111,1,,,
2 Bedroom Apartment,R 29 000,29000,ZAR,Sea Point,,2,2,1,,https://www.property24.com/to-rent/sea-point/cape-town/western-cape/11021/116889463,https://www.property24.com/to-rent/cape-town/western-cape/432/p27?PropertyCategory=House%2cApartmentOrFlat%2cTownhouse,2026-02-09 12:25:16.234283,"Enjoy a relaxed and convenient lifestyle in this ground floor two bedroom apartment, set within a secure, well kept complex. The open ...",221,1,,,
1 Bedroom Apartment,R 15 500,15500,ZAR,Claremont,3 Old Stanhope Street,1,1,1,46 m²,https://www.property24.com/to-rent/claremont/cape-town/western-cape/11741/116847164,https://www.property24.com/to-rent/cape-town/western-cape/432/p27?PropertyCategory=House%2cApartmentOrFlat%2cTownhouse,2026-02-09 12:25:16.234283,"Tastefully furnished.  Ready to move in.  Immediate occupation

 - 1 x Bedroom
 - 1 x ...",11146 m²,1,46 m²,,
1 Bedroom Apartment,R 18 000,18000,ZAR,Sea Point,,1,1,,35 m²,https://www.property24.com/to-rent/sea-point/cape-town/western-cape/11021/116879458,https://www.property24.com/to-rent/cape-town/western-cape/432/p27?PropertyCategory=House%2cApartmentOrFlat%2cTownhouse,2026-02-09 12:25:16.234283,"Discover modern urban living in this stylish 1-bedroom, 1-bathroom apartment located in the vibrant Sea Point. Spanning 35 sqm, this ...",1135 m²,1,35 m²,,
2 Bedroom Apartment,R 45 000,45000,ZAR,Cape Town City Centre,,2,2,1,,https://www.property24.com/to-rent/cape-town-city-centre/cape-town/western-cape/9138/116895149,https://www.property24.com/to-rent/cape-town/western-cape/432/p27?PropertyCategory=House%2cApartmentOrFlat%2cTownhouse,2026-02-09 12:25:16.234283,"This beautifully presented 2 bedroom, 2 bathroom flat in Poolman is available to rent at R45 000 per month and offers a rare blend of ...",221,1,,,
1 Bedroom Apartment,R 23 000,23000,ZAR,Observatory,,1,1,1,49 m²,https://www.property24.com/to-rent/observatory/cape-town/western-cape/10157/116791767,https://www.property24.com/to-rent/cape-town/western-cape/432/p27?PropertyCategory=House%2cApartmentOrFlat%2cTownhouse,2026-02-09 12:25:16.234283,"Nestled in the vibrant, well connected suburb of Observatory one of Cape Town’s most eclectic and fast evolving neighborhoods. This ...",11149 m²,1,49 m²,,
3 Bedroom House,R 55 000,55000,ZAR,Nova Constantia,,3,2,4,,https://www.property24.com/to-rent/nova-constantia/cape-town/western-cape/16249/116896854,https://www.property24.com/to-rent/cape-town/western-cape/432/p27?PropertyCategory=House%2cApartmentOrFlat%2cTownhouse,2026-02-09 12:25:16.234283,"Well situated in the heart of the highly sought after Nova Constantia pocket of Upper Constantia, this beautifully renovated 3 bedroom ...",324,4,,,
2 Bedroom Apartment,R 29 900,29900,ZAR,De Waterkant,27 Chiappini Street,2,2,2,103 m²,https://www.property24.com/to-rent/de-waterkant/cape-town/western-cape/9141/116758414,https://www.property24.com/to-rent/cape-town/western-cape/432/p27?PropertyCategory=House%2cApartmentOrFlat%2cTownhouse,2026-02-09 12:25:16.234283,"This neat, well maintained apartment is extremely well located in De Waterkant in ...",222103 m²,2,103 m²,,
2 Bedroom Apartment,R 24 000,24000,ZAR,Newlands,,2,1,1,91 m²,https://www.property24.com/to-rent/newlands/cape-town/western-cape/8679/116829742,https://www.property24.com/to-rent/cape-town/western-cape/432/p27?PropertyCategory=House%2cApartmentOrFlat%2cTownhouse,2026-02-09 12:25:16.234283,"A truly special and rare find in the heart of Newlands, available from 1 March 2026 for long-term rental. 

This beautifully revamped ...",21191 m²,1,91 m²,,
4 Bedroom House,R 23 000per day,23000,ZAR,Tokai,5 Zwaanswyk Close,4,4,4,1 600 m²,https://www.property24.com/to-rent/tokai/cape-town/western-cape/9044/116830213,https://www.property24.com/to-rent/cape-town/western-cape/432/p27?PropertyCategory=House%2cApartmentOrFlat%2cTownhouse,2026-02-09 12:25:16.234283,Magnificent views over Table Mountain National Park and Constantiaberg and the ...,4441 600 m²,4,1 600 m²,,per day
2 Bedroom Apartment,R 12 000,12000,ZAR,Rylands,21 Carnie Rd,2,1,1,,https://www.property24.com/to-rent/rylands/cape-town/western-cape/8730/112806745,https://www.property24.com/to-rent/cape-town/western-cape/432/p27?PropertyCategory=House%2cApartmentOrFlat%2cTownhouse,2026-02-09 12:25:16.234283,This newly built apartment block offers stylish finishes and quality fittings ...,211,1,,,
2 Bedroom Apartment,R 45 000,45000,ZAR,Cape Town City Centre,,2,2,1,,https://www.property24.com/to-rent/cape-town-city-centre/cape-town/western-cape/9138/116760357,https://www.property24.com/to-rent/cape-town/western-cape/432/p27?PropertyCategory=House%2cApartmentOrFlat%2cTownhouse,2026-02-09 12:25:16.234283,"This beautifully presented 2 bedroom, 2 bathroom flat in Poolman is available to rent at R45 000 per month and offers a rare blend of ...",221,1,,,
2 Bedroom Townhouse,R 40 000,40000,ZAR,Green Point,,2,2,,66 m²,https://www.property24.com/to-rent/green-point/cape-town/western-cape/11017/116842158,https://www.property24.com/to-rent/cape-town/western-cape/432/p27?PropertyCategory=House%2cApartmentOrFlat%2cTownhouse,2026-02-09 12:25:16.234283,This beautiful furnished 2 bedroom townhouse offers a warm and inviting living space in the heart of Green Point. Thoughtfully designed ...,2266 m²,2,66 m²,,
1 Bedroom Apartment,R 16 000,16000,ZAR,Cape Town City Centre,,1,1,1,48 m²,https://www.property24.com/to-rent/cape-town-city-centre/cape-town/western-cape/9138/116829518,https://www.property24.com/to-rent/cape-town/western-cape/432/p27?PropertyCategory=House%2cApartmentOrFlat%2cTownhouse,2026-02-09 12:25:16.234283,Discover urban living at its best in this spacious 1-bedroom apartment located in the heart of Cape Town’s vibrant city center. Perfect ...,11148 m²,1,48 m²,,
4 Bedroom Apartment,R 180 000,180000,ZAR,Fresnaye,,4,4.5,4,,https://www.property24.com/to-rent/fresnaye/cape-town/western-cape/11016/116890887,https://www.property24.com/to-rent/cape-town/western-cape/432/p27?PropertyCategory=House%2cApartmentOrFlat%2cTownhouse,2026-02-09 12:25:16.234283,Situated against the slope of Lion's head and bordering wind-free Bantry Bay with close proximity to Clifton and Camps Bay beaches ...,44.54,4,,,
Apartment,R 16 500,16500,ZAR,Newlands,,,1,,,https://www.property24.com/to-rent/newlands/cape-town/western-cape/8679/116892709,https://www.property24.com/to-rent/cape-town/western-cape/432/p27?PropertyCategory=House%2cApartmentOrFlat%2cTownhouse,2026-02-09 12:25:16.234283,"Modern Fully Furnished apartment situated in the desirable Newlands Peak development, Newlands.

Newlands Peak is a new ...",1,1,,,
3 Bedroom Apartment,R 45 000,45000,ZAR,Gardens,80 Queen Victoria Street,3,3,2,135 m²,https://www.property24.com/to-rent/gardens/cape-town/western-cape/9145/116810069,https://www.property24.com/to-rent/cape-town/western-cape/432/p27?PropertyCategory=House%2cApartmentOrFlat%2cTownhouse,2026-02-09 12:25:16.234283,"CAPE TOWN GARDENS | Available 1 February 2026

HIGH UP | State of the art three ...",332135 m²,2,135 m²,,
2 Bedroom Apartment,R 38 500,38500,ZAR,Cape Town City Centre,,2,2.5,2,105 m²,https://www.property24.com/to-rent/cape-town-city-centre/cape-town/western-cape/9138/116872779,https://www.property24.com/to-rent/cape-town/western-cape/432/p27?PropertyCategory=House%2cApartmentOrFlat%2cTownhouse,2026-02-09 12:25:16.234283,"Modern fully furnished & equipped 2-bedroom apartment in The Onyx, City Centre available for long term lets. 

The building boasts ...",22.52105 m²,2,105 m²,,
2 Bedroom Apartment,R 40 000,40000,ZAR,Sea Point,,2,2,1,127 m²,https://www.property24.com/to-rent/sea-point/cape-town/western-cape/11021/116830170,https://www.property24.com/to-rent/cape-town/western-cape/432/p27?PropertyCategory=House%2cApartmentOrFlat%2cTownhouse,2026-02-09 12:25:16.234283,"This smartly appointed and semi-furnished two-bedroom apartment, in a much sought-after block,  is brilliantly located high up on the ...",221127 m²,1,127 m²,,
2 Bedroom Apartment,R 11 000,11000,ZAR,Claremont,,2,1,1,80 m²,https://www.property24.com/to-rent/claremont/cape-town/western-cape/11741/113020541,https://www.property24.com/to-rent/cape-town/western-cape/432/p27?PropertyCategory=House%2cApartmentOrFlat%2cTownhouse,2026-02-09 12:25:16.234283,"We currently have a ground floor corner loft apartment, now available for rent. Ideally situated in the heart of Claremont, this ...",21180 m²,1,80 m²,,
1 Bedroom House,R 15 000,15000,ZAR,Zonnebloem,,1,1,1,84 m²,https://www.property24.com/to-rent/zonnebloem/cape-town/western-cape/10166/116860384,https://www.property24.com/to-rent/cape-town/western-cape/432/p28?PropertyCategory=House%2cApartmentOrFlat%2cTownhouse,2026-02-09 12:25:16.234283,"Partially furnished one bedroom cottage with one bathroom and outside space in a perfect central location. 
Ten minutes walk to city ...",11184 m²,1,84 m²,,
4 Bedroom Apartment,R 150 000,150000,ZAR,Clifton,,4,4,4,,https://www.property24.com/to-rent/clifton/cape-town/western-cape/11015/116896010,https://www.property24.com/to-rent/cape-town/western-cape/432/p28?PropertyCategory=House%2cApartmentOrFlat%2cTownhouse,2026-02-09 12:25:16.234283,"Sole Mandate

Set along Clifton’s prestigious Victoria Road, this exceptional apartment offers an elevated coastal lifestyle with ...",444,4,,,
1 Bedroom Apartment,R 8 000,8000,ZAR,Observatory,1 Weymouth Rd,1,1,4,20 m²,https://www.property24.com/to-rent/observatory/cape-town/western-cape/10157/108403311,https://www.property24.com/to-rent/cape-town/western-cape/432/p28?PropertyCategory=House%2cApartmentOrFlat%2cTownhouse,2026-02-09 12:25:16.234283,MLS Weymouth Residence consists of 4 bachelor units and 6 units (all units have their ...,11420 m²,4,20 m²,,
1 Bedroom House,R 6 600,6600,ZAR,Lotus River,,1,1,,,https://www.property24.com/to-rent/lotus-river/cape-town/western-cape/10212/115644067,https://www.property24.com/to-rent/cape-town/western-cape/432/p28?PropertyCategory=House%2cApartmentOrFlat%2cTownhouse,2026-02-09 12:25:16.234283,"This separate entrance is situated on Klip Road, in the area between De Wet and Buck Road.

The property is neat and well-maintained ...",11,1,,,
1 Bedroom Apartment,R 17 000,17000,ZAR,De Waterkant,,1,1,1,,https://www.property24.com/to-rent/de-waterkant/cape-town/western-cape/9141/116885225,https://www.property24.com/to-rent/cape-town/western-cape/432/p28?PropertyCategory=House%2cApartmentOrFlat%2cTownhouse,2026-02-09 12:25:16.234283,"Positioned in the heart of De Waterkant, this spacious 1-bedroom apartment in sought-after Quayside Apartments offers effortless city ...",111,1,,,
1 Bedroom Apartment,R 30 000,30000,ZAR,Sea Point,,1,1,1,,https://www.property24.com/to-rent/sea-point/cape-town/western-cape/11021/116883992,https://www.property24.com/to-rent/cape-town/western-cape/432/p28?PropertyCategory=House%2cApartmentOrFlat%2cTownhouse,2026-02-09 12:25:16.234283,"Situated in the highly sought-after Station House in Sea Point, this stylish unfurnished one-bedroom apartment offers contemporary ...",111,1,,,
1 Bedroom Apartment,R 22 000,22000,ZAR,Cape Town City Centre,,1,1,1,43 m²,https://www.property24.com/to-rent/cape-town-city-centre/cape-town/western-cape/9138/116826189,https://www.property24.com/to-rent/cape-town/western-cape/432/p28?PropertyCategory=House%2cApartmentOrFlat%2cTownhouse,2026-02-09 12:25:16.234283,"This stunning fully furnished one-bedroom corner apartment is situated in the highly sought-after Foreshore Place, perfectly positioned ...",11143 m²,1,43 m²,,
2 Bedroom House,R 6 500,6500,ZAR,Lavender Hill,,2,1,1,150 m²,https://www.property24.com/to-rent/lavender-hill/cape-town/western-cape/10211/116863020,https://www.property24.com/to-rent/cape-town/western-cape/432/p28?PropertyCategory=House%2cApartmentOrFlat%2cTownhouse,2026-02-09 12:25:16.234283,"2 Bedroom shared property available in Lavender Hill. Secure, private, move in ready.

- 2 Bedrooms with BICS
- Main en suite
- ...",211150 m²,1,150 m²,,
2 Bedroom House,R 16 000,16000,ZAR,Salt River,,2,1,4,260 m²,https://www.property24.com/to-rent/salt-river/cape-town/western-cape/10158/116843837,https://www.property24.com/to-rent/cape-town/western-cape/432/p28?PropertyCategory=House%2cApartmentOrFlat%2cTownhouse,2026-02-09 12:25:16.234283,"Newly renovated corner property. 

Spacious lounge leading to well sized kitchen. Scullery / laundry room off kitchen. 

Main ...",214260 m²,4,260 m²,,
4 Bedroom House,R 80 000,80000,ZAR,Camps Bay,,4,4,1,,https://www.property24.com/to-rent/camps-bay/cape-town/western-cape/11014/116887123,https://www.property24.com/to-rent/cape-town/western-cape/432/p28?PropertyCategory=House%2cApartmentOrFlat%2cTownhouse,2026-02-09 12:25:16.234283,"Available immediately to End October 2026 ONLY.

Discover the perfect blend of comfort and space in this timeless 4-bedroom family ...",441,1,,,
2 Bedroom Apartment,R 20 000,20000,ZAR,Newlands,235 Main Road,2,1,1,103 m²,https://www.property24.com/to-rent/newlands/cape-town/western-cape/8679/116828943,https://www.property24.com/to-rent/cape-town/western-cape/432/p28?PropertyCategory=House%2cApartmentOrFlat%2cTownhouse,2026-02-09 12:25:16.234283,"This lovely 2 bedroom apartment is large and furnished.
Perfect for students and young ...",211103 m²,1,103 m²,,
3 Bedroom Apartment,R 65 000,65000,ZAR,Green Point,,3,4,1,,https://www.property24.com/to-rent/green-point/cape-town/western-cape/11017/116900447,https://www.property24.com/to-rent/cape-town/western-cape/432/p28?PropertyCategory=House%2cApartmentOrFlat%2cTownhouse,2026-02-09 12:25:16.234283,"This exceptional three-bedroom penthouse offers a rare blend of luxury, privacy, and breathtaking views, perfectly positioned to ...",341,1,,,
2 Bedroom Apartment,R 27 000,27000,ZAR,Cape Town City Centre,,2,2,1,72 m²,https://www.property24.com/to-rent/cape-town-city-centre/cape-town/western-cape/9138/116872376,https://www.property24.com/to-rent/cape-town/western-cape/432/p28?PropertyCategory=House%2cApartmentOrFlat%2cTownhouse,2026-02-09 12:25:16.234283,"Live at the heart of it all in this sophisticated and unfurnished 2-bedroom, 2-bathroom apartment, nestled within the prestigious ...",22172 m²,1,72 m²,,
2 Bedroom House,R 19 000,19000,ZAR,Kenilworth,16 Connaught Road,2,2,1,300 m²,https://www.property24.com/to-rent/kenilworth/cape-town/western-cape/8669/112515536,https://www.property24.com/to-rent/cape-town/western-cape/432/p28?PropertyCategory=House%2cApartmentOrFlat%2cTownhouse,2026-02-09 12:25:16.234283,"A beautiful 2 Bedroom free standing house to rent in Kenilworth.
Conveniently ...",221300 m²,1,300 m²,,
1 Bedroom Apartment,R 19 000,19000,ZAR,Llandudno,,1,1,,65 m²,https://www.property24.com/to-rent/llandudno/cape-town/western-cape/9118/115739568,https://www.property24.com/to-rent/cape-town/western-cape/432/p28?PropertyCategory=House%2cApartmentOrFlat%2cTownhouse,2026-02-09 12:25:16.234283,"Available from 10 April - 30 November 2026

Enjoy breathtaking west-facing ocean views from this stylish one-bedroom apartment in ...",1165 m²,1,65 m²,,
2 Bedroom Apartment,POA,,,Erica Township,,2,1,1,47 m²,https://www.property24.com/to-rent/erica-township/cape-town/western-cape/16397/116835854,https://www.property24.com/to-rent/cape-town/western-cape/432/p28?PropertyCategory=House%2cApartmentOrFlat%2cTownhouse,2026-02-09 12:25:16.234283,"Location: Conveniently situated behind the University of the Western Cape (UWC), and within close proximity to Pentec and Northlink ...",21147 m²,1,47 m²,,
1 Bedroom Apartment,R 11 000,11000,ZAR,Plumstead,81 Main Rd,1,1,1,,https://www.property24.com/to-rent/plumstead/cape-town/western-cape/10094/116865091,https://www.property24.com/to-rent/cape-town/western-cape/432/p28?PropertyCategory=House%2cApartmentOrFlat%2cTownhouse,2026-02-09 12:25:16.234283,This rare large ground floor one bedroom apartment has become available in a small close ...,111,1,,,
2 Bedroom Apartment,R 26 000,26000,ZAR,Sea Point,,2,1,,,https://www.property24.com/to-rent/sea-point/cape-town/western-cape/11021/116900112,https://www.property24.com/to-rent/cape-town/western-cape/432/p28?PropertyCategory=House%2cApartmentOrFlat%2cTownhouse,2026-02-09 12:25:16.234283,"Sunny 2-bedroom apartment with a townhouse feel, situated at Chester House in High Level Road, Sea Point.

Available from 1 April 2026 ...",21,1,,,
2 Bedroom Apartment,R 37 000,37000,ZAR,Cape Town City Centre,,2,1.5,1,134 m²,https://www.property24.com/to-rent/cape-town-city-centre/cape-town/western-cape/9138/116687020,https://www.property24.com/to-rent/cape-town/western-cape/432/p28?PropertyCategory=House%2cApartmentOrFlat%2cTownhouse,2026-02-09 12:25:16.234283,"This stunning penthouse apartment offers chic city living at its finest. Located in trendy Bree Street, it features high volume ...",21.51134 m²,1,134 m²,,
3 Bedroom House,R 50 000,50000,ZAR,Constantia,,3,3,2,200 m²,https://www.property24.com/to-rent/constantia/cape-town/western-cape/11742/116858327,https://www.property24.com/to-rent/cape-town/western-cape/432/p28?PropertyCategory=House%2cApartmentOrFlat%2cTownhouse,2026-02-09 12:25:16.234283,"A newly built three-bedroom house all on one level with private gated access and pool in the gorgeous area of Constantia, Cape ...",332200 m²,2,200 m²,,
2 Bedroom Apartment,R 37 000,37000,ZAR,Cape Town City Centre,,2,1.5,1,134 m²,https://www.property24.com/to-rent/cape-town-city-centre/cape-town/western-cape/9138/116828569,https://www.property24.com/to-rent/cape-town/western-cape/432/p28?PropertyCategory=House%2cApartmentOrFlat%2cTownhouse,2026-02-09 12:25:16.234283,"This stunning penthouse apartment offers chic city living at its finest. Located in trendy Bree Street, it features high volume ...",21.51134 m²,1,134 m²,,
0.5 Bedroom Apartment,R 14 500,14500,ZAR,Sea Point,,0.5,1,,26 m²,https://www.property24.com/to-rent/sea-point/cape-town/western-cape/11021/116824085,https://www.property24.com/to-rent/cape-town/western-cape/432/p29?PropertyCategory=House%2cApartmentOrFlat%2cTownhouse,2026-02-09 12:25:16.234283,"This beautifully presented, furnished studio apartment is ideally located in a quiet cul-de-sac in Upper Sea Point, offering both ...",0.5126 m²,1,26 m²,,
1 Bedroom Apartment,R 38 900,38900,ZAR,Sea Point,21 Ilford Street Sea Point,1,2,2,95 m²,https://www.property24.com/to-rent/sea-point/cape-town/western-cape/11021/114189838,https://www.property24.com/to-rent/cape-town/western-cape/432/p29?PropertyCategory=House%2cApartmentOrFlat%2cTownhouse,2026-02-09 12:25:16.234283,UNFURNISHED   But has curtains/blinds.  Fantasic duplex apartment with a small sea  and  ...,12295 m²,2,95 m²,,
3 Bedroom Apartment,R 40 000,40000,ZAR,Sea Point,3 Skyways 39 Highlevel Road,3,1,,,https://www.property24.com/to-rent/sea-point/cape-town/western-cape/11021/116888275,https://www.property24.com/to-rent/cape-town/western-cape/432/p29?PropertyCategory=House%2cApartmentOrFlat%2cTownhouse,2026-02-09 12:25:16.234283,This stylish 133 square meter unfurnished 3 bedroom apartment perfectly positioned in ...,31,1,,,
Townhouse,R 25 000,25000,ZAR,Newlands,,,,,,https://www.property24.com/to-rent/newlands/cape-town/western-cape/8679/116885305,https://www.property24.com/to-rent/cape-town/western-cape/432/p29?PropertyCategory=House%2cApartmentOrFlat%2cTownhouse,2026-02-09 12:25:16.234283,"Rent – R25 000.00 excludes services 
Available – Immediately

130 square meter property * Private front garden/entry area * Open ...",,,,,
2 Bedroom Apartment,R 39 950,39950,ZAR,Gardens,2 Cotswold Ave,2,2,1,150 m²,https://www.property24.com/to-rent/gardens/cape-town/western-cape/9145/116754465,https://www.property24.com/to-rent/cape-town/western-cape/432/p29?PropertyCategory=House%2cApartmentOrFlat%2cTownhouse,2026-02-09 12:25:16.234283,"Fully furnished, large 2 bed , 2 bath perched at the entrance of a quiet cul-de-sac ...",221150 m²,1,150 m²,,
3 Bedroom House,R 42 000,42000,ZAR,Lakeside,,3,2,3,361 m²,https://www.property24.com/to-rent/lakeside/cape-town/western-cape/10174/116800969,https://www.property24.com/to-rent/cape-town/western-cape/432/p29?PropertyCategory=House%2cApartmentOrFlat%2cTownhouse,2026-02-09 12:25:16.234283,"Welcome to “Lakeside Family Beach House,” our charming, cozy and relaxed fully furnished, fully serviced family home.

The garden ...",323361 m²,3,361 m²,,
1 Bedroom Apartment,R 32 000,32000,ZAR,De Waterkant,,1,1,1,93 m²,https://www.property24.com/to-rent/de-waterkant/cape-town/western-cape/9141/116832585,https://www.property24.com/to-rent/cape-town/western-cape/432/p29?PropertyCategory=House%2cApartmentOrFlat%2cTownhouse,2026-02-09 12:25:16.234283,"Large executive apartment conveniently located with easy access to the city centre with its trendy bars and restaurants,the iconic ...",11193 m²,1,93 m²,,
1 Bedroom Apartment,R 28 500,28500,ZAR,Green Point,,1,1,1,44 m²,https://www.property24.com/to-rent/green-point/cape-town/western-cape/11017/116868207,https://www.property24.com/to-rent/cape-town/western-cape/432/p29?PropertyCategory=House%2cApartmentOrFlat%2cTownhouse,2026-02-09 12:25:16.234283,This unfurnished one-bedroom apartment is located in the newly developed Alto Livello complex in Green Point. The bedroom includes a ...,11144 m²,1,44 m²,,
2 Bedroom Apartment,R 45 000,45000,ZAR,Cape Town City Centre,,2,2,1,,https://www.property24.com/to-rent/cape-town-city-centre/cape-town/western-cape/9138/116848638,https://www.property24.com/to-rent/cape-town/western-cape/432/p29?PropertyCategory=House%2cApartmentOrFlat%2cTownhouse,2026-02-09 12:25:16.234283,"This beautifully appointed fully furnished 2 bedroom, 2 bathroom penthouse is located in the iconic Sentinel building, right in the ...",221,1,,,
2 Bedroom Apartment,R 50 000,50000,ZAR,De Waterkant,,2,2,1,186 m²,https://www.property24.com/to-rent/de-waterkant/cape-town/western-cape/9141/116825173,https://www.property24.com/to-rent/cape-town/western-cape/432/p29?PropertyCategory=House%2cApartmentOrFlat%2cTownhouse,2026-02-09 12:25:16.234283,"Discover this stunning two-level furnished penthouse offering refined urban living, nestled in the vibrant heart of De Waterkant—a ...",221186 m²,1,186 m²,,
2 Bedroom House,R 30 000,30000,ZAR,Kreupelbosch,,2,2,1,,https://www.property24.com/to-rent/kreupelbosch/cape-town/western-cape/11757/111142595,https://www.property24.com/to-rent/cape-town/western-cape/432/p29?PropertyCategory=House%2cApartmentOrFlat%2cTownhouse,2026-02-09 12:25:16.234283,"This luxurious, exquisitely furnished and fully equipped 2 bedroom rental option has stunning uninterrupted mountain views and is ...",221,1,,,
2 Bedroom Apartment,R 14 000,14000,ZAR,Pinelands,"No 220, Anfield Village, Forest Drive Service Road, Pinelands 7405",2,1,1,59 m²,https://www.property24.com/to-rent/pinelands/cape-town/western-cape/8017/116877965,https://www.property24.com/to-rent/cape-town/western-cape/432/p29?PropertyCategory=House%2cApartmentOrFlat%2cTownhouse,2026-02-09 12:25:16.234283,"Apartment available for Rent starting 1st April 2026 
Sunny North Facing Delight! ...",21159 m²,1,59 m²,,
3 Bedroom House,R 18 000,18000,ZAR,Rondebosch East,,3,1.5,2,496 m²,https://www.property24.com/to-rent/rondebosch-east/cape-town/western-cape/8806/112562672,https://www.property24.com/to-rent/cape-town/western-cape/432/p29?PropertyCategory=House%2cApartmentOrFlat%2cTownhouse,2026-02-09 12:25:16.234283,"Situated in the Avenues, this spacious property offers the following:

- 3 bedrooms, includes a main bedroom with a private en-suite ...",31.52496 m²,2,496 m²,,
2 Bedroom House,R 12 000,12000,ZAR,Heathfield,Sibu Village 46 Galway Road,2,2,,,https://www.property24.com/to-rent/heathfield/cape-town/western-cape/10207/112736242,https://www.property24.com/to-rent/cape-town/western-cape/432/p29?PropertyCategory=House%2cApartmentOrFlat%2cTownhouse,2026-02-09 12:25:16.234283,"Open plan lounge to fitted kitchen
Lounge leading to patio
2 bedrooms with built in ...",22,2,,,
4 Bedroom Apartment,R 80 000,80000,ZAR,Green Point,,4,3.5,3,400 m²,https://www.property24.com/to-rent/green-point/cape-town/western-cape/11017/116736933,https://www.property24.com/to-rent/cape-town/western-cape/432/p29?PropertyCategory=House%2cApartmentOrFlat%2cTownhouse,2026-02-09 12:25:16.234283,"Its not often you get the opportunity to live in a penthouse at the perfect address…

From entering this semi-furnished unique ...",43.53400 m²,3,400 m²,,
4 Bedroom House,R 36 500,36500,ZAR,Pinelands,,4,3,3,763 m²,https://www.property24.com/to-rent/pinelands/cape-town/western-cape/8017/116855072,https://www.property24.com/to-rent/cape-town/western-cape/432/p29?PropertyCategory=House%2cApartmentOrFlat%2cTownhouse,2026-02-09 12:25:16.234283,"Pinelands. New Release. Exclusive Instruction.  Available 1 May 2026. Nestling in a unique cul de sac on an erf of 763 sq.m., walking ...",433763 m²,3,763 m²,,
2 Bedroom Apartment,R 25 000,25000,ZAR,Gardens,,2,1,,74 m²,https://www.property24.com/to-rent/gardens/cape-town/western-cape/9145/116798300,https://www.property24.com/to-rent/cape-town/western-cape/432/p29?PropertyCategory=House%2cApartmentOrFlat%2cTownhouse,2026-02-09 12:25:16.234283,"Bright and airy with balcony and beautiful views of Lion's Head.

No Agents!!

Our Kitchen was recently beautifully ...",2174 m²,1,74 m²,,
0.5 Bedroom Apartment,R 9 500,9500,ZAR,Vredehoek,Pannerama St James Street,0.5,1,1,47 m²,https://www.property24.com/to-rent/vredehoek/cape-town/western-cape/9166/109112038,https://www.property24.com/to-rent/cape-town/western-cape/432/p29?PropertyCategory=House%2cApartmentOrFlat%2cTownhouse,2026-02-09 12:25:16.234283,Very neat and central bachelor flat. In quiet well looked after block. Bathroom with ...,0.51147 m²,1,47 m²,,
3 Bedroom House,R 35 000,35000,ZAR,Bergvliet,"21 Farmsedge , Pekalmy Road, Bergvliet",3,2,2,763 m²,https://www.property24.com/to-rent/bergvliet/cape-town/western-cape/10189/116595369,https://www.property24.com/to-rent/cape-town/western-cape/432/p29?PropertyCategory=House%2cApartmentOrFlat%2cTownhouse,2026-02-09 12:25:16.234283,"Gated village development with camera security system
Garage 
Separate carport and ...",322763 m²,2,763 m²,,
1 Bedroom Apartment,R 15 000,15000,ZAR,Salt River,,1,1,1,51 m²,https://www.property24.com/to-rent/salt-river/cape-town/western-cape/10158/116821076,https://www.property24.com/to-rent/cape-town/western-cape/432/p29?PropertyCategory=House%2cApartmentOrFlat%2cTownhouse,2026-02-09 12:25:16.234283,This stylish one-bedroom apartment in the iconic Urban Artisan building offers the perfect blend of industrial chic design and modern ...,11151 m²,1,51 m²,,
4 Bedroom Apartment,R 80 000,80000,ZAR,Green Point,,4,3.5,3,400 m²,https://www.property24.com/to-rent/green-point/cape-town/western-cape/11017/115728146,https://www.property24.com/to-rent/cape-town/western-cape/432/p29?PropertyCategory=House%2cApartmentOrFlat%2cTownhouse,2026-02-09 12:25:16.234283,"Its not often you get the opportunity to live in a penthouse at the perfect address…

From entering this semi-furnished unique ...",43.53400 m²,3,400 m²,,
5 Bedroom House,R 135 000,135000,ZAR,Fresnaye,,5,5.5,3,473 m²,https://www.property24.com/to-rent/fresnaye/cape-town/western-cape/11016/116831499,https://www.property24.com/to-rent/cape-town/western-cape/432/p30?PropertyCategory=House%2cApartmentOrFlat%2cTownhouse,2026-02-09 12:25:16.234283,"Exceptional 5-Bedroom Family Home in Upper Fresnaye

Set in one of upper Fresnaye’s most sought-after, palm tree-lined avenues, this ...",55.53473 m²,3,473 m²,,
2 Bedroom Apartment,R 18 900,18900,ZAR,Vredehoek,,2,1,1,73 m²,https://www.property24.com/to-rent/vredehoek/cape-town/western-cape/9166/112880255,https://www.property24.com/to-rent/cape-town/western-cape/432/p30?PropertyCategory=House%2cApartmentOrFlat%2cTownhouse,2026-02-09 12:25:16.234283,"Fully furnished, fantastic 2 bedroom apartment with 1 bathroom and secure parking bay.

Light and Bright.

Beautiful Views.

Bonus of a ...",21173 m²,1,73 m²,,
2 Bedroom Apartment,R 49 000,49000,ZAR,Green Point,"32 Chepstow Road, Green Point",2,2,2,101 m²,https://www.property24.com/to-rent/green-point/cape-town/western-cape/11017/116839525,https://www.property24.com/to-rent/cape-town/western-cape/432/p30?PropertyCategory=House%2cApartmentOrFlat%2cTownhouse,2026-02-09 12:25:16.234283,"Luxurious Penthouse : Fully Furnished 2-Bedroom, 2 Bathroom in Upper Greenpoint 

This ...",222101 m²,2,101 m²,,
1 Bedroom House,R 8 500,8500,ZAR,Rylands,,1,1,1,,https://www.property24.com/to-rent/rylands/cape-town/western-cape/8730/116885436,https://www.property24.com/to-rent/cape-town/western-cape/432/p30?PropertyCategory=House%2cApartmentOrFlat%2cTownhouse,2026-02-09 12:25:16.234283,"A stunning well maintained, spacious separate entrance.

Consisting of a huge bedroom with  cupboards.  

An open plan lounge / dining ...",111,1,,,
3 Bedroom House,R 50 000,50000,ZAR,Oranjezicht,,3,2.5,,168 m²,https://www.property24.com/to-rent/oranjezicht/cape-town/western-cape/9155/116900568,https://www.property24.com/to-rent/cape-town/western-cape/432/p30?PropertyCategory=House%2cApartmentOrFlat%2cTownhouse,2026-02-09 12:25:16.234283,"This well kept double storey home offers comfort, character, and a calm sense of privacy. It suits tenants looking for a long term ...",32.5168 m²,2.5,168 m²,,
2 Bedroom Apartment,R 14 450,14450,ZAR,Kenilworth,,2,1,1,,https://www.property24.com/to-rent/kenilworth/cape-town/western-cape/8669/116893111,https://www.property24.com/to-rent/cape-town/western-cape/432/p30?PropertyCategory=House%2cApartmentOrFlat%2cTownhouse,2026-02-09 12:25:16.234283,"Spacious, light-filled ground floor apartment featuring two unfurnished bedrooms, with the second bedroom suitable for a single bed. ...",211,1,,,
Apartment,R 16 500,16500,ZAR,Newlands,,,1,,,https://www.property24.com/to-rent/newlands/cape-town/western-cape/8679/116892876,https://www.property24.com/to-rent/cape-town/western-cape/432/p30?PropertyCategory=House%2cApartmentOrFlat%2cTownhouse,2026-02-09 12:25:16.234283,"Modern Fully Furnished apartment situated in the desirable Newlands Peak development, Newlands.

Newlands Peak is a new ...",1,1,,,
5 Bedroom House,R 135 000,135000,ZAR,Fresnaye,,5,5.5,3,473 m²,https://www.property24.com/to-rent/fresnaye/cape-town/western-cape/11016/116730932,https://www.property24.com/to-rent/cape-town/western-cape/432/p30?PropertyCategory=House%2cApartmentOrFlat%2cTownhouse,2026-02-09 12:25:16.234283,"Exceptional 5-Bedroom Family Home in Upper Fresnaye

Set in one of upper Fresnaye’s most sought-after, palm tree-lined avenues, this ...",55.53473 m²,3,473 m²,,
1 Bedroom Apartment,R 17 500,17500,ZAR,Cape Town City Centre,,1,1,1,49 m²,https://www.property24.com/to-rent/cape-town-city-centre/cape-town/western-cape/9138/116828061,https://www.property24.com/to-rent/cape-town/western-cape/432/p30?PropertyCategory=House%2cApartmentOrFlat%2cTownhouse,2026-02-09 12:25:16.234283,"Live in one of Cape Town’s most iconic heritage buildings with this fully furnished loft apartment in Mutual Heights.

This spacious ...",11149 m²,1,49 m²,,
2 Bedroom Apartment,R 15 000,15000,ZAR,Pinelands,,2,1.5,1,,https://www.property24.com/to-rent/pinelands/cape-town/western-cape/8017/116879410,https://www.property24.com/to-rent/cape-town/western-cape/432/p30?PropertyCategory=House%2cApartmentOrFlat%2cTownhouse,2026-02-09 12:25:16.234283,"Spacious apartment with lounge, balcony, bathroom, separate toilet and generous kitchen with oven and
hob. Apartment is fibre ready. ...",21.51,1,,,
0.5 Bedroom Apartment,R 21 500,21500,ZAR,Foreshore,"403 Canal Quays, 1 Anchor Way",0.5,1,1,,https://www.property24.com/to-rent/foreshore/cape-town/western-cape/9143/110923721,https://www.property24.com/to-rent/cape-town/western-cape/432/p30?PropertyCategory=House%2cApartmentOrFlat%2cTownhouse,2026-02-09 12:25:16.234283,"Welcome to Canal Quays – Your New Home Awaits!

This spacious and bright fully furnished ...",0.511,1,,,
2 Bedroom Apartment,R 18 000,18000,ZAR,Kenilworth,40 Bell Road,2,2,1,92 m²,https://www.property24.com/to-rent/kenilworth/cape-town/western-cape/8669/116820422,https://www.property24.com/to-rent/cape-town/western-cape/432/p30?PropertyCategory=House%2cApartmentOrFlat%2cTownhouse,2026-02-09 12:25:16.234283,"This north-facing, sunny and spacious corner unit is situated on the third floor with ...",22192 m²,1,92 m²,,
2 Bedroom Apartment,R 30 000,30000,ZAR,Three Anchor Bay,,2,2,1,84 m²,https://www.property24.com/to-rent/three-anchor-bay/cape-town/western-cape/11022/116885375,https://www.property24.com/to-rent/cape-town/western-cape/432/p30?PropertyCategory=House%2cApartmentOrFlat%2cTownhouse,2026-02-09 12:25:16.234283,This well-proportioned 84m2 two-bedroom apartment offers comfortable living in a quiet cul-de-sac setting. The apartment features an ...,22184 m²,1,84 m²,,
1 Bedroom Apartment,R 25 000,25000,ZAR,Green Point,,1,1,1,,https://www.property24.com/to-rent/green-point/cape-town/western-cape/11017/116838612,https://www.property24.com/to-rent/cape-town/western-cape/432/p30?PropertyCategory=House%2cApartmentOrFlat%2cTownhouse,2026-02-09 12:25:16.234283,"This modern 1-bedroom apartment in the vibrant neighborhood of Green Point, Cape Town, offers the perfect blend of comfort and ...",111,1,,,
1 Bedroom Apartment,R 23 000,23000,ZAR,Cape Town City Centre,,1,1,1,,https://www.property24.com/to-rent/cape-town-city-centre/cape-town/western-cape/9138/116879927,https://www.property24.com/to-rent/cape-town/western-cape/432/p30?PropertyCategory=House%2cApartmentOrFlat%2cTownhouse,2026-02-09 12:25:16.234283,"Modern, well designed one bedroom apartment in a sought after block. The unit offers comfortable open plan living with quality finishes ...",111,1,,,
2 Bedroom Apartment,R 16 000,16000,ZAR,Oranjezicht,,2,1,2,80 m²,https://www.property24.com/to-rent/oranjezicht/cape-town/western-cape/9155/112305898,https://www.property24.com/to-rent/cape-town/western-cape/432/p30?PropertyCategory=House%2cApartmentOrFlat%2cTownhouse,2026-02-09 12:25:16.234283,"1st Floor, Spacious 2 Bedroom (BIC) apartment in Oranjezicht
Close to schools and transport
Separate Lounge, Kitchen & Bathroom ...",21280 m²,2,80 m²,,
1 Bedroom Apartment,R 15 000,15000,ZAR,Diep River,,1,1,1,51 m²,https://www.property24.com/to-rent/diep-river/cape-town/western-cape/10195/116856220,https://www.property24.com/to-rent/cape-town/western-cape/432/p30?PropertyCategory=House%2cApartmentOrFlat%2cTownhouse,2026-02-09 12:25:16.234283,"UNDER OFFER - IN THE PROCESS OF FINALIZING A LEASE AGREEMENT 

Modern Loft Apartment with balcony in sought after Urban Spin ...",11151 m²,1,51 m²,,
3 Bedroom House,R 58 000,58000,ZAR,Tamboerskloof,,3,2,3,310 m²,https://www.property24.com/to-rent/tamboerskloof/cape-town/western-cape/9163/116855848,https://www.property24.com/to-rent/cape-town/western-cape/432/p30?PropertyCategory=House%2cApartmentOrFlat%2cTownhouse,2026-02-09 12:25:16.234283,"3 Bedroom House to Rent in Tamboerskloof

- Fully Furnished or unfurnished on request and subject to approval -  

This beautifully ...",323310 m²,3,310 m²,,
1 Bedroom Apartment,R 12 500,12500,ZAR,Gardens,28 Hof Street,1,1,,50 m²,https://www.property24.com/to-rent/gardens/cape-town/western-cape/9145/116871219,https://www.property24.com/to-rent/cape-town/western-cape/432/p30?PropertyCategory=House%2cApartmentOrFlat%2cTownhouse,2026-02-09 12:25:16.234283,Large 1 bedroom 1 bathroom unfurnished corner unit apartment available for long term let ...,1150 m²,1,50 m²,,
2 Bedroom House,R 15 500,15500,ZAR,Crawford,,2,2,4,,https://www.property24.com/to-rent/crawford/cape-town/western-cape/8787/115442877,https://www.property24.com/to-rent/cape-town/western-cape/432/p30?PropertyCategory=House%2cApartmentOrFlat%2cTownhouse,2026-02-09 12:25:16.234283,Please note this a shared property the landlord is living at the back .Welcome to this beautifully revamped and spacious 2-bedroom ...,224,4,,,
2 Bedroom Apartment,R 20 000,20000,ZAR,Observatory,9 Bowden Road 2 Bedroom,2,1,1,,https://www.property24.com/to-rent/observatory/cape-town/western-cape/10157/116895170,https://www.property24.com/to-rent/cape-town/western-cape/432/p30?PropertyCategory=House%2cApartmentOrFlat%2cTownhouse,2026-02-09 12:25:16.234283,"We are excited to welcome the exclusive launch of The Bowden Villas in Observatory, Cape ...",211,1,,,
2 Bedroom House,R 15 500,15500,ZAR,Crawford,,2,2,4,,https://www.property24.com/to-rent/crawford/cape-town/western-cape/8787/115442877,https://www.property24.com/to-rent/cape-town/western-cape/432/p31?PropertyCategory=House%2cApartmentOrFlat%2cTownhouse,2026-02-09 12:25:16.234283,Please note this a shared property the landlord is living at the back .Welcome to this beautifully revamped and spacious 2-bedroom ...,224,4,,,
2 Bedroom Apartment,R 20 000,20000,ZAR,Observatory,9 Bowden Road 2 Bedroom,2,1,1,,https://www.property24.com/to-rent/observatory/cape-town/western-cape/10157/116895170,https://www.property24.com/to-rent/cape-town/western-cape/432/p31?PropertyCategory=House%2cApartmentOrFlat%2cTownhouse,2026-02-09 12:25:16.234283,"We are excited to welcome the exclusive launch of The Bowden Villas in Observatory, Cape ...",211,1,,,
1 Bedroom Apartment,R 12 000,12000,ZAR,Three Anchor Bay,"199 Beach Road, Three Anchor Bay",1,1,,,https://www.property24.com/to-rent/three-anchor-bay/cape-town/western-cape/11022/116873520,https://www.property24.com/to-rent/cape-town/western-cape/432/p31?PropertyCategory=House%2cApartmentOrFlat%2cTownhouse,2026-02-09 12:25:16.234283,"Spectacular Views, First-Rate Security, Prime Beach Front Location, Immediate Occupation ...",11,1,,,
1 Bedroom Apartment,R 20 000,20000,ZAR,Cape Town City Centre,,1,1,,64 m²,https://www.property24.com/to-rent/cape-town-city-centre/cape-town/western-cape/9138/116824100,https://www.property24.com/to-rent/cape-town/western-cape/432/p31?PropertyCategory=House%2cApartmentOrFlat%2cTownhouse,2026-02-09 12:25:16.234283,"Experience modern city living in this beautifully renovated, fully furnished one-bedroom apartment located in the heart of Cape Town. ...",1164 m²,1,64 m²,,
1 Bedroom Apartment,R 18 000,18000,ZAR,Muizenberg,,1,1,1,,https://www.property24.com/to-rent/muizenberg/cape-town/western-cape/9025/116885417,https://www.property24.com/to-rent/cape-town/western-cape/432/p31?PropertyCategory=House%2cApartmentOrFlat%2cTownhouse,2026-02-09 12:25:16.234283,"Seaside Serenity in the Iconic Empire Building, Muizenberg 

MONTH-TO-MONTH LEASE, EFFECTIVE 01 MARCH 2026 

Welcome to this ...",111,1,,,
1 Bedroom Apartment,R 15 995,15995,ZAR,Gardens,"62 Kloof Street, Gardens",1,1,1,41 m²,https://www.property24.com/to-rent/gardens/cape-town/western-cape/9145/115910988,https://www.property24.com/to-rent/cape-town/western-cape/432/p31?PropertyCategory=House%2cApartmentOrFlat%2cTownhouse,2026-02-09 12:25:16.234283,"Welcome to your new home in the vibrant heart of Gardens, perfectly located on iconic ...",11141 m²,1,41 m²,,
1 Bedroom Apartment,R 6 000,6000,ZAR,Belhar,,1,1,,,https://www.property24.com/to-rent/belhar/cape-town/western-cape/8132/116886031,https://www.property24.com/to-rent/cape-town/western-cape/432/p31?PropertyCategory=House%2cApartmentOrFlat%2cTownhouse,2026-02-09 12:25:16.234283,Few 1 Room with 2 beds to chair - R 6000 per bed-  Females Students only .  Room have a bed in with build in cupboards .Study table ...,11,1,,,
1 Bedroom Apartment,R 12 950,12950,ZAR,Claremont Upper,,1,1,1,36 m²,https://www.property24.com/to-rent/claremont-upper/cape-town/western-cape/14225/116883227,https://www.property24.com/to-rent/cape-town/western-cape/432/p31?PropertyCategory=House%2cApartmentOrFlat%2cTownhouse,2026-02-09 12:25:16.234283,"We have a modern 1 bed apartment in the popular development, The Beaumont, in Claremont, available 1 March 2026

- modern, open plan ...",11136 m²,1,36 m²,,
Apartment,R 30 000,30000,ZAR,Cape Town City Centre,186 Loop St,,1,,42 m²,https://www.property24.com/to-rent/cape-town-city-centre/cape-town/western-cape/9138/116750538,https://www.property24.com/to-rent/cape-town/western-cape/432/p31?PropertyCategory=House%2cApartmentOrFlat%2cTownhouse,2026-02-09 12:25:16.234283,All inclusive brand new studio apartment/flat with A/C to Rent in Cape Town City Centre ...,142 m²,1,42 m²,,
2 Bedroom House,R 16 000,16000,ZAR,Costa Da Gama,,2,1.5,3,210 m²,https://www.property24.com/to-rent/costa-da-gama/cape-town/western-cape/13856/116868720,https://www.property24.com/to-rent/cape-town/western-cape/432/p31?PropertyCategory=House%2cApartmentOrFlat%2cTownhouse,2026-02-09 12:25:16.234283,"This well-maintained two-bedroom, two-bathroom home offers comfortable living with excellent indoor and outdoor flow, ideal for tenants ...",21.53210 m²,3,210 m²,,
Apartment,R 14 000,14000,ZAR,Oranjezicht,"4 Nieuw Rheezicht, 204 Upper Buitenkant, Oranjezicht",,1,,43 m²,https://www.property24.com/to-rent/oranjezicht/cape-town/western-cape/9155/114150285,https://www.property24.com/to-rent/cape-town/western-cape/432/p31?PropertyCategory=House%2cApartmentOrFlat%2cTownhouse,2026-02-09 12:25:16.234283,"Renovated Studio - Renovated with enclosed balcony 

Quaint Pet Friendly Studio ...",143 m²,1,43 m²,,
2 Bedroom Apartment,R 20 000,20000,ZAR,Woodstock,,2,1,1,79 m²,https://www.property24.com/to-rent/woodstock/cape-town/western-cape/10164/108785609,https://www.property24.com/to-rent/cape-town/western-cape/432/p31?PropertyCategory=House%2cApartmentOrFlat%2cTownhouse,2026-02-09 12:25:16.234283,"This apartment is an industrial-chic new urban design, with two bedrooms and one bathroom.

 -Open plan lounge and kitchen area.
- ...",21179 m²,1,79 m²,,
2 Bedroom Apartment,R 16 000,16000,ZAR,Kenilworth,,2,1,1,98 m²,https://www.property24.com/to-rent/kenilworth/cape-town/western-cape/8669/115625573,https://www.property24.com/to-rent/cape-town/western-cape/432/p31?PropertyCategory=House%2cApartmentOrFlat%2cTownhouse,2026-02-09 12:25:16.234283,"Spacious ground-floor apartment situated in tranquil and secure Leno Mansions.

This spacious apartment features a bright ...",21198 m²,1,98 m²,,
2 Bedroom House,R 30 000,30000,ZAR,Camps Bay,,2,1,1,,https://www.property24.com/to-rent/camps-bay/cape-town/western-cape/11014/116878857,https://www.property24.com/to-rent/cape-town/western-cape/432/p31?PropertyCategory=House%2cApartmentOrFlat%2cTownhouse,2026-02-09 12:25:16.234283,"2 Bedrooms | 1 Bathroom | Sleeps 4

Available for a 5-month lease from 1 May

Welcome to View 16 | Family Escape, a thoughtfully ...",211,1,,,
Apartment,R 30 000,30000,ZAR,Cape Town City Centre,186 Loop St,,1,,42 m²,https://www.property24.com/to-rent/cape-town-city-centre/cape-town/western-cape/9138/116781541,https://www.property24.com/to-rent/cape-town/western-cape/432/p31?PropertyCategory=House%2cApartmentOrFlat%2cTownhouse,2026-02-09 12:25:16.234283,All inclusive brand new studio apartment/flat with A/C to Rent in Cape Town City Centre ...,142 m²,1,42 m²,,
2 Bedroom Apartment,R 22 000,22000,ZAR,Claremont,"1 Bath Road, Claremont Upper, Cape Town, 7708",2,1,1,83 m²,https://www.property24.com/to-rent/claremont/cape-town/western-cape/11741/116866955,https://www.property24.com/to-rent/cape-town/western-cape/432/p31?PropertyCategory=House%2cApartmentOrFlat%2cTownhouse,2026-02-09 12:25:16.234283,"Newly renovated 2-Bedroom Living in the Heart of Claremont
Discover the perfect blend ...",21183 m²,1,83 m²,,
1 Bedroom Apartment,R 9 050,9050,ZAR,Heathfield,,1,1,1,30 m²,https://www.property24.com/to-rent/heathfield/cape-town/western-cape/10207/112343134,https://www.property24.com/to-rent/cape-town/western-cape/432/p31?PropertyCategory=House%2cApartmentOrFlat%2cTownhouse,2026-02-09 12:25:16.234283,"This apartment is available 1 March 2026.

Open plan lounge and kitchen

One bedroom, ensuite bathroom with shower

One allocated ...",11130 m²,1,30 m²,,
2 Bedroom Apartment,R 22 500,22500,ZAR,Zonnebloem,,2,1,1,91 m²,https://www.property24.com/to-rent/zonnebloem/cape-town/western-cape/10166/116819623,https://www.property24.com/to-rent/cape-town/western-cape/432/p31?PropertyCategory=House%2cApartmentOrFlat%2cTownhouse,2026-02-09 12:25:16.234283,"Available from 1 March 2026 | R22,500 per month

Set within the well-run Canterbury Square complex, this 91m² two-bedroom duplex ...",21191 m²,1,91 m²,,
3 Bedroom House,R 14 000,14000,ZAR,Ocean View,20 Michael Engel Crescent,3,2,1,57 m²,https://www.property24.com/to-rent/ocean-view/cape-town/western-cape/9069/116818527,https://www.property24.com/to-rent/cape-town/western-cape/432/p31?PropertyCategory=House%2cApartmentOrFlat%2cTownhouse,2026-02-09 12:25:16.234283,This lovely ground floor apartment is based in a secure estate with active 24/7 security ...,32157 m²,1,57 m²,,
2 Bedroom Apartment,R 17 500,17500,ZAR,Rondebosch,,2,1,1,,https://www.property24.com/to-rent/rondebosch/cape-town/western-cape/8682/116897180,https://www.property24.com/to-rent/cape-town/western-cape/432/p31?PropertyCategory=House%2cApartmentOrFlat%2cTownhouse,2026-02-09 12:25:16.234283,"Prime Position. Sought after Security Complex in lovely garden setting.

Spacious Modernised West-Facing Two-Bedroomed Apartment with ...",211,1,,,
4 Bedroom House,R 25 000,25000,ZAR,Observatory,,4,2,2,,https://www.property24.com/to-rent/observatory/cape-town/western-cape/10157/116874579,https://www.property24.com/to-rent/cape-town/western-cape/432/p31?PropertyCategory=House%2cApartmentOrFlat%2cTownhouse,2026-02-09 12:25:16.234283,"Nestled in the eclectic embrace of Observatory, Cape Town, this enchanting 4-bedroom, 2-bathroom Victorian home whispers tales of ...",422,2,,,
5 Bedroom House,R 160 000,160000,ZAR,Constantia,,5,5,8,,https://www.property24.com/to-rent/constantia/cape-town/western-cape/11742/116876813,https://www.property24.com/to-rent/cape-town/western-cape/432/p32?PropertyCategory=House%2cApartmentOrFlat%2cTownhouse,2026-02-09 12:25:16.234283,"Positioned in a highly desirable pocket of Constantia, this beautifully renovated double-storey residence delivers generous living ...",558,8,,,
5 Bedroom Apartment,R 180 000,180000,ZAR,Fresnaye,,5,5,4,400 m²,https://www.property24.com/to-rent/fresnaye/cape-town/western-cape/11016/108852169,https://www.property24.com/to-rent/cape-town/western-cape/432/p32?PropertyCategory=House%2cApartmentOrFlat%2cTownhouse,2026-02-09 12:25:16.234283,"Perched high above the Atlantic Seaboard, this extraordinary Fresnaye residence on Arcadia Road redefines the idea of rarity. Designed ...",554400 m²,4,400 m²,,
5 Bedroom Apartment,R 180 000,180000,ZAR,Fresnaye,,5,5.5,4,388 m²,https://www.property24.com/to-rent/fresnaye/cape-town/western-cape/11016/116827887,https://www.property24.com/to-rent/cape-town/western-cape/432/p32?PropertyCategory=House%2cApartmentOrFlat%2cTownhouse,2026-02-09 12:25:16.234283,"This penthouse apartment on Arcadia Road offers arguably the best views on the Atlantic Seaboard. 

It's very rare to have an ...",55.54388 m²,4,388 m²,,
Apartment,R 10 500,10500,ZAR,Claremont,2 Ripelby Rd,,1,,,https://www.property24.com/to-rent/claremont/cape-town/western-cape/11741/116884309,https://www.property24.com/to-rent/cape-town/western-cape/432/p32?PropertyCategory=House%2cApartmentOrFlat%2cTownhouse,2026-02-09 12:25:16.234283,"GROUND FLOOR MICRO UNIT
 
We have an unfurnished micro unit to rent at THE RIPELBY
Be ...",1,1,,,
2 Bedroom Apartment,R 27 500,27500,ZAR,Observatory,232 Cnr Kotzee & Main Roads,2,2,1,73 m²,https://www.property24.com/to-rent/observatory/cape-town/western-cape/10157/116862692,https://www.property24.com/to-rent/cape-town/western-cape/432/p32?PropertyCategory=House%2cApartmentOrFlat%2cTownhouse,2026-02-09 12:25:16.234283,Light and airy top floor corner apartment with stunning views. Ideal accommodation for ...,22173 m²,1,73 m²,,
2 Bedroom Apartment,R 26 000,26000,ZAR,Kenilworth Upper,3 Oak Avenue,2,1,1,110 m²,https://www.property24.com/to-rent/kenilworth-upper/cape-town/western-cape/14224/116815474,https://www.property24.com/to-rent/cape-town/western-cape/432/p32?PropertyCategory=House%2cApartmentOrFlat%2cTownhouse,2026-02-09 12:25:16.234283,"Light-Filled 2-Bed Apartment with Mountain Views | Upper Kenilworth

This beautifully ...",211110 m²,1,110 m²,,
3 Bedroom House,R 150 000,150000,ZAR,Bantry Bay,,3,4,2,,https://www.property24.com/to-rent/bantry-bay/cape-town/western-cape/11013/113611964,https://www.property24.com/to-rent/cape-town/western-cape/432/p32?PropertyCategory=House%2cApartmentOrFlat%2cTownhouse,2026-02-09 12:25:16.234283,"Welcome to this stylish 3 bed, 3.5 bath apartment in super central Bantry Bay.

Located on the Atlantic Seaboard, steps away from ...",342,2,,,
6 Bedroom House,R 45 000per day,45000,ZAR,Camps Bay,,6,6,5,700 m²,https://www.property24.com/to-rent/camps-bay/cape-town/western-cape/11014/116691023,https://www.property24.com/to-rent/cape-town/western-cape/432/p32?PropertyCategory=House%2cApartmentOrFlat%2cTownhouse,2026-02-09 12:25:16.234283,"Beware of scammers dupicating this listing on property24. Only this listing is legit, Daniela Ciman, is the Property Manager/Owner. ...",665700 m²,5,700 m²,,per day
3 Bedroom House,R 60 000,60000,ZAR,Gardens,,3,2.5,1,210 m²,https://www.property24.com/to-rent/gardens/cape-town/western-cape/9145/108158176,https://www.property24.com/to-rent/cape-town/western-cape/432/p32?PropertyCategory=House%2cApartmentOrFlat%2cTownhouse,2026-02-09 12:25:16.234283,This 3 bedroom house is situated just off Kloof Street in Gardens. It has recently undergone a renovation and has beautiful natural ...,32.51210 m²,1,210 m²,,
3 Bedroom Apartment,R 15 200,15200,ZAR,Muizenberg,,3,1,2,,https://www.property24.com/to-rent/muizenberg/cape-town/western-cape/9025/116878987,https://www.property24.com/to-rent/cape-town/western-cape/432/p32?PropertyCategory=House%2cApartmentOrFlat%2cTownhouse,2026-02-09 12:25:16.234283,"Furnished Three-Bedroom Apartment in Secure Santiago Bay, Capricorn Beach, Muizenberg 

Set within the secure and well-maintained ...",312,2,,,
2 Bedroom Apartment,R 23 000,23000,ZAR,Tamboerskloof,"19 Chudleigh Court, 34 Carstens Street",2,1,1,,https://www.property24.com/to-rent/tamboerskloof/cape-town/western-cape/9163/116876622,https://www.property24.com/to-rent/cape-town/western-cape/432/p32?PropertyCategory=House%2cApartmentOrFlat%2cTownhouse,2026-02-09 12:25:16.234283,"Set in a quiet, well-maintained block with green surrounds.

This stunning unfurnished ...",211,1,,,
3 Bedroom Apartment,R 225 000,225000,ZAR,Bantry Bay,,3,3.5,2,160 m²,https://www.property24.com/to-rent/bantry-bay/cape-town/western-cape/11013/116832710,https://www.property24.com/to-rent/cape-town/western-cape/432/p32?PropertyCategory=House%2cApartmentOrFlat%2cTownhouse,2026-02-09 12:25:16.234283,"Positioned within an exclusive three-unit enclave, this exceptional Bantry Bay residence offers a rare balance of oceanfront living ...",33.52160 m²,2,160 m²,,
2 Bedroom Apartment,R 37 000,37000,ZAR,Cape Town City Centre,,2,2,1,135 m²,https://www.property24.com/to-rent/cape-town-city-centre/cape-town/western-cape/9138/116818995,https://www.property24.com/to-rent/cape-town/western-cape/432/p32?PropertyCategory=House%2cApartmentOrFlat%2cTownhouse,2026-02-09 12:25:16.234283,"This upmarket  New York loft style apartment set on 4 levels  is  furnished to high standards, offers spacious luxury accommodation and ...",221135 m²,1,135 m²,,
6 Bedroom Apartment,R 10 000,10000,ZAR,Rondebosch,8 Nursery Road,6,6,,,https://www.property24.com/to-rent/rondebosch/cape-town/western-cape/8682/116830377,https://www.property24.com/to-rent/cape-town/western-cape/432/p32?PropertyCategory=House%2cApartmentOrFlat%2cTownhouse,2026-02-09 12:25:16.234283,"Located a walk away from the Jammie shuttle stop, this newly built student accommodation ...",66,6,,,
3 Bedroom Apartment,R 60 000,60000,ZAR,Camps Bay,,3,2.5,1,,https://www.property24.com/to-rent/camps-bay/cape-town/western-cape/11014/116878624,https://www.property24.com/to-rent/cape-town/western-cape/432/p32?PropertyCategory=House%2cApartmentOrFlat%2cTownhouse,2026-02-09 12:25:16.234283,"3 Bedrooms | 2.5 Bathrooms | Sleeps 5
Available for a 5-month lease from 1 May

Experience elevated coastal living with a relaxed ...",32.51,1,,,
7 Bedroom House,R 6 850,6850,ZAR,Lansdowne,,7,7,2,,https://www.property24.com/to-rent/lansdowne/cape-town/western-cape/8778/116465496,https://www.property24.com/to-rent/cape-town/western-cape/432/p32?PropertyCategory=House%2cApartmentOrFlat%2cTownhouse,2026-02-09 12:25:16.234283,"House share:  private en-suite rooms.
Accommodation catering for both students and young professionals of sober habits . It is a house ...",772,2,,,
3 Bedroom House,R 21 500,21500,ZAR,Observatory,33 Bellevliet Road,3,2,2,,https://www.property24.com/to-rent/observatory/cape-town/western-cape/10157/104503655,https://www.property24.com/to-rent/cape-town/western-cape/432/p32?PropertyCategory=House%2cApartmentOrFlat%2cTownhouse,2026-02-09 12:25:16.234283,"main bedroom facing the front without BIC, 
2nd bedroom to the side without BIC, 
3rd ...",322,2,,,
6 Bedroom House,R 45 000per day,45000,ZAR,Camps Bay,,6,6,5,700 m²,https://www.property24.com/to-rent/camps-bay/cape-town/western-cape/11014/110960141,https://www.property24.com/to-rent/cape-town/western-cape/432/p32?PropertyCategory=House%2cApartmentOrFlat%2cTownhouse,2026-02-09 12:25:16.234283,"Beware of scammers dupicating this listing on property24. Only this listing is legit, Daniela Ciman, is the Property Manager/Owner. ...",665700 m²,5,700 m²,,per day
1 Bedroom Apartment,R 15 000,15000,ZAR,Zonnebloem,,1,1,1,45 m²,https://www.property24.com/to-rent/zonnebloem/cape-town/western-cape/10166/116833474,https://www.property24.com/to-rent/cape-town/western-cape/432/p32?PropertyCategory=House%2cApartmentOrFlat%2cTownhouse,2026-02-09 12:25:16.234283,"Unfurnished one bedroom
Open plan kitchen and lounge with balcony
Bedroom with e-suite bathroom, built-in cupboards
Secure parking ...",11145 m²,1,45 m²,,
3 Bedroom Apartment,R 55 000,55000,ZAR,Bantry Bay,,3,2.5,2,,https://www.property24.com/to-rent/bantry-bay/cape-town/western-cape/11013/116887378,https://www.property24.com/to-rent/cape-town/western-cape/432/p32?PropertyCategory=House%2cApartmentOrFlat%2cTownhouse,2026-02-09 12:25:16.234283,"This super sunny ground floor apartment situated in sought - after location just 2 minutes from Saunders Beach, offers generously ...",32.52,2,,,
2 Bedroom House,R 35 000,35000,ZAR,Camps Bay,,2,1,1,,https://www.property24.com/to-rent/camps-bay/cape-town/western-cape/11014/116878755,https://www.property24.com/to-rent/cape-town/western-cape/432/p32?PropertyCategory=House%2cApartmentOrFlat%2cTownhouse,2026-02-09 12:25:16.234283,"2 Bedroom Apartment | 1 Bathroom | Sleeps 4

Available for a 5-month lease from 1 May

Welcome to View 16 | Lush Gaze, a beautifully ...",211,1,,,
2 Bedroom Apartment,R 45 000,45000,ZAR,Sea Point,,2,2,2,102 m²,https://www.property24.com/to-rent/sea-point/cape-town/western-cape/11021/113399272,https://www.property24.com/to-rent/cape-town/western-cape/432/p33?PropertyCategory=House%2cApartmentOrFlat%2cTownhouse,2026-02-09 12:25:16.234283,"This stylish and modern two-bedroom fully furnished apartment offers spacious living space, with the main bedroom featuring an en-suite ...",222102 m²,2,102 m²,,
2 Bedroom Apartment,R 17 250,17250,ZAR,Observatory,,2,1,2,62 m²,https://www.property24.com/to-rent/observatory/cape-town/western-cape/10157/116814115,https://www.property24.com/to-rent/cape-town/western-cape/432/p33?PropertyCategory=House%2cApartmentOrFlat%2cTownhouse,2026-02-09 12:25:16.234283,"Located in the popular The Factory building in Observatory, this very spacious corner two-bedroom apartment enjoys uninterrupted views ...",21262 m²,2,62 m²,,
3 Bedroom House,R 45 000,45000,ZAR,Constantia,,3,2,2,,https://www.property24.com/to-rent/constantia/cape-town/western-cape/11742/116824747,https://www.property24.com/to-rent/cape-town/western-cape/432/p33?PropertyCategory=House%2cApartmentOrFlat%2cTownhouse,2026-02-09 12:25:16.234283,"Exclusive Sole Mandate  

Available from 1 March

Situated in the charming and sought after Bel Ombre area of Constantia, this cute and ...",322,2,,,
2 Bedroom Apartment,R 17 250,17250,ZAR,Observatory,,2,1,2,62 m²,https://www.property24.com/to-rent/observatory/cape-town/western-cape/10157/116701370,https://www.property24.com/to-rent/cape-town/western-cape/432/p33?PropertyCategory=House%2cApartmentOrFlat%2cTownhouse,2026-02-09 12:25:16.234283,"Located in the popular The Factory building in Observatory, this very spacious corner two-bedroom apartment enjoys uninterrupted views ...",21262 m²,2,62 m²,,
2 Bedroom Apartment,R 37 000,37000,ZAR,Bantry Bay,,2,2,1,90 m²,https://www.property24.com/to-rent/bantry-bay/cape-town/western-cape/11013/110548728,https://www.property24.com/to-rent/cape-town/western-cape/432/p33?PropertyCategory=House%2cApartmentOrFlat%2cTownhouse,2026-02-09 12:25:16.234283,Live in one of Cape Town's finest locations.  With South Africa's best beaches on your door step as well as Sea Point promenade ...,22190 m²,1,90 m²,,
Apartment,R 16 000,16000,ZAR,Cape Town City Centre,66 Keerom Street,,1,,43 m²,https://www.property24.com/to-rent/cape-town-city-centre/cape-town/western-cape/9138/116893958,https://www.property24.com/to-rent/cape-town/western-cape/432/p33?PropertyCategory=House%2cApartmentOrFlat%2cTownhouse,2026-02-09 12:25:16.234283,"Bright, sunny & contemporary fully furnished City Bowl apartment available ...",143 m²,1,43 m²,,
1 Bedroom Apartment,R 13 750,13750,ZAR,Sea Point,,1,1,,,https://www.property24.com/to-rent/sea-point/cape-town/western-cape/11021/114150509,https://www.property24.com/to-rent/cape-town/western-cape/432/p33?PropertyCategory=House%2cApartmentOrFlat%2cTownhouse,2026-02-09 12:25:16.234283,"Situated in a vibrant neighbourhood with easy access to beaches, shops, and restaurants, this rental is perfect for those seeking a ...",11,1,,,
2 Bedroom Apartment,R 20 000,20000,ZAR,Observatory,,2,2,1,,https://www.property24.com/to-rent/observatory/cape-town/western-cape/10157/116875792,https://www.property24.com/to-rent/cape-town/western-cape/432/p33?PropertyCategory=House%2cApartmentOrFlat%2cTownhouse,2026-02-09 12:25:16.234283,"Spacious Furnished 2 Bedroom apartment situated in The Paragon development, Observatory

Open plan lounge and kitchen area with UCO ...",221,1,,,
1 Bedroom Apartment,R 19 500,19500,ZAR,Foreshore,,1,1,1,,https://www.property24.com/to-rent/foreshore/cape-town/western-cape/9143/116861539,https://www.property24.com/to-rent/cape-town/western-cape/432/p33?PropertyCategory=House%2cApartmentOrFlat%2cTownhouse,2026-02-09 12:25:16.234283,"Modern 1-Bedroom Apartment to Rent – Harbour Arch, Foreshore 

Located at the gateway to the Cape Town CBD, Harbour Arch offers an ...",111,1,,,
2 Bedroom Townhouse,R 16 900,16900,ZAR,Bo Kaap,"107 Upper Wale Street, Cape Town",2,1,1,60 m²,https://www.property24.com/to-rent/bo-kaap/cape-town/western-cape/9136/111726660,https://www.property24.com/to-rent/cape-town/western-cape/432/p33?PropertyCategory=House%2cApartmentOrFlat%2cTownhouse,2026-02-09 12:25:16.234283,"Well-kept double storey semi-detached winner, nestled in Upper Wale Street at the foot ...",21160 m²,1,60 m²,,
Apartment,R 16 000,16000,ZAR,Cape Town City Centre,,,,,61 m²,https://www.property24.com/to-rent/cape-town-city-centre/cape-town/western-cape/9138/116874808,https://www.property24.com/to-rent/cape-town/western-cape/432/p33?PropertyCategory=House%2cApartmentOrFlat%2cTownhouse,2026-02-09 12:25:16.234283,"Stylish modern designs, this dynamic double volume apartment has plenty of value adds that is perfect for work from home crusaders or ...",61 m²,,61 m²,,
3 Bedroom Apartment,R 35 000,35000,ZAR,Oranjezicht,,3,2,,110 m²,https://www.property24.com/to-rent/oranjezicht/cape-town/western-cape/9155/116823173,https://www.property24.com/to-rent/cape-town/western-cape/432/p33?PropertyCategory=House%2cApartmentOrFlat%2cTownhouse,2026-02-09 12:25:16.234283,"Available from 1 February 2026 for a long term rental (unfurnished).

Nestled on a leafy, one-way street in the heart of Oranjezicht ...",32110 m²,2,110 m²,,
3 Bedroom House,R 75 000,75000,ZAR,Sea Point,,3,3,3,426 m²,https://www.property24.com/to-rent/sea-point/cape-town/western-cape/11021/116886738,https://www.property24.com/to-rent/cape-town/western-cape/432/p33?PropertyCategory=House%2cApartmentOrFlat%2cTownhouse,2026-02-09 12:25:16.234283,"Situated on one of Sea Point’s most sought-after roads, this beautifully presented three-bedroom, three-bathroom home offers ...",333426 m²,3,426 m²,,
1 Bedroom Apartment,R 9 500,9500,ZAR,Costa Da Gama,,1,1,1,,https://www.property24.com/to-rent/costa-da-gama/cape-town/western-cape/13856/116872410,https://www.property24.com/to-rent/cape-town/western-cape/432/p33?PropertyCategory=House%2cApartmentOrFlat%2cTownhouse,2026-02-09 12:25:16.234283,"A ready-to-move-in, furnished, light-filled, sea-facing corner loft apartment awaits you. This modern home offers all the amenities ...",111,1,,,
1 Bedroom Apartment,R 9 000,9000,ZAR,Kenilworth,,1,1,,,https://www.property24.com/to-rent/kenilworth/cape-town/western-cape/8669/108047737,https://www.property24.com/to-rent/cape-town/western-cape/432/p33?PropertyCategory=House%2cApartmentOrFlat%2cTownhouse,2026-02-09 12:25:16.234283,"1 Bed apartment. Kitchen by Easy Life Kitchens with Defy oven and hob. Modern bathroom with shower. 
Private courtyard entrance with ...",11,1,,,
2 Bedroom Apartment,R 35 000,35000,ZAR,Sea Point,,2,2,1,148 m²,https://www.property24.com/to-rent/sea-point/cape-town/western-cape/11021/116839207,https://www.property24.com/to-rent/cape-town/western-cape/432/p33?PropertyCategory=House%2cApartmentOrFlat%2cTownhouse,2026-02-09 12:25:16.234283,"The apartment is equipped with all appliances and thoughtfully fitted out for maximum comfort. Located in the heart of Sea Point, just ...",221148 m²,1,148 m²,,
Apartment,R 15 500,15500,ZAR,Vredehoek,30 Bradwell Road,,1,1,30 m²,https://www.property24.com/to-rent/vredehoek/cape-town/western-cape/9166/116793506,https://www.property24.com/to-rent/cape-town/western-cape/432/p33?PropertyCategory=House%2cApartmentOrFlat%2cTownhouse,2026-02-09 12:25:16.234283,"Newly built apartment in The Holly available for rental. 

This is the perfect inner ...",1130 m²,1,30 m²,,
1 Bedroom Apartment,R 16 000,16000,ZAR,Muizenberg,,1,1,5,52 m²,https://www.property24.com/to-rent/muizenberg/cape-town/western-cape/9025/115965247,https://www.property24.com/to-rent/cape-town/western-cape/432/p33?PropertyCategory=House%2cApartmentOrFlat%2cTownhouse,2026-02-09 12:25:16.234283,"Experience breathtaking ocean and mountain views from the Empire's viewing deck two floors up from the apartment.
Apartment ...",11552 m²,5,52 m²,,
2 Bedroom Apartment,R 8 500,8500,ZAR,Bridgetown,,2,2,2,,https://www.property24.com/to-rent/bridgetown/cape-town/western-cape/8723/115043211,https://www.property24.com/to-rent/cape-town/western-cape/432/p33?PropertyCategory=House%2cApartmentOrFlat%2cTownhouse,2026-02-09 12:25:16.234283,"Welcome to this Modernized Semi-Furnished 2 Bedroom Separate Entrance to Rent with secure close garage parking for one car .
This ...",222,2,,,
Apartment,R 11 450,11450,ZAR,Observatory,,,1,1,,https://www.property24.com/to-rent/observatory/cape-town/western-cape/10157/116883184,https://www.property24.com/to-rent/cape-town/western-cape/432/p33?PropertyCategory=House%2cApartmentOrFlat%2cTownhouse,2026-02-09 12:25:16.234283,"We have a modern studio apartment in The Factory, in Observatory available immediately

This studio apartment has the following:
- ...",11,1,,,
2 Bedroom Apartment,R 14 500,14500,ZAR,Kirstenhof,,2,1,1,,https://www.property24.com/to-rent/kirstenhof/cape-town/western-cape/10178/116539360,https://www.property24.com/to-rent/cape-town/western-cape/432/p33?PropertyCategory=House%2cApartmentOrFlat%2cTownhouse,2026-02-09 12:25:16.234283,"2 bedrooms, 1 bathroom apartment with beautiful Mountain Views.
Swimming pool in complex and fiber installed. 
Pay as you go ...",211,1,,,
2 Bedroom House,R 15 000,15000,ZAR,Muizenberg,,2,2,2,,https://www.property24.com/to-rent/muizenberg/cape-town/western-cape/9025/116888578,https://www.property24.com/to-rent/cape-town/western-cape/432/p34?PropertyCategory=House%2cApartmentOrFlat%2cTownhouse,2026-02-09 12:25:16.234283,"This neat and well-located 2 bedroom, 2 bathroom house  is situated in a secure and well-maintained complex, offering safe and ...",222,2,,,
1 Bedroom House,R 6 500,6500,ZAR,Lotus River,,1,1,2,459 m²,https://www.property24.com/to-rent/lotus-river/cape-town/western-cape/10212/116847311,https://www.property24.com/to-rent/cape-town/western-cape/432/p34?PropertyCategory=House%2cApartmentOrFlat%2cTownhouse,2026-02-09 12:25:16.234283,"1 Bedroom separate entrance - Lotus River 

Open plan lounge to fitted kitchen with stove

family bathroom with bathtub 

Tiled through ...",112459 m²,2,459 m²,,
1 Bedroom Apartment,R 23 000,23000,ZAR,Cape Town City Centre,,1,1,,,https://www.property24.com/to-rent/cape-town-city-centre/cape-town/western-cape/9138/116877417,https://www.property24.com/to-rent/cape-town/western-cape/432/p34?PropertyCategory=House%2cApartmentOrFlat%2cTownhouse,2026-02-09 12:25:16.234283,"Available on a 6-Month Lease

A truly stunning, fully furnished one-bedroom apartment designed for refined urban living. The sleek ...",11,1,,,
16 Bedroom House,R 5 850,5850,ZAR,Rosebank,18a Lower York Rd,16,8,7,,https://www.property24.com/to-rent/rosebank/cape-town/western-cape/8683/113828270,https://www.property24.com/to-rent/cape-town/western-cape/432/p34?PropertyCategory=House%2cApartmentOrFlat%2cTownhouse,2026-02-09 12:25:16.234283,"""Digs""/commune-living/student residence (NO NSFAS, NO AGENTS)

Single Rooms ...",1687,7,,,
2 Bedroom Apartment,R 67 000,67000,ZAR,Waterfront,,2,2,2,106 m²,https://www.property24.com/to-rent/waterfront/cape-town/western-cape/9169/116869616,https://www.property24.com/to-rent/cape-town/western-cape/432/p34?PropertyCategory=House%2cApartmentOrFlat%2cTownhouse,2026-02-09 12:25:16.234283,Luxurious living at the Waterfront. Available immediately for long term rental. Everything you can wish for in one place. For ...,222106 m²,2,106 m²,,
2 Bedroom Apartment,R 25 000,25000,ZAR,Sea Point,3 Regent Rd,2,1,,85 m²,https://www.property24.com/to-rent/sea-point/cape-town/western-cape/11021/115805552,https://www.property24.com/to-rent/cape-town/western-cape/432/p34?PropertyCategory=House%2cApartmentOrFlat%2cTownhouse,2026-02-09 12:25:16.234283,Fully furnished and spacious apartment in Regent Rd with double glazed windows for sound ...,2185 m²,1,85 m²,,
1 Bedroom Apartment,R 25 000,25000,ZAR,Sea Point,,1,1,1,,https://www.property24.com/to-rent/sea-point/cape-town/western-cape/11021/116880257,https://www.property24.com/to-rent/cape-town/western-cape/432/p34?PropertyCategory=House%2cApartmentOrFlat%2cTownhouse,2026-02-09 12:25:16.234283,"This beautifully appointed, bright and airy fully furnished 1-bedroom apartment is situated in the heart of Sea Point and available on ...",111,1,,,
2 Bedroom Apartment,R 30 000,30000,ZAR,Green Point,,2,1,1,63 m²,https://www.property24.com/to-rent/green-point/cape-town/western-cape/11017/116881981,https://www.property24.com/to-rent/cape-town/western-cape/432/p34?PropertyCategory=House%2cApartmentOrFlat%2cTownhouse,2026-02-09 12:25:16.234283,"SHORT TERM - from 1 April 2026 to 30 November 2026 at R30,000 per month 

The perfect blend of tranquility and convenience with views ...",21163 m²,1,63 m²,,
1 Bedroom Apartment,R 22 950,22950,ZAR,Sea Point,,1,1,1,,https://www.property24.com/to-rent/sea-point/cape-town/western-cape/11021/116873530,https://www.property24.com/to-rent/cape-town/western-cape/432/p34?PropertyCategory=House%2cApartmentOrFlat%2cTownhouse,2026-02-09 12:25:16.234283,"This beautiful ground-floor studio apartment offers a rare combination of privacy, comfort, and refined design—all within one of Cape ...",111,1,,,
2 Bedroom Apartment,R 36 000,36000,ZAR,Sea Point,,2,2,1,64 m²,https://www.property24.com/to-rent/sea-point/cape-town/western-cape/11021/112983805,https://www.property24.com/to-rent/cape-town/western-cape/432/p34?PropertyCategory=House%2cApartmentOrFlat%2cTownhouse,2026-02-09 12:25:16.234283,"Occupation 1st April 2026 - fully furnished and equipped. 2 en-suite bedrooms (great for flat-share), balconies off both bedrooms and ...",22164 m²,1,64 m²,,
2 Bedroom Apartment,R 25 850,25850,ZAR,Gardens,9 Vyverhof Mansions 9 Hof Street,2,1,1,103 m²,https://www.property24.com/to-rent/gardens/cape-town/western-cape/9145/116861223,https://www.property24.com/to-rent/cape-town/western-cape/432/p34?PropertyCategory=House%2cApartmentOrFlat%2cTownhouse,2026-02-09 12:25:16.234283,"Spacious 2 bedroom apartment in sought after Gardens.

Pet friendly block, a quick ...",211103 m²,1,103 m²,,
1 Bedroom Apartment,R 35 000,35000,ZAR,De Waterkant,,1,1,1,79 m²,https://www.property24.com/to-rent/de-waterkant/cape-town/western-cape/9141/115415796,https://www.property24.com/to-rent/cape-town/western-cape/432/p34?PropertyCategory=House%2cApartmentOrFlat%2cTownhouse,2026-02-09 12:25:16.234283,"Welcome to your ideal urban retreat!

This beautifully furnished 1-bedroom apartment combines comfort, style, and convenience, making ...",11179 m²,1,79 m²,,
1 Bedroom Apartment,R 40 000,40000,ZAR,Constantia,Contact Owner,1,1,,,https://www.property24.com/to-rent/constantia/cape-town/western-cape/11742/116880858,https://www.property24.com/to-rent/cape-town/western-cape/432/p34?PropertyCategory=House%2cApartmentOrFlat%2cTownhouse,2026-02-09 12:25:16.234283,Tastefully furnished and equipped apartment with direct access to the Alphen Trail and ...,11,1,,,
1 Bedroom Apartment,R 9 500,9500,ZAR,Green Point,47 High Level Road,1,1,1,20 m²,https://www.property24.com/to-rent/green-point/cape-town/western-cape/11017/116281012,https://www.property24.com/to-rent/cape-town/western-cape/432/p34?PropertyCategory=House%2cApartmentOrFlat%2cTownhouse,2026-02-09 12:25:16.234283,"One-Bedroom for Rent – Skye Ways Complex, Green Point

A spacious one-bedroom is ...",11120 m²,1,20 m²,,
4 Bedroom Townhouse,R 5 000,5000,ZAR,Belhar,4 Academy Street,4,2,2,,https://www.property24.com/to-rent/belhar/cape-town/western-cape/8132/115314750,https://www.property24.com/to-rent/cape-town/western-cape/432/p34?PropertyCategory=House%2cApartmentOrFlat%2cTownhouse,2026-02-09 12:25:16.234283,Single and sharing rooms available in this newly built house in Belhar Olive Grove. This ...,422,2,,,
0.5 Bedroom Apartment,R 12 000,12000,ZAR,Cape Town City Centre,,0.5,1,1,,https://www.property24.com/to-rent/cape-town-city-centre/cape-town/western-cape/9138/116890505,https://www.property24.com/to-rent/cape-town/western-cape/432/p34?PropertyCategory=House%2cApartmentOrFlat%2cTownhouse,2026-02-09 12:25:16.234283,This newly renovated studio corner-apartment is ideally located in the sought-after St Martini Gardens. The unit features a modern ...,0.511,1,,,
2 Bedroom Apartment,R 32 000,32000,ZAR,Cape Town City Centre,,2,2,1,150 m²,https://www.property24.com/to-rent/cape-town-city-centre/cape-town/western-cape/9138/116840456,https://www.property24.com/to-rent/cape-town/western-cape/432/p34?PropertyCategory=House%2cApartmentOrFlat%2cTownhouse,2026-02-09 12:25:16.234283,"CBD Exceptionally spacious 2 bedroom Fully Furnished Heritage Loft Apartment.

Located in the iconic Mutual Heights, this unique and ...",221150 m²,1,150 m²,,
1 Bedroom Apartment,R 15 000,15000,ZAR,Rondebosch,,1,1,1,46 m²,https://www.property24.com/to-rent/rondebosch/cape-town/western-cape/8682/116887814,https://www.property24.com/to-rent/cape-town/western-cape/432/p34?PropertyCategory=House%2cApartmentOrFlat%2cTownhouse,2026-02-09 12:25:16.234283,"Available immediately, this well-presented apartment offers comfortable, modern living in a highly convenient location.

The ...",11146 m²,1,46 m²,,
2 Bedroom Townhouse,R 15 500,15500,ZAR,Kirstenhof,66 Sea Breeze Rd,2,1,1,90 m²,https://www.property24.com/to-rent/kirstenhof/cape-town/western-cape/10178/116743574,https://www.property24.com/to-rent/cape-town/western-cape/432/p34?PropertyCategory=House%2cApartmentOrFlat%2cTownhouse,2026-02-09 12:25:16.234283,"Available: 1 March 2026

Filled with natural light and designed for seamless ...",21190 m²,1,90 m²,,
1 Bedroom Apartment,R 23 000,23000,ZAR,Cape Town City Centre,,1,1,,,https://www.property24.com/to-rent/cape-town-city-centre/cape-town/western-cape/9138/116690014,https://www.property24.com/to-rent/cape-town/western-cape/432/p34?PropertyCategory=House%2cApartmentOrFlat%2cTownhouse,2026-02-09 12:25:16.234283,"Available on a 6-Month Lease

A truly stunning, fully furnished one-bedroom apartment designed for refined urban living. The sleek ...",11,1,,,
2 Bedroom Apartment,R 32 000,32000,ZAR,Green Point,,2,2,,90 m²,https://www.property24.com/to-rent/green-point/cape-town/western-cape/11017/109123487,https://www.property24.com/to-rent/cape-town/western-cape/432/p34?PropertyCategory=House%2cApartmentOrFlat%2cTownhouse,2026-02-09 12:25:16.234283,"Available from 1 February 2026 – Furnished (as viewed) or unfurnished at the same rental price.

(Please note: The landlord will not ...",2290 m²,2,90 m²,,
3 Bedroom House,R 40 000,40000,ZAR,Rondebosch,,3,2,3,246 m²,https://www.property24.com/to-rent/rondebosch/cape-town/western-cape/8682/116852657,https://www.property24.com/to-rent/cape-town/western-cape/432/p35?PropertyCategory=House%2cApartmentOrFlat%2cTownhouse,2026-02-09 12:25:16.234283,"Situated in a highly desirable pocket, this spectacular home offers stylish, modern living with excellent indoor-outdoor flow.

The ...",323246 m²,3,246 m²,,
2 Bedroom Apartment,R 28 000,28000,ZAR,Claremont,,2,2.5,2,,https://www.property24.com/to-rent/claremont/cape-town/western-cape/11741/116893159,https://www.property24.com/to-rent/cape-town/western-cape/432/p35?PropertyCategory=House%2cApartmentOrFlat%2cTownhouse,2026-02-09 12:25:16.234283,"This 2 bedroom, 2.5 bathroom, 3rd floor corner apartment is conveniently within walking distance of Cavendish Square with easy access ...",22.52,2,,,
2 Bedroom Apartment,R 9 200,9200,ZAR,Plumstead,,2,1,,33 m²,https://www.property24.com/to-rent/plumstead/cape-town/western-cape/10094/116894860,https://www.property24.com/to-rent/cape-town/western-cape/432/p35?PropertyCategory=House%2cApartmentOrFlat%2cTownhouse,2026-02-09 12:25:16.234283,"Waterbury Court is located in Plumstead, Cape Town. It is conveniently located off Main Road with many amenities and schools in the ...",2133 m²,1,33 m²,,
3 Bedroom House,R 45 000,45000,ZAR,Claremont,,3,2,2,458 m²,https://www.property24.com/to-rent/claremont/cape-town/western-cape/11741/116875709,https://www.property24.com/to-rent/cape-town/western-cape/432/p35?PropertyCategory=House%2cApartmentOrFlat%2cTownhouse,2026-02-09 12:25:16.234283,"This fabulous 3-bedroom home awaits in the serene , secure Lynfrae suburb of Claremont, Cape Town, Perfect for families or ...",322458 m²,2,458 m²,,
4 Bedroom House,R 24 500,24500,ZAR,Woodstock,48 Queens Road,4,1,,,https://www.property24.com/to-rent/woodstock/cape-town/western-cape/10164/116771607,https://www.property24.com/to-rent/cape-town/western-cape/432/p35?PropertyCategory=House%2cApartmentOrFlat%2cTownhouse,2026-02-09 12:25:16.234283,"Charming Terrace home full of character.

Step into this delightful home and experience ...",41,1,,,
3 Bedroom House,R 135 000,135000,ZAR,Fresnaye,,3,4,4,295 m²,https://www.property24.com/to-rent/fresnaye/cape-town/western-cape/11016/115822915,https://www.property24.com/to-rent/cape-town/western-cape/432/p35?PropertyCategory=House%2cApartmentOrFlat%2cTownhouse,2026-02-09 12:25:16.234283,"Welcome to an exquisite luxury three-bedroom apartment located in the prestigious neighborhood of Fresnaye, renowned for its stunning ...",344295 m²,4,295 m²,,
2 Bedroom Apartment,R 19 000,19000,ZAR,Woodstock,,2,2,1,61 m²,https://www.property24.com/to-rent/woodstock/cape-town/western-cape/10164/116880106,https://www.property24.com/to-rent/cape-town/western-cape/432/p35?PropertyCategory=House%2cApartmentOrFlat%2cTownhouse,2026-02-09 12:25:16.234283,"Apartment features:
• Two separate bedrooms, each with built-in cupboards
• With en- suite bathrooms (1 bath/shower,1 full shower)
• ...",22161 m²,1,61 m²,,
3 Bedroom House,R 40 000,40000,ZAR,Bergvliet,,3,2.5,5,780 m²,https://www.property24.com/to-rent/bergvliet/cape-town/western-cape/10189/116842586,https://www.property24.com/to-rent/cape-town/western-cape/432/p35?PropertyCategory=House%2cApartmentOrFlat%2cTownhouse,2026-02-09 12:25:16.234283,"Everything your heart could desire

This short term 4-6month rental would perfectly suit a family in transition and affords the ...",32.55780 m²,5,780 m²,,
3 Bedroom Apartment,R 25 000,25000,ZAR,Rondebosch,,3,2,2,,https://www.property24.com/to-rent/rondebosch/cape-town/western-cape/8682/116877851,https://www.property24.com/to-rent/cape-town/western-cape/432/p35?PropertyCategory=House%2cApartmentOrFlat%2cTownhouse,2026-02-09 12:25:16.234283,"Apartment Features

Three spacious bedrooms
Large lounge opening onto a private balcony
Full kitchen with double sink and two plumbing ...",322,2,,,
2 Bedroom Apartment,R 30 000,30000,ZAR,Cape Town City Centre,"1308 The Decks, 67 Long Street",2,2,2,86 m²,https://www.property24.com/to-rent/cape-town-city-centre/cape-town/western-cape/9138/110438153,https://www.property24.com/to-rent/cape-town/western-cape/432/p35?PropertyCategory=House%2cApartmentOrFlat%2cTownhouse,2026-02-09 12:25:16.234283,"Simply fabulous furnished, 2 bedroom Penthouse apartment in the City Centre. This ...",22286 m²,2,86 m²,,
1 Bedroom Apartment,R 12 500,12500,ZAR,Rosebank,69 Main Road,1,1,,,https://www.property24.com/to-rent/rosebank/cape-town/western-cape/8683/116900482,https://www.property24.com/to-rent/cape-town/western-cape/432/p35?PropertyCategory=House%2cApartmentOrFlat%2cTownhouse,2026-02-09 12:25:16.234283,"A cosy studio apartment in Bankside Studios, a secure complex situated in the vibey ...",11,1,,,
1 Bedroom Apartment,R 19 000,19000,ZAR,Oranjezicht,,1,1,1,67 m²,https://www.property24.com/to-rent/oranjezicht/cape-town/western-cape/9155/112578611,https://www.property24.com/to-rent/cape-town/western-cape/432/p35?PropertyCategory=House%2cApartmentOrFlat%2cTownhouse,2026-02-09 12:25:16.234283,Large one bedroom apartment available from the 1st of March 2026 for a 1 year lease period with the option of a 2nd. Includes high ...,11167 m²,1,67 m²,,
1 Bedroom Apartment,R 26 000,26000,ZAR,Green Point,,1,1,,,https://www.property24.com/to-rent/green-point/cape-town/western-cape/11017/111687590,https://www.property24.com/to-rent/cape-town/western-cape/432/p35?PropertyCategory=House%2cApartmentOrFlat%2cTownhouse,2026-02-09 12:25:16.234283,"Tucked away in a quiet, leafy street in sought-after Green Point, this spacious one-bedroom ground-floor apartment offers a rare blend ...",11,1,,,
3 Bedroom House,R 45 000,45000,ZAR,Claremont,,3,2,2,458 m²,https://www.property24.com/to-rent/claremont/cape-town/western-cape/11741/116810319,https://www.property24.com/to-rent/cape-town/western-cape/432/p35?PropertyCategory=House%2cApartmentOrFlat%2cTownhouse,2026-02-09 12:25:16.234283,"This fabulous 3-bedroom home awaits in the serene , secure Lynfrae suburb of Claremont, Cape Town, Perfect for families or ...",322458 m²,2,458 m²,,
2 Bedroom Apartment,R 29 000,29000,ZAR,Sea Point,,2,2,1,107 m²,https://www.property24.com/to-rent/sea-point/cape-town/western-cape/11021/116805938,https://www.property24.com/to-rent/cape-town/western-cape/432/p35?PropertyCategory=House%2cApartmentOrFlat%2cTownhouse,2026-02-09 12:25:16.234283,"Spacious Unfurnished 2-Bedroom, 2Bathroom Apartment - 6-Month Lease.

This modern and well-designed unfurnished apartment is ...",221107 m²,1,107 m²,,
2 Bedroom Apartment,R 19 000,19000,ZAR,Claremont Upper,,2,1,1,86 m²,https://www.property24.com/to-rent/claremont-upper/cape-town/western-cape/14225/115452452,https://www.property24.com/to-rent/cape-town/western-cape/432/p35?PropertyCategory=House%2cApartmentOrFlat%2cTownhouse,2026-02-09 12:25:16.234283,"Nestled in the sought-after Claremont Upper, and ideally located just a stone’s throw away from Cavendish Square. This charming ...",21186 m²,1,86 m²,,
House,R 8 500,8500,ZAR,Rylands,,,,,50 m²,https://www.property24.com/to-rent/rylands/cape-town/western-cape/8730/116848670,https://www.property24.com/to-rent/cape-town/western-cape/432/p35?PropertyCategory=House%2cApartmentOrFlat%2cTownhouse,2026-02-09 12:25:16.234283,"This charming and newly renovated flatlet is situated in the heart of a vibrant, homely suburb of Rylands, within walking distance to ...",50 m²,,50 m²,,
2 Bedroom Apartment,R 28 000,28000,ZAR,Sea Point,,2,1,2,80 m²,https://www.property24.com/to-rent/sea-point/cape-town/western-cape/11021/116858254,https://www.property24.com/to-rent/cape-town/western-cape/432/p35?PropertyCategory=House%2cApartmentOrFlat%2cTownhouse,2026-02-09 12:25:16.234283,"Wake up every day to uninterrupted ocean views from this beautifully furnished two bedroom loft apartment, ideally located on Ocean ...",21280 m²,2,80 m²,,
2 Bedroom Apartment,R 37 900,37900,ZAR,Waterfront,,2,2,,82 m²,https://www.property24.com/to-rent/waterfront/cape-town/western-cape/9169/110279341,https://www.property24.com/to-rent/cape-town/western-cape/432/p35?PropertyCategory=House%2cApartmentOrFlat%2cTownhouse,2026-02-09 12:25:16.234283,"Work and play in a neighbourhood that values you

furnished two bedroom

come home to the v&a waterfront. Convenience for busy ...",2282 m²,2,82 m²,,
1 Bedroom Apartment,R 20 000,20000,ZAR,Waterfront,,1,1,,66 m²,https://www.property24.com/to-rent/waterfront/cape-town/western-cape/9169/110279328,https://www.property24.com/to-rent/cape-town/western-cape/432/p35?PropertyCategory=House%2cApartmentOrFlat%2cTownhouse,2026-02-09 12:25:16.234283,"LIVE, EAT, DRINK, PLAY WORLD CLASS

Large unfurnished 1 bedroom

Come home to the V&A Waterfront. Convenience for busy young ...",1166 m²,1,66 m²,,
2 Bedroom Apartment,R 26 500,26500,ZAR,Green Point,,2,1,1,,https://www.property24.com/to-rent/green-point/cape-town/western-cape/11017/116895833,https://www.property24.com/to-rent/cape-town/western-cape/432/p35?PropertyCategory=House%2cApartmentOrFlat%2cTownhouse,2026-02-09 12:25:16.234283,"Discover comfortable living in this beautiful unfurnished 2 bedroom, 1 bathroom apartment located in the highly sought-after Three ...",211,1,,,
1 Bedroom Apartment,R 16 000,16000,ZAR,Newlands,,1,1,1,,https://www.property24.com/to-rent/newlands/cape-town/western-cape/8679/109356516,https://www.property24.com/to-rent/cape-town/western-cape/432/p36?PropertyCategory=House%2cApartmentOrFlat%2cTownhouse,2026-02-09 12:25:16.234283,This private and secure one bedroom cottage is separate from the main house and comprises a very well-designed open plan living and ...,111,1,,,
2 Bedroom House,R 40 000,40000,ZAR,De Waterkant,,2,2,1,66 m²,https://www.property24.com/to-rent/de-waterkant/cape-town/western-cape/9141/116840351,https://www.property24.com/to-rent/cape-town/western-cape/432/p36?PropertyCategory=House%2cApartmentOrFlat%2cTownhouse,2026-02-09 12:25:16.234283,"Situated on a quiet street in the heart of De Waterkant, this beautifully appointed 66sqm fully furnished home offers the perfect blend ...",22166 m²,1,66 m²,,
2 Bedroom House,R 24 000,24000,ZAR,Claremont Upper,,2,2,1,,https://www.property24.com/to-rent/claremont-upper/cape-town/western-cape/14225/116770621,https://www.property24.com/to-rent/cape-town/western-cape/432/p36?PropertyCategory=House%2cApartmentOrFlat%2cTownhouse,2026-02-09 12:25:16.234283,"Elegant Mezzanine Penthouse | Steps from Cavendish

Experience sophisticated urban living in this beautifully executed, fully furnished ...",221,1,,,
3 Bedroom Townhouse,R 20 300,20300,ZAR,Nooitgedacht,,3,3,1,,https://www.property24.com/to-rent/nooitgedacht/cape-town/western-cape/8123/105814282,https://www.property24.com/to-rent/cape-town/western-cape/432/p36?PropertyCategory=House%2cApartmentOrFlat%2cTownhouse,2026-02-09 12:25:16.234283,"Spacious home offering 3 bedrooms and 2 bathrooms (including 1 en-suite), a guest toilet, and a large open-plan living area with a ...",331,1,,,
5 Bedroom House,R 120 000,120000,ZAR,Constantia,,5,5,8,,https://www.property24.com/to-rent/constantia/cape-town/western-cape/11742/116890506,https://www.property24.com/to-rent/cape-town/western-cape/432/p36?PropertyCategory=House%2cApartmentOrFlat%2cTownhouse,2026-02-09 12:25:16.234283,Nestled in the most tranquil and secure pocket of Upper Constantia this exceptional character filled home offers a comfortably ...,558,8,,,
Apartment,R 22 000,22000,ZAR,Fresnaye,,,1,1,36 m²,https://www.property24.com/to-rent/fresnaye/cape-town/western-cape/11016/115115117,https://www.property24.com/to-rent/cape-town/western-cape/432/p36?PropertyCategory=House%2cApartmentOrFlat%2cTownhouse,2026-02-09 12:25:16.234283,"Station House is a luxury residential complex offering a sleek, fully furnished studio apartment. Combining history with modern ...",1136 m²,1,36 m²,,
1 Bedroom Apartment,R 19 000,19000,ZAR,Cape Town City Centre,,1,1,1,42 m²,https://www.property24.com/to-rent/cape-town-city-centre/cape-town/western-cape/9138/116810940,https://www.property24.com/to-rent/cape-town/western-cape/432/p36?PropertyCategory=House%2cApartmentOrFlat%2cTownhouse,2026-02-09 12:25:16.234283,"Light-filled, spacious and cleverly designed, this large studio in The Onyx offers easy city living with a one-bedroom feel.

The ...",11142 m²,1,42 m²,,
3 Bedroom House,R 14 500,14500,ZAR,Kensington,,3,2,1,500 m²,https://www.property24.com/to-rent/kensington/cape-town/western-cape/8010/116889278,https://www.property24.com/to-rent/cape-town/western-cape/432/p36?PropertyCategory=House%2cApartmentOrFlat%2cTownhouse,2026-02-09 12:25:16.234283,"Open plan light and bright modern living - Lounge -Dining room with open plan kitchen

Three bedrooms with the main being extra large ...",321500 m²,1,500 m²,,
4 Bedroom House,R 85 000,85000,ZAR,Camps Bay,,4,4,2,,https://www.property24.com/to-rent/camps-bay/cape-town/western-cape/11014/116882753,https://www.property24.com/to-rent/cape-town/western-cape/432/p36?PropertyCategory=House%2cApartmentOrFlat%2cTownhouse,2026-02-09 12:25:16.234283,"Grand family home situated on a sought after road in Camps Bay , offering sensational sea views. 
Available for a 6 month rental from ...",442,2,,,
0.5 Bedroom Apartment,R 9 000,9000,ZAR,Pinelands,28 Homestead Way,0.5,1,1,,https://www.property24.com/to-rent/pinelands/cape-town/western-cape/8017/115077693,https://www.property24.com/to-rent/cape-town/western-cape/432/p36?PropertyCategory=House%2cApartmentOrFlat%2cTownhouse,2026-02-09 12:25:16.234283,"Unfurnished studio apartment available immediately.
Neat and safe with Secure parking ...",0.511,1,,,
1 Bedroom Apartment,R 8 000,8000,ZAR,Mowbray,Malleson & Durban Road,1,1,4,25 m²,https://www.property24.com/to-rent/mowbray/cape-town/western-cape/8677/116817574,https://www.property24.com/to-rent/cape-town/western-cape/432/p36?PropertyCategory=House%2cApartmentOrFlat%2cTownhouse,2026-02-09 12:25:16.234283,"Fully Furnished Bachelor apartments includes:  
- WiFi 
- pre-paid Laundry faculties  ...",11425 m²,4,25 m²,,
2 Bedroom Apartment,R 35 000,35000,ZAR,Sea Point,,2,1,1,94 m²,https://www.property24.com/to-rent/sea-point/cape-town/western-cape/11021/115314310,https://www.property24.com/to-rent/cape-town/western-cape/432/p36?PropertyCategory=House%2cApartmentOrFlat%2cTownhouse,2026-02-09 12:25:16.234283,"This 94m2 upmarket 2 Bedroom, 1 Bathroom FURNISHED apartment is situated on Beach Road on the Promenade. High up in the block with ...",21194 m²,1,94 m²,,
2 Bedroom Apartment,R 22 000,22000,ZAR,Claremont Upper,,2,2,1,72 m²,https://www.property24.com/to-rent/claremont-upper/cape-town/western-cape/14225/115565460,https://www.property24.com/to-rent/cape-town/western-cape/432/p36?PropertyCategory=House%2cApartmentOrFlat%2cTownhouse,2026-02-09 12:25:16.234283,"Welcome to this modern masterpiece.

Located in Claremont upper, this beautiful apartment is filled with natural light and suited for ...",22172 m²,1,72 m²,,
0.5 Bedroom Apartment,R 22 950,22950,ZAR,Sea Point,,0.5,1,1,36 m²,https://www.property24.com/to-rent/sea-point/cape-town/western-cape/11021/114199152,https://www.property24.com/to-rent/cape-town/western-cape/432/p36?PropertyCategory=House%2cApartmentOrFlat%2cTownhouse,2026-02-09 12:25:16.234283,"We are currently offering a fully furnished studio apartment with a private garden available from 1 April 2026 for R22 950 pm 
Minimum ...",0.51136 m²,1,36 m²,,
2 Bedroom House,R 24 000,24000,ZAR,Claremont Upper,,2,2,1,,https://www.property24.com/to-rent/claremont-upper/cape-town/western-cape/14225/116878827,https://www.property24.com/to-rent/cape-town/western-cape/432/p36?PropertyCategory=House%2cApartmentOrFlat%2cTownhouse,2026-02-09 12:25:16.234283,"Elegant Mezzanine Penthouse | Steps from Cavendish

Experience sophisticated urban living in this beautifully executed, fully furnished ...",221,1,,,
0.5 Bedroom House,R 8 000,8000,ZAR,Pinelands,,0.5,1,1,,https://www.property24.com/to-rent/pinelands/cape-town/western-cape/8017/116890083,https://www.property24.com/to-rent/cape-town/western-cape/432/p36?PropertyCategory=House%2cApartmentOrFlat%2cTownhouse,2026-02-09 12:25:16.234283,This neat and private studio cottage is situated on a well-maintained property in the heart of Pinelands and offers comfortable ...,0.511,1,,,
1 Bedroom Apartment,R 6 500,6500,ZAR,Observatory,20 Falmouth Road,1,2,,,https://www.property24.com/to-rent/observatory/cape-town/western-cape/10157/116828175,https://www.property24.com/to-rent/cape-town/western-cape/432/p36?PropertyCategory=House%2cApartmentOrFlat%2cTownhouse,2026-02-09 12:25:16.234283,"Female applicants only. 

Looking for a mature student or young professional to join our ...",12,2,,,
2 Bedroom Apartment,R 29 000,29000,ZAR,Sea Point,,2,1,1,94 m²,https://www.property24.com/to-rent/sea-point/cape-town/western-cape/11021/116834362,https://www.property24.com/to-rent/cape-town/western-cape/432/p36?PropertyCategory=House%2cApartmentOrFlat%2cTownhouse,2026-02-09 12:25:16.234283,"Experience spacious living in this 2-bedroom, 1-bathroom apartment situated in upper Seapoint. 

Offering an abundance of natural ...",21194 m²,1,94 m²,,
2 Bedroom Apartment,R 35 000,35000,ZAR,Oranjezicht,,2,1,,115 m²,https://www.property24.com/to-rent/oranjezicht/cape-town/western-cape/9155/114234547,https://www.property24.com/to-rent/cape-town/western-cape/432/p36?PropertyCategory=House%2cApartmentOrFlat%2cTownhouse,2026-02-09 12:25:16.234283,"**Long term lease**
Stylish, fully furnished, 2 double bedroom apartment on 3rd floor of this iconic heritage Cape Town block.

This ...",21115 m²,1,115 m²,,
4 Bedroom Apartment,R 120 000,120000,ZAR,Green Point,,4,4,3,354 m²,https://www.property24.com/to-rent/green-point/cape-town/western-cape/11017/116813722,https://www.property24.com/to-rent/cape-town/western-cape/432/p36?PropertyCategory=House%2cApartmentOrFlat%2cTownhouse,2026-02-09 12:25:16.234283,"An extraordinary residence of scale, sophistication, and undeniable presence, this fully furnished apartment captures the very essence ...",443354 m²,3,354 m²,,
2 Bedroom Apartment,R 22 000,22000,ZAR,Observatory,423 Main Road,2,2,1,56 m²,https://www.property24.com/to-rent/observatory/cape-town/western-cape/10157/116854561,https://www.property24.com/to-rent/cape-town/western-cape/432/p36?PropertyCategory=House%2cApartmentOrFlat%2cTownhouse,2026-02-09 12:25:16.234283,"Fully furnished two bedroom unit available for immediate occupation

Spacious two ...",22156 m²,1,56 m²,,
2 Bedroom House,R 21 000,21000,ZAR,Observatory,,2,1,1,191 m²,https://www.property24.com/to-rent/observatory/cape-town/western-cape/10157/116871005,https://www.property24.com/to-rent/cape-town/western-cape/432/p37?PropertyCategory=House%2cApartmentOrFlat%2cTownhouse,2026-02-09 12:25:16.234283,"Whatsapp Messages or Email Inquiries Only!

Nestled in the heart of Observatory, one of Cape Town's most dynamic and eclectic ...",211191 m²,1,191 m²,,
1 Bedroom Apartment,R 12 500,12500,ZAR,Kenilworth,,1,1,1,,https://www.property24.com/to-rent/kenilworth/cape-town/western-cape/8669/116888533,https://www.property24.com/to-rent/cape-town/western-cape/432/p37?PropertyCategory=House%2cApartmentOrFlat%2cTownhouse,2026-02-09 12:25:16.234283,"Located just off Main Road, Kenilworth you will find this central and secure 1 bedroom apartment. Located within walking distance of ...",111,1,,,
2 Bedroom Apartment,R 25 500,25500,ZAR,Claremont Upper,,2,2,2,100 m²,https://www.property24.com/to-rent/claremont-upper/cape-town/western-cape/14225/116800849,https://www.property24.com/to-rent/cape-town/western-cape/432/p37?PropertyCategory=House%2cApartmentOrFlat%2cTownhouse,2026-02-09 12:25:16.234283,"Perfect for lock up and go living in the central hub of Claremont Upper within walking distance to Cavendish Square, Claremont Padel ...",222100 m²,2,100 m²,,
3 Bedroom Apartment,R 75 000,75000,ZAR,Sea Point,,3,2.5,1,198 m²,https://www.property24.com/to-rent/sea-point/cape-town/western-cape/11021/116804744,https://www.property24.com/to-rent/cape-town/western-cape/432/p37?PropertyCategory=House%2cApartmentOrFlat%2cTownhouse,2026-02-09 12:25:16.234283,This elegant and luxuriously furnished 3-bedroom apartment holds prime position on the beachfront and offers beautiful views of the ...,32.51198 m²,1,198 m²,,
Apartment,R 12 500,12500,ZAR,Woodstock,,,1,,27 m²,https://www.property24.com/to-rent/woodstock/cape-town/western-cape/10164/116856517,https://www.property24.com/to-rent/cape-town/western-cape/432/p37?PropertyCategory=House%2cApartmentOrFlat%2cTownhouse,2026-02-09 12:25:16.234283,"Live at the centre of Woodstock's vibrant creative hub with this stylish, fully furnished studio apartment, thoughtfully designed ...",127 m²,1,27 m²,,
2 Bedroom Apartment,R 39 500,39500,ZAR,Three Anchor Bay,,2,2,,88 m²,https://www.property24.com/to-rent/three-anchor-bay/cape-town/western-cape/11022/116813009,https://www.property24.com/to-rent/cape-town/western-cape/432/p37?PropertyCategory=House%2cApartmentOrFlat%2cTownhouse,2026-02-09 12:25:16.234283,"Experience effortless coastal living in this immaculately presented, turn-key apartment. Designed for comfort, convenience, and ...",2288 m²,2,88 m²,,
Apartment,R 20 000,20000,ZAR,Mouille Point,,,1,1,,https://www.property24.com/to-rent/mouille-point/cape-town/western-cape/11018/116887544,https://www.property24.com/to-rent/cape-town/western-cape/432/p37?PropertyCategory=House%2cApartmentOrFlat%2cTownhouse,2026-02-09 12:25:16.234283,"Be the first to live in this beautifully renovated, brand-new bachelor apartment perfectly positioned on Mouille Point’s sought-after ...",11,1,,,
4 Bedroom House,R 18 000,18000,ZAR,Crawford,,4,2,5,489 m²,https://www.property24.com/to-rent/crawford/cape-town/western-cape/8787/116889741,https://www.property24.com/to-rent/cape-town/western-cape/432/p37?PropertyCategory=House%2cApartmentOrFlat%2cTownhouse,2026-02-09 12:25:16.234283,"Large four bedroom two bathroom family home in Crawford - Rondebosch East Cape Town

Open plan lounge and kitchen area - dining room ...",425489 m²,5,489 m²,,
2 Bedroom House,R 55 000,55000,ZAR,Green Point,,2,2,,150 m²,https://www.property24.com/to-rent/green-point/cape-town/western-cape/11017/116851705,https://www.property24.com/to-rent/cape-town/western-cape/432/p37?PropertyCategory=House%2cApartmentOrFlat%2cTownhouse,2026-02-09 12:25:16.234283,"Available from 1st March 2026 to 30 November 2026 ONLY.

Includes WiFi uncapped, once a week cleaning service, Alarm & Garden ...",22150 m²,2,150 m²,,
3 Bedroom Apartment,R 65 000,65000,ZAR,De Waterkant,,3,3,2,180 m²,https://www.property24.com/to-rent/de-waterkant/cape-town/western-cape/9141/116773546,https://www.property24.com/to-rent/cape-town/western-cape/432/p37?PropertyCategory=House%2cApartmentOrFlat%2cTownhouse,2026-02-09 12:25:16.234283,Experience luxury living in the heart of De Waterkant with this stunning fully furnished duplex apartment. Boasting 3 spacious ...,332180 m²,2,180 m²,,
1 Bedroom Apartment,R 13 500,13500,ZAR,Woodstock,,1,1,1,56 m²,https://www.property24.com/to-rent/woodstock/cape-town/western-cape/10164/116856037,https://www.property24.com/to-rent/cape-town/western-cape/432/p37?PropertyCategory=House%2cApartmentOrFlat%2cTownhouse,2026-02-09 12:25:16.234283,"This spacious and neat unfurnished one bed apartment situated in Upper Woodstock in a small quite block offers open plan living, dining ...",11156 m²,1,56 m²,,
Apartment,R 10 500,10500,ZAR,Woodstock,,,1,1,45 m²,https://www.property24.com/to-rent/woodstock/cape-town/western-cape/10164/116849689,https://www.property24.com/to-rent/cape-town/western-cape/432/p37?PropertyCategory=House%2cApartmentOrFlat%2cTownhouse,2026-02-09 12:25:16.234283,"This stylish studio apartment in the popular Hub building in Woodstock offers convenience, security, and excellent value — perfect for ...",1145 m²,1,45 m²,,
2 Bedroom Apartment,R 38 000,38000,ZAR,Camps Bay,,2,1,1,120 m²,https://www.property24.com/to-rent/camps-bay/cape-town/western-cape/11014/116801520,https://www.property24.com/to-rent/cape-town/western-cape/432/p37?PropertyCategory=House%2cApartmentOrFlat%2cTownhouse,2026-02-09 12:25:16.234283,Welcome to this light and spacious 2 bedroom apartment with magnificent views. Bright open plan living and dining areas lead onto a ...,211120 m²,1,120 m²,,
2 Bedroom Apartment,R 50 000,50000,ZAR,Sea Point,,2,2,1,,https://www.property24.com/to-rent/sea-point/cape-town/western-cape/11021/116876463,https://www.property24.com/to-rent/cape-town/western-cape/432/p37?PropertyCategory=House%2cApartmentOrFlat%2cTownhouse,2026-02-09 12:25:16.234283,"This 2 Bedroom apartment is situated in one of the most sought after locations in the Atlantic Seaboard. 
Across from the Pavilion ...",221,1,,,
1 Bedroom Apartment,R 19 500,19500,ZAR,Camps Bay,,1,1,1,,https://www.property24.com/to-rent/camps-bay/cape-town/western-cape/11014/116865672,https://www.property24.com/to-rent/cape-town/western-cape/432/p37?PropertyCategory=House%2cApartmentOrFlat%2cTownhouse,2026-02-09 12:25:16.234283,"Strictly Long Term Rental 

This charming one bedroom furnished apartment is set in the heart of Camps Bay, offering a comfortable ...",111,1,,,
1 Bedroom Apartment,R 18 400,18400,ZAR,Observatory,,1,1,1,41 m²,https://www.property24.com/to-rent/observatory/cape-town/western-cape/10157/116812801,https://www.property24.com/to-rent/cape-town/western-cape/432/p37?PropertyCategory=House%2cApartmentOrFlat%2cTownhouse,2026-02-09 12:25:16.234283,"Set in the heart of the vibrant and well connected suburb of Observatory, this furnished one bedroom, one bathroom apartment offers a ...",11141 m²,1,41 m²,,
2 Bedroom Apartment,R 24 750,24750,ZAR,Claremont Upper,,2,1,1,57 m²,https://www.property24.com/to-rent/claremont-upper/cape-town/western-cape/14225/116798320,https://www.property24.com/to-rent/cape-town/western-cape/432/p37?PropertyCategory=House%2cApartmentOrFlat%2cTownhouse,2026-02-09 12:25:16.234283,"This stunning newly built apartment in The Cavendish is waiting for you to occupy. 

The building is modern, clean and centrally ...",21157 m²,1,57 m²,,
1 Bedroom Apartment,R 18 000,18000,ZAR,Sea Point,15 Barkly Road,1,1,,45 m²,https://www.property24.com/to-rent/sea-point/cape-town/western-cape/11021/115721092,https://www.property24.com/to-rent/cape-town/western-cape/432/p37?PropertyCategory=House%2cApartmentOrFlat%2cTownhouse,2026-02-09 12:25:16.234283,"Bright and neat one-bedroom designer apartment with open kitchen.

Long term rental ...",1145 m²,1,45 m²,,
3 Bedroom Apartment,R 27 000,27000,ZAR,Muizenberg,Gill Road,3,2,1,131 m²,https://www.property24.com/to-rent/muizenberg/cape-town/western-cape/9025/116788780,https://www.property24.com/to-rent/cape-town/western-cape/432/p37?PropertyCategory=House%2cApartmentOrFlat%2cTownhouse,2026-02-09 12:25:16.234283,"Modern Seaside Living at the Foot of the Mountains
Wake up to the sound of waves, enjoy ...",321131 m²,1,131 m²,,
1 Bedroom Apartment,R 19 500,19500,ZAR,Camps Bay,,1,1,1,,https://www.property24.com/to-rent/camps-bay/cape-town/western-cape/11014/116755903,https://www.property24.com/to-rent/cape-town/western-cape/432/p37?PropertyCategory=House%2cApartmentOrFlat%2cTownhouse,2026-02-09 12:25:16.234283,"Strictly Long Term Rental 

This charming one bedroom furnished apartment is set in the heart of Camps Bay, offering a comfortable ...",111,1,,,
0.5 Bedroom Apartment,R 18 500,18500,ZAR,Claremont Upper,,0.5,1,,40 m²,https://www.property24.com/to-rent/claremont-upper/cape-town/western-cape/14225/116798346,https://www.property24.com/to-rent/cape-town/western-cape/432/p37?PropertyCategory=House%2cApartmentOrFlat%2cTownhouse,2026-02-09 12:25:16.234283,"The Cavendish is a boutique, north & north-west facing development of 32 studios over 5 floors. Each apartment has a generous ...",0.5140 m²,1,40 m²,,
1 Bedroom Apartment,R 14 750,14750,ZAR,Rondebosch,"Ednam Mews, 26 Ednam Road",1,1,1,44 m²,https://www.property24.com/to-rent/rondebosch/cape-town/western-cape/8682/116799590,https://www.property24.com/to-rent/cape-town/western-cape/432/p38?PropertyCategory=House%2cApartmentOrFlat%2cTownhouse,2026-02-09 12:25:16.234283,"Welcome to Ednam Mews!

Ednam Mews is a safe and secure block of 14 apartments along ...",11144 m²,1,44 m²,,
2 Bedroom Apartment,R 17 000,17000,ZAR,Claremont,,2,1,1,,https://www.property24.com/to-rent/claremont/cape-town/western-cape/11741/116891313,https://www.property24.com/to-rent/cape-town/western-cape/432/p38?PropertyCategory=House%2cApartmentOrFlat%2cTownhouse,2026-02-09 12:25:16.234283,"This well-positioned 2-bedroom, 1-bathroom apartment in Treehaven Close offers comfortable living in a secure and well-maintained ...",211,1,,,
1 Bedroom Apartment,R 15 000,15000,ZAR,Cape Town City Centre,Buitekant Street,1,1,1,51 m²,https://www.property24.com/to-rent/cape-town-city-centre/cape-town/western-cape/9138/116810178,https://www.property24.com/to-rent/cape-town/western-cape/432/p38?PropertyCategory=House%2cApartmentOrFlat%2cTownhouse,2026-02-09 12:25:16.234283,Spacious apartment in sought after The Square Block in Cape Town CBD. Security entrance. ...,11151 m²,1,51 m²,,
2 Bedroom House,R 20 000,20000,ZAR,Bo Kaap,"N/a N/a, 16 Bryant Street",2,2,,,https://www.property24.com/to-rent/bo-kaap/cape-town/western-cape/9136/116130566,https://www.property24.com/to-rent/cape-town/western-cape/432/p38?PropertyCategory=House%2cApartmentOrFlat%2cTownhouse,2026-02-09 12:25:16.234283,"This trendy and well-appointed 2-bedroom, 2-bathroom apartment is located in the heart ...",22,2,,,
1 Bedroom Apartment,R 18 000,18000,ZAR,Sea Point,,1,1,1,65 m²,https://www.property24.com/to-rent/sea-point/cape-town/western-cape/11021/115684136,https://www.property24.com/to-rent/cape-town/western-cape/432/p38?PropertyCategory=House%2cApartmentOrFlat%2cTownhouse,2026-02-09 12:25:16.234283,"Charming One-Bedroom Apartment with Dual Balcony Access 

Nestled in Sea Point 50m from the Promenade, this inviting one-bedroom ...",11165 m²,1,65 m²,,
1 Bedroom Apartment,R 20 000,20000,ZAR,Mouille Point,37 Beach Road,1,1,1,43 m²,https://www.property24.com/to-rent/mouille-point/cape-town/western-cape/11018/110957471,https://www.property24.com/to-rent/cape-town/western-cape/432/p38?PropertyCategory=House%2cApartmentOrFlat%2cTownhouse,2026-02-09 12:25:16.234283,"ONLY AVAILABLE FROM 1  May 2026 for MONTHLY or  longer furnished stays.

Fully ...",11143 m²,1,43 m²,,
2 Bedroom Apartment,R 45 000,45000,ZAR,Sea Point,,2,2,1,,https://www.property24.com/to-rent/sea-point/cape-town/western-cape/11021/116867387,https://www.property24.com/to-rent/cape-town/western-cape/432/p38?PropertyCategory=House%2cApartmentOrFlat%2cTownhouse,2026-02-09 12:25:16.234283,"Set in one of Sea Point’s most sought-after addresses, this exquisitely fully furnished and fully renovated residence offers an ...",221,1,,,
1 Bedroom House,R 5 800,5800,ZAR,Belhar,,1,1,1,430 m²,https://www.property24.com/to-rent/belhar/cape-town/western-cape/8132/116888040,https://www.property24.com/to-rent/cape-town/western-cape/432/p38?PropertyCategory=House%2cApartmentOrFlat%2cTownhouse,2026-02-09 12:25:16.234283,"This fully furnished room offers comfort and convenience in a shared living environment.

Your Space:  A private bedroom featuring a ...",111430 m²,1,430 m²,,
2 Bedroom House,R 12 000,12000,ZAR,Surrey Estate,12 Aries Street,2,1,1,,https://www.property24.com/to-rent/surrey-estate/cape-town/western-cape/8762/116885495,https://www.property24.com/to-rent/cape-town/western-cape/432/p38?PropertyCategory=House%2cApartmentOrFlat%2cTownhouse,2026-02-09 12:25:16.234283,A lovely newly renovated 2-bedroom separate entrance secured and enclosed with shared ...,211,1,,,
4 Bedroom House,R 65 000,65000,ZAR,Camps Bay,,4,5,3,,https://www.property24.com/to-rent/camps-bay/cape-town/western-cape/11014/115449765,https://www.property24.com/to-rent/cape-town/western-cape/432/p38?PropertyCategory=House%2cApartmentOrFlat%2cTownhouse,2026-02-09 12:25:16.234283,"Available from 1 April 2026 - 30 November 2026  (NO EXCEPTIONS OR FLEXIBILITY ON THESE DATES) 

2 month deposit required 

This 4 ...",453,3,,,
4 Bedroom House,R 65 000,65000,ZAR,Three Anchor Bay,,4,3.5,2,250 m²,https://www.property24.com/to-rent/three-anchor-bay/cape-town/western-cape/11022/115121049,https://www.property24.com/to-rent/cape-town/western-cape/432/p38?PropertyCategory=House%2cApartmentOrFlat%2cTownhouse,2026-02-09 12:25:16.234283,"Please contact agent via email so that i may immediately forward on application forms.
Regret no students.

Wonderful opportunity to ...",43.52250 m²,2,250 m²,,
1 Bedroom Apartment,R 14 000,14000,ZAR,Salt River,,1,1,1,,https://www.property24.com/to-rent/salt-river/cape-town/western-cape/10158/116872739,https://www.property24.com/to-rent/cape-town/western-cape/432/p38?PropertyCategory=House%2cApartmentOrFlat%2cTownhouse,2026-02-09 12:25:16.234283,"Exciting & bright unfurnished apartment in great location!
AVAILABLE FOR LONG TERM LEASE
OCCUPATION DATE IS 1 MARCH 2026

This ...",111,1,,,
1 Bedroom Apartment,R 25 000,25000,ZAR,Constantia,,1,1,2,60 m²,https://www.property24.com/to-rent/constantia/cape-town/western-cape/11742/116799568,https://www.property24.com/to-rent/cape-town/western-cape/432/p38?PropertyCategory=House%2cApartmentOrFlat%2cTownhouse,2026-02-09 12:25:16.234283,"Situated on Doordrift Road in the heart of Constantia, this contemporary one bedroom garden apartment offers privacy, convenience, and ...",11260 m²,2,60 m²,,
1 Bedroom House,R 5 800,5800,ZAR,Belhar,,1,1,1,430 m²,https://www.property24.com/to-rent/belhar/cape-town/western-cape/8132/116889854,https://www.property24.com/to-rent/cape-town/western-cape/432/p38?PropertyCategory=House%2cApartmentOrFlat%2cTownhouse,2026-02-09 12:25:16.234283,"This fully furnished room offers comfort and convenience in a shared living environment.

Your Space:  A private bedroom featuring a ...",111430 m²,1,430 m²,,
1 Bedroom Apartment,R 14 950,14950,ZAR,Vredehoek,,1,1,1,,https://www.property24.com/to-rent/vredehoek/cape-town/western-cape/9166/116885078,https://www.property24.com/to-rent/cape-town/western-cape/432/p38?PropertyCategory=House%2cApartmentOrFlat%2cTownhouse,2026-02-09 12:25:16.234283,"Gloucester Square is a sought-after and well-maintained complex, situated in the leavy part of Vredehoek, and conveniently placed near ...",111,1,,,
0.5 Bedroom Apartment,R 22 950,22950,ZAR,Sea Point,,0.5,1,1,,https://www.property24.com/to-rent/sea-point/cape-town/western-cape/11021/115940937,https://www.property24.com/to-rent/cape-town/western-cape/432/p38?PropertyCategory=House%2cApartmentOrFlat%2cTownhouse,2026-02-09 12:25:16.234283,"This beautifully designed fully furnished studio apartment delivers modern living with a bright, open-plan layout and seamless ...",0.511,1,,,
1 Bedroom Apartment,R 14 700,14700,ZAR,Rondebosch,,1,1,1,58 m²,https://www.property24.com/to-rent/rondebosch/cape-town/western-cape/8682/116795711,https://www.property24.com/to-rent/cape-town/western-cape/432/p38?PropertyCategory=House%2cApartmentOrFlat%2cTownhouse,2026-02-09 12:25:16.234283,"This spacious apartment is situated on the ground floor of Rondebosch Oaks, close to UCT and on the Jammie Shuttle route.  The large ...",11158 m²,1,58 m²,,
1 Bedroom Apartment,R 4 000per day,4000,ZAR,Sea Point,,1,1,1,56 m²,https://www.property24.com/to-rent/sea-point/cape-town/western-cape/11021/116792447,https://www.property24.com/to-rent/cape-town/western-cape/432/p38?PropertyCategory=House%2cApartmentOrFlat%2cTownhouse,2026-02-09 12:25:16.234283,Indulge in refined living in this brand-new one-bedroom apartment at the exclusive Dolce Vita in Sea Point. Showcasing luxury finishes ...,11156 m²,1,56 m²,,per day
1 Bedroom Apartment,R 19 500,19500,ZAR,Sea Point,,1,1,,51 m²,https://www.property24.com/to-rent/sea-point/cape-town/western-cape/11021/116788736,https://www.property24.com/to-rent/cape-town/western-cape/432/p38?PropertyCategory=House%2cApartmentOrFlat%2cTownhouse,2026-02-09 12:25:16.234283,"Welcome to your stylish urban retreat nestled in the vibrant heart of Sea Point.
Furnished 1-bedroom apartment offers the perfect ...",1151 m²,1,51 m²,,
0.5 Bedroom Apartment,R 8 500,8500,ZAR,Vredehoek,,0.5,1,,13 m²,https://www.property24.com/to-rent/vredehoek/cape-town/western-cape/9166/116829895,https://www.property24.com/to-rent/cape-town/western-cape/432/p38?PropertyCategory=House%2cApartmentOrFlat%2cTownhouse,2026-02-09 12:25:16.234283,Compact furnished ( new appliances and bed ) and freshly renovated Micro Studio Apartment suitable for a single person at the Devils ...,0.5113 m²,1,13 m²,,
1 Bedroom Apartment,R 16 500,16500,ZAR,Sea Point,"22 Shaftesbury, 11 Tramway",1,1,1,75 m²,https://www.property24.com/to-rent/sea-point/cape-town/western-cape/11021/112935896,https://www.property24.com/to-rent/cape-town/western-cape/432/p38?PropertyCategory=House%2cApartmentOrFlat%2cTownhouse,2026-02-09 12:25:16.234283,Introducing the epitome of urban living in the heart of Cape Town's vibrant Sea ...,11175 m²,1,75 m²,,
2 Bedroom Apartment,R 35 000,35000,ZAR,Sea Point,,2,2,2,,https://www.property24.com/to-rent/sea-point/cape-town/western-cape/11021/116894261,https://www.property24.com/to-rent/cape-town/western-cape/432/p39?PropertyCategory=House%2cApartmentOrFlat%2cTownhouse,2026-02-09 12:25:16.234283,"Short term rental until 1 December 2026
R35,000 per month
Occupation soonest

Fully furnished and equipped and ready to move into
Cyber ...",222,2,,,
2 Bedroom Apartment,R 29 000,29000,ZAR,Cape Town City Centre,"2413 16 On Bree, 16 Bree Street",2,2,2,65 m²,https://www.property24.com/to-rent/cape-town-city-centre/cape-town/western-cape/9138/116794371,https://www.property24.com/to-rent/cape-town/western-cape/432/p39?PropertyCategory=House%2cApartmentOrFlat%2cTownhouse,2026-02-09 12:25:16.234283,Enjoy  spectacular views from Cape Town's highest residential building located ...,22265 m²,2,65 m²,,
2 Bedroom Apartment,R 17 500,17500,ZAR,Wynberg Upper,,2,1,1,81 m²,https://www.property24.com/to-rent/wynberg-upper/cape-town/western-cape/10102/116856616,https://www.property24.com/to-rent/cape-town/western-cape/432/p39?PropertyCategory=House%2cApartmentOrFlat%2cTownhouse,2026-02-09 12:25:16.234283,"This well-positioned two-bedroom apartment at Plaza Place offers comfortable and convenient living in the heart of Wynberg, available ...",21181 m²,1,81 m²,,
3 Bedroom House,R 100 000,100000,ZAR,Camps Bay,,3,4,3,,https://www.property24.com/to-rent/camps-bay/cape-town/western-cape/11014/116863675,https://www.property24.com/to-rent/cape-town/western-cape/432/p39?PropertyCategory=House%2cApartmentOrFlat%2cTownhouse,2026-02-09 12:25:16.234283,"Available 26th March to 26th  June. 

Set against the iconic backdrop of Camps Bay, this exceptional three-bedroom, four-bathroom ...",343,3,,,
3 Bedroom House,R 16 500,16500,ZAR,Walmer Estate,"22 Bridge Street, Walmer Estate, Cape Town",3,1,,180 m²,https://www.property24.com/to-rent/walmer-estate/cape-town/western-cape/10163/116326967,https://www.property24.com/to-rent/cape-town/western-cape/432/p39?PropertyCategory=House%2cApartmentOrFlat%2cTownhouse,2026-02-09 12:25:16.234283,You will feel right at home in this beautiful newly renovated 3 bedroom ground floor ...,31180 m²,1,180 m²,,
2 Bedroom Apartment,R 35 000,35000,ZAR,Sea Point,237 Ocean View Drive,2,2,2,76 m²,https://www.property24.com/to-rent/sea-point/cape-town/western-cape/11021/116849897,https://www.property24.com/to-rent/cape-town/western-cape/432/p39?PropertyCategory=House%2cApartmentOrFlat%2cTownhouse,2026-02-09 12:25:16.234283,Set high against the mountain with the nature reserve as your neighbour on prestigious ...,22276 m²,2,76 m²,,
2 Bedroom Apartment,R 36 000,36000,ZAR,Cape Town City Centre,,2,2,1,73 m²,https://www.property24.com/to-rent/cape-town-city-centre/cape-town/western-cape/9138/116781724,https://www.property24.com/to-rent/cape-town/western-cape/432/p39?PropertyCategory=House%2cApartmentOrFlat%2cTownhouse,2026-02-09 12:25:16.234283,"Experience premium city living in this spacious 2-bedroom, 2-bathroom apartment, perfectly situated within the iconic Harbour Arch ...",22173 m²,1,73 m²,,
2 Bedroom Apartment,R 18 500,18500,ZAR,Rondebosch,,2,1.5,2,92 m²,https://www.property24.com/to-rent/rondebosch/cape-town/western-cape/8682/110701981,https://www.property24.com/to-rent/cape-town/western-cape/432/p39?PropertyCategory=House%2cApartmentOrFlat%2cTownhouse,2026-02-09 12:25:16.234283,"2 Bedroom apartment to Let in Rondebosch
Address: 10 College Road, Rondebosch.

A beautiful 2 bedroom apartment located in a quiet ...",21.5292 m²,2,92 m²,,
1 Bedroom Apartment,R 22 000,22000,ZAR,Zonnebloem,160 Darling St,1,1,1,40 m²,https://www.property24.com/to-rent/zonnebloem/cape-town/western-cape/10166/115531839,https://www.property24.com/to-rent/cape-town/western-cape/432/p39?PropertyCategory=House%2cApartmentOrFlat%2cTownhouse,2026-02-09 12:25:16.234283,"Micro-Luxury Living: Your Stylish City Sanctuary at Castle Rock

Perfect for the ...",11140 m²,1,40 m²,,
3 Bedroom House,R 14 500,14500,ZAR,Belhar,,3,1,2,,https://www.property24.com/to-rent/belhar/cape-town/western-cape/8132/113902476,https://www.property24.com/to-rent/cape-town/western-cape/432/p39?PropertyCategory=House%2cApartmentOrFlat%2cTownhouse,2026-02-09 12:25:16.234283,"Beautiful 3-bedroom house with a fitted kitchen, lounge, separate dining room, and living area with a fireplace. Bathroom and toilet ...",312,2,,,
1 Bedroom Apartment,R 4 150,4150,ZAR,Belhar,"18 Foxglove Circle, Belhar 2, Cape Town, Western Cape",1,1,1,,https://www.property24.com/to-rent/belhar/cape-town/western-cape/8132/115474651,https://www.property24.com/to-rent/cape-town/western-cape/432/p39?PropertyCategory=House%2cApartmentOrFlat%2cTownhouse,2026-02-09 12:25:16.234283,Single and shared rooms available from 01 January 2026 in a modern house. The space can ...,111,1,,,
2 Bedroom Apartment,R 35 000,35000,ZAR,Sea Point,281 Beach Rd,2,1.5,1,,https://www.property24.com/to-rent/sea-point/cape-town/western-cape/11021/107772976,https://www.property24.com/to-rent/cape-town/western-cape/432/p39?PropertyCategory=House%2cApartmentOrFlat%2cTownhouse,2026-02-09 12:25:16.234283,Beautiful 2 Bedroom 12th Floor Apartment in Sought After Pavilion Place ...,21.51,1,,,
3 Bedroom House,R 32 000,32000,ZAR,Muizenberg,,3,3,1,402 m²,https://www.property24.com/to-rent/muizenberg/cape-town/western-cape/9025/116802797,https://www.property24.com/to-rent/cape-town/western-cape/432/p39?PropertyCategory=House%2cApartmentOrFlat%2cTownhouse,2026-02-09 12:25:16.234283,"8-Month Furnished Rental Only – Stylish Contemporary Home, Walking Distance to Muizenberg Beachfront

Available for a medium-term lease ...",331402 m²,1,402 m²,,
2 Bedroom Apartment,R 17 000,17000,ZAR,Zonnebloem,42 Constitution St,2,2,,75 m²,https://www.property24.com/to-rent/zonnebloem/cape-town/western-cape/10166/116732595,https://www.property24.com/to-rent/cape-town/western-cape/432/p39?PropertyCategory=House%2cApartmentOrFlat%2cTownhouse,2026-02-09 12:25:16.234283,Beautifully  2-Bedroom Apartment in Prime Central Location perspective 1/3 or 1/4 pet ...,2275 m²,2,75 m²,,
2 Bedroom Apartment,R 16 500,16500,ZAR,Kirstenhof,"Kirstenhof Meadows, Sea Breeze Road",2,1,2,69 m²,https://www.property24.com/to-rent/kirstenhof/cape-town/western-cape/10178/115921182,https://www.property24.com/to-rent/cape-town/western-cape/432/p39?PropertyCategory=House%2cApartmentOrFlat%2cTownhouse,2026-02-09 12:25:16.234283,"2 Bedroom Flat to Rent – Kirstenhof Meadows
Available from 1 Feb 2026 | R16500 per ...",21269 m²,2,69 m²,,
2 Bedroom Apartment,R 35 000,35000,ZAR,Sea Point,,2,2,2,,https://www.property24.com/to-rent/sea-point/cape-town/western-cape/11021/116738243,https://www.property24.com/to-rent/cape-town/western-cape/432/p39?PropertyCategory=House%2cApartmentOrFlat%2cTownhouse,2026-02-09 12:25:16.234283,"Short term rental until 1 December 2026
R35,000 per month
Occupation soonest

Fully furnished and equipped and ready to move into
Cyber ...",222,2,,,
1 Bedroom Apartment,R 17 500,17500,ZAR,Cape Town City Centre,,1,1,1,62 m²,https://www.property24.com/to-rent/cape-town-city-centre/cape-town/western-cape/9138/116801709,https://www.property24.com/to-rent/cape-town/western-cape/432/p39?PropertyCategory=House%2cApartmentOrFlat%2cTownhouse,2026-02-09 12:25:16.234283,"Located in the popular The Square on Buitenkant Street, this fully furnished one bedroom apartment offers:

•	Open plan kitchen, dining ...",11162 m²,1,62 m²,,
1 Bedroom House,R 7 700,7700,ZAR,Observatory,,1,1,,,https://www.property24.com/to-rent/observatory/cape-town/western-cape/10157/116890158,https://www.property24.com/to-rent/cape-town/western-cape/432/p39?PropertyCategory=House%2cApartmentOrFlat%2cTownhouse,2026-02-09 12:25:16.234283,"Furnished Room to Let with Bathroom Included – 2 Ivy Street House Share

Available: Bedroom 1
• Room: Fully furnished house, desk, and ...",11,1,,,
3 Bedroom House,R 32 000,32000,ZAR,Kenilworth,,3,2.5,2,,https://www.property24.com/to-rent/kenilworth/cape-town/western-cape/8669/111822707,https://www.property24.com/to-rent/cape-town/western-cape/432/p39?PropertyCategory=House%2cApartmentOrFlat%2cTownhouse,2026-02-09 12:25:16.234283,"This unfurnished, 3 bedroom, 2.5 bathroom is ideally located close to main roads and offers a comfortable, modern lifestyle with an ...",32.52,2,,,
4 Bedroom Townhouse,R 9 200,9200,ZAR,Observatory,31 Station Rd,4,2,1,840 m²,https://www.property24.com/to-rent/observatory/cape-town/western-cape/10157/109691085,https://www.property24.com/to-rent/cape-town/western-cape/432/p39?PropertyCategory=House%2cApartmentOrFlat%2cTownhouse,2026-02-09 12:25:16.234283,"Mitra Mews · 31 Station Road, Observatory
A ROOM IN A 4 BEDROOM FULLY FURNISHED ...",421840 m²,1,840 m²,,
1 Bedroom Apartment,R 38 500,38500,ZAR,Green Point,,1,1,,75 m²,https://www.property24.com/to-rent/green-point/cape-town/western-cape/11017/116793008,https://www.property24.com/to-rent/cape-town/western-cape/432/p39?PropertyCategory=House%2cApartmentOrFlat%2cTownhouse,2026-02-09 12:25:16.234283,"75 sqm apt + 30 sqm private  terrace

This wonderful spacious apartment is perfect for that professional who loves a quiet pied a terre ...",1175 m²,1,75 m²,,
1 Bedroom Apartment,R 28 000,28000,ZAR,Sea Point,,1,1,,58 m²,https://www.property24.com/to-rent/sea-point/cape-town/western-cape/11021/111527077,https://www.property24.com/to-rent/cape-town/western-cape/432/p40?PropertyCategory=House%2cApartmentOrFlat%2cTownhouse,2026-02-09 12:25:16.234283,"AVAILABLE:
> 05/03/26 - 30/11/26: 28,000 ZAR/month
------
Luxury and stylish fully furnished, “lock up and go” 1-bedroom ...",1158 m²,1,58 m²,,
2 Bedroom Apartment,R 85 000,85000,ZAR,Clifton,,2,2.5,2,140 m²,https://www.property24.com/to-rent/clifton/cape-town/western-cape/11015/116177104,https://www.property24.com/to-rent/cape-town/western-cape/432/p40?PropertyCategory=House%2cApartmentOrFlat%2cTownhouse,2026-02-09 12:25:16.234283,"Discover one of the Western Cape’s most sought-after locations with this beautifully renovated, fully furnished 2-bedroom, 2-bathroom ...",22.52140 m²,2,140 m²,,
2 Bedroom House,R 15 000,15000,ZAR,Muizenberg,,2,1,1,159 m²,https://www.property24.com/to-rent/muizenberg/cape-town/western-cape/9025/116830021,https://www.property24.com/to-rent/cape-town/western-cape/432/p40?PropertyCategory=House%2cApartmentOrFlat%2cTownhouse,2026-02-09 12:25:16.234283,"This two-bedroom rental property is located in Victoria Close, Muizenberg, within a quiet and sought-after complex. The home offers the ...",211159 m²,1,159 m²,,
1 Bedroom Apartment,R 45 000,45000,ZAR,Clifton,,1,1,,76 m²,https://www.property24.com/to-rent/clifton/cape-town/western-cape/11015/116818916,https://www.property24.com/to-rent/cape-town/western-cape/432/p40?PropertyCategory=House%2cApartmentOrFlat%2cTownhouse,2026-02-09 12:25:16.234283,"Fully furnished one bedroom apartment in Clifton
Beautiful location on lower level on a house
Private and secure with private ...",1176 m²,1,76 m²,,
2 Bedroom Apartment,R 39 000,39000,ZAR,Fresnaye,,2,2,1,98 m²,https://www.property24.com/to-rent/fresnaye/cape-town/western-cape/11016/116791540,https://www.property24.com/to-rent/cape-town/western-cape/432/p40?PropertyCategory=House%2cApartmentOrFlat%2cTownhouse,2026-02-09 12:25:16.234283,"Water Utility Included. 

Set within a small, exclusive apartment block in the heart of Fresnaye, this beautifully fully furnished ...",22198 m²,1,98 m²,,
3 Bedroom Apartment,R 22 000,22000,ZAR,Zonnebloem,,3,1,,76 m²,https://www.property24.com/to-rent/zonnebloem/cape-town/western-cape/10166/116800729,https://www.property24.com/to-rent/cape-town/western-cape/432/p40?PropertyCategory=House%2cApartmentOrFlat%2cTownhouse,2026-02-09 12:25:16.234283,"This spacious and well-maintained three-bedroom apartment is ideally located in the heart of Zonnebloem, offering comfortable urban ...",3176 m²,1,76 m²,,
1 Bedroom Apartment,R 14 000,14000,ZAR,Muizenberg,64 Beach Road,1,1,1,,https://www.property24.com/to-rent/muizenberg/cape-town/western-cape/9025/116808340,https://www.property24.com/to-rent/cape-town/western-cape/432/p40?PropertyCategory=House%2cApartmentOrFlat%2cTownhouse,2026-02-09 12:25:16.234283,Enjoy the ultimate Muizenberg beach lifestyle in this light and airy one-bedroom ...,111,1,,,
1 Bedroom Apartment,R 12 744,12744,ZAR,Muizenberg,,1,1,,,https://www.property24.com/to-rent/muizenberg/cape-town/western-cape/9025/115647636,https://www.property24.com/to-rent/cape-town/western-cape/432/p40?PropertyCategory=House%2cApartmentOrFlat%2cTownhouse,2026-02-09 12:25:16.234283,"Discover the epitome of coastal living with this stunning ground floor unit, perfectly situated just a one-minute stroll from the ...",11,1,,,
2 Bedroom Apartment,R 25 000,25000,ZAR,Gardens,179 Kloof Street,2,1.5,,,https://www.property24.com/to-rent/gardens/cape-town/western-cape/9145/116895205,https://www.property24.com/to-rent/cape-town/western-cape/432/p40?PropertyCategory=House%2cApartmentOrFlat%2cTownhouse,2026-02-09 12:25:16.234283,"Top of Kloof Street 

A brand new, beautifully renovated 2-bedroom top floor apartment ...",21.5,1.5,,,
Apartment,R 10 450,10450,ZAR,Kenilworth,7 Greenfield Rd,,1,1,,https://www.property24.com/to-rent/kenilworth/cape-town/western-cape/8669/116860275,https://www.property24.com/to-rent/cape-town/western-cape/432/p40?PropertyCategory=House%2cApartmentOrFlat%2cTownhouse,2026-02-09 12:25:16.234283,"Semi-furnished studio apartment at Three Fountains, Kenilworth available from 1 March ...",11,1,,,
2 Bedroom Apartment,R 10 500,10500,ZAR,Cape Farms,21 Discovery Drive,2,1,,48 m²,https://www.property24.com/to-rent/cape-farms/cape-town/western-cape/12693/116770509,https://www.property24.com/to-rent/cape-town/western-cape/432/p40?PropertyCategory=House%2cApartmentOrFlat%2cTownhouse,2026-02-09 12:25:16.234283,"Modern 2 Bedroom Apartment To Rent – River Views, Rivergate

This modern 2-bedroom ...",2148 m²,1,48 m²,,
1 Bedroom Apartment,R 20 000,20000,ZAR,De Waterkant,,1,1,1,56 m²,https://www.property24.com/to-rent/de-waterkant/cape-town/western-cape/9141/109109770,https://www.property24.com/to-rent/cape-town/western-cape/432/p40?PropertyCategory=House%2cApartmentOrFlat%2cTownhouse,2026-02-09 12:25:16.234283,The Mirage gives the ideal opportunity to enjoy the incomparable Cape Town lifestyle. It's located against the beautiful backdrop ...,11156 m²,1,56 m²,,
4 Bedroom House,R 65 000,65000,ZAR,Camps Bay,,4,4,4,,https://www.property24.com/to-rent/camps-bay/cape-town/western-cape/11014/115572527,https://www.property24.com/to-rent/cape-town/western-cape/432/p40?PropertyCategory=House%2cApartmentOrFlat%2cTownhouse,2026-02-09 12:25:16.234283,"Available from 8 April 2026 until 30 November 2026 .

Step into this exclusive, fully furnished private retreat surrounded by trees and ...",444,4,,,
2 Bedroom Apartment,R 17 250,17250,ZAR,Tamboerskloof,,2,1,,,https://www.property24.com/to-rent/tamboerskloof/cape-town/western-cape/9163/116890444,https://www.property24.com/to-rent/cape-town/western-cape/432/p40?PropertyCategory=House%2cApartmentOrFlat%2cTownhouse,2026-02-09 12:25:16.234283,"•       Beautifully upgraded 69m² flat in small Art Deco block
•       Large lounge.
•       Main bedroom with BIC’s
•       ...",21,1,,,
3 Bedroom Townhouse,R 34 000,34000,ZAR,Vredehoek,,3,2,1,144 m²,https://www.property24.com/to-rent/vredehoek/cape-town/western-cape/9166/116860023,https://www.property24.com/to-rent/cape-town/western-cape/432/p40?PropertyCategory=House%2cApartmentOrFlat%2cTownhouse,2026-02-09 12:25:16.234283,"This secure, FURNISHED two level townhouse offers it all, security, views, outdoor space, and lots of natural light! Situated high up ...",321144 m²,1,144 m²,,
2 Bedroom Apartment,R 25 000,25000,ZAR,Gardens,179 Kloof Street,2,1.5,,,https://www.property24.com/to-rent/gardens/cape-town/western-cape/9145/116847235,https://www.property24.com/to-rent/cape-town/western-cape/432/p40?PropertyCategory=House%2cApartmentOrFlat%2cTownhouse,2026-02-09 12:25:16.234283,"Top of Kloof Street 

A brand new, beautifully renovated 2-bedroom top floor apartment ...",21.5,1.5,,,
3 Bedroom House,R 150 000,150000,ZAR,Bantry Bay,,3,3,,,https://www.property24.com/to-rent/bantry-bay/cape-town/western-cape/11013/116858394,https://www.property24.com/to-rent/cape-town/western-cape/432/p40?PropertyCategory=House%2cApartmentOrFlat%2cTownhouse,2026-02-09 12:25:16.234283,"Experience Xanadu Villa B in Bantry Bay
Welcome to Xanadu B, the most stylish 3 bed, 3.5 Bath Art House in gorgeous, super central ...",33,3,,,
2 Bedroom Apartment,R 24 000,24000,ZAR,Claremont Upper,,2,2,1,,https://www.property24.com/to-rent/claremont-upper/cape-town/western-cape/14225/116856278,https://www.property24.com/to-rent/cape-town/western-cape/432/p40?PropertyCategory=House%2cApartmentOrFlat%2cTownhouse,2026-02-09 12:25:16.234283,"This beautiful and modern apartment, is in a secure complex in Claremont called The Quadrant.
There are 2 bedrooms, 2 bathrooms one ...",221,1,,,
0.5 Bedroom Apartment,R 9 000,9000,ZAR,Rondebosch,,0.5,1,1,,https://www.property24.com/to-rent/rondebosch/cape-town/western-cape/8682/116895703,https://www.property24.com/to-rent/cape-town/western-cape/432/p40?PropertyCategory=House%2cApartmentOrFlat%2cTownhouse,2026-02-09 12:25:16.234283,Welcome to this well-appointed studio apartment located in the heart of Berkeley Square - an ideal space for students or young ...,0.511,1,,,
5 Bedroom House,R 115 000,115000,ZAR,Bakoven,4 Beta Road,5,5.5,2,233 m²,https://www.property24.com/to-rent/bakoven/cape-town/western-cape/11012/115863986,https://www.property24.com/to-rent/cape-town/western-cape/432/p40?PropertyCategory=House%2cApartmentOrFlat%2cTownhouse,2026-02-09 12:25:16.234283,"**suitable for a family,  minimum 6 month lease and no subletting whatsover ** 

a ...",55.52233 m²,2,233 m²,,
2 Bedroom Apartment,R 28 500,28500,ZAR,Constantia,,2,2,1,,https://www.property24.com/to-rent/constantia/cape-town/western-cape/11742/116857153,https://www.property24.com/to-rent/cape-town/western-cape/432/p40?PropertyCategory=House%2cApartmentOrFlat%2cTownhouse,2026-02-09 12:25:16.234283,"The premier OASIS Lifestyle Development for over 60s offers a highly secure, unique lifestyle in a very contemporary, beautifully ...",221,1,,,
3 Bedroom Apartment,R 29 950,29950,ZAR,Claremont,,3,3,2,,https://www.property24.com/to-rent/claremont/cape-town/western-cape/11741/116862892,https://www.property24.com/to-rent/cape-town/western-cape/432/p41?PropertyCategory=House%2cApartmentOrFlat%2cTownhouse,2026-02-09 12:25:16.234283,"We have a 3 bed apartment on the 8th floor in the popular development, The Beaumont, in Claremont, available immediately

- large main ...",332,2,,,
0.5 Bedroom Apartment,R 11 000,11000,ZAR,Salt River,,0.5,1,,,https://www.property24.com/to-rent/salt-river/cape-town/western-cape/10158/116862502,https://www.property24.com/to-rent/cape-town/western-cape/432/p41?PropertyCategory=House%2cApartmentOrFlat%2cTownhouse,2026-02-09 12:25:16.234283,"Urban Chic Unfurnished Studio Apartment available for immediate occupation in Upper East Side. 

Suitable for single professional or ...",0.51,1,,,
1 Bedroom Apartment,R 17 000,17000,ZAR,Sea Point,,1,1,1,60 m²,https://www.property24.com/to-rent/sea-point/cape-town/western-cape/11021/107778510,https://www.property24.com/to-rent/cape-town/western-cape/432/p41?PropertyCategory=House%2cApartmentOrFlat%2cTownhouse,2026-02-09 12:25:16.234283,"1 bedroom unfurnished 1st floor apartment in sought after “Mandalay” on High Level Road, Sea Point. 

1 Reserved underground parking ...",11160 m²,1,60 m²,,
2 Bedroom Apartment,R 14 000,14000,ZAR,Woodstock,,2,2,,,https://www.property24.com/to-rent/woodstock/cape-town/western-cape/10164/112396218,https://www.property24.com/to-rent/cape-town/western-cape/432/p41?PropertyCategory=House%2cApartmentOrFlat%2cTownhouse,2026-02-09 12:25:16.234283,"Secure, well-located 2 bedroom, 2 ensuite bathroom apartment on Rhodes Avenue available 1 March 2026 for 12 months.

This unfurnished ...",22,2,,,
3 Bedroom House,R 39 995,39995,ZAR,Gardens,,3,2,,187 m²,https://www.property24.com/to-rent/gardens/cape-town/western-cape/9145/116818874,https://www.property24.com/to-rent/cape-town/western-cape/432/p41?PropertyCategory=House%2cApartmentOrFlat%2cTownhouse,2026-02-09 12:25:16.234283,"This beautifully three-bedroom house seamlessly blends historic charm with contemporary luxury. Fully furnished and move-in ready, the ...",32187 m²,2,187 m²,,
3 Bedroom House,R 150 000,150000,ZAR,Green Point,,3,3.5,2,,https://www.property24.com/to-rent/green-point/cape-town/western-cape/11017/116799935,https://www.property24.com/to-rent/cape-town/western-cape/432/p41?PropertyCategory=House%2cApartmentOrFlat%2cTownhouse,2026-02-09 12:25:16.234283,"Exclusive to Sotheby’s International Realty

Set in one of Cape Town’s most prestigious addresses high up on Springbok Road, this ...",33.52,2,,,
3 Bedroom Apartment,R 75 000,75000,ZAR,Sea Point,285 Beach Rd,3,2,2,,https://www.property24.com/to-rent/sea-point/cape-town/western-cape/11021/116798488,https://www.property24.com/to-rent/cape-town/western-cape/432/p41?PropertyCategory=House%2cApartmentOrFlat%2cTownhouse,2026-02-09 12:25:16.234283,"Luxury Seafront Living with Panoramic Views & Timeless Charm

Experience refined ...",322,2,,,
2 Bedroom Apartment,R 20 000,20000,ZAR,Gardens,,2,1,1,,https://www.property24.com/to-rent/gardens/cape-town/western-cape/9145/116859362,https://www.property24.com/to-rent/cape-town/western-cape/432/p41?PropertyCategory=House%2cApartmentOrFlat%2cTownhouse,2026-02-09 12:25:16.234283,"Tucked away behind a secure drive-in garage, this exceptional two-bedroom duplex apartment unfolds like a quiet surprise. As you enter ...",211,1,,,
2 Bedroom Apartment,R 14 500,14500,ZAR,Kenilworth,,2,1,1,,https://www.property24.com/to-rent/kenilworth/cape-town/western-cape/8669/116900308,https://www.property24.com/to-rent/cape-town/western-cape/432/p41?PropertyCategory=House%2cApartmentOrFlat%2cTownhouse,2026-02-09 12:25:16.234283,"Modernised and spacious 2 bedroom apartment in older block.
Conveniently situated in walking distance to Super Spar, Kenilworth Centre ...",211,1,,,
1 Bedroom Apartment,R 16 500,16500,ZAR,Cape Town City Centre,106 Adderley St,1,1,,,https://www.property24.com/to-rent/cape-town-city-centre/cape-town/western-cape/9138/114744154,https://www.property24.com/to-rent/cape-town/western-cape/432/p41?PropertyCategory=House%2cApartmentOrFlat%2cTownhouse,2026-02-09 12:25:16.234283,"Available from 1st April 2026.

Executive Apartment - Student At Home on 106 Adderley ...",11,1,,,
2 Bedroom Apartment,R 13 500,13500,ZAR,Pinelands,,2,1,1,55 m²,https://www.property24.com/to-rent/pinelands/cape-town/western-cape/8017/116820952,https://www.property24.com/to-rent/cape-town/western-cape/432/p41?PropertyCategory=House%2cApartmentOrFlat%2cTownhouse,2026-02-09 12:25:16.234283,"2 BEDROOM APARTMENT / FLAT TO RENT IN PINELANDS

A spacious First Two (2) Bedroom Apartment for rent at Anfield Village, Forest ...",21155 m²,1,55 m²,,
5 Bedroom House,R 7 500,7500,ZAR,Mowbray,10 Raapenberg Road,5,3,2,,https://www.property24.com/to-rent/mowbray/cape-town/western-cape/8677/116764218,https://www.property24.com/to-rent/cape-town/western-cape/432/p41?PropertyCategory=House%2cApartmentOrFlat%2cTownhouse,2026-02-09 12:25:16.234283,"Strictly only for students!

This property will be fully furnished - contact to view and ...",532,2,,,
0.5 Bedroom Apartment,R 22 000,22000,ZAR,Sea Point,,0.5,1,,42 m²,https://www.property24.com/to-rent/sea-point/cape-town/western-cape/11021/116598451,https://www.property24.com/to-rent/cape-town/western-cape/432/p41?PropertyCategory=House%2cApartmentOrFlat%2cTownhouse,2026-02-09 12:25:16.234283,Beautiful modern furnished bachelor apartment set in lush garden setting. Great location near to supermarkets and trendy coffee shops ...,0.5142 m²,1,42 m²,,
3 Bedroom House,R 45 000,45000,ZAR,Three Anchor Bay,,3,2,1,159 m²,https://www.property24.com/to-rent/three-anchor-bay/cape-town/western-cape/11022/115458680,https://www.property24.com/to-rent/cape-town/western-cape/432/p41?PropertyCategory=House%2cApartmentOrFlat%2cTownhouse,2026-02-09 12:25:16.234283,Entering through the front gate you immediately appreciate the historic architecture of this gorgeous terrace. Stepping through the ...,321159 m²,1,159 m²,,
2 Bedroom Apartment,R 32 500,32500,ZAR,Newlands,,2,1,1,,https://www.property24.com/to-rent/newlands/cape-town/western-cape/8679/116892575,https://www.property24.com/to-rent/cape-town/western-cape/432/p41?PropertyCategory=House%2cApartmentOrFlat%2cTownhouse,2026-02-09 12:25:16.234283,"Modern Fully Furnished Two Bedroom apartment situated in the desirable Newlands Peak development, Newlands.

Newlands Peak is a new ...",211,1,,,
2 Bedroom Apartment,R 47 500,47500,ZAR,Sea Point,,2,2,1,88 m²,https://www.property24.com/to-rent/sea-point/cape-town/western-cape/11021/112663894,https://www.property24.com/to-rent/cape-town/western-cape/432/p41?PropertyCategory=House%2cApartmentOrFlat%2cTownhouse,2026-02-09 12:25:16.234283,"Prime Coastal Living in an Exceptional Location

Available: 1 April 2026

This beautifully renovated apartment is ideally positioned on ...",22188 m²,1,88 m²,,
2 Bedroom Apartment,R 35 000,35000,ZAR,Sea Point,,2,1,2,94 m²,https://www.property24.com/to-rent/sea-point/cape-town/western-cape/11021/113700891,https://www.property24.com/to-rent/cape-town/western-cape/432/p41?PropertyCategory=House%2cApartmentOrFlat%2cTownhouse,2026-02-09 12:25:16.234283,Beautiful Fully furnished 2 Bedroomed apartment with a lock up garage on Beach Road.  Available from 1 February 2026 for a 12 month ...,21294 m²,2,94 m²,,
2 Bedroom Apartment,R 40 000,40000,ZAR,Sea Point,,2,2,1,,https://www.property24.com/to-rent/sea-point/cape-town/western-cape/11021/116855993,https://www.property24.com/to-rent/cape-town/western-cape/432/p41?PropertyCategory=House%2cApartmentOrFlat%2cTownhouse,2026-02-09 12:25:16.234283,"An elegant, unfurnished two-bedroom apartment available for long-term rent from mid-March in the highly sought-after Rapallo building. ...",221,1,,,
1 Bedroom Apartment,R 25 000,25000,ZAR,Cape Town City Centre,22 Riebeeck Street,1,1,1,48 m²,https://www.property24.com/to-rent/cape-town-city-centre/cape-town/western-cape/9138/115841931,https://www.property24.com/to-rent/cape-town/western-cape/432/p41?PropertyCategory=House%2cApartmentOrFlat%2cTownhouse,2026-02-09 12:25:16.234283,Situated on the 20th floor in the luxurious Stonehill Place building (more commonly ...,11148 m²,1,48 m²,,
2 Bedroom Apartment,R 13 500,13500,ZAR,Pinelands,,2,1,1,55 m²,https://www.property24.com/to-rent/pinelands/cape-town/western-cape/8017/116756775,https://www.property24.com/to-rent/cape-town/western-cape/432/p41?PropertyCategory=House%2cApartmentOrFlat%2cTownhouse,2026-02-09 12:25:16.234283,"2 BEDROOM APARTMENT / FLAT TO RENT IN PINELANDS

A spacious First Two (2) Bedroom Apartment for rent at Anfield Village, Forest ...",21155 m²,1,55 m²,,
2 Bedroom Townhouse,R 22 500,22500,ZAR,Marina Da Gama,11 Baalen Road,2,2,,,https://www.property24.com/to-rent/marina-da-gama/cape-town/western-cape/10213/116848263,https://www.property24.com/to-rent/cape-town/western-cape/432/p41?PropertyCategory=House%2cApartmentOrFlat%2cTownhouse,2026-02-09 12:25:16.234283,"**Charming Renovated Townhouse in Tranquil Cul-de-Sac**

Discover your serene oasis in ...",22,2,,,
3 Bedroom Apartment,R 22 000,22000,ZAR,Rondebosch,,3,1.5,1,110 m²,https://www.property24.com/to-rent/rondebosch/cape-town/western-cape/8682/116792055,https://www.property24.com/to-rent/cape-town/western-cape/432/p42?PropertyCategory=House%2cApartmentOrFlat%2cTownhouse,2026-02-09 12:25:16.234283,"3-Bedroom Apartment with Balcony & Parking

This spacious and well-maintained 3-bedroom apartment offers comfortable living in a ...",31.51110 m²,1,110 m²,,
3 Bedroom House,R 18 500,18500,ZAR,Wynberg,,3,2,2,266 m²,https://www.property24.com/to-rent/wynberg/cape-town/western-cape/10109/116799247,https://www.property24.com/to-rent/cape-town/western-cape/432/p42?PropertyCategory=House%2cApartmentOrFlat%2cTownhouse,2026-02-09 12:25:16.234283,Discover a stunning living experience with our newly renovated duplex home available for rent in the highly desirable area of Wynberg. ...,322266 m²,2,266 m²,,
1 Bedroom House,R 8 000,8000,ZAR,Observatory,Arnold St Observatory,1,,,30 m²,https://www.property24.com/to-rent/observatory/cape-town/western-cape/10157/116784175,https://www.property24.com/to-rent/cape-town/western-cape/432/p42?PropertyCategory=House%2cApartmentOrFlat%2cTownhouse,2026-02-09 12:25:16.234283,"Available immediately flated Room in Observatory , seprate enterence ,separate shower ...",130 m²,1,30 m²,,
9 Bedroom House,R 5 100,5100,ZAR,Maitland,,9,9,,,https://www.property24.com/to-rent/maitland/cape-town/western-cape/9153/116848036,https://www.property24.com/to-rent/cape-town/western-cape/432/p42?PropertyCategory=House%2cApartmentOrFlat%2cTownhouse,2026-02-09 12:25:16.234283,"Situated in the suburb of Maitland, this property offers unfurnished rooms with en suite bathrooms to rent in a shared house. 

The ...",99,9,,,
0.5 Bedroom Apartment,R 11 500,11500,ZAR,Woodstock,,0.5,1,1,33 m²,https://www.property24.com/to-rent/woodstock/cape-town/western-cape/10164/116788403,https://www.property24.com/to-rent/cape-town/western-cape/432/p42?PropertyCategory=House%2cApartmentOrFlat%2cTownhouse,2026-02-09 12:25:16.234283,"We have a stunning studio apartment to let in the wonderful Upper East Side hotel in Woodstock.

This block has stunning features like ...",0.51133 m²,1,33 m²,,
2 Bedroom Apartment,R 28 000,28000,ZAR,Camps Bay,,2,1,,180 m²,https://www.property24.com/to-rent/camps-bay/cape-town/western-cape/11014/116884663,https://www.property24.com/to-rent/cape-town/western-cape/432/p42?PropertyCategory=House%2cApartmentOrFlat%2cTownhouse,2026-02-09 12:25:16.234283,"Exclusive Sole Mandate

Set on the lower level of a private home in one of Camps Bay’s most sought-after pockets, this stylish and ...",21180 m²,1,180 m²,,
2 Bedroom Apartment,R 29 000,29000,ZAR,Cape Town City Centre,,2,2.5,1,156 m²,https://www.property24.com/to-rent/cape-town-city-centre/cape-town/western-cape/9138/116843832,https://www.property24.com/to-rent/cape-town/western-cape/432/p42?PropertyCategory=House%2cApartmentOrFlat%2cTownhouse,2026-02-09 12:25:16.234283,"CITY LIVING

Large spacious, sun-drenched, 2-bedroom apartment located on the 5th floor in the heart of the city centre. The block ...",22.51156 m²,1,156 m²,,
4 Bedroom House,R 47 000,47000,ZAR,Gardens,,4,3,,158 m²,https://www.property24.com/to-rent/gardens/cape-town/western-cape/9145/116802566,https://www.property24.com/to-rent/cape-town/western-cape/432/p42?PropertyCategory=House%2cApartmentOrFlat%2cTownhouse,2026-02-09 12:25:16.234283,"**Available only from 1 February to 30 September 2026**


This beautifully restored Victorian residence is perfectly positioned in the ...",43158 m²,3,158 m²,,
3 Bedroom House,R 17 500,17500,ZAR,Woodstock,,3,2,1,,https://www.property24.com/to-rent/woodstock/cape-town/western-cape/10164/112729371,https://www.property24.com/to-rent/cape-town/western-cape/432/p42?PropertyCategory=House%2cApartmentOrFlat%2cTownhouse,2026-02-09 12:25:16.234283,"This family house is situated in the suburb of Woodstock and has unique views of the mountain as well as the harbour. 

It is in close ...",321,1,,,
1 Bedroom Apartment,R 15 000,15000,ZAR,Observatory,,1,1,1,43 m²,https://www.property24.com/to-rent/observatory/cape-town/western-cape/10157/116801656,https://www.property24.com/to-rent/cape-town/western-cape/432/p42?PropertyCategory=House%2cApartmentOrFlat%2cTownhouse,2026-02-09 12:25:16.234283,"One-Bedroom Apartment in The Paragon, Observatory available 1 February 

Located directly off Main Road, Observatory, this cozy ...",11143 m²,1,43 m²,,
2 Bedroom House,R 14 500,14500,ZAR,Observatory,,2,1,,,https://www.property24.com/to-rent/observatory/cape-town/western-cape/10157/116864011,https://www.property24.com/to-rent/cape-town/western-cape/432/p42?PropertyCategory=House%2cApartmentOrFlat%2cTownhouse,2026-02-09 12:25:16.234283,"Spacious Unfurnished 2 Bedroom House available in Observatory

Open plan lounge and kitchen area with UCO, HOB and Extractor Fan

2 ...",21,1,,,
5 Bedroom House,R 160 000,160000,ZAR,Constantia,,5,5,8,3 993 m²,https://www.property24.com/to-rent/constantia/cape-town/western-cape/11742/116762963,https://www.property24.com/to-rent/cape-town/western-cape/432/p42?PropertyCategory=House%2cApartmentOrFlat%2cTownhouse,2026-02-09 12:25:16.234283,"Located in a sought-after pocket of Constantia, this newly renovated double-storey family home offers generous space, effortless flow ...",5583 993 m²,8,3 993 m²,,
1 Bedroom Apartment,R 20 500,20500,ZAR,Camps Bay,,1,1,1,,https://www.property24.com/to-rent/camps-bay/cape-town/western-cape/11014/116882467,https://www.property24.com/to-rent/cape-town/western-cape/432/p42?PropertyCategory=House%2cApartmentOrFlat%2cTownhouse,2026-02-09 12:25:16.234283,"Strictly Long-Term Rental 

This beautifully furnished one-bedroom apartment is ideally positioned in the heart of sought-after Camps ...",111,1,,,
1 Bedroom Apartment,R 19 000,19000,ZAR,Cape Town City Centre,,1,1,,60 m²,https://www.property24.com/to-rent/cape-town-city-centre/cape-town/western-cape/9138/116143414,https://www.property24.com/to-rent/cape-town/western-cape/432/p42?PropertyCategory=House%2cApartmentOrFlat%2cTownhouse,2026-02-09 12:25:16.234283,"Step into luxury city living with this modern and fully furnished 1-bedroom apartment located in The Duke, one of Cape Town’s premier ...",1160 m²,1,60 m²,,
2 Bedroom Townhouse,R 55 000,55000,ZAR,Green Point,,2,2,1,150 m²,https://www.property24.com/to-rent/green-point/cape-town/western-cape/11017/115593780,https://www.property24.com/to-rent/cape-town/western-cape/432/p42?PropertyCategory=House%2cApartmentOrFlat%2cTownhouse,2026-02-09 12:25:16.234283,"Tucked away on a charming, cobbled lane just steps from the renowned Jason Bakery, this exquisite 2-bedroom, 2-bathroom townhouse ...",221150 m²,1,150 m²,,
1 Bedroom Apartment,R 9 500,9500,ZAR,Salt River,,1,1,1,60 m²,https://www.property24.com/to-rent/salt-river/cape-town/western-cape/10158/116823304,https://www.property24.com/to-rent/cape-town/western-cape/432/p42?PropertyCategory=House%2cApartmentOrFlat%2cTownhouse,2026-02-09 12:25:16.234283,"Modern 1 Bedroom Apartment Available in Durham Square, Salt River
This apartment is situated on the 5th Floor with lovely North Facing ...",11160 m²,1,60 m²,,
5 Bedroom House,R 160 000,160000,ZAR,Constantia,,5,5,8,3 993 m²,https://www.property24.com/to-rent/constantia/cape-town/western-cape/11742/116758493,https://www.property24.com/to-rent/cape-town/western-cape/432/p42?PropertyCategory=House%2cApartmentOrFlat%2cTownhouse,2026-02-09 12:25:16.234283,"Located in a sought-after pocket of Constantia, this newly renovated double-storey family home offers generous space, effortless flow ...",5583 993 m²,8,3 993 m²,,
3 Bedroom House,R 90 000,90000,ZAR,Constantia,,3,4,6,,https://www.property24.com/to-rent/constantia/cape-town/western-cape/11742/112340876,https://www.property24.com/to-rent/cape-town/western-cape/432/p42?PropertyCategory=House%2cApartmentOrFlat%2cTownhouse,2026-02-09 12:25:16.234283,"Available between 25 May – 31 October 2026. This beautifully sophisticated home is nestled in the heart of tranquil, leafy Upper ...",346,6,,,
0.5 Bedroom Apartment,R 14 000,14000,ZAR,Sea Point,,0.5,1,,45 m²,https://www.property24.com/to-rent/sea-point/cape-town/western-cape/11021/109054869,https://www.property24.com/to-rent/cape-town/western-cape/432/p42?PropertyCategory=House%2cApartmentOrFlat%2cTownhouse,2026-02-09 12:25:16.234283,"Available 5th Feb 2026

6-12+ months or longer

Unfurnished.

Renovated modern apartment. 

Very light airy space. 

Private courtyard. ...",0.5145 m²,1,45 m²,,
5 Bedroom House,R 5 850,5850,ZAR,Mowbray,8 Raapenberg Street,5,3,2,,https://www.property24.com/to-rent/mowbray/cape-town/western-cape/8677/116763163,https://www.property24.com/to-rent/cape-town/western-cape/432/p42?PropertyCategory=House%2cApartmentOrFlat%2cTownhouse,2026-02-09 12:25:16.234283,"Strictly only for students!

This property will be fully furnished - contact to view and ...",532,2,,,
0.5 Bedroom House,R 25 000,25000,ZAR,Camps Bay,,0.5,1,1,,https://www.property24.com/to-rent/camps-bay/cape-town/western-cape/11014/116878940,https://www.property24.com/to-rent/cape-town/western-cape/432/p42?PropertyCategory=House%2cApartmentOrFlat%2cTownhouse,2026-02-09 12:25:16.234283,"1 Bedroom | 1 Bathroom | Sleeps 2

Available for a 5-month lease from 1 May

Discover the perfect coastal escape at View 16 | Sunset ...",0.511,1,,,
2 Bedroom Apartment,R 40 000,40000,ZAR,Foreshore,,2,2,1,,https://www.property24.com/to-rent/foreshore/cape-town/western-cape/9143/116675888?plId=2298250&plt=4,https://www.property24.com/to-rent/cape-town/western-cape/432/p43?PropertyCategory=House%2cApartmentOrFlat%2cTownhouse,2026-02-09 12:25:16.234283,"Modern 2-Bedroom Luxury Apartment – AHA Harbour Bridge, Cape Town

This stylish and contemporary 2-bedroom apartment is located within the 4-star AHA Harbour Bridge Hotel & Suites, offering an exceptional blend of comfort, convenience, and modern living. Perfect for ...",221,1,,,
2 Bedroom Apartment,R 32 000,32000,ZAR,Green Point,,2,2,1,91 m²,https://www.property24.com/to-rent/green-point/cape-town/western-cape/11017/116787321,https://www.property24.com/to-rent/cape-town/western-cape/432/p43?PropertyCategory=House%2cApartmentOrFlat%2cTownhouse,2026-02-09 12:25:16.234283,"Tucked away in a rare, forest-like sanctuary in Green Point, this 2-bedroom, 2-bathroom apartment for rent offers an exceptional sense ...",22191 m²,1,91 m²,,
3 Bedroom Apartment,R 35 000,35000,ZAR,Sea Point,,3,2,1,160 m²,https://www.property24.com/to-rent/sea-point/cape-town/western-cape/11021/116817040,https://www.property24.com/to-rent/cape-town/western-cape/432/p43?PropertyCategory=House%2cApartmentOrFlat%2cTownhouse,2026-02-09 12:25:16.234283,"Smell and see the sea across the road. 2 Bedrooms, 2 bathrooms main has dressing room. There is a tv room, also office area. Lounge and ...",321160 m²,1,160 m²,,
House,R 450per m²,450,ZAR,Foreshore,9 Adderley Street,,,,135 m²,https://www.property24.com/to-rent/foreshore/cape-town/western-cape/9143/116893373,https://www.property24.com/to-rent/cape-town/western-cape/432/p43?PropertyCategory=House%2cApartmentOrFlat%2cTownhouse,2026-02-09 12:25:16.234283,Successful retail starts with identifying the right location and creating the ideal ...,135 m²,,135 m²,,per m²
2 Bedroom Townhouse,R 26 000,26000,ZAR,Rondebosch Village,17 Main Road,2,2,1,128 m²,https://www.property24.com/to-rent/rondebosch-village/cape-town/western-cape/8660/116791568,https://www.property24.com/to-rent/cape-town/western-cape/432/p43?PropertyCategory=House%2cApartmentOrFlat%2cTownhouse,2026-02-09 12:25:16.234283,"Discover comfortable, secure living in this beautifully maintained 2-bedroom duplex ...",221128 m²,1,128 m²,,
5 Bedroom House,R 115 000,115000,ZAR,Steenberg Golf Estate,,5,5.5,4,875 m²,https://www.property24.com/to-rent/steenberg-golf-estate/cape-town/western-cape/15183/116806183,https://www.property24.com/to-rent/cape-town/western-cape/432/p43?PropertyCategory=House%2cApartmentOrFlat%2cTownhouse,2026-02-09 12:25:16.234283,"Furnished Rental - Luxury Living on Steenberg Golf Estate

This beautifully renovated luxury home offers an exceptional opportunity to ...",55.54875 m²,4,875 m²,,
3 Bedroom Apartment,R 26 000,26000,ZAR,Kenilworth Upper,,3,1,,154 m²,https://www.property24.com/to-rent/kenilworth-upper/cape-town/western-cape/14224/116882119,https://www.property24.com/to-rent/cape-town/western-cape/432/p43?PropertyCategory=House%2cApartmentOrFlat%2cTownhouse,2026-02-09 12:25:16.234283,This beautiful 3 bedroom apartment with natural light flooding the living areas is situated on the first floor of a small complex in ...,31154 m²,1,154 m²,,
1 Bedroom Apartment,R 24 000,24000,ZAR,Foreshore,,1,1,1,42 m²,https://www.property24.com/to-rent/foreshore/cape-town/western-cape/9143/116799974,https://www.property24.com/to-rent/cape-town/western-cape/432/p43?PropertyCategory=House%2cApartmentOrFlat%2cTownhouse,2026-02-09 12:25:16.234283,"Luxury Corner Fully Furnished 1 Bedroom Apartment embracing Cape Towns Iconic views! 

Foreshore Place stands at the pinnacle of ...",11142 m²,1,42 m²,,
3 Bedroom Apartment,R 8 500,8500,ZAR,Rosebank,6 Hope Road,3,1,,,https://www.property24.com/to-rent/rosebank/cape-town/western-cape/8683/116762204,https://www.property24.com/to-rent/cape-town/western-cape/432/p43?PropertyCategory=House%2cApartmentOrFlat%2cTownhouse,2026-02-09 12:25:16.234283,1 room is currently available. Located within a secured apartment building and just a ...,31,1,,,
2 Bedroom Apartment,R 16 500,16500,ZAR,Kenilworth,,2,1,2,,https://www.property24.com/to-rent/kenilworth/cape-town/western-cape/8669/116850283,https://www.property24.com/to-rent/cape-town/western-cape/432/p43?PropertyCategory=House%2cApartmentOrFlat%2cTownhouse,2026-02-09 12:25:16.234283,"Rent – R16 500.00
Available – 01 March 2026

90m2 Flat * Entrance passage * Tiled kitchen with BIC/Oven & hob/Plumbed for ...",212,2,,,
11 Bedroom House,R 6 950,6950,ZAR,Rondebosch,9 Rustenburg Avenue Rondebosch,11,6,,27 m²,https://www.property24.com/to-rent/rondebosch/cape-town/western-cape/8682/113872683,https://www.property24.com/to-rent/cape-town/western-cape/432/p43?PropertyCategory=House%2cApartmentOrFlat%2cTownhouse,2026-02-09 12:25:16.234283,Spacious rooms are available from 1st February 2026 in a safe and secure 11-bedroom ...,11627 m²,6,27 m²,,
2 Bedroom Apartment,R 30 000,30000,ZAR,Sea Point,,2,1,1,68 m²,https://www.property24.com/to-rent/sea-point/cape-town/western-cape/11021/116790589,https://www.property24.com/to-rent/cape-town/western-cape/432/p43?PropertyCategory=House%2cApartmentOrFlat%2cTownhouse,2026-02-09 12:25:16.234283,"Situated in a sought-after complex on Beach Road, this well-presented apartment offers comfortable coastal living in the heart of Sea ...",21168 m²,1,68 m²,,
2 Bedroom Apartment,R 20 450,20450,ZAR,Rondebosch,,2,2,1,,https://www.property24.com/to-rent/rondebosch/cape-town/western-cape/8682/116851041,https://www.property24.com/to-rent/cape-town/western-cape/432/p43?PropertyCategory=House%2cApartmentOrFlat%2cTownhouse,2026-02-09 12:25:16.234283,"This extremely modern, unfurnished two-bedroom, two-bathroom apartment is located in the sought-after Riversong development, offering ...",221,1,,,
1 Bedroom Apartment,R 33 000,33000,ZAR,De Waterkant,,1,1,1,66 m²,https://www.property24.com/to-rent/de-waterkant/cape-town/western-cape/9141/116147470,https://www.property24.com/to-rent/cape-town/western-cape/432/p43?PropertyCategory=House%2cApartmentOrFlat%2cTownhouse,2026-02-09 12:25:16.234283,"Experience the best of Cape Town living in this fully furnished 1-bedroom apartment, ideally located in the heart of De Waterkant - one ...",11166 m²,1,66 m²,,
2 Bedroom Apartment,R 17 500,17500,ZAR,Claremont,,2,1,1,,https://www.property24.com/to-rent/claremont/cape-town/western-cape/11741/116867079,https://www.property24.com/to-rent/cape-town/western-cape/432/p43?PropertyCategory=House%2cApartmentOrFlat%2cTownhouse,2026-02-09 12:25:16.234283,"This 2 bedroom, 1 bathroom fully furnished apartment offers the perfect blend of style, comfort, and convenience, ideal for a ...",211,1,,,
3 Bedroom Apartment,R 8 500,8500,ZAR,Rosebank,6 Hope Road,3,1,,,https://www.property24.com/to-rent/rosebank/cape-town/western-cape/8683/116763034,https://www.property24.com/to-rent/cape-town/western-cape/432/p43?PropertyCategory=House%2cApartmentOrFlat%2cTownhouse,2026-02-09 12:25:16.234283,1 room is currently available. Located within a secured apartment building and just a ...,31,1,,,
2 Bedroom Townhouse,R 10 500,10500,ZAR,Lansdowne,,2,1,4,80 m²,https://www.property24.com/to-rent/lansdowne/cape-town/western-cape/8778/116785010,https://www.property24.com/to-rent/cape-town/western-cape/432/p43?PropertyCategory=House%2cApartmentOrFlat%2cTownhouse,2026-02-09 12:25:16.234283,"Nestled in the heart of Lansdowne, this charming unfurnished 2-bedroom cluster house offers a blend of comfort and spaciousness in a ...",21480 m²,4,80 m²,,
1 Bedroom Apartment,R 22 000,22000,ZAR,Foreshore,,1,1,1,43 m²,https://www.property24.com/to-rent/foreshore/cape-town/western-cape/9143/116809488,https://www.property24.com/to-rent/cape-town/western-cape/432/p43?PropertyCategory=House%2cApartmentOrFlat%2cTownhouse,2026-02-09 12:25:16.234283,This gorgeous 43sqm  fully furnished corner unit at Foreshore Place offers modern inner-city living with open city and mountain views. ...,11143 m²,1,43 m²,,
2 Bedroom Apartment,R 35 000,35000,ZAR,Sea Point,,2,1,2,85 m²,https://www.property24.com/to-rent/sea-point/cape-town/western-cape/11021/116820407,https://www.property24.com/to-rent/cape-town/western-cape/432/p43?PropertyCategory=House%2cApartmentOrFlat%2cTownhouse,2026-02-09 12:25:16.234283,"Be the first to live in this brand-new, fully renovated apartment, finished to an exceptional standard with no expense spared.

Every ...",21285 m²,2,85 m²,,
3 Bedroom Apartment,R 7 500,7500,ZAR,Rondebosch,12 Devonshire Hill Road,3,1,,,https://www.property24.com/to-rent/rondebosch/cape-town/western-cape/8682/116896876,https://www.property24.com/to-rent/cape-town/western-cape/432/p43?PropertyCategory=House%2cApartmentOrFlat%2cTownhouse,2026-02-09 12:25:16.234283,"*** please respond with occupation or if you are studying, your degree and which year ...",31,1,,,
0.5 Bedroom Apartment,R 17 500,17500,ZAR,Gardens,,0.5,1,,18 m²,https://www.property24.com/to-rent/gardens/cape-town/western-cape/9145/116841447,https://www.property24.com/to-rent/cape-town/western-cape/432/p43?PropertyCategory=House%2cApartmentOrFlat%2cTownhouse,2026-02-09 12:25:16.234283,"Perfectly located on Kloof above stunning restaurants and walking distance to town. 
No dedicated parking, but there is always visitors ...",0.5118 m²,1,18 m²,,
2 Bedroom House,R 15 000,15000,ZAR,Marina Da Gama,17 Coot Drive,2,1,2,,https://www.property24.com/to-rent/marina-da-gama/cape-town/western-cape/10213/116884292,https://www.property24.com/to-rent/cape-town/western-cape/432/p44?PropertyCategory=House%2cApartmentOrFlat%2cTownhouse,2026-02-09 12:25:16.234283,"2 Decent sized bedrooms with built in cupboards and the flooring is carpet
Kitchen with ...",212,2,,,
3 Bedroom House,R 26 000,26000,ZAR,Marina Da Gama,,3,2.5,2,,https://www.property24.com/to-rent/marina-da-gama/cape-town/western-cape/10213/116867378,https://www.property24.com/to-rent/cape-town/western-cape/432/p44?PropertyCategory=House%2cApartmentOrFlat%2cTownhouse,2026-02-09 12:25:16.234283,"This beautifully presented 3-bedroom house offers comfortable living with great indoor and outdoor spaces, perfect for families or ...",32.52,2,,,
2 Bedroom Apartment,R 9 000,9000,ZAR,Belhar,7 Mimosa Cres,2,1,1,,https://www.property24.com/to-rent/belhar/cape-town/western-cape/8132/114200327,https://www.property24.com/to-rent/cape-town/western-cape/432/p44?PropertyCategory=House%2cApartmentOrFlat%2cTownhouse,2026-02-09 12:25:16.234283,"Located privately at the back of the property, this well-designed unit offers a blend of ...",211,1,,,
Apartment,R 14 450,14450,ZAR,Observatory,,,1,1,,https://www.property24.com/to-rent/observatory/cape-town/western-cape/10157/116848746,https://www.property24.com/to-rent/cape-town/western-cape/432/p44?PropertyCategory=House%2cApartmentOrFlat%2cTownhouse,2026-02-09 12:25:16.234283,"We have a charming, unfurnished studio apartment situated in up-and-coming Riverlands Estate - Sunbird Apartments

Property ...",11,1,,,
2 Bedroom Apartment,R 25 000,25000,ZAR,Sea Point,,2,1,1,86 m²,https://www.property24.com/to-rent/sea-point/cape-town/western-cape/11021/116808081,https://www.property24.com/to-rent/cape-town/western-cape/432/p44?PropertyCategory=House%2cApartmentOrFlat%2cTownhouse,2026-02-09 12:25:16.234283,Enjoy the best of seaside living in this well-positioned two-bedroom apartment situated on sought-after Beach Road. The apartment ...,21186 m²,1,86 m²,,
1 Bedroom Apartment,R 32 000,32000,ZAR,Sea Point,,1,1,,48 m²,https://www.property24.com/to-rent/sea-point/cape-town/western-cape/11021/114180517,https://www.property24.com/to-rent/cape-town/western-cape/432/p44?PropertyCategory=House%2cApartmentOrFlat%2cTownhouse,2026-02-09 12:25:16.234283,"AVAILIBLE: 1 March 2026 - January 1st, 2027

Layout:
The apartments offer sleek, space-efficient designs that maximize comfort and ...",1148 m²,1,48 m²,,
2 Bedroom Apartment,R 15 000,15000,ZAR,Pinelands,,2,1,1,,https://www.property24.com/to-rent/pinelands/cape-town/western-cape/8017/111016908,https://www.property24.com/to-rent/cape-town/western-cape/432/p44?PropertyCategory=House%2cApartmentOrFlat%2cTownhouse,2026-02-09 12:25:16.234283,"Spacious apartment with lounge, balcony, bathroom, separate toilet and generous kitchen with oven and
hob. Apartment is fibre ready. ...",211,1,,,
2 Bedroom House,R 15 000,15000,ZAR,Muizenberg,44 Victoria Close,2,2,1,,https://www.property24.com/to-rent/muizenberg/cape-town/western-cape/9025/116891760,https://www.property24.com/to-rent/cape-town/western-cape/432/p44?PropertyCategory=House%2cApartmentOrFlat%2cTownhouse,2026-02-09 12:25:16.234283,"Beautiful 2-Bedroom, 2-Bathroom Home in Secure Muizenberg Estate

Discover this ...",221,1,,,
2 Bedroom Apartment,R 29 500,29500,ZAR,Sea Point,,2,1,1,106 m²,https://www.property24.com/to-rent/sea-point/cape-town/western-cape/11021/116778788,https://www.property24.com/to-rent/cape-town/western-cape/432/p44?PropertyCategory=House%2cApartmentOrFlat%2cTownhouse,2026-02-09 12:25:16.234283,"SHORT TERM RENTAL – minimum 2 months from May/June
Come home to this beautiful furnished apartment, located in a small apartment block ...",211106 m²,1,106 m²,,
1 Bedroom Apartment,R 16 500,16500,ZAR,Observatory,,1,1,1,53 m²,https://www.property24.com/to-rent/observatory/cape-town/western-cape/10157/113795878,https://www.property24.com/to-rent/cape-town/western-cape/432/p44?PropertyCategory=House%2cApartmentOrFlat%2cTownhouse,2026-02-09 12:25:16.234283,"Located in The Winchester, Observatory.
Address: 228 Main Road, Observatory.
The most sought after block in Observatory this esteemed ...",11153 m²,1,53 m²,,
1 Bedroom Apartment,R 28 000,28000,ZAR,Sea Point,,1,1,1,77 m²,https://www.property24.com/to-rent/sea-point/cape-town/western-cape/11021/116828726,https://www.property24.com/to-rent/cape-town/western-cape/432/p44?PropertyCategory=House%2cApartmentOrFlat%2cTownhouse,2026-02-09 12:25:16.234283,"Spacious Furnished 1-Bedroom Apartment on the beachfront

Gloucester Court | Beach Road, Three Anchor Bay (bordering Sea Point)

This ...",11177 m²,1,77 m²,,
5 Bedroom House,R 120 000,120000,ZAR,Belle Constantia,,5,5,2,4 282 m²,https://www.property24.com/to-rent/belle-constantia/cape-town/western-cape/16246/116832240,https://www.property24.com/to-rent/cape-town/western-cape/432/p44?PropertyCategory=House%2cApartmentOrFlat%2cTownhouse,2026-02-09 12:25:16.234283,"In the heart of Constantia Valley, this newly refurbished home offers 5 generous sized Bedrooms, 3 ensuite with dressing rooms, Study ...",5524 282 m²,2,4 282 m²,,
Apartment,R 11 000,11000,ZAR,Kenilworth,,,1,1,31 m²,https://www.property24.com/to-rent/kenilworth/cape-town/western-cape/8669/116875011,https://www.property24.com/to-rent/cape-town/western-cape/432/p44?PropertyCategory=House%2cApartmentOrFlat%2cTownhouse,2026-02-09 12:25:16.234283,"available from 1 March
Deposit = 2 months rent
No pets

spacious open plan living and bed area area which opens up onto a ...",1131 m²,1,31 m²,,
1 Bedroom Apartment,R 13 000,13000,ZAR,Woodstock,,1,1,,27 m²,https://www.property24.com/to-rent/woodstock/cape-town/western-cape/10164/116186002,https://www.property24.com/to-rent/cape-town/western-cape/432/p44?PropertyCategory=House%2cApartmentOrFlat%2cTownhouse,2026-02-09 12:25:16.234283,"Welcome home to this charming fully furnished bachelor apartment, the perfect space for simple, stress free living. The layout creates ...",1127 m²,1,27 m²,,
2 Bedroom Apartment,R 22 500,22500,ZAR,Observatory,51 Gogosoa Street,2,2,2,,https://www.property24.com/to-rent/observatory/cape-town/western-cape/10157/116857558,https://www.property24.com/to-rent/cape-town/western-cape/432/p44?PropertyCategory=House%2cApartmentOrFlat%2cTownhouse,2026-02-09 12:25:16.234283,"Step into contemporary living with this unfurnished, modern 2-bedroom apartment situated ...",222,2,,,
1 Bedroom Apartment,R 26 000,26000,ZAR,Oranjezicht,2a Hiddingh Ave,1,1,2,81 m²,https://www.property24.com/to-rent/oranjezicht/cape-town/western-cape/9155/116706669,https://www.property24.com/to-rent/cape-town/western-cape/432/p44?PropertyCategory=House%2cApartmentOrFlat%2cTownhouse,2026-02-09 12:25:16.234283,"1.5-Bedroom Apartment to Let in Oranjezicht

AVAILABLE FROM 4  JUNE 2026

Newly ...",11281 m²,2,81 m²,,
3 Bedroom House,R 26 000,26000,ZAR,Marina Da Gama,,3,2.5,2,,https://www.property24.com/to-rent/marina-da-gama/cape-town/western-cape/10213/116746648,https://www.property24.com/to-rent/cape-town/western-cape/432/p44?PropertyCategory=House%2cApartmentOrFlat%2cTownhouse,2026-02-09 12:25:16.234283,"This beautifully presented 3-bedroom house offers comfortable living with great indoor and outdoor spaces, perfect for families or ...",32.52,2,,,
2 Bedroom Apartment,R 55 000,55000,ZAR,Mouille Point,,2,2,2,154 m²,https://www.property24.com/to-rent/mouille-point/cape-town/western-cape/11018/116830855,https://www.property24.com/to-rent/cape-town/western-cape/432/p44?PropertyCategory=House%2cApartmentOrFlat%2cTownhouse,2026-02-09 12:25:16.234283,"Discover luxury living in this fully furnished contemporary apartment, nestled within the prestigious “South Seas” complex, opposite ...",222154 m²,2,154 m²,,
4 Bedroom House,R 17 950,17950,ZAR,Plumstead,75 Stella Rd,4,2,1,,https://www.property24.com/to-rent/plumstead/cape-town/western-cape/10094/116868903,https://www.property24.com/to-rent/cape-town/western-cape/432/p44?PropertyCategory=House%2cApartmentOrFlat%2cTownhouse,2026-02-09 12:25:16.234283,"Plumstead - Spacious 4 Bedroom House for Rent
4 Bedroom Spacious Family Home
Available ...",421,1,,,
0.5 Bedroom Apartment,R 25 500,25500,ZAR,Bantry Bay,,0.5,1,,54 m²,https://www.property24.com/to-rent/bantry-bay/cape-town/western-cape/11013/116813560,https://www.property24.com/to-rent/cape-town/western-cape/432/p44?PropertyCategory=House%2cApartmentOrFlat%2cTownhouse,2026-02-09 12:25:16.234283,"Tucked away on one of Bantry Bay’s most prestigious roads, this exceptionally spacious 54m² studio apartment offers a rare ...",0.5154 m²,1,54 m²,,
2 Bedroom Apartment,R 35 000,35000,ZAR,Green Point,,2,1,1,65 m²,https://www.property24.com/to-rent/green-point/cape-town/western-cape/11017/116825203,https://www.property24.com/to-rent/cape-town/western-cape/432/p44?PropertyCategory=House%2cApartmentOrFlat%2cTownhouse,2026-02-09 12:25:16.234283,"Exclusive Mandate 

Positioned in the heart of Green Point, this elegant contemporary apartment offers refined city living with subtle ...",21165 m²,1,65 m²,,
2 Bedroom Townhouse,R 27 500,27500,ZAR,Green Point,,2,2,1,,https://www.property24.com/to-rent/green-point/cape-town/western-cape/11017/115247958,https://www.property24.com/to-rent/cape-town/western-cape/432/p45?PropertyCategory=House%2cApartmentOrFlat%2cTownhouse,2026-02-09 12:25:16.234283,"Spacious and Secure Lock Up 2 Bedroom Townhouse.

3 Anchor Bay/Green point apartment in a small complex in Green point main road.  ...",221,1,,,
2 Bedroom Apartment,R 27 800,27800,ZAR,Muizenberg,,2,2.5,1,160 m²,https://www.property24.com/to-rent/muizenberg/cape-town/western-cape/9025/116775244,https://www.property24.com/to-rent/cape-town/western-cape/432/p45?PropertyCategory=House%2cApartmentOrFlat%2cTownhouse,2026-02-09 12:25:16.234283,"This elegant two-bedroom apartment is located high on Boyes Drive in Muizenberg, offering sweeping mountain and ocean views in a safe ...",22.51160 m²,1,160 m²,,
1 Bedroom Apartment,R 39 000,39000,ZAR,Waterfront,,1,1,1,75 m²,https://www.property24.com/to-rent/waterfront/cape-town/western-cape/9169/116777949,https://www.property24.com/to-rent/cape-town/western-cape/432/p45?PropertyCategory=House%2cApartmentOrFlat%2cTownhouse,2026-02-09 12:25:16.234283,"Be the first proud occupant!

This stylish, newly-built, 1-bedroom apartment to rent in the V&A Waterfront offers luxury living ...",11175 m²,1,75 m²,,
3 Bedroom Apartment,R 100 000,100000,ZAR,Mouille Point,,3,3,1,,https://www.property24.com/to-rent/mouille-point/cape-town/western-cape/11018/116865075,https://www.property24.com/to-rent/cape-town/western-cape/432/p45?PropertyCategory=House%2cApartmentOrFlat%2cTownhouse,2026-02-09 12:25:16.234283,"• 3 Bedrooms | 3 En-suite Bathrooms
• Luxurious three-bedroom apartment with sleek modern design and breathtaking ocean views
• ...",331,1,,,
2 Bedroom Apartment,R 31 065,31065,ZAR,Green Point,,2,2,2,92 m²,https://www.property24.com/to-rent/green-point/cape-town/western-cape/11017/116497206,https://www.property24.com/to-rent/cape-town/western-cape/432/p45?PropertyCategory=House%2cApartmentOrFlat%2cTownhouse,2026-02-09 12:25:16.234283,"This beautifully furnished, sunlit apartment offers a perfect balance of comfort, convenience, and location in the heart of Green ...",22292 m²,2,92 m²,,
2 Bedroom House,R 44 000,44000,ZAR,Constantia,,2,2,2,7 930 m²,https://www.property24.com/to-rent/constantia/cape-town/western-cape/11742/116858278,https://www.property24.com/to-rent/cape-town/western-cape/432/p45?PropertyCategory=House%2cApartmentOrFlat%2cTownhouse,2026-02-09 12:25:16.234283,"Fully furnished Bavarian-style cottage with views, sauna and deck in Constantia

Nestled in a tranquil, leafy setting in Constantia ...",2227 930 m²,2,7 930 m²,,
2 Bedroom Apartment,R 11 600,11600,ZAR,Wetton,,2,1,1,48 m²,https://www.property24.com/to-rent/wetton/cape-town/western-cape/8812/116856061,https://www.property24.com/to-rent/cape-town/western-cape/432/p45?PropertyCategory=House%2cApartmentOrFlat%2cTownhouse,2026-02-09 12:25:16.234283,"A modern two-bedroom apartment is available at The Camden, a newly developed building conveniently located near Wetton Circle and just ...",21148 m²,1,48 m²,,
0.5 Bedroom Apartment,R 12 500,12500,ZAR,Woodstock,18 William Street,0.5,1,,,https://www.property24.com/to-rent/woodstock/cape-town/western-cape/10164/116873702,https://www.property24.com/to-rent/cape-town/western-cape/432/p45?PropertyCategory=House%2cApartmentOrFlat%2cTownhouse,2026-02-09 12:25:16.234283,This furnished studio apartment at WEX2 is a great option for a student or young ...,0.51,1,,,
1 Bedroom Apartment,R 16 000,16000,ZAR,Cape Town City Centre,,1,1,1,43 m²,https://www.property24.com/to-rent/cape-town-city-centre/cape-town/western-cape/9138/116792708,https://www.property24.com/to-rent/cape-town/western-cape/432/p45?PropertyCategory=House%2cApartmentOrFlat%2cTownhouse,2026-02-09 12:25:16.234283,"This charming well spaced apartment, comes well equipped and maintained. A  one bedroom apartment is ideally located in the sought ...",11143 m²,1,43 m²,,
0.5 Bedroom Apartment,R 12 500,12500,ZAR,Woodstock,18 William Street,0.5,1,,,https://www.property24.com/to-rent/woodstock/cape-town/western-cape/10164/116857667,https://www.property24.com/to-rent/cape-town/western-cape/432/p45?PropertyCategory=House%2cApartmentOrFlat%2cTownhouse,2026-02-09 12:25:16.234283,This furnished studio apartment at WEX2 is a great option for a student or young ...,0.51,1,,,
1 Bedroom Apartment,R 14 500,14500,ZAR,Observatory,,1,1,1,,https://www.property24.com/to-rent/observatory/cape-town/western-cape/10157/116841350,https://www.property24.com/to-rent/cape-town/western-cape/432/p45?PropertyCategory=House%2cApartmentOrFlat%2cTownhouse,2026-02-09 12:25:16.234283,"Modern 1-Bedroom Apartment | Observatory | R14,500 pm

This modern 1-bedroom apartment in the heart of Observatory offers stylish ...",111,1,,,
1 Bedroom Apartment,R 16 000,16000,ZAR,Vredehoek,,1,1,1,30 m²,https://www.property24.com/to-rent/vredehoek/cape-town/western-cape/9166/116862098,https://www.property24.com/to-rent/cape-town/western-cape/432/p45?PropertyCategory=House%2cApartmentOrFlat%2cTownhouse,2026-02-09 12:25:16.234283,"Newly built apartment in The Holly available for rental. 

This is the perfect inner city pad. A large kitchen with plumbing for one ...",11130 m²,1,30 m²,,
3 Bedroom Apartment,R 16 500,16500,ZAR,Claremont,,3,2,1,83 m²,https://www.property24.com/to-rent/claremont/cape-town/western-cape/11741/113415002,https://www.property24.com/to-rent/cape-town/western-cape/432/p45?PropertyCategory=House%2cApartmentOrFlat%2cTownhouse,2026-02-09 12:25:16.234283,"3 bedroom flat to let in a sought-after complex in Claremont

Immaculate views. Perfect for students or young ...",32183 m²,1,83 m²,,
3 Bedroom Townhouse,R 26 000,26000,ZAR,Kenilworth,,3,2,2,101 m²,https://www.property24.com/to-rent/kenilworth/cape-town/western-cape/8669/116774356,https://www.property24.com/to-rent/cape-town/western-cape/432/p45?PropertyCategory=House%2cApartmentOrFlat%2cTownhouse,2026-02-09 12:25:16.234283,"Set in a Sought After Gated Community

Completely Renovated last year.

Small Pets Allowed but must be approved
Electricity and ...",322101 m²,2,101 m²,,
2 Bedroom Apartment,R 19 000,19000,ZAR,Bo Kaap,,2,2,1,,https://www.property24.com/to-rent/bo-kaap/cape-town/western-cape/9136/116888231,https://www.property24.com/to-rent/cape-town/western-cape/432/p45?PropertyCategory=House%2cApartmentOrFlat%2cTownhouse,2026-02-09 12:25:16.234283,"Known for its colorful homes, cobblestone streets, and sweeping views of Table Mountain, this historic neighborhood provides a truly ...",221,1,,,
2 Bedroom Apartment,R 19 000,19000,ZAR,Claremont Upper,"Molteno and Main Road, Claremont",2,1,1,93 m²,https://www.property24.com/to-rent/claremont-upper/cape-town/western-cape/14225/116791695,https://www.property24.com/to-rent/cape-town/western-cape/432/p45?PropertyCategory=House%2cApartmentOrFlat%2cTownhouse,2026-02-09 12:25:16.234283,"Lovely renovated and spacious 2 bedroomed apartment, bathroom with shower, beautiful ...",21193 m²,1,93 m²,,
2 Bedroom Apartment,R 36 950,36950,ZAR,Sea Point,,2,2,1,,https://www.property24.com/to-rent/sea-point/cape-town/western-cape/11021/116846968,https://www.property24.com/to-rent/cape-town/western-cape/432/p45?PropertyCategory=House%2cApartmentOrFlat%2cTownhouse,2026-02-09 12:25:16.234283,Discover luxury and style in this impeccably furnished 2 bedroom apartment boasting breathtaking mountain views. The master bedroom ...,221,1,,,
1 Bedroom Apartment,R 32 000,32000,ZAR,De Waterkant,,1,1,1,93 m²,https://www.property24.com/to-rent/de-waterkant/cape-town/western-cape/9141/116827985,https://www.property24.com/to-rent/cape-town/western-cape/432/p45?PropertyCategory=House%2cApartmentOrFlat%2cTownhouse,2026-02-09 12:25:16.234283,This expansive 93m2 one-bedroom apartment offers refined urban living with generous proportions and uninterrupted foreshore views from ...,11193 m²,1,93 m²,,
3 Bedroom Townhouse,R 27 000,27000,ZAR,Tokai,,3,2.5,3,190 m²,https://www.property24.com/to-rent/tokai/cape-town/western-cape/9044/116824341,https://www.property24.com/to-rent/cape-town/western-cape/432/p45?PropertyCategory=House%2cApartmentOrFlat%2cTownhouse,2026-02-09 12:25:16.234283,"Blissfully quiet secure sought-after upmarket Highgrove 3 bedroom Townhouse in the prime heart of Tokai.
 
With direct access from ...",32.53190 m²,3,190 m²,,
2 Bedroom Apartment,R 16 000,16000,ZAR,Kenilworth,,2,1,1,98 m²,https://www.property24.com/to-rent/kenilworth/cape-town/western-cape/8669/116798143,https://www.property24.com/to-rent/cape-town/western-cape/432/p45?PropertyCategory=House%2cApartmentOrFlat%2cTownhouse,2026-02-09 12:25:16.234283,"Set in the heart of the family friendly suburb of Kenilworth, this unfurnished two bedroom apartment offers a welcoming and comfortable ...",21198 m²,1,98 m²,,
0.5 Bedroom Apartment,R 14 500,14500,ZAR,Observatory,,0.5,1,1,,https://www.property24.com/to-rent/observatory/cape-town/western-cape/10157/116841069,https://www.property24.com/to-rent/cape-town/western-cape/432/p45?PropertyCategory=House%2cApartmentOrFlat%2cTownhouse,2026-02-09 12:25:16.234283,"This very modern studio apartment is located in the sought-after Sunbird Riverlands, set within a secure and well-managed building in ...",0.511,1,,,
2 Bedroom Apartment,R 18 000,18000,ZAR,Wynberg Upper,,2,1,1,71 m²,https://www.property24.com/to-rent/wynberg-upper/cape-town/western-cape/10102/116789018,https://www.property24.com/to-rent/cape-town/western-cape/432/p46?PropertyCategory=House%2cApartmentOrFlat%2cTownhouse,2026-02-09 12:25:16.234283,"FULLY FURNISHED or an Unfurnished Option.
Motivated Landlord.

Modern and Safe! Open-plan kitchen and lounge with views and great ...",21171 m²,1,71 m²,,
10 Bedroom House,R 8 000,8000,ZAR,Observatory,9 Bowden Road Rooms,10,5,6,,https://www.property24.com/to-rent/observatory/cape-town/western-cape/10157/116894449,https://www.property24.com/to-rent/cape-town/western-cape/432/p46?PropertyCategory=House%2cApartmentOrFlat%2cTownhouse,2026-02-09 12:25:16.234283,"Beautiful Female Victorian House off Main Road, Observatory.

Located within walking ...",1056,6,,,
3 Bedroom Apartment,R 20 000,20000,ZAR,Newlands,,3,2,2,,https://www.property24.com/to-rent/newlands/cape-town/western-cape/8679/116855013,https://www.property24.com/to-rent/cape-town/western-cape/432/p46?PropertyCategory=House%2cApartmentOrFlat%2cTownhouse,2026-02-09 12:25:16.234283,Nestled in leafy Newlands you will find this spacious and secure 3-bedroom apartment located within walking distance of Woolworths ...,322,2,,,
3 Bedroom Apartment,R 110 000,110000,ZAR,Clifton,,3,2,2,235 m²,https://www.property24.com/to-rent/clifton/cape-town/western-cape/11015/115761258,https://www.property24.com/to-rent/cape-town/western-cape/432/p46?PropertyCategory=House%2cApartmentOrFlat%2cTownhouse,2026-02-09 12:25:16.234283,"*10-month rental*
*1 April 2026 to 31 Jan 2027*

Step into luxury and comfort with this exquisite 2-bedroom, 2-bathroom apartment. ...",322235 m²,2,235 m²,,
Apartment,R 3 800per day,3800,ZAR,Sea Point,,,1,1,38 m²,https://www.property24.com/to-rent/sea-point/cape-town/western-cape/11021/116792329,https://www.property24.com/to-rent/cape-town/western-cape/432/p46?PropertyCategory=House%2cApartmentOrFlat%2cTownhouse,2026-02-09 12:25:16.234283,"Elegant and stylish suite in the newly launched Dolce Vita, perfectly located in the heart of Sea Point. Enjoy a private balcony with ...",1138 m²,1,38 m²,,per day
3 Bedroom House,R 21 000,21000,ZAR,Plumstead,23 Woodgate,3,2,,,https://www.property24.com/to-rent/plumstead/cape-town/western-cape/10094/116376590,https://www.property24.com/to-rent/cape-town/western-cape/432/p46?PropertyCategory=House%2cApartmentOrFlat%2cTownhouse,2026-02-09 12:25:16.234283,"The available section of the house offers three bedrooms, two kitchens, two bathrooms ...",32,2,,,
10 Bedroom Apartment,R 9 999,9999,ZAR,Rondebosch,14 Main Rd,10,5,,,https://www.property24.com/to-rent/rondebosch/cape-town/western-cape/8682/116756008,https://www.property24.com/to-rent/cape-town/western-cape/432/p46?PropertyCategory=House%2cApartmentOrFlat%2cTownhouse,2026-02-09 12:25:16.234283,"Hockney House
From R10,999 per month – All Inclusive
Launching 25 January ...",105,5,,,
1 Bedroom Apartment,R 4 000,4000,ZAR,Newlands,3 Springs Way Cresswell House,1,1,1,,https://www.property24.com/to-rent/newlands/cape-town/western-cape/8679/116844423,https://www.property24.com/to-rent/cape-town/western-cape/432/p46?PropertyCategory=House%2cApartmentOrFlat%2cTownhouse,2026-02-09 12:25:16.234283,"Creswell House, Newlands- Retirement Rentals. Secure Complex with beautiful gardens ...",111,1,,,
0.5 Bedroom Apartment,R 14 500,14500,ZAR,Cape Town City Centre,,0.5,1,1,37 m²,https://www.property24.com/to-rent/cape-town-city-centre/cape-town/western-cape/9138/116806389,https://www.property24.com/to-rent/cape-town/western-cape/432/p46?PropertyCategory=House%2cApartmentOrFlat%2cTownhouse,2026-02-09 12:25:16.234283,"• Available 1 March 2026
• R14 500 pm
• Includes 1 x underground parking, water & electricity

Apartment to rent in the ...",0.51137 m²,1,37 m²,,
0.5 Bedroom Apartment,R 1 300per day,1300,ZAR,Cape Town City Centre,25 Adderley St,0.5,1,1,40 m²,https://www.property24.com/to-rent/cape-town-city-centre/cape-town/western-cape/9138/116707917,https://www.property24.com/to-rent/cape-town/western-cape/432/p46?PropertyCategory=House%2cApartmentOrFlat%2cTownhouse,2026-02-09 12:25:16.234283,"About this property
Modern Comforts: The Adderley in Cape Town offers a stylish ...",0.51140 m²,1,40 m²,,per day
1 Bedroom Apartment,R 18 500,18500,ZAR,Gardens,,1,1,1,75 m²,https://www.property24.com/to-rent/gardens/cape-town/western-cape/9145/106840704,https://www.property24.com/to-rent/cape-town/western-cape/432/p46?PropertyCategory=House%2cApartmentOrFlat%2cTownhouse,2026-02-09 12:25:16.234283,This light and bright apartment is located at the top end of Bree Street in a secure and well managed complex called The Edge with 24 ...,11175 m²,1,75 m²,,
3 Bedroom House,R 85 000,85000,ZAR,Green Point,,3,2,2,169 m²,https://www.property24.com/to-rent/green-point/cape-town/western-cape/11017/116858199,https://www.property24.com/to-rent/cape-town/western-cape/432/p46?PropertyCategory=House%2cApartmentOrFlat%2cTownhouse,2026-02-09 12:25:16.234283,"A brass and bronze custom-made volt like door grants access to this Victorian period building, constructed in 1856. You are greeted ...",322169 m²,2,169 m²,,
1 Bedroom Apartment,R 39 000,39000,ZAR,Waterfront,,1,1,1,75 m²,https://www.property24.com/to-rent/waterfront/cape-town/western-cape/9169/116777827,https://www.property24.com/to-rent/cape-town/western-cape/432/p46?PropertyCategory=House%2cApartmentOrFlat%2cTownhouse,2026-02-09 12:25:16.234283,"An exceptional luxury residence is now available in the highly anticipated Dock Road Residences, ideally positioned within the ...",11175 m²,1,75 m²,,
1 Bedroom Apartment,R 22 000,22000,ZAR,Mouille Point,,1,1,,54 m²,https://www.property24.com/to-rent/mouille-point/cape-town/western-cape/11018/115531706,https://www.property24.com/to-rent/cape-town/western-cape/432/p46?PropertyCategory=House%2cApartmentOrFlat%2cTownhouse,2026-02-09 12:25:16.234283,"One bedroom apartment on the second floor
Second room / study currently used as a second bedroom
Open plan kitchen and lounge.
Quiet ...",1154 m²,1,54 m²,,
4 Bedroom House,R 32 500per day,32500,ZAR,Camps Bay,,4,3,4,,https://www.property24.com/to-rent/camps-bay/cape-town/western-cape/11014/116868534,https://www.property24.com/to-rent/cape-town/western-cape/432/p46?PropertyCategory=House%2cApartmentOrFlat%2cTownhouse,2026-02-09 12:25:16.234283,"4-Bedroom Luxury Home | Camps Bay | Sea Views

Spectacular newly built modern 4-bedroom home in the heart of Camps Bay, offering ...",434,4,,,per day
2 Bedroom Apartment,R 29 000,29000,ZAR,Sea Point,,2,2,2,,https://www.property24.com/to-rent/sea-point/cape-town/western-cape/11021/116834148,https://www.property24.com/to-rent/cape-town/western-cape/432/p46?PropertyCategory=House%2cApartmentOrFlat%2cTownhouse,2026-02-09 12:25:16.234283,Spacious lounge and dining area which leads onto balcony. Open plan kitchen with built in cupboards and is plumbed for 2 appliances. ...,222,2,,,
2 Bedroom Apartment,R 20 500,20500,ZAR,Vredehoek,,2,1,2,83 m²,https://www.property24.com/to-rent/vredehoek/cape-town/western-cape/9166/116789860,https://www.property24.com/to-rent/cape-town/western-cape/432/p46?PropertyCategory=House%2cApartmentOrFlat%2cTownhouse,2026-02-09 12:25:16.234283,Fully kitted kitchen. Spacious Lounge with wooden floors leading to outside balcony. Bathroom with Shower over the bath. 2 Decent sized ...,21283 m²,2,83 m²,,
1 Bedroom Apartment,R 17 000,17000,ZAR,Sea Point,,1,1,,49 m²,https://www.property24.com/to-rent/sea-point/cape-town/western-cape/11021/116771580,https://www.property24.com/to-rent/cape-town/western-cape/432/p46?PropertyCategory=House%2cApartmentOrFlat%2cTownhouse,2026-02-09 12:25:16.234283,"Light and sunny furnished apartment in sought after location

This lovely 3rd floor corner apartment with large windows is located a ...",1149 m²,1,49 m²,,
1 Bedroom Apartment,R 19 000,19000,ZAR,Llandudno,,1,1,,,https://www.property24.com/to-rent/llandudno/cape-town/western-cape/9118/116836078,https://www.property24.com/to-rent/cape-town/western-cape/432/p46?PropertyCategory=House%2cApartmentOrFlat%2cTownhouse,2026-02-09 12:25:16.234283,"AVAILABLE FROM 1 MARCH - 30 NOVEMBER '26

This spacious, fully furnished one-bedroom apartment is ideally located on a shared ...",11,1,,,
4 Bedroom House,R 32 500per day,32500,ZAR,Camps Bay,,4,3,4,,https://www.property24.com/to-rent/camps-bay/cape-town/western-cape/11014/116851259,https://www.property24.com/to-rent/cape-town/western-cape/432/p46?PropertyCategory=House%2cApartmentOrFlat%2cTownhouse,2026-02-09 12:25:16.234283,"4-Bedroom Luxury Home | Camps Bay | Sea Views

Spectacular newly built modern 4-bedroom home in the heart of Camps Bay, offering ...",434,4,,,per day
1 Bedroom Apartment,R 8 500,8500,ZAR,Rondebosch East,,1,1,1,,https://www.property24.com/to-rent/rondebosch-east/cape-town/western-cape/8806/115416051,https://www.property24.com/to-rent/cape-town/western-cape/432/p46?PropertyCategory=House%2cApartmentOrFlat%2cTownhouse,2026-02-09 12:25:16.234283,Stunning Semi Furnished 0ne Bedroom Separate entrance to Rent in Rondebosch East for a single female or 2  .Ideal and perfect for  ...,111,1,,,
1 Bedroom House,R 8 500,8500,ZAR,Mowbray,,1,1,,,https://www.property24.com/to-rent/mowbray/cape-town/western-cape/8677/116888120,https://www.property24.com/to-rent/cape-town/western-cape/432/p47?PropertyCategory=House%2cApartmentOrFlat%2cTownhouse,2026-02-09 12:25:16.234283,"A comfortable, fully furnished one-bedroom is available in a shared student digs in Mowbray. Perfectly suited for students looking for ...",11,1,,,
0.5 Bedroom Apartment,R 16 000,16000,ZAR,Cape Town City Centre,,0.5,1,1,51 m²,https://www.property24.com/to-rent/cape-town-city-centre/cape-town/western-cape/9138/115919478,https://www.property24.com/to-rent/cape-town/western-cape/432/p47?PropertyCategory=House%2cApartmentOrFlat%2cTownhouse,2026-02-09 12:25:16.234283,"Chic studio apartment in the iconic Mandela Rhodes Building, located in the heart of Cape Town’s vibrant city centre.

This stylish ...",0.51151 m²,1,51 m²,,
10 Bedroom House,R 15 000,15000,ZAR,Sea Point,24 Queens Road,10,10,12,500 m²,https://www.property24.com/to-rent/sea-point/cape-town/western-cape/11021/109193977,https://www.property24.com/to-rent/cape-town/western-cape/432/p47?PropertyCategory=House%2cApartmentOrFlat%2cTownhouse,2026-02-09 12:25:16.234283,Long-term rental or short-term 10 bedrooms available for single or double occupancy ...,101012500 m²,12,500 m²,,
1 Bedroom Apartment,R 10 395,10395,ZAR,Cape Town City Centre,106 Adderley St,1,1,,,https://www.property24.com/to-rent/cape-town-city-centre/cape-town/western-cape/9138/114707244,https://www.property24.com/to-rent/cape-town/western-cape/432/p47?PropertyCategory=House%2cApartmentOrFlat%2cTownhouse,2026-02-09 12:25:16.234283,"2026 Student Apartments & Accommodation!

Currently Available. 

We are offering ...",11,1,,,
2 Bedroom Apartment,R 9 800,9800,ZAR,Vanguard,,2,1,1,,https://www.property24.com/to-rent/vanguard/cape-town/western-cape/8766/116849265,https://www.property24.com/to-rent/cape-town/western-cape/432/p47?PropertyCategory=House%2cApartmentOrFlat%2cTownhouse,2026-02-09 12:25:16.234283,"Discover this inviting two-bedroom, one-bathroom apartment available for rent in the vibrant suburb of Vanguard, Cape Town. Designed ...",211,1,,,
0.5 Bedroom Apartment,R 15 000,15000,ZAR,Cape Town City Centre,,0.5,1,1,,https://www.property24.com/to-rent/cape-town-city-centre/cape-town/western-cape/9138/116881732,https://www.property24.com/to-rent/cape-town/western-cape/432/p47?PropertyCategory=House%2cApartmentOrFlat%2cTownhouse,2026-02-09 12:25:16.234283,"STUDIO APARTMENT WITH PARKING AND BEAUTIFUL MOUNTAIN VIEWS

Inner city living at its best. So conveniently situated, within walking ...",0.511,1,,,
0.5 Bedroom Apartment,R 11 000,11000,ZAR,Tamboerskloof,28 Gilmour Hill Road,0.5,1,,,https://www.property24.com/to-rent/tamboerskloof/cape-town/western-cape/9163/116881641,https://www.property24.com/to-rent/cape-town/western-cape/432/p47?PropertyCategory=House%2cApartmentOrFlat%2cTownhouse,2026-02-09 12:25:16.234283,"STUDIO APARTMENT TO RENT IN TAMBOERSKLOOF

This ground floor studio apartment is ...",0.51,1,,,
2 Bedroom Apartment,R 9 800,9800,ZAR,Vanguard,,2,1,1,,https://www.property24.com/to-rent/vanguard/cape-town/western-cape/8766/116743067,https://www.property24.com/to-rent/cape-town/western-cape/432/p47?PropertyCategory=House%2cApartmentOrFlat%2cTownhouse,2026-02-09 12:25:16.234283,"Discover this inviting two-bedroom, one-bathroom apartment available for rent in the vibrant suburb of Vanguard, Cape Town. Designed ...",211,1,,,
3 Bedroom Townhouse,R 60 000,60000,ZAR,De Waterkant,"84 Highstrand, 15 Boundary",3,3,2,136 m²,https://www.property24.com/to-rent/de-waterkant/cape-town/western-cape/9141/115438312,https://www.property24.com/to-rent/cape-town/western-cape/432/p47?PropertyCategory=House%2cApartmentOrFlat%2cTownhouse,2026-02-09 12:25:16.234283,"Available fully furnished from 1st March for either a 12 - 22 month lease 

This ...",332136 m²,2,136 m²,,
2 Bedroom Apartment,R 23 000,23000,ZAR,Gardens,,2,2,1,,https://www.property24.com/to-rent/gardens/cape-town/western-cape/9145/116834211,https://www.property24.com/to-rent/cape-town/western-cape/432/p47?PropertyCategory=House%2cApartmentOrFlat%2cTownhouse,2026-02-09 12:25:16.234283,"Come see this lovely two bedroom apartment with stunning Table Mountain Views.

- Located in Wembley Square  the complex has 24 hour ...",221,1,,,
3 Bedroom House,R 32 000,32000,ZAR,Rondebosch,,3,2,4,450 m²,https://www.property24.com/to-rent/rondebosch/cape-town/western-cape/8682/116784328,https://www.property24.com/to-rent/cape-town/western-cape/432/p47?PropertyCategory=House%2cApartmentOrFlat%2cTownhouse,2026-02-09 12:25:16.234283,"Spacious 3-Bedroom Townhouse in Prime Rondebosch Location

Located in the sought-after and leafy suburb of Rondebosch, this ...",324450 m²,4,450 m²,,
2 Bedroom Apartment,R 13 000,13000,ZAR,Diep River,,2,1,1,,https://www.property24.com/to-rent/diep-river/cape-town/western-cape/10195/116896159,https://www.property24.com/to-rent/cape-town/western-cape/432/p47?PropertyCategory=House%2cApartmentOrFlat%2cTownhouse,2026-02-09 12:25:16.234283,"This inviting two-bedroom, one-bathroom apartment offers a comfortable and functional living space. The modern kitchen is a highlight ...",211,1,,,
0.5 Bedroom Apartment,R 16 000,16000,ZAR,Sea Point,,0.5,1,1,42 m²,https://www.property24.com/to-rent/sea-point/cape-town/western-cape/11021/116784923,https://www.property24.com/to-rent/cape-town/western-cape/432/p47?PropertyCategory=House%2cApartmentOrFlat%2cTownhouse,2026-02-09 12:25:16.234283,"Charming & Secure Studio Apartment in the Heart of Sea Point

This well-maintained studio apartment is situated in a solid, older ...",0.51142 m²,1,42 m²,,
2 Bedroom House,R 29 800,29800,ZAR,Sea Point,,2,1,,128 m²,https://www.property24.com/to-rent/sea-point/cape-town/western-cape/11021/116758013,https://www.property24.com/to-rent/cape-town/western-cape/432/p47?PropertyCategory=House%2cApartmentOrFlat%2cTownhouse,2026-02-09 12:25:16.234283,"Cute, semi-detached, unfurnished two bedroom cottage located in a quiet cul-de-sac, but walking distance to all Sea Point has to ...",21128 m²,1,128 m²,,
1 Bedroom Apartment,R 25 000,25000,ZAR,Green Point,,1,1,1,,https://www.property24.com/to-rent/green-point/cape-town/western-cape/11017/116834967,https://www.property24.com/to-rent/cape-town/western-cape/432/p47?PropertyCategory=House%2cApartmentOrFlat%2cTownhouse,2026-02-09 12:25:16.234283,"Situated high up in the prestigious Cape Royale, this beautifully appointed 1-bedroom apartment offers refined, secure living in one of ...",111,1,,,
1 Bedroom House,R 25 000,25000,ZAR,Sea Point,,1,1,,,https://www.property24.com/to-rent/sea-point/cape-town/western-cape/11021/116884400,https://www.property24.com/to-rent/cape-town/western-cape/432/p47?PropertyCategory=House%2cApartmentOrFlat%2cTownhouse,2026-02-09 12:25:16.234283,"This light and bright furnished home occupies the top part of a split-level property, offering a blend of comfort and stunning sea ...",11,1,,,
4 Bedroom House,R 35 000,35000,ZAR,Kalk Bay,14 Loch Road,4,1,2,655 m²,https://www.property24.com/to-rent/kalk-bay/cape-town/western-cape/9067/116807101,https://www.property24.com/to-rent/cape-town/western-cape/432/p47?PropertyCategory=House%2cApartmentOrFlat%2cTownhouse,2026-02-09 12:25:16.234283,"Step into the soul of Kalk Bay, where classic character meets seaside living and ...",412655 m²,2,655 m²,,
1 Bedroom Apartment,R 45 000,45000,ZAR,Clifton,,1,1,1,80 m²,https://www.property24.com/to-rent/clifton/cape-town/western-cape/11015/112446521,https://www.property24.com/to-rent/cape-town/western-cape/432/p47?PropertyCategory=House%2cApartmentOrFlat%2cTownhouse,2026-02-09 12:25:16.234283,"AVAILABLE FROM 1 APRIL TO END NOVEMBER 2026

Direct beach access, a mere 10 steps down onto famous 1st Beach, Clifton from this ...",11180 m²,1,80 m²,,
1 Bedroom Apartment,R 11 500,11500,ZAR,Zonnebloem,,1,1,1,,https://www.property24.com/to-rent/zonnebloem/cape-town/western-cape/10166/116884212,https://www.property24.com/to-rent/cape-town/western-cape/432/p47?PropertyCategory=House%2cApartmentOrFlat%2cTownhouse,2026-02-09 12:25:16.234283,"Whatsapp Messages and Email Inquiries Only!

This charming one-bedroom apartment in Zonnebloem is perfect for those seeking a ...",111,1,,,
2 Bedroom Apartment,R 26 000,26000,ZAR,Tamboerskloof,,2,2,1,,https://www.property24.com/to-rent/tamboerskloof/cape-town/western-cape/9163/116828994,https://www.property24.com/to-rent/cape-town/western-cape/432/p47?PropertyCategory=House%2cApartmentOrFlat%2cTownhouse,2026-02-09 12:25:16.234283,"This beautifully positioned 2-bedroom, 2-bathroom apartment is located in the heart of Tamboerskloof, one of Cape Town’s most ...",221,1,,,
2 Bedroom Apartment,R 20 000,20000,ZAR,Claremont,10 Brooke Street,2,1,1,,https://www.property24.com/to-rent/claremont/cape-town/western-cape/11741/110596031,https://www.property24.com/to-rent/cape-town/western-cape/432/p47?PropertyCategory=House%2cApartmentOrFlat%2cTownhouse,2026-02-09 12:25:16.234283,"2 Bedroom in THE BEAUMONT. Available from 1 March 2026.

Pre-paid meter for ...",211,1,,,
Apartment,R 15 000,15000,ZAR,Gardens,3 Schoonder St,,1,1,63 m²,https://www.property24.com/to-rent/gardens/cape-town/western-cape/9145/105294125,https://www.property24.com/to-rent/cape-town/western-cape/432/p48?PropertyCategory=House%2cApartmentOrFlat%2cTownhouse,2026-02-09 12:25:16.234283,"Modern totally renovated unfurnished,  1 bedroomed apartment  in small ,  quiet,  well ...",1163 m²,1,63 m²,,
1 Bedroom Apartment,R 16 500,16500,ZAR,Green Point,,1,1,,,https://www.property24.com/to-rent/green-point/cape-town/western-cape/11017/116882240,https://www.property24.com/to-rent/cape-town/western-cape/432/p48?PropertyCategory=House%2cApartmentOrFlat%2cTownhouse,2026-02-09 12:25:16.234283,"The Sir Francis is a sought-after, medium sized block of apartments, situated in prime location close to the MyCiti bus route and ...",11,1,,,
0.5 Bedroom Apartment,R 28 500,28500,ZAR,Cape Town City Centre,,0.5,1,,52 m²,https://www.property24.com/to-rent/cape-town-city-centre/cape-town/western-cape/9138/116773832,https://www.property24.com/to-rent/cape-town/western-cape/432/p48?PropertyCategory=House%2cApartmentOrFlat%2cTownhouse,2026-02-09 12:25:16.234283,"Long term only | includes water, electricity & wifi. 

Experience effortless city living in these luxury studio apartments, now ...",0.5152 m²,1,52 m²,,
1 Bedroom Apartment,R 21 500,21500,ZAR,Vredehoek,,1,1.5,1,55 m²,https://www.property24.com/to-rent/vredehoek/cape-town/western-cape/9166/116818611,https://www.property24.com/to-rent/cape-town/western-cape/432/p48?PropertyCategory=House%2cApartmentOrFlat%2cTownhouse,2026-02-09 12:25:16.234283,"Fully furnished and equipped 1 bedroom Apartment with City, Table Mountain, Harbour and Signal Hill views. One secure parking bay ...",11.5155 m²,1,55 m²,,
2 Bedroom Apartment,R 15 000,15000,ZAR,Rondebosch,,2,1,1,81 m²,https://www.property24.com/to-rent/rondebosch/cape-town/western-cape/8682/116769439,https://www.property24.com/to-rent/cape-town/western-cape/432/p48?PropertyCategory=House%2cApartmentOrFlat%2cTownhouse,2026-02-09 12:25:16.234283,"Discover a generously sized, unfurnished 2-bedroom apartment available for rent in the heart of Rondebosch. This centrally located ...",21181 m²,1,81 m²,,
2 Bedroom Apartment,R 36 000,36000,ZAR,Cape Town City Centre,,2,2,1,72 m²,https://www.property24.com/to-rent/cape-town-city-centre/cape-town/western-cape/9138/116816474,https://www.property24.com/to-rent/cape-town/western-cape/432/p48?PropertyCategory=House%2cApartmentOrFlat%2cTownhouse,2026-02-09 12:25:16.234283,"Discover this exquisite 2-bedroom, 2-bathroom furnished apartment available for rent in the vibrant Cape Town City Centre. Designed for ...",22172 m²,1,72 m²,,
1 Bedroom Apartment,R 18 500,18500,ZAR,Foreshore,,1,1,1,,https://www.property24.com/to-rent/foreshore/cape-town/western-cape/9143/116883886,https://www.property24.com/to-rent/cape-town/western-cape/432/p48?PropertyCategory=House%2cApartmentOrFlat%2cTownhouse,2026-02-09 12:25:16.234283,"Welcome to The Icon, one of Foreshore’s most sought-after lifestyle buildings — combining convenience, security and contemporary city ...",111,1,,,
Apartment,R 15 000,15000,ZAR,Gardens,3 Schoonder St,,1,1,63 m²,https://www.property24.com/to-rent/gardens/cape-town/western-cape/9145/116854120,https://www.property24.com/to-rent/cape-town/western-cape/432/p48?PropertyCategory=House%2cApartmentOrFlat%2cTownhouse,2026-02-09 12:25:16.234283,"Modern totally renovated unfurnished,  1 bedroomed apartment  in small ,  quiet,  well ...",1163 m²,1,63 m²,,
3 Bedroom House,R 25 000,25000,ZAR,Plumstead,,3,1,1,100 m²,https://www.property24.com/to-rent/plumstead/cape-town/western-cape/10094/116890783,https://www.property24.com/to-rent/cape-town/western-cape/432/p48?PropertyCategory=House%2cApartmentOrFlat%2cTownhouse,2026-02-09 12:25:16.234283,"Modern Design 
3 bedroom with en suite
Build in Cupboard
Open lounge & Kitchen 
Bathroom with Shower & toilet
Rental is ...",311100 m²,1,100 m²,,
1 Bedroom Apartment,R 27 500,27500,ZAR,Sea Point,,1,1,1,55 m²,https://www.property24.com/to-rent/sea-point/cape-town/western-cape/11021/112699007,https://www.property24.com/to-rent/cape-town/western-cape/432/p48?PropertyCategory=House%2cApartmentOrFlat%2cTownhouse,2026-02-09 12:25:16.234283,"Experience modern, all-in-one living at The Station House, offering world-class amenities and convenience in the heart of Sea ...",11155 m²,1,55 m²,,
3 Bedroom Apartment,R 55 000,55000,ZAR,Sea Point,,3,3,2,179 m²,https://www.property24.com/to-rent/sea-point/cape-town/western-cape/11021/116785324,https://www.property24.com/to-rent/cape-town/western-cape/432/p48?PropertyCategory=House%2cApartmentOrFlat%2cTownhouse,2026-02-09 12:25:16.234283,"Situated on Regent Road in the heart of Sea Point, this well-appointed furnished and equipped  three bedroom apartment offers ...",332179 m²,2,179 m²,,
2 Bedroom Apartment,R 22 000,22000,ZAR,Oranjezicht,,2,1,,56 m²,https://www.property24.com/to-rent/oranjezicht/cape-town/western-cape/9155/116800653,https://www.property24.com/to-rent/cape-town/western-cape/432/p48?PropertyCategory=House%2cApartmentOrFlat%2cTownhouse,2026-02-09 12:25:16.234283,"A charming small block of apartments, stain glass windows & wooden floors give the courtyard apartment on the ground floor a charm ...",2156 m²,1,56 m²,,
1 Bedroom Apartment,R 17 000,17000,ZAR,Vredehoek,,1,1,1,,https://www.property24.com/to-rent/vredehoek/cape-town/western-cape/9166/116876435,https://www.property24.com/to-rent/cape-town/western-cape/432/p48?PropertyCategory=House%2cApartmentOrFlat%2cTownhouse,2026-02-09 12:25:16.234283,"Set within a small, close-knit apartment building, this ground-floor unit offers a peaceful, hamlet-like atmosphere while remaining ...",111,1,,,
1 Bedroom Apartment,R 27 000,27000,ZAR,Cape Town City Centre,,1,1,1,,https://www.property24.com/to-rent/cape-town-city-centre/cape-town/western-cape/9138/116372551,https://www.property24.com/to-rent/cape-town/western-cape/432/p48?PropertyCategory=House%2cApartmentOrFlat%2cTownhouse,2026-02-09 12:25:16.234283,"1-Bedroom Luxury Duplex Apartment Short-Term Rental at the Iconic Pepperclub Hotel 

Modern and fully furnished, this spacious ...",111,1,,,
1 Bedroom Apartment,R 10 500,10500,ZAR,Observatory,3a Howe St,1,1,1,65 m²,https://www.property24.com/to-rent/observatory/cape-town/western-cape/10157/116756548,https://www.property24.com/to-rent/cape-town/western-cape/432/p48?PropertyCategory=House%2cApartmentOrFlat%2cTownhouse,2026-02-09 12:25:16.234283,Modern 2-Bedroom Apartment in Obs Court – Fully Furnished & Equipped|For Sharing | 1 ...,11165 m²,1,65 m²,,
1 Bedroom Apartment,R 8 500,8500,ZAR,Athlone,4 Lelieveld Way,1,1,1,55 m²,https://www.property24.com/to-rent/athlone/cape-town/western-cape/8734/116754196,https://www.property24.com/to-rent/cape-town/western-cape/432/p48?PropertyCategory=House%2cApartmentOrFlat%2cTownhouse,2026-02-09 12:25:16.234283,"1-Bedroom Separate-Entrance Unit to Let – Belthorne Estate, Athlone 

This neat and ...",11155 m²,1,55 m²,,
1 Bedroom House,R 55 000,55000,ZAR,Tamboerskloof,"18 Woodside Road,",1,2,1,,https://www.property24.com/to-rent/tamboerskloof/cape-town/western-cape/9163/114039260,https://www.property24.com/to-rent/cape-town/western-cape/432/p48?PropertyCategory=House%2cApartmentOrFlat%2cTownhouse,2026-02-09 12:25:16.234283,This stunning one-bedroom architect-designed house is located in the charming ...,121,1,,,
2 Bedroom House,R 17 500,17500,ZAR,Claremont Village,,2,1,2,130 m²,https://www.property24.com/to-rent/claremont-village/cape-town/western-cape/33567/116794289,https://www.property24.com/to-rent/cape-town/western-cape/432/p48?PropertyCategory=House%2cApartmentOrFlat%2cTownhouse,2026-02-09 12:25:16.234283,"Positioned in the sought-after Claremont Village, this well-presented 2-bedroom home offers secure, refined living in one of the ...",212130 m²,2,130 m²,,
0.5 Bedroom House,R 20 000,20000,ZAR,Camps Bay,,0.5,1,1,,https://www.property24.com/to-rent/camps-bay/cape-town/western-cape/11014/116879026,https://www.property24.com/to-rent/cape-town/western-cape/432/p48?PropertyCategory=House%2cApartmentOrFlat%2cTownhouse,2026-02-09 12:25:16.234283,"1 Bedroom | 1 Bathroom | Sleeps 2

Available for a 5-month lease from 1 May

Welcome to View 16 | Boho Bliss, a cozy and stylish studio ...",0.511,1,,,
3 Bedroom House,R 50 000,50000,ZAR,Green Point,,3,2,1,250 m²,https://www.property24.com/to-rent/green-point/cape-town/western-cape/11017/116827766,https://www.property24.com/to-rent/cape-town/western-cape/432/p48?PropertyCategory=House%2cApartmentOrFlat%2cTownhouse,2026-02-09 12:25:16.234283,"Fully furnished and equipped Green Point house available for a year lease from 01 March onwards. Built-in Braai area, garden, and ...",321250 m²,1,250 m²,,
3 Bedroom House,R 55 000,55000,ZAR,Sea Point,,3,3,2,298 m²,https://www.property24.com/to-rent/sea-point/cape-town/western-cape/11021/116816492,https://www.property24.com/to-rent/cape-town/western-cape/432/p48?PropertyCategory=House%2cApartmentOrFlat%2cTownhouse,2026-02-09 12:25:16.234283,"Discover this beautifully furnished 3-bedroom, 3-bathroom residence available for rent in the sought-after coastal suburb of Sea Point ...",332298 m²,2,298 m²,,
3 Bedroom Apartment,R 65 000,65000,ZAR,Three Anchor Bay,,3,4,3,,https://www.property24.com/to-rent/three-anchor-bay/cape-town/western-cape/11022/116830743,https://www.property24.com/to-rent/cape-town/western-cape/432/p49?PropertyCategory=House%2cApartmentOrFlat%2cTownhouse,2026-02-09 12:25:16.234283,"Long term rental in this modern, spacious 3 bedroom apartment which offers 5 modern bathrooms, air-conditioned living areas, fast WiFi ...",343,3,,,
2 Bedroom House,R 18 000,18000,ZAR,Wynberg,,2,1,,,https://www.property24.com/to-rent/wynberg/cape-town/western-cape/10109/116824618,https://www.property24.com/to-rent/cape-town/western-cape/432/p49?PropertyCategory=House%2cApartmentOrFlat%2cTownhouse,2026-02-09 12:25:16.234283,"-situated in Wynberg in Sydney Street
-this is a very quaint semi Victorian townhouse with heritage features
-still with the original ...",21,1,,,
1 Bedroom Apartment,R 13 500,13500,ZAR,Observatory,,1,1,1,,https://www.property24.com/to-rent/observatory/cape-town/western-cape/10157/116827845,https://www.property24.com/to-rent/cape-town/western-cape/432/p49?PropertyCategory=House%2cApartmentOrFlat%2cTownhouse,2026-02-09 12:25:16.234283,"One-bedroom apartment for rent at Devon Place from 1 February 2026.

Apartment Features:
- Upstairs bedroom with built-in cupboards.
- ...",111,1,,,
3 Bedroom Apartment,R 85 000,85000,ZAR,Green Point,141 A Ocean View Drive,3,4,2,,https://www.property24.com/to-rent/green-point/cape-town/western-cape/11017/112728316,https://www.property24.com/to-rent/cape-town/western-cape/432/p49?PropertyCategory=House%2cApartmentOrFlat%2cTownhouse,2026-02-09 12:25:16.234283,"* * Modern Two-Storey Loft Apartment with Stunning Ocean View * * 

Open Space with 3 ...",342,2,,,
6 Bedroom Apartment,R 5 900,5900,ZAR,Rylands,364 Klipfontein Road,6,6,,,https://www.property24.com/to-rent/rylands/cape-town/western-cape/8730/116760350,https://www.property24.com/to-rent/cape-town/western-cape/432/p49?PropertyCategory=House%2cApartmentOrFlat%2cTownhouse,2026-02-09 12:25:16.234283,Discover modern and convenient living in this well-appointed residential rental unit ...,66,6,,,
1 Bedroom Apartment,R 13 500,13500,ZAR,Observatory,,1,1,1,,https://www.property24.com/to-rent/observatory/cape-town/western-cape/10157/116836728,https://www.property24.com/to-rent/cape-town/western-cape/432/p49?PropertyCategory=House%2cApartmentOrFlat%2cTownhouse,2026-02-09 12:25:16.234283,"One-bedroom apartment for rent at Devon Place from 1 February 2026.

Apartment Features:
- Upstairs bedroom with built-in cupboards.
- ...",111,1,,,
2 Bedroom Apartment,R 19 500,19500,ZAR,Green Point,,2,1,1,,https://www.property24.com/to-rent/green-point/cape-town/western-cape/11017/116901120,https://www.property24.com/to-rent/cape-town/western-cape/432/p49?PropertyCategory=House%2cApartmentOrFlat%2cTownhouse,2026-02-09 12:25:16.234283,"Take advantage of this unfurnished apartment available for rent in Green Point. Located on the third floor, it features a spacious ...",211,1,,,
8 Bedroom House,R 6 500,6500,ZAR,Observatory,104 Rochester Rd,8,2,,235 m²,https://www.property24.com/to-rent/observatory/cape-town/western-cape/10157/115374795,https://www.property24.com/to-rent/cape-town/western-cape/432/p49?PropertyCategory=House%2cApartmentOrFlat%2cTownhouse,2026-02-09 12:25:16.234283,"1 room available left for single male.
8 single bedrooms to rent in a sharing ...",82235 m²,2,235 m²,,
1 Bedroom Apartment,R 14 500,14500,ZAR,Sea Point,,1,1,1,,https://www.property24.com/to-rent/sea-point/cape-town/western-cape/11021/116883011,https://www.property24.com/to-rent/cape-town/western-cape/432/p49?PropertyCategory=House%2cApartmentOrFlat%2cTownhouse,2026-02-09 12:25:16.234283,"This beautifully presented, fully furnished 1-bedroom, 1-bathroom apartment is ideally located just a few hundred metres from the Sea ...",111,1,,,
2 Bedroom Apartment,R 22 500,22500,ZAR,Observatory,The Paragon Main Rd,2,2,1,75 m²,https://www.property24.com/to-rent/observatory/cape-town/western-cape/10157/108236831,https://www.property24.com/to-rent/cape-town/western-cape/432/p49?PropertyCategory=House%2cApartmentOrFlat%2cTownhouse,2026-02-09 12:25:16.234283,"Semi furnished stylish 2 bed / 2 bathroom apartment in The Paragon.   
2 bedrooms - ...",22175 m²,1,75 m²,,
2 Bedroom Apartment,R 32 000,32000,ZAR,Sea Point,,2,2,1,90 m²,https://www.property24.com/to-rent/sea-point/cape-town/western-cape/11021/114030626,https://www.property24.com/to-rent/cape-town/western-cape/432/p49?PropertyCategory=House%2cApartmentOrFlat%2cTownhouse,2026-02-09 12:25:16.234283,"This furnished 2-bedroom, 2-bathroom apartment offers breathtaking ocean views and full battery backup—ideal for hassle-free living in ...",22190 m²,1,90 m²,,
1 Bedroom Apartment,R 14 000,14000,ZAR,Vredehoek,36c Clifford Ave,1,1,,50 m²,https://www.property24.com/to-rent/vredehoek/cape-town/western-cape/9166/116695256,https://www.property24.com/to-rent/cape-town/western-cape/432/p49?PropertyCategory=House%2cApartmentOrFlat%2cTownhouse,2026-02-09 12:25:16.234283,Cozy studio apartment furnished or unfurnished with breath taking mountain views FROM ...,1150 m²,1,50 m²,,
1 Bedroom Apartment,R 13 950,13950,ZAR,Gardens,,1,1,1,,https://www.property24.com/to-rent/gardens/cape-town/western-cape/9145/116883746,https://www.property24.com/to-rent/cape-town/western-cape/432/p49?PropertyCategory=House%2cApartmentOrFlat%2cTownhouse,2026-02-09 12:25:16.234283,Palm Court is a well-maintained block of apartments situated in Gardens. This one-bedroom apartment is ideal for a single working ...,111,1,,,
3 Bedroom House,R 75 000,75000,ZAR,Oranjezicht,,3,2,5,,https://www.property24.com/to-rent/oranjezicht/cape-town/western-cape/9155/116870687,https://www.property24.com/to-rent/cape-town/western-cape/432/p49?PropertyCategory=House%2cApartmentOrFlat%2cTownhouse,2026-02-09 12:25:16.234283,"Elegant Fully Furnished Home with Pool, Views & Garden in Oranjezicht

Set in one of Cape Town’s most sought-after neighbourhoods ...",325,5,,,
1 Bedroom Apartment,R 8 500,8500,ZAR,Diep River,,1,1,,,https://www.property24.com/to-rent/diep-river/cape-town/western-cape/10195/116861408,https://www.property24.com/to-rent/cape-town/western-cape/432/p49?PropertyCategory=House%2cApartmentOrFlat%2cTownhouse,2026-02-09 12:25:16.234283,Available immediately: A secure and exceptionally well-maintained one-bedroom apartment on the first floor in the highly sought-after ...,11,1,,,
1 Bedroom Apartment,POA,,,Camps Bay,,1,1,,,https://www.property24.com/to-rent/camps-bay/cape-town/western-cape/11014/111715578,https://www.property24.com/to-rent/cape-town/western-cape/432/p49?PropertyCategory=House%2cApartmentOrFlat%2cTownhouse,2026-02-09 12:25:16.234283,"*Please note that this property is available on short term rentals and has a three night minimum stay, please enquire on the daily rate ...",11,1,,,
0.5 Bedroom Apartment,R 14 000,14000,ZAR,Observatory,51 Gogosoa Street,0.5,1,1,,https://www.property24.com/to-rent/observatory/cape-town/western-cape/10157/116879173,https://www.property24.com/to-rent/cape-town/western-cape/432/p49?PropertyCategory=House%2cApartmentOrFlat%2cTownhouse,2026-02-09 12:25:16.234283,Welcome to this stylish and well-designed studio apartment located in the sought-after ...,0.511,1,,,
2 Bedroom Apartment,R 24 000,24000,ZAR,Oranjezicht,,2,1,1,,https://www.property24.com/to-rent/oranjezicht/cape-town/western-cape/9155/116837457,https://www.property24.com/to-rent/cape-town/western-cape/432/p49?PropertyCategory=House%2cApartmentOrFlat%2cTownhouse,2026-02-09 12:25:16.234283,"A lush, peaceful haven set in the heart of Oranjezicht.  Sit on your balcony and enjoy the sunset thought the shade of the trees in ...",211,1,,,
3 Bedroom Apartment,R 44 900,44900,ZAR,Sea Point,267 Beach Rd,3,2,1,142 m²,https://www.property24.com/to-rent/sea-point/cape-town/western-cape/11021/115703409,https://www.property24.com/to-rent/cape-town/western-cape/432/p49?PropertyCategory=House%2cApartmentOrFlat%2cTownhouse,2026-02-09 12:25:16.234283,"- 3 Bedrooms
- 2 Bathrooms
- 1 Parking bay (on availability)
- Brand new / Recently ...",321142 m²,1,142 m²,,
3 Bedroom House,R 55 000,55000,ZAR,Kirstenhof,,3,2,2,720 m²,https://www.property24.com/to-rent/kirstenhof/cape-town/western-cape/10178/116766915,https://www.property24.com/to-rent/cape-town/western-cape/432/p49?PropertyCategory=House%2cApartmentOrFlat%2cTownhouse,2026-02-09 12:25:16.234283,"Open plan house which has been newly renovated in a safe, quiet neighbourhood. As you walk into the house, there is a lounge on your ...",322720 m²,2,720 m²,,
Apartment,R 10 000,10000,ZAR,Rondebosch,25 Main Road,,1,1,,https://www.property24.com/to-rent/rondebosch/cape-town/western-cape/8682/113825101,https://www.property24.com/to-rent/cape-town/western-cape/432/p49?PropertyCategory=House%2cApartmentOrFlat%2cTownhouse,2026-02-09 12:25:16.234283,Modern Studio Apartment with amazing views located on the Main Road of Rondebosch. ...,11,1,,,
1 Bedroom Apartment,POA,,,Camps Bay,,1,1,,,https://www.property24.com/to-rent/camps-bay/cape-town/western-cape/11014/111715648,https://www.property24.com/to-rent/cape-town/western-cape/432/p50?PropertyCategory=House%2cApartmentOrFlat%2cTownhouse,2026-02-09 12:25:16.234283,"*Please note that this property is available on short term rentals and has a three night minimum stay, please enquire on the daily rate ...",11,1,,,
2 Bedroom Apartment,R 10 500,10500,ZAR,Ottery,,2,2,1,,https://www.property24.com/to-rent/ottery/cape-town/western-cape/10090/116822340,https://www.property24.com/to-rent/cape-town/western-cape/432/p50?PropertyCategory=House%2cApartmentOrFlat%2cTownhouse,2026-02-09 12:25:16.234283,"Qualify for selected pre-let apartments from only R10 500 per month and enjoy the following:


- STAY SAFE
24-hour manned security ...",221,1,,,
2 Bedroom Apartment,R 38 000,38000,ZAR,De Waterkant,Green Point,2,2,2,,https://www.property24.com/to-rent/de-waterkant/cape-town/western-cape/9141/116820150,https://www.property24.com/to-rent/cape-town/western-cape/432/p50?PropertyCategory=House%2cApartmentOrFlat%2cTownhouse,2026-02-09 12:25:16.234283,"PENTHOUSE APARTMENT WITH SPECTACULAR VIEWS
NO AGENTS PLEASE
NO SHORT TERM LETS
Only ...",222,2,,,
2 Bedroom Apartment,R 17 000,17000,ZAR,Plumstead,,2,1.5,2,,https://www.property24.com/to-rent/plumstead/cape-town/western-cape/10094/116819194,https://www.property24.com/to-rent/cape-town/western-cape/432/p50?PropertyCategory=House%2cApartmentOrFlat%2cTownhouse,2026-02-09 12:25:16.234283,"Modern 2-Bedroom Apartment with Private Courtyard in Plumstead, Cape Town! 

Welcome to your new home in the heart of Plumstead, Cape ...",21.52,2,,,
1 Bedroom Apartment,R 25 000,25000,ZAR,Oranjezicht,,1,10,1,50 m²,https://www.property24.com/to-rent/oranjezicht/cape-town/western-cape/9155/116864679,https://www.property24.com/to-rent/cape-town/western-cape/432/p50?PropertyCategory=House%2cApartmentOrFlat%2cTownhouse,2026-02-09 12:25:16.234283,"Luxury Loft Apartment To Rent in Oranjezicht

Discover refined city living in this one bedroom loft apartment ideally located in ...",110150 m²,1,50 m²,,
4 Bedroom House,R 130 000,130000,ZAR,Belle Constantia,,4,4,2,,https://www.property24.com/to-rent/belle-constantia/cape-town/western-cape/16246/116835250,https://www.property24.com/to-rent/cape-town/western-cape/432/p50?PropertyCategory=House%2cApartmentOrFlat%2cTownhouse,2026-02-09 12:25:16.234283,"This exceptional, newly built home is available for rental in the prestigious Willow Road, Belle Constantia. The property offers four ...",442,2,,,
3 Bedroom House,R 15 000,15000,ZAR,Crawford,,3,2,3,,https://www.property24.com/to-rent/crawford/cape-town/western-cape/8787/111185369,https://www.property24.com/to-rent/cape-town/western-cape/432/p50?PropertyCategory=House%2cApartmentOrFlat%2cTownhouse,2026-02-09 12:25:16.234283,"This home offers 3 bedrooms with built in cupboards 
main ensuitt bathroom 
Family bathroom. 
Lounge with separate diningroom which ...",323,3,,,
2 Bedroom House,R 55 000,55000,ZAR,Green Point,,2,2,,220 m²,https://www.property24.com/to-rent/green-point/cape-town/western-cape/11017/116790952,https://www.property24.com/to-rent/cape-town/western-cape/432/p50?PropertyCategory=House%2cApartmentOrFlat%2cTownhouse,2026-02-09 12:25:16.234283,"[ Available: 1 March 2026 – 30 November 2026]

This luxury, fully furnished 2-bedroom, 2.5-bathroom duplex house is ideally located ...",22220 m²,2,220 m²,,
1 Bedroom Apartment,R 13 500,13500,ZAR,Gardens,,1,1,1,46 m²,https://www.property24.com/to-rent/gardens/cape-town/western-cape/9145/106805027,https://www.property24.com/to-rent/cape-town/western-cape/432/p50?PropertyCategory=House%2cApartmentOrFlat%2cTownhouse,2026-02-09 12:25:16.234283,"Situated at the popular Wembley Square and close to Virgin Active with trendy bars and restaurants, 
this 4th floor 1 bedroom ...",11146 m²,1,46 m²,,
2 Bedroom Apartment,R 75 000,75000,ZAR,Llandudno,,2,2,,,https://www.property24.com/to-rent/llandudno/cape-town/western-cape/9118/116832136,https://www.property24.com/to-rent/cape-town/western-cape/432/p50?PropertyCategory=House%2cApartmentOrFlat%2cTownhouse,2026-02-09 12:25:16.234283,"Available from: 3 March- 30 November ‘26

This spacious penthouse is set in a secure and tranquil property in Llandudno, offering ...",22,2,,,
0.5 Bedroom Apartment,R 20 000,20000,ZAR,Cape Town City Centre,,0.5,1,,,https://www.property24.com/to-rent/cape-town-city-centre/cape-town/western-cape/9138/116862781,https://www.property24.com/to-rent/cape-town/western-cape/432/p50?PropertyCategory=House%2cApartmentOrFlat%2cTownhouse,2026-02-09 12:25:16.234283,"This fully furnished studio apartment offers a comfortable open-plan layout, featuring a kitchen, lounge area, and 1 bathroom, ideal ...",0.51,1,,,
2 Bedroom Apartment,R 17 000,17000,ZAR,Plumstead,,2,1.5,2,,https://www.property24.com/to-rent/plumstead/cape-town/western-cape/10094/116765224,https://www.property24.com/to-rent/cape-town/western-cape/432/p50?PropertyCategory=House%2cApartmentOrFlat%2cTownhouse,2026-02-09 12:25:16.234283,"Modern 2-Bedroom Apartment with Private Courtyard in Plumstead, Cape Town! 

Welcome to your new home in the heart of Plumstead, Cape ...",21.52,2,,,
1 Bedroom Apartment,R 24 900,24900,ZAR,Sea Point,,1,1,1,34 m²,https://www.property24.com/to-rent/sea-point/cape-town/western-cape/11021/116779528,https://www.property24.com/to-rent/cape-town/western-cape/432/p50?PropertyCategory=House%2cApartmentOrFlat%2cTownhouse,2026-02-09 12:25:16.234283,"Occupation date with immediate effect. 

Step into the perfect blend of style, comfort, and coastal living in this chic one-bedroom ...",11134 m²,1,34 m²,,
1 Bedroom Apartment,R 24 500,24500,ZAR,Cape Town City Centre,"1301 Cartwright's Corner, 100 Longmarket Street",1,1,1,83 m²,https://www.property24.com/to-rent/cape-town-city-centre/cape-town/western-cape/9138/116777687,https://www.property24.com/to-rent/cape-town/western-cape/432/p50?PropertyCategory=House%2cApartmentOrFlat%2cTownhouse,2026-02-09 12:25:16.234283,"Semi-Furnished one-bedroom apartment in Cartwrights Corner, right in the CBD. 
Open-plan ...",11183 m²,1,83 m²,,
1 Bedroom Apartment,R 38 000,38000,ZAR,Waterfront,,1,1,1,65 m²,https://www.property24.com/to-rent/waterfront/cape-town/western-cape/9169/116858650,https://www.property24.com/to-rent/cape-town/western-cape/432/p50?PropertyCategory=House%2cApartmentOrFlat%2cTownhouse,2026-02-09 12:25:16.234283,Luxury meets location: Cape Town's premier new Waterfront development: 5 Dock Road. This spectacular one bed is available ...,11165 m²,1,65 m²,,
2 Bedroom Apartment,R 35 000,35000,ZAR,Sea Point,,2,2,1,67 m²,https://www.property24.com/to-rent/sea-point/cape-town/western-cape/11021/116815046,https://www.property24.com/to-rent/cape-town/western-cape/432/p50?PropertyCategory=House%2cApartmentOrFlat%2cTownhouse,2026-02-09 12:25:16.234283,"Discover modern urban living in this stylish two-bedroom, two-bathroom furnished apartment available for rent in the vibrant coastal ...",22167 m²,1,67 m²,,
3 Bedroom Apartment,R 55 000,55000,ZAR,Sea Point,,3,2,1,125 m²,https://www.property24.com/to-rent/sea-point/cape-town/western-cape/11021/116095265,https://www.property24.com/to-rent/cape-town/western-cape/432/p50?PropertyCategory=House%2cApartmentOrFlat%2cTownhouse,2026-02-09 12:25:16.234283,"The apartment, located in Mimosa Court in Sea Point's Beach Road, offers three bedrooms with double beds, a fully furnished ...",321125 m²,1,125 m²,,
2 Bedroom Apartment,R 11 000,11000,ZAR,Ottery,Becott Road Ottery,2,1,1,,https://www.property24.com/to-rent/ottery/cape-town/western-cape/10090/116856460,https://www.property24.com/to-rent/cape-town/western-cape/432/p50?PropertyCategory=House%2cApartmentOrFlat%2cTownhouse,2026-02-09 12:25:16.234283,2 Bedroom ground floor flat. Ideal for a couple with or without children..Close to ...,211,1,,,
7 Bedroom House,R 170 000,170000,ZAR,Constantia,,7,9,6,5 000 m²,https://www.property24.com/to-rent/constantia/cape-town/western-cape/11742/116771034,https://www.property24.com/to-rent/cape-town/western-cape/432/p50?PropertyCategory=House%2cApartmentOrFlat%2cTownhouse,2026-02-09 12:25:16.234283,What an unexpected surprise - perched on a hill with a bird's eye view of Constantia this completely private beautifully designed ...,7965 000 m²,6,5 000 m²,,
1 Bedroom House,R 14 000,14000,ZAR,Newlands,Cedar Road,1,1,3,600 m²,https://www.property24.com/to-rent/newlands/cape-town/western-cape/8679/115997264,https://www.property24.com/to-rent/cape-town/western-cape/432/p50?PropertyCategory=House%2cApartmentOrFlat%2cTownhouse,2026-02-09 12:25:16.234283,"One fully furnished ensuite on the first floor, occupying the whole floor in a 4-bedroom ...",113600 m²,3,600 m²,,
3 Bedroom House,R 5 500,5500,ZAR,Salt River,,3,1.5,,,https://www.property24.com/to-rent/salt-river/cape-town/western-cape/10158/116846105,https://www.property24.com/to-rent/cape-town/western-cape/432/p50?PropertyCategory=House%2cApartmentOrFlat%2cTownhouse,2026-02-09 12:25:16.234283,"Affordable & Secure Student Digs in Salt River | R5,500 p.p. | All-Inclusive

Looking for the perfect student base in Cape Town? ...",31.5,1.5,,,
Apartment,R 13 000,13000,ZAR,Cape Town City Centre,,,1,,35 m²,https://www.property24.com/to-rent/cape-town-city-centre/cape-town/western-cape/9138/116892397,https://www.property24.com/to-rent/cape-town/western-cape/432/p51?PropertyCategory=House%2cApartmentOrFlat%2cTownhouse,2026-02-09 12:25:16.234283,"Unfurnished Studio Apartment situated in the desirable The Tokyo development, City Centre

Located in the heart of Cape Town City ...",135 m²,1,35 m²,,
3 Bedroom Apartment,R 55 000,55000,ZAR,Llandudno,,3,3,1,,https://www.property24.com/to-rent/llandudno/cape-town/western-cape/9118/115976163,https://www.property24.com/to-rent/cape-town/western-cape/432/p51?PropertyCategory=House%2cApartmentOrFlat%2cTownhouse,2026-02-09 12:25:16.234283,"Available from 1 March - 31 October 2026, this beautifully furnished 3-bedroom flatlet is just a one-minute walk from the iconic ...",331,1,,,
1 Bedroom Apartment,R 22 000,22000,ZAR,Cape Town City Centre,,1,1,,,https://www.property24.com/to-rent/cape-town-city-centre/cape-town/western-cape/9138/116823237,https://www.property24.com/to-rent/cape-town/western-cape/432/p51?PropertyCategory=House%2cApartmentOrFlat%2cTownhouse,2026-02-09 12:25:16.234283,Live where Cape Town happens. This fully furnished 1 bedroom apartment in the CBD is the perfect lock up and go for anyone who wants ...,11,1,,,
3 Bedroom Townhouse,R 180 000,180000,ZAR,Bantry Bay,,3,3,1,405 m²,https://www.property24.com/to-rent/bantry-bay/cape-town/western-cape/11013/116804986,https://www.property24.com/to-rent/cape-town/western-cape/432/p51?PropertyCategory=House%2cApartmentOrFlat%2cTownhouse,2026-02-09 12:25:16.234283,"Experience exceptional coastal living, an exclusive four-level luxury villa located in the heart of sought-after Bantry Bay. Positioned ...",331405 m²,1,405 m²,,
House,R 16 500,16500,ZAR,Bergvliet,5 Children's Way,,1,,,https://www.property24.com/to-rent/bergvliet/cape-town/western-cape/10189/116749185,https://www.property24.com/to-rent/cape-town/western-cape/432/p51?PropertyCategory=House%2cApartmentOrFlat%2cTownhouse,2026-02-09 12:25:16.234283,"Professional Office Space to Let – Bergvliet Central

A well-positioned business ...",1,1,,,
1 Bedroom Apartment,R 20 000,20000,ZAR,Camps Bay,"8 Dal Road, Camps Bay",1,1,,27 m²,https://www.property24.com/to-rent/camps-bay/cape-town/western-cape/11014/116819456,https://www.property24.com/to-rent/cape-town/western-cape/432/p51?PropertyCategory=House%2cApartmentOrFlat%2cTownhouse,2026-02-09 12:25:16.234283,"Unfurnished Studio Apartment in Camps Bay

This beautifully renovated studio apartment ...",1127 m²,1,27 m²,,
6 Bedroom House,R 25 000,25000,ZAR,Vanguard,,6,1,3,,https://www.property24.com/to-rent/vanguard/cape-town/western-cape/8766/116828894,https://www.property24.com/to-rent/cape-town/western-cape/432/p51?PropertyCategory=House%2cApartmentOrFlat%2cTownhouse,2026-02-09 12:25:16.234283,Looking for a spacious place to call home in Cape Town? This lovely rental property in Vanguard offers plenty of room with six bedrooms ...,613,3,,,
Apartment,R 13 000,13000,ZAR,Cape Town City Centre,,,1,,35 m²,https://www.property24.com/to-rent/cape-town-city-centre/cape-town/western-cape/9138/116859051,https://www.property24.com/to-rent/cape-town/western-cape/432/p51?PropertyCategory=House%2cApartmentOrFlat%2cTownhouse,2026-02-09 12:25:16.234283,"Unfurnished Studio Apartment situated in the desirable The Tokyo development, City Centre

Located in the heart of Cape Town City ...",135 m²,1,35 m²,,
2 Bedroom Apartment,R 9 750,9750,ZAR,Ottery,19 Wilkinston,2,1,1,,https://www.property24.com/to-rent/ottery/cape-town/western-cape/10090/116626402,https://www.property24.com/to-rent/cape-town/western-cape/432/p51?PropertyCategory=House%2cApartmentOrFlat%2cTownhouse,2026-02-09 12:25:16.234283,"Discover modern comfort living in this brand-new development at Knole Park, Ottery ...",211,1,,,
2 Bedroom Apartment,R 17 000,17000,ZAR,Claremont,293 Main Rd,2,1,1,80 m²,https://www.property24.com/to-rent/claremont/cape-town/western-cape/11741/116405576,https://www.property24.com/to-rent/cape-town/western-cape/432/p51?PropertyCategory=House%2cApartmentOrFlat%2cTownhouse,2026-02-09 12:25:16.234283,Newly renovated 3rd floor 2 bedroom flat with newly refurbed bathroom and flooring. ...,21180 m²,1,80 m²,,
1 Bedroom House,R 10 500,10500,ZAR,Claremont,,1,1,1,,https://www.property24.com/to-rent/claremont/cape-town/western-cape/11741/116857408,https://www.property24.com/to-rent/cape-town/western-cape/432/p51?PropertyCategory=House%2cApartmentOrFlat%2cTownhouse,2026-02-09 12:25:16.234283,"- Beautifully furnished bachelor flatlet
- Water is included in the rental
- Pre-paid electricity
- Parking space in driveway
- Use of ...",111,1,,,
2 Bedroom Apartment,R 30 000,30000,ZAR,Sea Point,261 Highlevel Rd,2,2,1,92 m²,https://www.property24.com/to-rent/sea-point/cape-town/western-cape/11021/116788168,https://www.property24.com/to-rent/cape-town/western-cape/432/p51?PropertyCategory=House%2cApartmentOrFlat%2cTownhouse,2026-02-09 12:25:16.234283,Beautiful apartment on top floor of building.,22192 m²,1,92 m²,,
5 Bedroom Apartment,R 4 000,4000,ZAR,Belhar,58 Tulbach Cres,5,2,1,45 m²,https://www.property24.com/to-rent/belhar/cape-town/western-cape/8132/116760017,https://www.property24.com/to-rent/cape-town/western-cape/432/p51?PropertyCategory=House%2cApartmentOrFlat%2cTownhouse,2026-02-09 12:25:16.234283,"Private Students & Private Tenants Welcome.
1 Single room for R4000
1 Single ...",52145 m²,1,45 m²,,
2 Bedroom Apartment,R 8 500,8500,ZAR,Vanguard,,2,1,1,44 m²,https://www.property24.com/to-rent/vanguard/cape-town/western-cape/8766/116864889,https://www.property24.com/to-rent/cape-town/western-cape/432/p51?PropertyCategory=House%2cApartmentOrFlat%2cTownhouse,2026-02-09 12:25:16.234283,"2 bedroom first floor apartment available in well run secure complex. Apartment is in a quiet block.

The property is ideally suited ...",21144 m²,1,44 m²,,
2 Bedroom Apartment,R 14 750,14750,ZAR,Kenilworth,,2,1,,68 m²,https://www.property24.com/to-rent/kenilworth/cape-town/western-cape/8669/116764072,https://www.property24.com/to-rent/cape-town/western-cape/432/p51?PropertyCategory=House%2cApartmentOrFlat%2cTownhouse,2026-02-09 12:25:16.234283,"Discover stylish, low-maintenance living in this sleek unfurnished 2 bedroom apartment, perfectly suited for young professionals who ...",2168 m²,1,68 m²,,
4 Bedroom Townhouse,R 45 000,45000,ZAR,Rosebank,,4,2.5,3,163 m²,https://www.property24.com/to-rent/rosebank/cape-town/western-cape/8683/116841176,https://www.property24.com/to-rent/cape-town/western-cape/432/p51?PropertyCategory=House%2cApartmentOrFlat%2cTownhouse,2026-02-09 12:25:16.234283,This well-maintained townhouse has been tenanted for the past five years and is now undergoing a full refresh. Bathrooms upgraded. New ...,42.53163 m²,3,163 m²,,
2 Bedroom Apartment,R 19 950,19950,ZAR,Observatory,,2,2,1,,https://www.property24.com/to-rent/observatory/cape-town/western-cape/10157/116828424,https://www.property24.com/to-rent/cape-town/western-cape/432/p51?PropertyCategory=House%2cApartmentOrFlat%2cTownhouse,2026-02-09 12:25:16.234283,"- 2 spacious bedrooms with built in cupboards (1 with en-suite bathroom)
- Separate additional bathroom with shower, toilet & ...",221,1,,,
3 Bedroom House,R 6 500,6500,ZAR,Athlone,,3,1,2,,https://www.property24.com/to-rent/athlone/cape-town/western-cape/8734/116865935,https://www.property24.com/to-rent/cape-town/western-cape/432/p51?PropertyCategory=House%2cApartmentOrFlat%2cTownhouse,2026-02-09 12:25:16.234283,"House Share

Newly renovated  3 bedroom home offering large rooms in a shared house, ideal for single individuals looking for a ...",312,2,,,
2 Bedroom Apartment,R 25 000,25000,ZAR,Observatory,,2,2,2,,https://www.property24.com/to-rent/observatory/cape-town/western-cape/10157/116816130,https://www.property24.com/to-rent/cape-town/western-cape/432/p51?PropertyCategory=House%2cApartmentOrFlat%2cTownhouse,2026-02-09 12:25:16.234283,"Spacious 2 Bedroom Apartment situated in The Westwood development, Observatory

Open plan kitchen with UCO, HOB and Extractor ...",222,2,,,
0.5 Bedroom Apartment,R 16 000,16000,ZAR,Salt River,"Urban Artisan, 22 Salt River Rd, Woodstock, Cape Town, 7925",0.5,0.5,1,,https://www.property24.com/to-rent/salt-river/cape-town/western-cape/10158/116814225,https://www.property24.com/to-rent/cape-town/western-cape/432/p51?PropertyCategory=House%2cApartmentOrFlat%2cTownhouse,2026-02-09 12:25:16.234283,"Enjoy a stylish experience at this centrally-located place.
Newly upgraded Studio in ...",0.50.51,1,,,
2 Bedroom Apartment,POA,,,Camps Bay,,2,2,2,,https://www.property24.com/to-rent/camps-bay/cape-town/western-cape/11014/116823335,https://www.property24.com/to-rent/cape-town/western-cape/432/p51?PropertyCategory=House%2cApartmentOrFlat%2cTownhouse,2026-02-09 12:25:16.234283,"Long or short term Rental Option
Set high above the coastline in the quiet, sought-after enclave of Upper Camps Bay, this beautifully ...",222,2,,,
5 Bedroom House,R 50 000per day,50000,ZAR,Bantry Bay,,5,5,2,609 m²,https://www.property24.com/to-rent/bantry-bay/cape-town/western-cape/11013/116825889,https://www.property24.com/to-rent/cape-town/western-cape/432/p52?PropertyCategory=House%2cApartmentOrFlat%2cTownhouse,2026-02-09 12:25:16.234283,"Enquire now! Luxury Holiday Lets: 1-8th February 2026; 13th -26th February 2026; 8th March onwards.
Orcha Villa, designed by renowned ...",552609 m²,2,609 m²,,per day
Apartment,R 18 000,18000,ZAR,Green Point,,,1,1,40 m²,https://www.property24.com/to-rent/green-point/cape-town/western-cape/11017/116794716,https://www.property24.com/to-rent/cape-town/western-cape/432/p52?PropertyCategory=House%2cApartmentOrFlat%2cTownhouse,2026-02-09 12:25:16.234283,"Beautiful furnished studio apartment is available for long term rental from 1 March 2026.

It includes a secure underground parking. ...",1140 m²,1,40 m²,,
3 Bedroom House,R 32 000,32000,ZAR,Rondebosch,,3,2,4,447 m²,https://www.property24.com/to-rent/rondebosch/cape-town/western-cape/8682/116792666,https://www.property24.com/to-rent/cape-town/western-cape/432/p52?PropertyCategory=House%2cApartmentOrFlat%2cTownhouse,2026-02-09 12:25:16.234283,"Lovely Spacious 3 Bedroom House for rent in Sought After Silver Mile Rondebosch!

Situated in the highly sought-after suburb of ...",324447 m²,4,447 m²,,
2 Bedroom Apartment,R 52 000,52000,ZAR,Green Point,,2,2,2,,https://www.property24.com/to-rent/green-point/cape-town/western-cape/11017/116836748,https://www.property24.com/to-rent/cape-town/western-cape/432/p52?PropertyCategory=House%2cApartmentOrFlat%2cTownhouse,2026-02-09 12:25:16.234283,"Fully furnished 2 bedroom, 2 bathroom apartment at the popular building, Chelsea on Main.
Long term lease 12 months starting 1 ...",222,2,,,
4 Bedroom House,R 75 000,75000,ZAR,Oranjezicht,6 Rugby Road,4,3,2,1 000 m²,https://www.property24.com/to-rent/oranjezicht/cape-town/western-cape/9155/114216844,https://www.property24.com/to-rent/cape-town/western-cape/432/p52?PropertyCategory=House%2cApartmentOrFlat%2cTownhouse,2026-02-09 12:25:16.234283,"Large family home with large enclosed garden, sea views, high up in the avenues. ...",4321 000 m²,2,1 000 m²,,
Apartment,R 8 000,8000,ZAR,Sea Point,,,1,,,https://www.property24.com/to-rent/sea-point/cape-town/western-cape/11021/116894931,https://www.property24.com/to-rent/cape-town/western-cape/432/p52?PropertyCategory=House%2cApartmentOrFlat%2cTownhouse,2026-02-09 12:25:16.234283,"Ground  Floor, Spacious Bachelor (BIC) apartment on Beach Road in Sea Point
Walking distance to beach
Kitchen and Bathroom (shower ...",1,1,,,
1 Bedroom Apartment,R 9 000,9000,ZAR,Diep River,,1,1,,,https://www.property24.com/to-rent/diep-river/cape-town/western-cape/10195/116861432,https://www.property24.com/to-rent/cape-town/western-cape/432/p52?PropertyCategory=House%2cApartmentOrFlat%2cTownhouse,2026-02-09 12:25:16.234283,"Available immediately: Secure your spot in the popular The Villas at Musgrave Park with this immaculate, modern ground-floor ...",11,1,,,
Apartment,R 24 500,24500,ZAR,Mouille Point,37 Beach Road,,1,,43 m²,https://www.property24.com/to-rent/mouille-point/cape-town/western-cape/11018/109925521,https://www.property24.com/to-rent/cape-town/western-cape/432/p52?PropertyCategory=House%2cApartmentOrFlat%2cTownhouse,2026-02-09 12:25:16.234283,AVAILABLE from 22 March 2026 for month-to-month or longer rental. FULLY FURNISHED at R ...,143 m²,1,43 m²,,
5 Bedroom House,R 120 000,120000,ZAR,Constantia,,5,4.5,6,4 300 m²,https://www.property24.com/to-rent/constantia/cape-town/western-cape/11742/116782050,https://www.property24.com/to-rent/cape-town/western-cape/432/p52?PropertyCategory=House%2cApartmentOrFlat%2cTownhouse,2026-02-09 12:25:16.234283,"5 Bedroom Renovation House in Constantia

CURRENTLY under massive renovations and is scheduled to be completed in time for occupation ...",54.564 300 m²,6,4 300 m²,,
1 Bedroom Apartment,R 19 200,19200,ZAR,Cape Town City Centre,,1,1,1,51 m²,https://www.property24.com/to-rent/cape-town-city-centre/cape-town/western-cape/9138/116281419,https://www.property24.com/to-rent/cape-town/western-cape/432/p52?PropertyCategory=House%2cApartmentOrFlat%2cTownhouse,2026-02-09 12:25:16.234283,"Modern Semi-Furnished Studio Apartment at West Side Studios – With Parking & WiFi
Welcome to West Side Studios, where contemporary ...",11151 m²,1,51 m²,,
4 Bedroom House,R 37 000,37000,ZAR,Pinelands,,4,4,3,,https://www.property24.com/to-rent/pinelands/cape-town/western-cape/8017/116745618,https://www.property24.com/to-rent/cape-town/western-cape/432/p52?PropertyCategory=House%2cApartmentOrFlat%2cTownhouse,2026-02-09 12:25:16.234283,"Beautiful, well-maintained, wood-floored, 4- bedroom family house in very safe friendly neighbourhood. Large much-loved mature garden ...",443,3,,,
2 Bedroom Apartment,R 17 500,17500,ZAR,Claremont,,2,2,2,,https://www.property24.com/to-rent/claremont/cape-town/western-cape/11741/116850676,https://www.property24.com/to-rent/cape-town/western-cape/432/p52?PropertyCategory=House%2cApartmentOrFlat%2cTownhouse,2026-02-09 12:25:16.234283,"Enjoy comfortable, secure living in this bright and welcoming 2-bedroom, 2-bathroom apartment in the sought-after Claremont complex. ...",222,2,,,
1 Bedroom Apartment,R 13 000,13000,ZAR,Pinelands,,1,1,1,,https://www.property24.com/to-rent/pinelands/cape-town/western-cape/8017/116890024,https://www.property24.com/to-rent/cape-town/western-cape/432/p52?PropertyCategory=House%2cApartmentOrFlat%2cTownhouse,2026-02-09 12:25:16.234283,"FURNISHED STUDIO 65M ONE BEDROOM STYLE COTTAGE PINELANDS CAPE TOWN HOME
This is for single occupancy  - safe peaceful area of central ...",111,1,,,
2 Bedroom Apartment,R 17 500,17500,ZAR,Claremont,,2,1,2,76 m²,https://www.property24.com/to-rent/claremont/cape-town/western-cape/11741/116771860,https://www.property24.com/to-rent/cape-town/western-cape/432/p52?PropertyCategory=House%2cApartmentOrFlat%2cTownhouse,2026-02-09 12:25:16.234283,"Spacious unfurnished two-bedroom, one-bathroom apartment to rent at The Claremont. 

The kitchen is fitted with a built-in oven and ...",21276 m²,2,76 m²,,
2 Bedroom Apartment,R 21 000,21000,ZAR,Salt River,13 Shelley Rd,2,2,1,95 m²,https://www.property24.com/to-rent/salt-river/cape-town/western-cape/10158/116788838,https://www.property24.com/to-rent/cape-town/western-cape/432/p52?PropertyCategory=House%2cApartmentOrFlat%2cTownhouse,2026-02-09 12:25:16.234283,"Stunning Semi-Furnished 2-Bedroom Apartment in a Secure Complex

Located in a ...",22195 m²,1,95 m²,,
2 Bedroom Apartment,R 17 000,17000,ZAR,Cape Town City Centre,46 Buitenkant St,2,2,,46 m²,https://www.property24.com/to-rent/cape-town-city-centre/cape-town/western-cape/9138/115927320,https://www.property24.com/to-rent/cape-town/western-cape/432/p52?PropertyCategory=House%2cApartmentOrFlat%2cTownhouse,2026-02-09 12:25:16.234283,"Cosy 2-Bedroom Apartment for rent 
The Square Apartments, Cape Town CBD
Pool & gym ...",2246 m²,2,46 m²,,
2 Bedroom Apartment,R 21 000,21000,ZAR,Salt River,13 Shelley Rd,2,2,1,95 m²,https://www.property24.com/to-rent/salt-river/cape-town/western-cape/10158/116666616,https://www.property24.com/to-rent/cape-town/western-cape/432/p52?PropertyCategory=House%2cApartmentOrFlat%2cTownhouse,2026-02-09 12:25:16.234283,"Stunning Semi-Furnished 2-Bedroom Apartment in a Secure Complex

Located in a ...",22195 m²,1,95 m²,,
3 Bedroom Apartment,R 24 000,24000,ZAR,Rondebosch,,3,1,2,,https://www.property24.com/to-rent/rondebosch/cape-town/western-cape/8682/116721309?plId=2315465&plt=4,https://www.property24.com/to-rent/cape-town/western-cape/432/p52?PropertyCategory=House%2cApartmentOrFlat%2cTownhouse,2026-02-09 12:25:16.234283,"This spacious, three-bedroom apartment, offering 127 square meters of living space, presents an excellent rental opportunity. Ideally located within walking distance of the University of Cape Town (UCT), it’s perfect for students seeking convenience and comfort.

Don't ...",312,2,,,
1 Bedroom House,R 6 000,6000,ZAR,Belhar,,1,1,1,80 m²,https://www.property24.com/to-rent/belhar/cape-town/western-cape/8132/116576963,https://www.property24.com/to-rent/cape-town/western-cape/432/p52?PropertyCategory=House%2cApartmentOrFlat%2cTownhouse,2026-02-09 12:25:16.234283,"Single room available for a female in a three bedroom apartment@ Belhar Lofts
Rent is R6000pm ,deposit R8000
Single room available in a ...",11180 m²,1,80 m²,,
1 Bedroom Apartment,R 12 000,12000,ZAR,Constantia,,1,1,1,,https://www.property24.com/to-rent/constantia/cape-town/western-cape/11742/116865108,https://www.property24.com/to-rent/cape-town/western-cape/432/p52?PropertyCategory=House%2cApartmentOrFlat%2cTownhouse,2026-02-09 12:25:16.234283,"Bright and sunny, private Batchelor cottage forms the back section on the grounds of the main property with total separate ...",111,1,,,
2 Bedroom Apartment,R 18 000,18000,ZAR,Kenilworth,,2,1,1,,https://www.property24.com/to-rent/kenilworth/cape-town/western-cape/8669/113884076,https://www.property24.com/to-rent/cape-town/western-cape/432/p52?PropertyCategory=House%2cApartmentOrFlat%2cTownhouse,2026-02-09 12:25:16.234283,"Nestled in the charming community of Kenilworth, this 2-bedroom furnished apartment offers a perfect blend of comfort and convenience. ...",211,1,,,
3 Bedroom House,R 25 000,25000,ZAR,Plumstead,,3,3,3,496 m²,https://www.property24.com/to-rent/plumstead/cape-town/western-cape/10094/116834971,https://www.property24.com/to-rent/cape-town/western-cape/432/p53?PropertyCategory=House%2cApartmentOrFlat%2cTownhouse,2026-02-09 12:25:16.234283,"This charming standalone house in Plumstead, Cape Town, offers a spacious living environment with a generous floor size of 200m² ...",333496 m²,3,496 m²,,
1 Bedroom Apartment,R 18 500,18500,ZAR,Cape Town City Centre,Corner Of Wale & Burg St,1,1,1,70 m²,https://www.property24.com/to-rent/cape-town-city-centre/cape-town/western-cape/9138/114602936,https://www.property24.com/to-rent/cape-town/western-cape/432/p53?PropertyCategory=House%2cApartmentOrFlat%2cTownhouse,2026-02-09 12:25:16.234283,"FABULOUS  ICONIC MANDELA RHODES PLACE

One bedroom furnished with garage and pool and ...",11170 m²,1,70 m²,,
1 Bedroom Apartment,R 14 500,14500,ZAR,Zonnebloem,"1001 Four Seasons, 43 Buitenkant Street",1,1,1,41 m²,https://www.property24.com/to-rent/zonnebloem/cape-town/western-cape/10166/116288492,https://www.property24.com/to-rent/cape-town/western-cape/432/p53?PropertyCategory=House%2cApartmentOrFlat%2cTownhouse,2026-02-09 12:25:16.234283,"Available 1 March 2026 for 12 Months. 

Situated in the heart of Cape Town’s vibrant ...",11141 m²,1,41 m²,,
5 Bedroom Apartment,R 180 000,180000,ZAR,Fresnaye,,5,5.5,4,452 m²,https://www.property24.com/to-rent/fresnaye/cape-town/western-cape/11016/116827368,https://www.property24.com/to-rent/cape-town/western-cape/432/p53?PropertyCategory=House%2cApartmentOrFlat%2cTownhouse,2026-02-09 12:25:16.234283,"A singular symphony of glass, concrete, and perfectly curated architectural lines, set against the ever-changing canvas of the Atlantic ...",55.54452 m²,4,452 m²,,
2 Bedroom Apartment,R 24 000,24000,ZAR,Claremont Upper,1 Bath Road,2,1.5,2,,https://www.property24.com/to-rent/claremont-upper/cape-town/western-cape/14225/116773226,https://www.property24.com/to-rent/cape-town/western-cape/432/p53?PropertyCategory=House%2cApartmentOrFlat%2cTownhouse,2026-02-09 12:25:16.234283,"This apartment is set in a beautiful garden oasis.
The unit is furnished.
Close to ...",21.52,2,,,
2 Bedroom Apartment,R 50 000,50000,ZAR,Sea Point,,2,3,2,,https://www.property24.com/to-rent/sea-point/cape-town/western-cape/11021/116695040,https://www.property24.com/to-rent/cape-town/western-cape/432/p53?PropertyCategory=House%2cApartmentOrFlat%2cTownhouse,2026-02-09 12:25:16.234283,"2 Bedrooms | Unfurnished | Available from 1 April across from Pavilion Pools!

Positioned in the sought-after Clarensville building ...",232,2,,,
4 Bedroom House,R 9 300,9300,ZAR,Observatory,Rochester Road,4,2,1,,https://www.property24.com/to-rent/observatory/cape-town/western-cape/10157/116859484,https://www.property24.com/to-rent/cape-town/western-cape/432/p53?PropertyCategory=House%2cApartmentOrFlat%2cTownhouse,2026-02-09 12:25:16.234283,3 large bedrooms; 1 medium sized bedroom available in a modern and comfortable recently ...,421,1,,,
1 Bedroom Apartment,R 24 000,24000,ZAR,Green Point,,1,1,1,,https://www.property24.com/to-rent/green-point/cape-town/western-cape/11017/116816742,https://www.property24.com/to-rent/cape-town/western-cape/432/p53?PropertyCategory=House%2cApartmentOrFlat%2cTownhouse,2026-02-09 12:25:16.234283,Step into this modern easy living unit in the heart of Green Point with this stylishly furnished one bedroom apartment in the ever ...,111,1,,,
Apartment,R 9 950,9950,ZAR,Woodstock,445 Albert Road,,,,,https://www.property24.com/to-rent/woodstock/cape-town/western-cape/10164/116379238,https://www.property24.com/to-rent/cape-town/western-cape/432/p53?PropertyCategory=House%2cApartmentOrFlat%2cTownhouse,2026-02-09 12:25:16.234283,"Apartment / Flat to Rent in Woodstock
Modern Accommodation – Safe, Social & ...",,,,,
4 Bedroom House,POAper day,,,Camps Bay,15a Geneva Drive,4,4,1,220 m²,https://www.property24.com/to-rent/camps-bay/cape-town/western-cape/11014/115084095,https://www.property24.com/to-rent/cape-town/western-cape/432/p53?PropertyCategory=House%2cApartmentOrFlat%2cTownhouse,2026-02-09 12:25:16.234283,"Daily rate!
With glorious views and beautifully appointed rooms, this spacious property ...",441220 m²,1,220 m²,,per day
1 Bedroom House,R 8 500,8500,ZAR,Salt River,,1,1,,600 m²,https://www.property24.com/to-rent/salt-river/cape-town/western-cape/10158/116784348,https://www.property24.com/to-rent/cape-town/western-cape/432/p53?PropertyCategory=House%2cApartmentOrFlat%2cTownhouse,2026-02-09 12:25:16.234283,"Situated on Hares Road, Salt River, this stylish and well-maintained shared home is ideally suited to young professionals or single ...",11600 m²,1,600 m²,,
3 Bedroom House,R 21 500,21500,ZAR,Costa Da Gama,,3,2,,,https://www.property24.com/to-rent/costa-da-gama/cape-town/western-cape/13856/116841143,https://www.property24.com/to-rent/cape-town/western-cape/432/p53?PropertyCategory=House%2cApartmentOrFlat%2cTownhouse,2026-02-09 12:25:16.234283,"This stylish and fully furnished three-bedroom, two-bathroom home offers the perfect blend of comfort, security, and coastal living. ...",32,2,,,
2 Bedroom House,R 26 000,26000,ZAR,Bo Kaap,79 Chiappini Street,2,1,2,129 m²,https://www.property24.com/to-rent/bo-kaap/cape-town/western-cape/9136/116760543,https://www.property24.com/to-rent/cape-town/western-cape/432/p53?PropertyCategory=House%2cApartmentOrFlat%2cTownhouse,2026-02-09 12:25:16.234283,"2nd April until 6th May 2026

Situated on the most colourful street in Cape Town and a ...",212129 m²,2,129 m²,,
2 Bedroom Apartment,R 50 000,50000,ZAR,Sea Point,,2,3,2,,https://www.property24.com/to-rent/sea-point/cape-town/western-cape/11021/116821524,https://www.property24.com/to-rent/cape-town/western-cape/432/p53?PropertyCategory=House%2cApartmentOrFlat%2cTownhouse,2026-02-09 12:25:16.234283,"2 Bedrooms | Unfurnished | Available from 1 April across from Pavilion Pools!

Positioned in the sought-after Clarensville building ...",232,2,,,
3 Bedroom House,R 65 000,65000,ZAR,Camps Bay,Penelope Close 6,3,3,2,150 m²,https://www.property24.com/to-rent/camps-bay/cape-town/western-cape/11014/116787741,https://www.property24.com/to-rent/cape-town/western-cape/432/p53?PropertyCategory=House%2cApartmentOrFlat%2cTownhouse,2026-02-09 12:25:16.234283,3 bedroom house with stunning seaviews in quiet cul de sac. pets are welcome.,332150 m²,2,150 m²,,
2 Bedroom Apartment,R 30 000,30000,ZAR,Sea Point,,2,1,1,,https://www.property24.com/to-rent/sea-point/cape-town/western-cape/11021/116810228,https://www.property24.com/to-rent/cape-town/western-cape/432/p53?PropertyCategory=House%2cApartmentOrFlat%2cTownhouse,2026-02-09 12:25:16.234283,"Experience coastal living at its finest in this stunning, fully furnished two-bedroom apartment. Nestled in a highly sought-after ...",211,1,,,
3 Bedroom House,R 25 000,25000,ZAR,Belthorn Estate,,3,4,4,,https://www.property24.com/to-rent/belthorn-estate/cape-town/western-cape/8783/116857263,https://www.property24.com/to-rent/cape-town/western-cape/432/p53?PropertyCategory=House%2cApartmentOrFlat%2cTownhouse,2026-02-09 12:25:16.234283,"Elegant 3-Bedroom Residence in the Serene area of Belthorn Estate

This stunning 3-bedroom home is situated in the peaceful and ...",344,4,,,
2 Bedroom Apartment,R 45 000,45000,ZAR,Sea Point,,2,2,1,,https://www.property24.com/to-rent/sea-point/cape-town/western-cape/11021/116824641,https://www.property24.com/to-rent/cape-town/western-cape/432/p53?PropertyCategory=House%2cApartmentOrFlat%2cTownhouse,2026-02-09 12:25:16.234283,"Stunning, renovated 2-bedroom, 2-bathroom apartment available from 1 March on a 12-month lease in the highly sought-after Wavecrest ...",221,1,,,
3 Bedroom Apartment,R 19 850,19850,ZAR,Kenilworth,,3,1,1,170 m²,https://www.property24.com/to-rent/kenilworth/cape-town/western-cape/8669/116763294,https://www.property24.com/to-rent/cape-town/western-cape/432/p53?PropertyCategory=House%2cApartmentOrFlat%2cTownhouse,2026-02-09 12:25:16.234283,"Available March 1st: Stunning Long-Term Lease Opportunity Unfurnished

Discover the perfect blend of style, space, and tranquility in ...",311170 m²,1,170 m²,,
1 Bedroom Apartment,R 27 500,27500,ZAR,Kalk Bay,26 Godfrey Road,1,1,,,https://www.property24.com/to-rent/kalk-bay/cape-town/western-cape/9067/116810052,https://www.property24.com/to-rent/cape-town/western-cape/432/p53?PropertyCategory=House%2cApartmentOrFlat%2cTownhouse,2026-02-09 12:25:16.234283,"**Discover Coastal Living: Iconic Studio with Breathtaking False Bay Views**

This ...",11,1,,,
0.5 Bedroom Apartment,R 25 000,25000,ZAR,Sea Point,,0.5,1,1,37 m²,https://www.property24.com/to-rent/sea-point/cape-town/western-cape/11021/114293383,https://www.property24.com/to-rent/cape-town/western-cape/432/p53?PropertyCategory=House%2cApartmentOrFlat%2cTownhouse,2026-02-09 12:25:16.234283,"Station House brings you the ultimate match in modern living. 
Station House is the first development of its kind, situated in ...",0.51137 m²,1,37 m²,,
1 Bedroom Apartment,R 38 500,38500,ZAR,Sea Point,,1,1,1,,https://www.property24.com/to-rent/sea-point/cape-town/western-cape/11021/116246606,https://www.property24.com/to-rent/cape-town/western-cape/432/p54?PropertyCategory=House%2cApartmentOrFlat%2cTownhouse,2026-02-09 12:25:16.234283,Experience refined living in one of Bantry Bay most prestigious residential developments. Designed with sophistication and comfort in ...,111,1,,,
1 Bedroom House,R 4 500,4500,ZAR,Observatory,12 Bedford Street,1,2,,30 m²,https://www.property24.com/to-rent/observatory/cape-town/western-cape/10157/114465498,https://www.property24.com/to-rent/cape-town/western-cape/432/p54?PropertyCategory=House%2cApartmentOrFlat%2cTownhouse,2026-02-09 12:25:16.234283,"12 BEDFORD

AVAILABLE from 1st March 2026
Room 1 -  Down/S Cottage
R4500 plus R650 ...",1230 m²,2,30 m²,,
2 Bedroom Apartment,R 60 000,60000,ZAR,Sea Point,,2,2,,,https://www.property24.com/to-rent/sea-point/cape-town/western-cape/11021/112435220,https://www.property24.com/to-rent/cape-town/western-cape/432/p54?PropertyCategory=House%2cApartmentOrFlat%2cTownhouse,2026-02-09 12:25:16.234283,"Stylish 9th floor corner apartment with elegant finishes, open plan lounge/kitchen and dining area. L-shaped balcony accessible from ...",22,2,,,
1 Bedroom Apartment,R 16 500,16500,ZAR,Sea Point,,1,1,,68 m²,https://www.property24.com/to-rent/sea-point/cape-town/western-cape/11021/116889976,https://www.property24.com/to-rent/cape-town/western-cape/432/p54?PropertyCategory=House%2cApartmentOrFlat%2cTownhouse,2026-02-09 12:25:16.234283,"This is a spacious apartment, ideally situated just a few meters from the promenade and within easy reach of the bustling Waterfront. ...",1168 m²,1,68 m²,,
2 Bedroom Apartment,R 55 000,55000,ZAR,Mouille Point,129 Beach Road,2,2,2,154 m²,https://www.property24.com/to-rent/mouille-point/cape-town/western-cape/11018/116740599,https://www.property24.com/to-rent/cape-town/western-cape/432/p54?PropertyCategory=House%2cApartmentOrFlat%2cTownhouse,2026-02-09 12:25:16.234283,Luxurious unit available from 1 February in the highly desirable South Seas apartment ...,222154 m²,2,154 m²,,
5 Bedroom House,R 36 000,36000,ZAR,Claremont,,5,2.5,3,276 m²,https://www.property24.com/to-rent/claremont/cape-town/western-cape/11741/116767188,https://www.property24.com/to-rent/cape-town/western-cape/432/p54?PropertyCategory=House%2cApartmentOrFlat%2cTownhouse,2026-02-09 12:25:16.234283,"This spacious 5-bedroom, double-storey home is located in a secure and well-maintained complex in the heart of Claremont, offering ...",52.53276 m²,3,276 m²,,
3 Bedroom House,POAper day,,,Bakoven,"36 Beta Road, Bakoven, Cape Town",3,3.5,2,120 m²,https://www.property24.com/to-rent/bakoven/cape-town/western-cape/11012/116766677,https://www.property24.com/to-rent/cape-town/western-cape/432/p54?PropertyCategory=House%2cApartmentOrFlat%2cTownhouse,2026-02-09 12:25:16.234283,"Escape to paradise in this breathtaking beach villa in Bakoven, Cape Town!

This ...",33.52120 m²,2,120 m²,,per day
3 Bedroom Townhouse,R 18 500,18500,ZAR,Plumstead,,3,2,2,,https://www.property24.com/to-rent/plumstead/cape-town/western-cape/10094/116839650,https://www.property24.com/to-rent/cape-town/western-cape/432/p54?PropertyCategory=House%2cApartmentOrFlat%2cTownhouse,2026-02-09 12:25:16.234283,"Well positioned within the Six Oaks Complex, this double storey townhouse has been tastefully completed. Spacious living area leads out ...",322,2,,,
2 Bedroom Apartment,R 60 000,60000,ZAR,Camps Bay,,2,2.5,1,,https://www.property24.com/to-rent/camps-bay/cape-town/western-cape/11014/116828353,https://www.property24.com/to-rent/cape-town/western-cape/432/p54?PropertyCategory=House%2cApartmentOrFlat%2cTownhouse,2026-02-09 12:25:16.234283,"Secure luxury living in this stunning 2-bedroom, 2-bathroom unit, complete with a separate guest toilet. 

Enjoy breathtaking views ...",22.51,1,,,
1 Bedroom Apartment,R 50 000,50000,ZAR,De Waterkant,,1,1,1,58 m²,https://www.property24.com/to-rent/de-waterkant/cape-town/western-cape/9141/116801734,https://www.property24.com/to-rent/cape-town/western-cape/432/p54?PropertyCategory=House%2cApartmentOrFlat%2cTownhouse,2026-02-09 12:25:16.234283,"AVAILABLE FROM March 23rd 2026 - OCTOBER 31ST 2026 { POSSIBILTY TO EXTEND } 




This beautifully appointed 58 m² one-bedroom ...",11158 m²,1,58 m²,,
3 Bedroom Apartment,R 26 000,26000,ZAR,Observatory,6 Trill Road,3,2,1,91 m²,https://www.property24.com/to-rent/observatory/cape-town/western-cape/10157/106890850,https://www.property24.com/to-rent/cape-town/western-cape/432/p54?PropertyCategory=House%2cApartmentOrFlat%2cTownhouse,2026-02-09 12:25:16.234283,This Modern Furnished apartment  is available for rent in the in secure block of Madison ...,32191 m²,1,91 m²,,
2 Bedroom Apartment,R 22 500,22500,ZAR,Sea Point,,2,2,,,https://www.property24.com/to-rent/sea-point/cape-town/western-cape/11021/116805079,https://www.property24.com/to-rent/cape-town/western-cape/432/p54?PropertyCategory=House%2cApartmentOrFlat%2cTownhouse,2026-02-09 12:25:16.234283,"This beautiful 2 bedroom, 2 bathroom apartment is available.

This stunning unit is available on a long term lease ( 12 Months Minimum ...",22,2,,,
2 Bedroom Apartment,R 19 000,19000,ZAR,Kenilworth,,2,1,1,,https://www.property24.com/to-rent/kenilworth/cape-town/western-cape/8669/116806052,https://www.property24.com/to-rent/cape-town/western-cape/432/p54?PropertyCategory=House%2cApartmentOrFlat%2cTownhouse,2026-02-09 12:25:16.234283,"Stunning modern furnished 2 bedroom apartment in the popular complex of Mckinley Grange, Kenilworth.
Open plan kitchen and lounge ...",211,1,,,
2 Bedroom Apartment,R 32 000,32000,ZAR,Cape Town City Centre,,2,2,2,88 m²,https://www.property24.com/to-rent/cape-town-city-centre/cape-town/western-cape/9138/116813420,https://www.property24.com/to-rent/cape-town/western-cape/432/p54?PropertyCategory=House%2cApartmentOrFlat%2cTownhouse,2026-02-09 12:25:16.234283,"We are proud to offer this exceptional high-end property in an upmarket home/hotel environment.

Situated in the centre of Cape Town ...",22288 m²,2,88 m²,,
3 Bedroom Apartment,R 9 999,9999,ZAR,Rondebosch,6 Devonshire Hill Rd,3,1,,,https://www.property24.com/to-rent/rondebosch/cape-town/western-cape/8682/116753953,https://www.property24.com/to-rent/cape-town/western-cape/432/p54?PropertyCategory=House%2cApartmentOrFlat%2cTownhouse,2026-02-09 12:25:16.234283,"THE PALM HOUSE
 
Launching 2 February 2026 – BRAND NEW!
 
 
Looking for safe ...",31,1,,,
1 Bedroom Apartment,R 50 000,50000,ZAR,De Waterkant,,1,1,1,58 m²,https://www.property24.com/to-rent/de-waterkant/cape-town/western-cape/9141/116871776,https://www.property24.com/to-rent/cape-town/western-cape/432/p54?PropertyCategory=House%2cApartmentOrFlat%2cTownhouse,2026-02-09 12:25:16.234283,"AVAILABLE FROM March 23rd 2026 - OCTOBER 31ST 2026 { POSSIBILTY TO EXTEND } 




This beautifully appointed 58 m² one-bedroom ...",11158 m²,1,58 m²,,
2 Bedroom Apartment,R 55 000,55000,ZAR,Camps Bay,,2,2.5,1,,https://www.property24.com/to-rent/camps-bay/cape-town/western-cape/11014/113254533,https://www.property24.com/to-rent/cape-town/western-cape/432/p54?PropertyCategory=House%2cApartmentOrFlat%2cTownhouse,2026-02-09 12:25:16.234283,"Two bedroom loft apartment located in a sought after, secure complex in Camps Bay.

The apartment offers open plan living with stunning ...",22.51,1,,,
0.5 Bedroom Apartment,R 14 000,14000,ZAR,Bergvliet,,0.5,1,1,35 m²,https://www.property24.com/to-rent/bergvliet/cape-town/western-cape/10189/115886219,https://www.property24.com/to-rent/cape-town/western-cape/432/p54?PropertyCategory=House%2cApartmentOrFlat%2cTownhouse,2026-02-09 12:25:16.234283,"Bright and modern, fully furnished upstairs studio apartment in leafy and tranquil suburb of Bergvliet, Cape Town. 

New build and ...",0.51135 m²,1,35 m²,,
6 Bedroom House,R 7 300,7300,ZAR,Rosebank,6 Meadow Rd,6,2,,,https://www.property24.com/to-rent/rosebank/cape-town/western-cape/8683/108237770,https://www.property24.com/to-rent/cape-town/western-cape/432/p54?PropertyCategory=House%2cApartmentOrFlat%2cTownhouse,2026-02-09 12:25:16.234283,Lyle House is ideal student accommodation in the Cape Town suburb of Rondebosch. close ...,62,2,,,
1 Bedroom House,R 8 800,8800,ZAR,Vanguard,,1,1,1,,https://www.property24.com/to-rent/vanguard/cape-town/western-cape/8766/116807559,https://www.property24.com/to-rent/cape-town/western-cape/432/p54?PropertyCategory=House%2cApartmentOrFlat%2cTownhouse,2026-02-09 12:25:16.234283,"Modern One-Bedroom Cottage in Secure Vanguard Estate, Athlone 

This beautifully finished one-bedroom cluster cottage is ideal for a ...",111,1,,,
3 Bedroom House,R 90 000,90000,ZAR,Constantia,,3,3.5,6,2 121 m²,https://www.property24.com/to-rent/constantia/cape-town/western-cape/11742/116819237,https://www.property24.com/to-rent/cape-town/western-cape/432/p54?PropertyCategory=House%2cApartmentOrFlat%2cTownhouse,2026-02-09 12:25:16.234283,"This incredible home is available fully furnished, perfect for those seeking a luxurious lifestyle. Please note that this property is ...",33.562 121 m²,6,2 121 m²,,
6 Bedroom House,R 85 000,85000,ZAR,Constantia,,6,6,4,3 990 m²,https://www.property24.com/to-rent/constantia/cape-town/western-cape/11742/103655284,https://www.property24.com/to-rent/cape-town/western-cape/432/p55?PropertyCategory=House%2cApartmentOrFlat%2cTownhouse,2026-02-09 12:25:16.234283,"This is a short term let. THIS PROPERTY IS NOT AVAILABLE LONG TERM OR UNFURNISHED

This comfortably furnished six-bedroom home offers ...",6643 990 m²,4,3 990 m²,,
1 Bedroom Apartment,R 9 500,9500,ZAR,Lansdowne,,1,1,1,,https://www.property24.com/to-rent/lansdowne/cape-town/western-cape/8778/109498189,https://www.property24.com/to-rent/cape-town/western-cape/432/p55?PropertyCategory=House%2cApartmentOrFlat%2cTownhouse,2026-02-09 12:25:16.234283,"Neat 1 bedroom apartment on the 2nd floor of a sought after secure complex.  Rosedon Place is a well-run,  centrally located complex ...",111,1,,,
Apartment,R 10 500,10500,ZAR,Cape Town City Centre,,,1,,,https://www.property24.com/to-rent/cape-town-city-centre/cape-town/western-cape/9138/116803594,https://www.property24.com/to-rent/cape-town/western-cape/432/p55?PropertyCategory=House%2cApartmentOrFlat%2cTownhouse,2026-02-09 12:25:16.234283,"Modern Stylish Unfurnished Studio apartment situated in the new Zeeland Pier II development, Cape Town

The apartment offers an ...",1,1,,,
2 Bedroom Apartment,R 28 000,28000,ZAR,Claremont,,2,2,2,,https://www.property24.com/to-rent/claremont/cape-town/western-cape/11741/110731222,https://www.property24.com/to-rent/cape-town/western-cape/432/p55?PropertyCategory=House%2cApartmentOrFlat%2cTownhouse,2026-02-09 12:25:16.234283,"This stylish, furnished 2 bedroom, 2 bathroom ground-floor apartment offers modern living in a secure complex with security. Located ...",222,2,,,
2 Bedroom Apartment,R 22 000,22000,ZAR,Rondebosch,,2,2,1,,https://www.property24.com/to-rent/rondebosch/cape-town/western-cape/8682/113674900,https://www.property24.com/to-rent/cape-town/western-cape/432/p55?PropertyCategory=House%2cApartmentOrFlat%2cTownhouse,2026-02-09 12:25:16.234283,"Light, spacious and secure two bedroom apartment in Rivers Edge, Rondebosch. 
Perfect for students and young professionals.
Two ...",221,1,,,
3 Bedroom House,R 30 000,30000,ZAR,Constantia Heights,28 Walloon Constantia,3,2,3,200 m²,https://www.property24.com/to-rent/constantia-heights/cape-town/western-cape/10112/116686239,https://www.property24.com/to-rent/cape-town/western-cape/432/p55?PropertyCategory=House%2cApartmentOrFlat%2cTownhouse,2026-02-09 12:25:16.234283,"Modern living, 3-bedroom, 2 and a half-bathroom townhouse located in ...",323200 m²,3,200 m²,,
1 Bedroom Apartment,R 14 000,14000,ZAR,Cape Town City Centre,,1,1,1,40 m²,https://www.property24.com/to-rent/cape-town-city-centre/cape-town/western-cape/9138/108379972,https://www.property24.com/to-rent/cape-town/western-cape/432/p55?PropertyCategory=House%2cApartmentOrFlat%2cTownhouse,2026-02-09 12:25:16.234283,"This building a 50m walk to the popular kloof street. 

The best position in the CBD.

With so many of Cape towns best bars ...",11140 m²,1,40 m²,,
3 Bedroom Apartment,R 79 000,79000,ZAR,Newlands,4 Lemon Ln,3,3,1,210 m²,https://www.property24.com/to-rent/newlands/cape-town/western-cape/8679/115568083,https://www.property24.com/to-rent/cape-town/western-cape/432/p55?PropertyCategory=House%2cApartmentOrFlat%2cTownhouse,2026-02-09 12:25:16.234283,Welcome to this luxurious and particularly quiet penthouse flat with breathtaking views ...,331210 m²,1,210 m²,,
1 Bedroom Apartment,R 9 500,9500,ZAR,Lansdowne,,1,1,1,,https://www.property24.com/to-rent/lansdowne/cape-town/western-cape/8778/116723608,https://www.property24.com/to-rent/cape-town/western-cape/432/p55?PropertyCategory=House%2cApartmentOrFlat%2cTownhouse,2026-02-09 12:25:16.234283,"Neat 1 bedroom apartment on the 2nd floor of a sought after secure complex.  Rosedon Place is a well-run,  centrally located complex ...",111,1,,,
Apartment,R 12 500,12500,ZAR,Woodstock,,,,,,https://www.property24.com/to-rent/woodstock/cape-town/western-cape/10164/116860306,https://www.property24.com/to-rent/cape-town/western-cape/432/p55?PropertyCategory=House%2cApartmentOrFlat%2cTownhouse,2026-02-09 12:25:16.234283,"Studio Apartment to Let – Upper East Side, Woodstock

Available immediately, this modern unfurnished studio apartment is located in the ...",,,,,
1 Bedroom Apartment,R 12 800,12800,ZAR,Cape Town City Centre,50 Buitenkant St,1,1,1,45 m²,https://www.property24.com/to-rent/cape-town-city-centre/cape-town/western-cape/9138/114636666,https://www.property24.com/to-rent/cape-town/western-cape/432/p55?PropertyCategory=House%2cApartmentOrFlat%2cTownhouse,2026-02-09 12:25:16.234283,Enjoy a fully furnished one bedroom apartment in a pristine location within the Cape ...,11145 m²,1,45 m²,,
9 Bedroom Apartment,R 6 700,6700,ZAR,Observatory,16 Speke St,9,5,,298 m²,https://www.property24.com/to-rent/observatory/cape-town/western-cape/10157/116727282,https://www.property24.com/to-rent/cape-town/western-cape/432/p55?PropertyCategory=House%2cApartmentOrFlat%2cTownhouse,2026-02-09 12:25:16.234283,"• 9 Spacious semi-furnished Bedrooms: Each room is bright and airy, featuring built-in ...",95298 m²,5,298 m²,,
1 Bedroom Apartment,R 13 000,13000,ZAR,Kenilworth,"Annais Court, 17 Grant Street",1,1,1,,https://www.property24.com/to-rent/kenilworth/cape-town/western-cape/8669/110718711,https://www.property24.com/to-rent/cape-town/western-cape/432/p55?PropertyCategory=House%2cApartmentOrFlat%2cTownhouse,2026-02-09 12:25:16.234283,"This beautiful, modern apartment has gorgeous views of Kenilworth Racecourse and ...",111,1,,,
2 Bedroom Apartment,R 12 500,12500,ZAR,Claremont,25 Mckinley Road,2,1,1,60 m²,https://www.property24.com/to-rent/claremont/cape-town/western-cape/11741/116726974,https://www.property24.com/to-rent/cape-town/western-cape/432/p55?PropertyCategory=House%2cApartmentOrFlat%2cTownhouse,2026-02-09 12:25:16.234283,"This charming 2-bedroom ground-floor flat is in a secure complex, offering convenience ...",21160 m²,1,60 m²,,
0.5 Bedroom Apartment,R 21 000,21000,ZAR,Gardens,,0.5,1,1,56 m²,https://www.property24.com/to-rent/gardens/cape-town/western-cape/9145/116850734,https://www.property24.com/to-rent/cape-town/western-cape/432/p55?PropertyCategory=House%2cApartmentOrFlat%2cTownhouse,2026-02-09 12:25:16.234283,"Available 11 March 2026 - 30 November | 9 month lease ONLY

This newly renovated, fully furnished 56m2 studio apartment is located in a ...",0.51156 m²,1,56 m²,,
2 Bedroom House,R 24 000,24000,ZAR,Claremont,,2,2.5,2,,https://www.property24.com/to-rent/claremont/cape-town/western-cape/11741/113813571,https://www.property24.com/to-rent/cape-town/western-cape/432/p55?PropertyCategory=House%2cApartmentOrFlat%2cTownhouse,2026-02-09 12:25:16.234283,"The natural wooden floors throughout the property add a timeless charm. Upon entering, a warm and inviting hallway welcomes you. To the ...",22.52,2,,,
1 Bedroom Apartment,R 11 000,11000,ZAR,Woodstock,,1,1,,,https://www.property24.com/to-rent/woodstock/cape-town/western-cape/10164/113809238,https://www.property24.com/to-rent/cape-town/western-cape/432/p55?PropertyCategory=House%2cApartmentOrFlat%2cTownhouse,2026-02-09 12:25:16.234283,Available 01 March 2026 - Introducing a stunning and contemporary loft-style property available for rent. This semi-furnished apartment ...,11,1,,,
2 Bedroom House,R 27 000,27000,ZAR,Green Point,,2,1,,144 m²,https://www.property24.com/to-rent/green-point/cape-town/western-cape/11017/107527685,https://www.property24.com/to-rent/cape-town/western-cape/432/p55?PropertyCategory=House%2cApartmentOrFlat%2cTownhouse,2026-02-09 12:25:16.234283,"This semi-detached cottage in Green Point is located on a quiet street offering the perfect spot for the professional person, elderly ...",21144 m²,1,144 m²,,
3 Bedroom House,R 29 900,29900,ZAR,Kalk Bay,21 Duignam Road,3,2,,,https://www.property24.com/to-rent/kalk-bay/cape-town/western-cape/9067/116805418,https://www.property24.com/to-rent/cape-town/western-cape/432/p55?PropertyCategory=House%2cApartmentOrFlat%2cTownhouse,2026-02-09 12:25:16.234283,"**Property Description: Perfect Seaside Retreat**

Welcome to your dream beach house! ...",32,2,,,
3 Bedroom Apartment,R 65 000,65000,ZAR,Foreshore,"Harbour Arch, 0 Harbour Arch Boulevard",3,3,1,109 m²,https://www.property24.com/to-rent/foreshore/cape-town/western-cape/9143/116669373,https://www.property24.com/to-rent/cape-town/western-cape/432/p55?PropertyCategory=House%2cApartmentOrFlat%2cTownhouse,2026-02-09 12:25:16.234283,"Step into the elegance of this three bedroom at Harbour Arch, a beautifully furnished ...",331109 m²,1,109 m²,,
1 Bedroom Apartment,R 10 000,10000,ZAR,Diep River,15 Potters Place 6 Mile End Road,1,1,1,,https://www.property24.com/to-rent/diep-river/cape-town/western-cape/10195/116872145,https://www.property24.com/to-rent/cape-town/western-cape/432/p55?PropertyCategory=House%2cApartmentOrFlat%2cTownhouse,2026-02-09 12:25:16.234283,"Beautiful Spacious loft
Fully fitted kitchen
Open plan lounge with Balcony
Bedroom ...",111,1,,,
7 Bedroom House,R 9 500,9500,ZAR,Observatory,,7,7,,,https://www.property24.com/to-rent/observatory/cape-town/western-cape/10157/116799764,https://www.property24.com/to-rent/cape-town/western-cape/432/p56?PropertyCategory=House%2cApartmentOrFlat%2cTownhouse,2026-02-09 12:25:16.234283,Available immediately in a newly renovated 7-bedroom shared home located in the heart of Observatory. Each room forms part of this ...,77,7,,,
1 Bedroom Apartment,R 14 650,14650,ZAR,Gardens,Gardens,1,1,1,52 m²,https://www.property24.com/to-rent/gardens/cape-town/western-cape/9145/112649239,https://www.property24.com/to-rent/cape-town/western-cape/432/p56?PropertyCategory=House%2cApartmentOrFlat%2cTownhouse,2026-02-09 12:25:16.234283,"Bright, Secure Living in the Heart of Gardens

Step into effortless urban living with ...",11152 m²,1,52 m²,,
2 Bedroom Apartment,R 150 000,150000,ZAR,Bantry Bay,,2,2,1,94 m²,https://www.property24.com/to-rent/bantry-bay/cape-town/western-cape/11013/116722076,https://www.property24.com/to-rent/cape-town/western-cape/432/p56?PropertyCategory=House%2cApartmentOrFlat%2cTownhouse,2026-02-09 12:25:16.234283,"Short-Term Rental (1–3 Months) | Peak Season

Escape to Bantry Bay, one of Cape Town’s most exclusive and wind-free suburbs. This ...",22194 m²,1,94 m²,,
3 Bedroom House,R 21 000,21000,ZAR,Claremont,Sanitorium Road,3,3,2,,https://www.property24.com/to-rent/claremont/cape-town/western-cape/11741/116793230,https://www.property24.com/to-rent/cape-town/western-cape/432/p56?PropertyCategory=House%2cApartmentOrFlat%2cTownhouse,2026-02-09 12:25:16.234283,AVAILABLE 1ST MARCH 2026 - This beautiful 3 bedroom en-suite ground floor house is ...,332,2,,,
0.5 Bedroom House,R 12 000,12000,ZAR,Rondebosch Park Estate,,0.5,1,1,,https://www.property24.com/to-rent/rondebosch-park-estate/cape-town/western-cape/32960/116469724,https://www.property24.com/to-rent/cape-town/western-cape/432/p56?PropertyCategory=House%2cApartmentOrFlat%2cTownhouse,2026-02-09 12:25:16.234283,"Perfectly located within walking distance of Red Cross Hospital and with quick, direct access to both the M5 and M3 highways, this ...",0.511,1,,,
4 Bedroom House,R 5 950,5950,ZAR,Observatory,22 Scott Rd,4,2,,222 m²,https://www.property24.com/to-rent/observatory/cape-town/western-cape/10157/113429096,https://www.property24.com/to-rent/cape-town/western-cape/432/p56?PropertyCategory=House%2cApartmentOrFlat%2cTownhouse,2026-02-09 12:25:16.234283,A single occupancy room is available for a FEMALE in a  4 bedroomed house share at R5950 ...,42222 m²,2,222 m²,,
4 Bedroom House,R 67 000,67000,ZAR,Muizenberg,,4,3,2,,https://www.property24.com/to-rent/muizenberg/cape-town/western-cape/9025/116833823,https://www.property24.com/to-rent/cape-town/western-cape/432/p56?PropertyCategory=House%2cApartmentOrFlat%2cTownhouse,2026-02-09 12:25:16.234283,"This well-maintained semi-furnished double-storey home is ideally located in Muizenberg and offers generous living spaces, complemented ...",432,2,,,
0.5 Bedroom Apartment,R 11 000,11000,ZAR,Gardens,,0.5,1,,36 m²,https://www.property24.com/to-rent/gardens/cape-town/western-cape/9145/112128609,https://www.property24.com/to-rent/cape-town/western-cape/432/p56?PropertyCategory=House%2cApartmentOrFlat%2cTownhouse,2026-02-09 12:25:16.234283,"Available 1 March 2026

12-month lease or longer

Unfurnished

Set in a well-maintained and sought-after boutique block, this charming ...",0.5136 m²,1,36 m²,,
4 Bedroom House,R 110 000,110000,ZAR,Constantia,,4,3,2,440 m²,https://www.property24.com/to-rent/constantia/cape-town/western-cape/11742/116752144,https://www.property24.com/to-rent/cape-town/western-cape/432/p56?PropertyCategory=House%2cApartmentOrFlat%2cTownhouse,2026-02-09 12:25:16.234283,"This spacious double-storey family home is located in a sought-after security complex in beautiful Constantia.

Upstairs offers 4 ...",432440 m²,2,440 m²,,
15 Bedroom House,R 6 500,6500,ZAR,Observatory,"21 Stanley Road, Observatory, Cape Town, 7925, South Africa",15,5,4,,https://www.property24.com/to-rent/observatory/cape-town/western-cape/10157/116518426,https://www.property24.com/to-rent/cape-town/western-cape/432/p56?PropertyCategory=House%2cApartmentOrFlat%2cTownhouse,2026-02-09 12:25:16.234283,"This house is unique within the area of Observatory, due to its generous size. It is a ...",1554,4,,,
Apartment,R 9 625,9625,ZAR,Tokai,258 Main Road,,1,1,,https://www.property24.com/to-rent/tokai/cape-town/western-cape/9044/116873622,https://www.property24.com/to-rent/cape-town/western-cape/432/p56?PropertyCategory=House%2cApartmentOrFlat%2cTownhouse,2026-02-09 12:25:16.234283,"The apartment is located at Ujala Towers in Kirstenhof. 

It offers a convenient and ...",11,1,,,
2 Bedroom Apartment,R 25 000,25000,ZAR,Cape Town City Centre,,2,1,1,,https://www.property24.com/to-rent/cape-town-city-centre/cape-town/western-cape/9138/116836535,https://www.property24.com/to-rent/cape-town/western-cape/432/p56?PropertyCategory=House%2cApartmentOrFlat%2cTownhouse,2026-02-09 12:25:16.234283,"Situated on the iconic Long Street, this charming fully furnished home is filled with natural light and features wooden floors and ...",211,1,,,
6 Bedroom House,R 40 000per day,40000,ZAR,Camps Bay,49 Camps Bay Dr,6,7,3,420 m²,https://www.property24.com/to-rent/camps-bay/cape-town/western-cape/11014/116683293,https://www.property24.com/to-rent/cape-town/western-cape/432/p56?PropertyCategory=House%2cApartmentOrFlat%2cTownhouse,2026-02-09 12:25:16.234283,"Daily rate ! 

 6 Bedroom Luxury Villa |6 En-Suite Bathrooms | Pool |Sleeps ...",673420 m²,3,420 m²,,per day
Apartment,R 11 500,11500,ZAR,Rondebosch,,,1,1,29 m²,https://www.property24.com/to-rent/rondebosch/cape-town/western-cape/8682/116823517,https://www.property24.com/to-rent/cape-town/western-cape/432/p56?PropertyCategory=House%2cApartmentOrFlat%2cTownhouse,2026-02-09 12:25:16.234283,"This unfurnished studio apartment offers a comfortable and secure lifestyle in the heart of Rondebosch Oaks.

Features ...",1129 m²,1,29 m²,,
2 Bedroom House,R 30 000,30000,ZAR,Claremont Upper,,2,2,2,,https://www.property24.com/to-rent/claremont-upper/cape-town/western-cape/14225/116819481,https://www.property24.com/to-rent/cape-town/western-cape/432/p56?PropertyCategory=House%2cApartmentOrFlat%2cTownhouse,2026-02-09 12:25:16.234283,"This unfurnished, 2 bedroom, 2.5 bathroom, semi-detached home is beautifully maintained and perfect for young professionals or small ...",222,2,,,
1 Bedroom Apartment,R 26 500,26500,ZAR,Sea Point,"23 Arthurs, 23 Arthur's Road",1,1,1,52 m²,https://www.property24.com/to-rent/sea-point/cape-town/western-cape/11021/116212271,https://www.property24.com/to-rent/cape-town/western-cape/432/p56?PropertyCategory=House%2cApartmentOrFlat%2cTownhouse,2026-02-09 12:25:16.234283,Step into effortless coastal living with this beautifully furnished 1-bedroom ...,11152 m²,1,52 m²,,
2 Bedroom Apartment,R 25 000,25000,ZAR,Cape Town City Centre,,2,1,1,,https://www.property24.com/to-rent/cape-town-city-centre/cape-town/western-cape/9138/116761493,https://www.property24.com/to-rent/cape-town/western-cape/432/p56?PropertyCategory=House%2cApartmentOrFlat%2cTownhouse,2026-02-09 12:25:16.234283,"Situated on the iconic Long Street, this charming fully furnished home is filled with natural light and features wooden floors and ...",211,1,,,
2 Bedroom Apartment,R 45 000,45000,ZAR,De Waterkant,"712 Rockwell 32 Prestwich Street, Cape Town, 8001.",2,1,1,,https://www.property24.com/to-rent/de-waterkant/cape-town/western-cape/9141/116792118,https://www.property24.com/to-rent/cape-town/western-cape/432/p56?PropertyCategory=House%2cApartmentOrFlat%2cTownhouse,2026-02-09 12:25:16.234283,This Unique place has a style all on its own. Spacious 2 Bedroomed loft -style Penthouse ...,211,1,,,
2 Bedroom Apartment,R 47 000,47000,ZAR,Kalk Bay,,2,2,1,,https://www.property24.com/to-rent/kalk-bay/cape-town/western-cape/9067/116836635,https://www.property24.com/to-rent/cape-town/western-cape/432/p56?PropertyCategory=House%2cApartmentOrFlat%2cTownhouse,2026-02-09 12:25:16.234283,"Available from May for a 6-month rental, this stylish fully furnished 2-bedroom apartment is located in the secure and sought-after ...",221,1,,,
1 Bedroom Apartment,R 12 500,12500,ZAR,Constantia,Bower Road,1,1,1,45 m²,https://www.property24.com/to-rent/constantia/cape-town/western-cape/11742/116861819,https://www.property24.com/to-rent/cape-town/western-cape/432/p56?PropertyCategory=House%2cApartmentOrFlat%2cTownhouse,2026-02-09 12:25:16.234283,"Gorgeous Retro Apartment in Upper Wynberg 

Perfect for a young professional ...",11145 m²,1,45 m²,,
2 Bedroom Apartment,R 16 000,16000,ZAR,Zonnebloem,,2,1,1,,https://www.property24.com/to-rent/zonnebloem/cape-town/western-cape/10166/115557819,https://www.property24.com/to-rent/cape-town/western-cape/432/p56?PropertyCategory=House%2cApartmentOrFlat%2cTownhouse,2026-02-09 12:25:16.234283,"Stylish 2-Bedroom Apartment with Pool and Braai Area in Skyways Complex.


- 2 bright and spacious bedrooms for ultimate comfort
- ...",211,1,,,
2 Bedroom Apartment,R 19 000,19000,ZAR,Observatory,,2,1,1,63 m²,https://www.property24.com/to-rent/observatory/cape-town/western-cape/10157/116782345,https://www.property24.com/to-rent/cape-town/western-cape/432/p57?PropertyCategory=House%2cApartmentOrFlat%2cTownhouse,2026-02-09 12:25:16.234283,"Set within the sought-after The Westwood, this stylish two-bedroom apartment offers 63 square metres of well-designed living space ...",21163 m²,1,63 m²,,
Apartment,R 9 150,9150,ZAR,Observatory,,,,,,https://www.property24.com/to-rent/observatory/cape-town/western-cape/10157/116803086,https://www.property24.com/to-rent/cape-town/western-cape/432/p57?PropertyCategory=House%2cApartmentOrFlat%2cTownhouse,2026-02-09 12:25:16.234283,"My Domain Student Living, affordable designer accommodation for students - Observatory Cape Town!

Conveniently located on 1 Seymour ...",,,,,
0.5 Bedroom Apartment,R 8 200,8200,ZAR,Cape Town City Centre,,0.5,1,1,,https://www.property24.com/to-rent/cape-town-city-centre/cape-town/western-cape/9138/116888338,https://www.property24.com/to-rent/cape-town/western-cape/432/p57?PropertyCategory=House%2cApartmentOrFlat%2cTownhouse,2026-02-09 12:25:16.234283,Extra spacious newly renovated Bachelor apartment on the 4th Floor with views. Pool and entertainment area on the roof with panoramic ...,0.511,1,,,
4 Bedroom House,R 10 000per day,10000,ZAR,Camps Bay,,4,5,,,https://www.property24.com/to-rent/camps-bay/cape-town/western-cape/11014/116816624,https://www.property24.com/to-rent/cape-town/western-cape/432/p57?PropertyCategory=House%2cApartmentOrFlat%2cTownhouse,2026-02-09 12:25:16.234283,"The entrance to this exceptional villa is located at 16 Rontree Avenue.
Come and experience refined coastal living in the heart of ...",45,5,,,per day
1 Bedroom House,R 10 500,10500,ZAR,Observatory,,1,1,,,https://www.property24.com/to-rent/observatory/cape-town/western-cape/10157/116827548,https://www.property24.com/to-rent/cape-town/western-cape/432/p57?PropertyCategory=House%2cApartmentOrFlat%2cTownhouse,2026-02-09 12:25:16.234283,Available immediately in a newly renovated 7-bedroom shared home located in the heart of Observatory. This premium en-suite room forms ...,11,1,,,
2 Bedroom Apartment,R 30 000,30000,ZAR,Cape Town City Centre,116 Buitengracht St,2,2,1,100 m²,https://www.property24.com/to-rent/cape-town-city-centre/cape-town/western-cape/9138/116780303,https://www.property24.com/to-rent/cape-town/western-cape/432/p57?PropertyCategory=House%2cApartmentOrFlat%2cTownhouse,2026-02-09 12:25:16.234283,Be the First to Live in Cape Town CBD’s Newest Apartment Development - Available from 1 ...,221100 m²,1,100 m²,,
1 Bedroom Apartment,R 17 500,17500,ZAR,Green Point,137 M61,1,1,,70 m²,https://www.property24.com/to-rent/green-point/cape-town/western-cape/11017/115099441,https://www.property24.com/to-rent/cape-town/western-cape/432/p57?PropertyCategory=House%2cApartmentOrFlat%2cTownhouse,2026-02-09 12:25:16.234283,"Charming Corner Apartment - green point from 1/4/ 26 long term  only no pets 
Discover ...",1170 m²,1,70 m²,,
2 Bedroom Apartment,R 8 500,8500,ZAR,Belhar,,2,1,1,55 m²,https://www.property24.com/to-rent/belhar/cape-town/western-cape/8132/116864963,https://www.property24.com/to-rent/cape-town/western-cape/432/p57?PropertyCategory=House%2cApartmentOrFlat%2cTownhouse,2026-02-09 12:25:16.234283,"This property is located in Belhar and it offers the following:

Two bedrooms with built in cupboards.

One full bathroom with toilet ...",21155 m²,1,55 m²,,
5 Bedroom House,R 30 000per day,30000,ZAR,Camps Bay,,5,4,3,,https://www.property24.com/to-rent/camps-bay/cape-town/western-cape/11014/116817630,https://www.property24.com/to-rent/cape-town/western-cape/432/p57?PropertyCategory=House%2cApartmentOrFlat%2cTownhouse,2026-02-09 12:25:16.234283,"Discover effortless coastal luxury at Marla Villa, a refined five-bedroom sanctuary nestled in Bakoven, moments from Camps Bay.
This ...",543,3,,,per day
3 Bedroom House,R 20 995,20995,ZAR,Woodstock,,3,1.5,,,https://www.property24.com/to-rent/woodstock/cape-town/western-cape/10164/116815955,https://www.property24.com/to-rent/cape-town/western-cape/432/p57?PropertyCategory=House%2cApartmentOrFlat%2cTownhouse,2026-02-09 12:25:16.234283,"Step into this lovely 3-bedroom, 1-bathroom home available for rent in the vibrant Woodstock area of Cape Town. As you enter ...",31.5,1.5,,,
2 Bedroom Apartment,R 13 000,13000,ZAR,Lansdowne,,2,1,1,,https://www.property24.com/to-rent/lansdowne/cape-town/western-cape/8778/116805715,https://www.property24.com/to-rent/cape-town/western-cape/432/p57?PropertyCategory=House%2cApartmentOrFlat%2cTownhouse,2026-02-09 12:25:16.234283,"Modern 2-Bedroom Apartment To Rent in Lansdowne 

First floor

Rental: R13,000 per month (excluding electricity)

This ...",211,1,,,
1 Bedroom Apartment,R 9 500,9500,ZAR,Pinelands,,1,1,,,https://www.property24.com/to-rent/pinelands/cape-town/western-cape/8017/116831311,https://www.property24.com/to-rent/cape-town/western-cape/432/p57?PropertyCategory=House%2cApartmentOrFlat%2cTownhouse,2026-02-09 12:25:16.234283,"Step into a sleek and modern one-bedroom apartment in the secure Conradie Park development, designed for practical living with comfort ...",11,1,,,
2 Bedroom Apartment,R 18 500,18500,ZAR,Claremont,,2,1,1,,https://www.property24.com/to-rent/claremont/cape-town/western-cape/11741/116851295,https://www.property24.com/to-rent/cape-town/western-cape/432/p57?PropertyCategory=House%2cApartmentOrFlat%2cTownhouse,2026-02-09 12:25:16.234283,Move straight in and feel at home in this fully furnished 2-bedroom apartment in the popular Claremont complex. Positioned high up with ...,211,1,,,
3 Bedroom Apartment,R 130 000,130000,ZAR,Clifton,,3,3,2,212 m²,https://www.property24.com/to-rent/clifton/cape-town/western-cape/11015/115818113,https://www.property24.com/to-rent/cape-town/western-cape/432/p57?PropertyCategory=House%2cApartmentOrFlat%2cTownhouse,2026-02-09 12:25:16.234283,"Nestled on the exclusive Victoria Road strip, this breathtaking 3-bedroom, 2-bathroom apartment is the epitome of luxury coastal ...",332212 m²,2,212 m²,,
2 Bedroom Apartment,R 36 950,36950,ZAR,Sea Point,"204 Versailles Apartments, 1 Greenpoint Main",2,2,1,,https://www.property24.com/to-rent/sea-point/cape-town/western-cape/11021/116731740,https://www.property24.com/to-rent/cape-town/western-cape/432/p57?PropertyCategory=House%2cApartmentOrFlat%2cTownhouse,2026-02-09 12:25:16.234283,Modern comfort and everyday convenience in this beautifully furnished 2-bedroom ...,221,1,,,
2 Bedroom Apartment,R 25 500,25500,ZAR,Kenilworth,,2,1,4,,https://www.property24.com/to-rent/kenilworth/cape-town/western-cape/8669/116811506,https://www.property24.com/to-rent/cape-town/western-cape/432/p57?PropertyCategory=House%2cApartmentOrFlat%2cTownhouse,2026-02-09 12:25:16.234283,An exceptional opportunity to secure a beautifully renovated apartment in one of Upper Kenilworth's most sought after addresses. ...,214,4,,,
0.5 Bedroom House,R 14 000,14000,ZAR,Wynberg Upper,"21 Mortimer Road, Wynberg Upper, Cape Town, 7800",0.5,1,1,27 m²,https://www.property24.com/to-rent/wynberg-upper/cape-town/western-cape/10102/116814993,https://www.property24.com/to-rent/cape-town/western-cape/432/p57?PropertyCategory=House%2cApartmentOrFlat%2cTownhouse,2026-02-09 12:25:16.234283,Light-Filled Heritage Studio with Garden Access | Wynberg Upper (Chelsea ...,0.51127 m²,1,27 m²,,
2 Bedroom House,R 9 050,9050,ZAR,Lotus River,,2,1,1,4 073 m²,https://www.property24.com/to-rent/lotus-river/cape-town/western-cape/10212/116804101,https://www.property24.com/to-rent/cape-town/western-cape/432/p57?PropertyCategory=House%2cApartmentOrFlat%2cTownhouse,2026-02-09 12:25:16.234283,"This well-positioned two-bedroom house is situated in a secure and well-managed complex, offering comfortable living in a convenient ...",2114 073 m²,1,4 073 m²,,
0.5 Bedroom Apartment,R 8 200,8200,ZAR,Cape Town City Centre,,0.5,1,1,,https://www.property24.com/to-rent/cape-town-city-centre/cape-town/western-cape/9138/116739148,https://www.property24.com/to-rent/cape-town/western-cape/432/p57?PropertyCategory=House%2cApartmentOrFlat%2cTownhouse,2026-02-09 12:25:16.234283,Extra spacious newly renovated Bachelor apartment on the 4th Floor with views. Pool and entertainment area on the roof with panoramic ...,0.511,1,,,
3 Bedroom Apartment,R 55 000,55000,ZAR,Sea Point,,3,3,1,179 m²,https://www.property24.com/to-rent/sea-point/cape-town/western-cape/11021/115331605,https://www.property24.com/to-rent/cape-town/western-cape/432/p57?PropertyCategory=House%2cApartmentOrFlat%2cTownhouse,2026-02-09 12:25:16.234283,"3-Bedroom Apartment in the Heart of Sea Point.

Nestled in the sought-after heart of Sea Point, just a stone’s throw from the iconic ...",331179 m²,1,179 m²,,
3 Bedroom House,R 53 000,53000,ZAR,Sea Point,,3,2,1,226 m²,https://www.property24.com/to-rent/sea-point/cape-town/western-cape/11021/116807557,https://www.property24.com/to-rent/cape-town/western-cape/432/p57?PropertyCategory=House%2cApartmentOrFlat%2cTownhouse,2026-02-09 12:25:16.234283,"If I were explaining this rental to a friend, I’d say it’s one of those rare long-term options that actually feels like a proper home ...",321226 m²,1,226 m²,,
3 Bedroom Apartment,R 42 000,42000,ZAR,Camps Bay,,3,2,1,125 m²,https://www.property24.com/to-rent/camps-bay/cape-town/western-cape/11014/116710089,https://www.property24.com/to-rent/cape-town/western-cape/432/p58?PropertyCategory=House%2cApartmentOrFlat%2cTownhouse,2026-02-09 12:25:16.234283,"Only available for long term lease.
Furnished three bedroom apartment set high up in Camps Bay with stunning ocean, Lion's Head and ...",321125 m²,1,125 m²,,
0.5 Bedroom Apartment,R 10 000,10000,ZAR,Cape Town City Centre,"46 Buitenkant St, Cape Town City Centre, Cape Town, 7925",0.5,1,1,30 m²,https://www.property24.com/to-rent/cape-town-city-centre/cape-town/western-cape/9138/116760344,https://www.property24.com/to-rent/cape-town/western-cape/432/p58?PropertyCategory=House%2cApartmentOrFlat%2cTownhouse,2026-02-09 12:25:16.234283,Discover urban living at its best in this studio apartment located in the heart of Cape ...,0.51130 m²,1,30 m²,,
2 Bedroom Apartment,R 22 500,22500,ZAR,Observatory,51 Gogosoa Street,2,2,2,,https://www.property24.com/to-rent/observatory/cape-town/western-cape/10157/116801445,https://www.property24.com/to-rent/cape-town/western-cape/432/p58?PropertyCategory=House%2cApartmentOrFlat%2cTownhouse,2026-02-09 12:25:16.234283,This well-appointed 2-bedroom apartment is ideally located in the sought-after ...,222,2,,,
2 Bedroom Apartment,R 23 000,23000,ZAR,Sea Point,,2,1,,73 m²,https://www.property24.com/to-rent/sea-point/cape-town/western-cape/11021/116789855,https://www.property24.com/to-rent/cape-town/western-cape/432/p58?PropertyCategory=House%2cApartmentOrFlat%2cTownhouse,2026-02-09 12:25:16.234283,"Situated in the heart of vibrant Sea Point, this well appointed two-bedroom apartment in the popular Sall Ray Mansions offers ...",2173 m²,1,73 m²,,
1 Bedroom Apartment,R 15 000,15000,ZAR,Woodstock,,1,1,,,https://www.property24.com/to-rent/woodstock/cape-town/western-cape/10164/116893724,https://www.property24.com/to-rent/cape-town/western-cape/432/p58?PropertyCategory=House%2cApartmentOrFlat%2cTownhouse,2026-02-09 12:25:16.234283,"This apartment has a style all of  it's own! .A self contained design, just converted in a Heritage building in trendy central ...",11,1,,,
4 Bedroom House,R 6 000,6000,ZAR,Salt River,70 Tennyson Street,4,2,,,https://www.property24.com/to-rent/salt-river/cape-town/western-cape/10158/116716721,https://www.property24.com/to-rent/cape-town/western-cape/432/p58?PropertyCategory=House%2cApartmentOrFlat%2cTownhouse,2026-02-09 12:25:16.234283,"A room is available to lease in a Salt River home share, ideal for a male/female tenant. ...",42,2,,,
2 Bedroom Apartment,R 49 000,49000,ZAR,St James,50 Quarterdeck Rd,2,1.5,1,,https://www.property24.com/to-rent/st-james/cape-town/western-cape/9039/116707211,https://www.property24.com/to-rent/cape-town/western-cape/432/p58?PropertyCategory=House%2cApartmentOrFlat%2cTownhouse,2026-02-09 12:25:16.234283,"Winter Offer for our 5 star Apartment in St James:

From 4 May to September stay 2 ...",21.51,1,,,
3 Bedroom House,R 135 000,135000,ZAR,Fresnaye,40 Avenue Fresnaye,3,2,1,430 m²,https://www.property24.com/to-rent/fresnaye/cape-town/western-cape/11016/116509746,https://www.property24.com/to-rent/cape-town/western-cape/432/p58?PropertyCategory=House%2cApartmentOrFlat%2cTownhouse,2026-02-09 12:25:16.234283,"Long-term Rental | R135,000/month furnished. 
Available from 01 March 2026  | Fresnaye ...",321430 m²,1,430 m²,,
1 Bedroom House,R 8 500,8500,ZAR,Kenwyn,,1,1,1,,https://www.property24.com/to-rent/kenwyn/cape-town/western-cape/8792/116834854,https://www.property24.com/to-rent/cape-town/western-cape/432/p58?PropertyCategory=House%2cApartmentOrFlat%2cTownhouse,2026-02-09 12:25:16.234283,"This well-presented one-bedroom separate-entrance is suitable for a single person , ideal for professional office use and comfortable ...",111,1,,,
Apartment,R 9 350,9350,ZAR,Kirstenhof,258 Main Road,,1,1,,https://www.property24.com/to-rent/kirstenhof/cape-town/western-cape/10178/116251970,https://www.property24.com/to-rent/cape-town/western-cape/432/p58?PropertyCategory=House%2cApartmentOrFlat%2cTownhouse,2026-02-09 12:25:16.234283,"This ground floor apartment is located at Ujala Towers. 

It offers a convenient and ...",11,1,,,
1 Bedroom Apartment,R 7 000,7000,ZAR,Walmer Estate,109 Park Road,1,1,,40 m²,https://www.property24.com/to-rent/walmer-estate/cape-town/western-cape/10163/116348180,https://www.property24.com/to-rent/cape-town/western-cape/432/p58?PropertyCategory=House%2cApartmentOrFlat%2cTownhouse,2026-02-09 12:25:16.234283,"Very neat separate entrance situated in very safe, sought after centrally located area. ...",1140 m²,1,40 m²,,
1 Bedroom Apartment,R 18 000,18000,ZAR,Cape Town City Centre,20 Keerom Street,1,1,,,https://www.property24.com/to-rent/cape-town-city-centre/cape-town/western-cape/9138/116874272,https://www.property24.com/to-rent/cape-town/western-cape/432/p58?PropertyCategory=House%2cApartmentOrFlat%2cTownhouse,2026-02-09 12:25:16.234283,"Centrally situated apartment within walking distance to the Company 
Gardens. Close to ...",11,1,,,
3 Bedroom House,R 135 000,135000,ZAR,Fresnaye,40 Avenue Fresnaye,3,2,1,430 m²,https://www.property24.com/to-rent/fresnaye/cape-town/western-cape/11016/116896147,https://www.property24.com/to-rent/cape-town/western-cape/432/p58?PropertyCategory=House%2cApartmentOrFlat%2cTownhouse,2026-02-09 12:25:16.234283,"Long-term Rental | R135,000/month furnished. 
Available from 01 March 2026  | Fresnaye ...",321430 m²,1,430 m²,,
1 Bedroom Apartment,R 15 500,15500,ZAR,Green Point,,1,1,1,,https://www.property24.com/to-rent/green-point/cape-town/western-cape/11017/116877306,https://www.property24.com/to-rent/cape-town/western-cape/432/p58?PropertyCategory=House%2cApartmentOrFlat%2cTownhouse,2026-02-09 12:25:16.234283,"The Sir Francis is a sought-after block of apartments, situated in prime location close to the MyCiti bus route and restaurants with ...",111,1,,,
1 Bedroom Apartment,R 8 500,8500,ZAR,Observatory,17 Kotzee Street,1,1,,20 m²,https://www.property24.com/to-rent/observatory/cape-town/western-cape/10157/107532213,https://www.property24.com/to-rent/cape-town/western-cape/432/p58?PropertyCategory=House%2cApartmentOrFlat%2cTownhouse,2026-02-09 12:25:16.234283,"Fully Furnished Bachelor apartments includes:  
- WiFi 
- pre-paid Laundry faculties  ...",1120 m²,1,20 m²,,
1 Bedroom Apartment,R 15 500,15500,ZAR,Rondebosch,,1,1,1,70 m²,https://www.property24.com/to-rent/rondebosch/cape-town/western-cape/8682/116790612,https://www.property24.com/to-rent/cape-town/western-cape/432/p58?PropertyCategory=House%2cApartmentOrFlat%2cTownhouse,2026-02-09 12:25:16.234283,"available from 1 March 2026
large open plan living and dining area
bathroom includes hand basin, toilet and shower
spacious bedroom ...",11170 m²,1,70 m²,,
1 Bedroom Apartment,R 16 000,16000,ZAR,Observatory,,1,1,1,,https://www.property24.com/to-rent/observatory/cape-town/western-cape/10157/116892271,https://www.property24.com/to-rent/cape-town/western-cape/432/p58?PropertyCategory=House%2cApartmentOrFlat%2cTownhouse,2026-02-09 12:25:16.234283,"Unfurnished One Bedroom Apartment situated in the desirable Winchester development, Observatory

Open Plan Kitchen with UCO, HOB and ...",111,1,,,
1 Bedroom Apartment,R 7 800,7800,ZAR,Walmer Estate,"25 Marsden Road, Walmer Estate, Cape Town",1,1,,12 m²,https://www.property24.com/to-rent/walmer-estate/cape-town/western-cape/10163/108821980,https://www.property24.com/to-rent/cape-town/western-cape/432/p58?PropertyCategory=House%2cApartmentOrFlat%2cTownhouse,2026-02-09 12:25:16.234283,A spacious room in a modern home with picturesque views of Cape Town. Available to ...,1112 m²,1,12 m²,,
1 Bedroom Apartment,R 6 700,6700,ZAR,Retreat,,1,1,1,,https://www.property24.com/to-rent/retreat/cape-town/western-cape/9034/116782927,https://www.property24.com/to-rent/cape-town/western-cape/432/p58?PropertyCategory=House%2cApartmentOrFlat%2cTownhouse,2026-02-09 12:25:16.234283,"This inviting 1-bedroom rental unit in Retreat, Cape Town, offers a contemporary and functional living space. Designed for comfort and ...",111,1,,,
7 Bedroom House,R 170 000,170000,ZAR,Constantia,,7,9,4,,https://www.property24.com/to-rent/constantia/cape-town/western-cape/11742/113702253,https://www.property24.com/to-rent/cape-town/western-cape/432/p58?PropertyCategory=House%2cApartmentOrFlat%2cTownhouse,2026-02-09 12:25:16.234283,As you enter the meandering driveway you are welcomed into a world of sheer Grandeur and style to a beautifully elevated villa set on ...,794,4,,,
1 Bedroom Apartment,R 18 000,18000,ZAR,Muizenberg,,1,1,1,,https://www.property24.com/to-rent/muizenberg/cape-town/western-cape/9025/116800190,https://www.property24.com/to-rent/cape-town/western-cape/432/p58?PropertyCategory=House%2cApartmentOrFlat%2cTownhouse,2026-02-09 12:25:16.234283,"If you love the beach, this one is for you!

This beautiful 1-bedroom apartment offers uninterrupted, breathtaking sea views and the ...",111,1,,,
1 Bedroom Apartment,R 7 900,7900,ZAR,Southfield,,1,1,,,https://www.property24.com/to-rent/southfield/cape-town/western-cape/10096/116781089,https://www.property24.com/to-rent/cape-town/western-cape/432/p59?PropertyCategory=House%2cApartmentOrFlat%2cTownhouse,2026-02-09 12:25:16.234283,"Rent – R7 900.00
Available – Immediately

60 square meter ground floor flat * Carpeted lounge with balcony * Kitchen with BIC * ...",11,1,,,
5 Bedroom House,R 115 000,115000,ZAR,Steenberg Golf Estate,,5,5.5,6,875 m²,https://www.property24.com/to-rent/steenberg-golf-estate/cape-town/western-cape/15183/115753136,https://www.property24.com/to-rent/cape-town/western-cape/432/p59?PropertyCategory=House%2cApartmentOrFlat%2cTownhouse,2026-02-09 12:25:16.234283,"Available to rent furnished for 8 months only from 1 April 2026 to 30 November 2026 at R 125 000 per month.

This beautifully ...",55.56875 m²,6,875 m²,,
1 Bedroom Apartment,R 10 400,10400,ZAR,Woodstock,"3 I-Court, 47 Warwick Street",1,1,,48 m²,https://www.property24.com/to-rent/woodstock/cape-town/western-cape/10164/104011241,https://www.property24.com/to-rent/cape-town/western-cape/432/p59?PropertyCategory=House%2cApartmentOrFlat%2cTownhouse,2026-02-09 12:25:16.234283,48m2 ground floor flat in small redeveloped block of 8 units with designer features ...,1148 m²,1,48 m²,,
1 Bedroom Apartment,R 17 500,17500,ZAR,Green Point,11 Upper Portswood Rd,1,1,,70 m²,https://www.property24.com/to-rent/green-point/cape-town/western-cape/11017/116668374,https://www.property24.com/to-rent/cape-town/western-cape/432/p59?PropertyCategory=House%2cApartmentOrFlat%2cTownhouse,2026-02-09 12:25:16.234283,Spacious fully furnished or unfurnished one bedroom apartment in the hub of green point ...,1170 m²,1,70 m²,,
1 Bedroom Apartment,R 15 000,15000,ZAR,Llandudno,,1,1,1,,https://www.property24.com/to-rent/llandudno/cape-town/western-cape/9118/116831389,https://www.property24.com/to-rent/cape-town/western-cape/432/p59?PropertyCategory=House%2cApartmentOrFlat%2cTownhouse,2026-02-09 12:25:16.234283,"This ground-floor, unfurnished one-bedroom apartment is located on a private property in Llandudno and offers comfortable, easy living. ...",111,1,,,
5 Bedroom House,R 8 000,8000,ZAR,Rondebosch,3 Kingsbury Park Road,5,6,5,,https://www.property24.com/to-rent/rondebosch/cape-town/western-cape/8682/116794943,https://www.property24.com/to-rent/cape-town/western-cape/432/p59?PropertyCategory=House%2cApartmentOrFlat%2cTownhouse,2026-02-09 12:25:16.234283,Rent one of five bedrooms at 3 Kingsbury for 1 February 2026 (For University Students ...,565,5,,,
2 Bedroom House,R 28 000,28000,ZAR,Constantia,,2,2,2,,https://www.property24.com/to-rent/constantia/cape-town/western-cape/11742/116778812,https://www.property24.com/to-rent/cape-town/western-cape/432/p59?PropertyCategory=House%2cApartmentOrFlat%2cTownhouse,2026-02-09 12:25:16.234283,"Nestled on a larger property this totally private 2 or 3 bed cottage, with its own entrance is situated in a highly secure position in ...",222,2,,,
2 Bedroom Apartment,R 22 500,22500,ZAR,Newlands,,2,1,1,,https://www.property24.com/to-rent/newlands/cape-town/western-cape/8679/116822893,https://www.property24.com/to-rent/cape-town/western-cape/432/p59?PropertyCategory=House%2cApartmentOrFlat%2cTownhouse,2026-02-09 12:25:16.234283,"Modern 2-Bedroom, 1-Bathroom Apartment for Rent in the Heart of Newlands.

Discover effortless, upmarket living in one of Cape Town’s ...",211,1,,,
1 Bedroom Apartment,R 25 000,25000,ZAR,De Waterkant,,1,1,1,,https://www.property24.com/to-rent/de-waterkant/cape-town/western-cape/9141/113756539,https://www.property24.com/to-rent/cape-town/western-cape/432/p59?PropertyCategory=House%2cApartmentOrFlat%2cTownhouse,2026-02-09 12:25:16.234283,"Available: 1st March 2026 to 30 November 2026 ONLY

Introducing a stunning furnished one bedroom apartment located in the highly ...",111,1,,,
3 Bedroom House,R 16 000,16000,ZAR,Wynberg,60 Kent Road,3,2,,,https://www.property24.com/to-rent/wynberg/cape-town/western-cape/10109/116727367,https://www.property24.com/to-rent/cape-town/western-cape/432/p59?PropertyCategory=House%2cApartmentOrFlat%2cTownhouse,2026-02-09 12:25:16.234283,"•	3 Bedrooms with laminated floors
•	Built-in cupboards
•	2 Bathrooms
•	1 ...",32,2,,,
1 Bedroom Apartment,POAper day,,,Camps Bay,,1,1,,,https://www.property24.com/to-rent/camps-bay/cape-town/western-cape/11014/112300474,https://www.property24.com/to-rent/cape-town/western-cape/432/p59?PropertyCategory=House%2cApartmentOrFlat%2cTownhouse,2026-02-09 12:25:16.234283,"*Please note that this property is available on short term rentals and has a three night minimum stay, please enquire on the daily rate ...",11,1,,,per day
1 Bedroom Apartment,R 22 749,22749,ZAR,Oranjezicht,,1,1,1,,https://www.property24.com/to-rent/oranjezicht/cape-town/western-cape/9155/115570782,https://www.property24.com/to-rent/cape-town/western-cape/432/p59?PropertyCategory=House%2cApartmentOrFlat%2cTownhouse,2026-02-09 12:25:16.234283,"Stunning Furnished and Pet Friendly 1 Bedroom, separate office space, and  balcony to let in lovely, leafy Nieuw Rheezicht ...",111,1,,,
3 Bedroom House,R 58 500,58500,ZAR,Three Anchor Bay,,3,2,1,226 m²,https://www.property24.com/to-rent/three-anchor-bay/cape-town/western-cape/11022/116794008,https://www.property24.com/to-rent/cape-town/western-cape/432/p59?PropertyCategory=House%2cApartmentOrFlat%2cTownhouse,2026-02-09 12:25:16.234283,"LAW ROAD
GREEN POINT

This beautifully renovated three bedroom, two bathroom townhouse sits in a quiet, gated road and offers a calm ...",321226 m²,1,226 m²,,
2 Bedroom Apartment,R 28 500,28500,ZAR,Llandudno,,2,1,1,,https://www.property24.com/to-rent/llandudno/cape-town/western-cape/9118/112504749,https://www.property24.com/to-rent/cape-town/western-cape/432/p59?PropertyCategory=House%2cApartmentOrFlat%2cTownhouse,2026-02-09 12:25:16.234283,"Available 2 March – 14 November 2026, this fully furnished, beach-style apartment offers a quiet and comfortable out-of-season stay in ...",211,1,,,
3 Bedroom House,R 16 000,16000,ZAR,Wynberg,60 Kent Road,3,2,,,https://www.property24.com/to-rent/wynberg/cape-town/western-cape/10109/116708628,https://www.property24.com/to-rent/cape-town/western-cape/432/p59?PropertyCategory=House%2cApartmentOrFlat%2cTownhouse,2026-02-09 12:25:16.234283,"•	3 Bedrooms with laminated floors
•	Built-in cupboards
•	2 Bathrooms
•	1 ...",32,2,,,
1 Bedroom Apartment,R 14 000,14000,ZAR,Zonnebloem,"1016 Four Seasons, 43 Buitenkant Street",1,1,,53 m²,https://www.property24.com/to-rent/zonnebloem/cape-town/western-cape/10166/116760903,https://www.property24.com/to-rent/cape-town/western-cape/432/p59?PropertyCategory=House%2cApartmentOrFlat%2cTownhouse,2026-02-09 12:25:16.234283,Positioned within the iconic Four Seasons aparthotel on sought-after Buitenkant Street ...,1153 m²,1,53 m²,,
4 Bedroom House,R 65 000,65000,ZAR,Rondebosch,"Milner Road, Rondebosch",4,2.5,2,940 m²,https://www.property24.com/to-rent/rondebosch/cape-town/western-cape/8682/114596712,https://www.property24.com/to-rent/cape-town/western-cape/432/p59?PropertyCategory=House%2cApartmentOrFlat%2cTownhouse,2026-02-09 12:25:16.234283,Fully furnished 4 bedroomed house to rent in Rondebosch.          R65 000 per month ...,42.52940 m²,2,940 m²,,
Apartment,R 14 500,14500,ZAR,Gardens,,,1,,33 m²,https://www.property24.com/to-rent/gardens/cape-town/western-cape/9145/116759873,https://www.property24.com/to-rent/cape-town/western-cape/432/p59?PropertyCategory=House%2cApartmentOrFlat%2cTownhouse,2026-02-09 12:25:16.234283,"Perfectly positioned in the city centre, this 33m2 fully furnished loft-style studio apartment offers smart, modern living with ...",133 m²,1,33 m²,,
2 Bedroom Apartment,R 25 000,25000,ZAR,Gardens,,2,2,,,https://www.property24.com/to-rent/gardens/cape-town/western-cape/9145/116836541,https://www.property24.com/to-rent/cape-town/western-cape/432/p59?PropertyCategory=House%2cApartmentOrFlat%2cTownhouse,2026-02-09 12:25:16.234283,"This charming Victorian apartment is perfectly positioned in the heart of Cape Town, offering the best of both worlds — central and ...",22,2,,,
0.5 Bedroom Apartment,R 10 500,10500,ZAR,Rondebosch,,0.5,1,1,,https://www.property24.com/to-rent/rondebosch/cape-town/western-cape/8682/116885604,https://www.property24.com/to-rent/cape-town/western-cape/432/p59?PropertyCategory=House%2cApartmentOrFlat%2cTownhouse,2026-02-09 12:25:16.234283,"This light and spacious studio apartment in sought-after Rondebosch Oaks offers comfortable, low-maintenance living in a secure and ...",0.511,1,,,
3 Bedroom Apartment,R 28 000,28000,ZAR,Kenilworth,,3,2,2,163 m²,https://www.property24.com/to-rent/kenilworth/cape-town/western-cape/8669/116753571,https://www.property24.com/to-rent/cape-town/western-cape/432/p59?PropertyCategory=House%2cApartmentOrFlat%2cTownhouse,2026-02-09 12:25:16.234283,Stunning spacious modern 3 bedroom ground floor apartment to let in the very popular complex of Beauleigh Mansions in Kenilworth. ...,322163 m²,2,163 m²,,
2 Bedroom House,R 41 000,41000,ZAR,Newlands,,2,1,1,201 m²,https://www.property24.com/to-rent/newlands/cape-town/western-cape/8679/116394987?plId=2307216&plt=4,https://www.property24.com/to-rent/cape-town/western-cape/432/p60?PropertyCategory=House%2cApartmentOrFlat%2cTownhouse,2026-02-09 12:25:16.234283,"This lovely home welcomes you with a spacious lounge featuring a wood-burning fireplace, perfect for cosy winter evenings. The modern kitchen is fully fitted with a built-in oven, hob, and dishwasher, with a private courtyard just off the kitchen that leads directly to the ...",211201 m²,1,201 m²,,
3 Bedroom Apartment,R 22 500,22500,ZAR,Claremont,,3,1.5,2,,https://www.property24.com/to-rent/claremont/cape-town/western-cape/11741/116777243,https://www.property24.com/to-rent/cape-town/western-cape/432/p60?PropertyCategory=House%2cApartmentOrFlat%2cTownhouse,2026-02-09 12:25:16.234283,"Discover your new home in this lovely 3-bedroom apartment, perfect for families or professionals seeking comfort and convenience.

This ...",31.52,2,,,
Apartment,R 12 950,12950,ZAR,Rondebosch,,,1,1,,https://www.property24.com/to-rent/rondebosch/cape-town/western-cape/8682/116853400,https://www.property24.com/to-rent/cape-town/western-cape/432/p60?PropertyCategory=House%2cApartmentOrFlat%2cTownhouse,2026-02-09 12:25:16.234283,"Available from 1 March, this unfurnished studio apartment is located in the sought-after The Premier development in Newlands, offering ...",11,1,,,
4 Bedroom House,R 26 000,26000,ZAR,Plumstead,,4,3,4,,https://www.property24.com/to-rent/plumstead/cape-town/western-cape/10094/109431253,https://www.property24.com/to-rent/cape-town/western-cape/432/p60?PropertyCategory=House%2cApartmentOrFlat%2cTownhouse,2026-02-09 12:25:16.234283,Welcome to the real deal. This family home with full dual living has been well laid out for the larger family or cottage let. The ...,434,4,,,
3 Bedroom Apartment,R 20 000,20000,ZAR,Rondebosch,,3,1.5,1,109 m²,https://www.property24.com/to-rent/rondebosch/cape-town/western-cape/8682/116751441,https://www.property24.com/to-rent/cape-town/western-cape/432/p60?PropertyCategory=House%2cApartmentOrFlat%2cTownhouse,2026-02-09 12:25:16.234283,"Available - 1 February 2026
Deposit = 2 months rental amount
No pets
1 parking bay inside the complex

This spacious apartment offers ...",31.51109 m²,1,109 m²,,
1 Bedroom Apartment,R 13 000,13000,ZAR,Llandudno,,1,1,1,,https://www.property24.com/to-rent/llandudno/cape-town/western-cape/9118/116806459,https://www.property24.com/to-rent/cape-town/western-cape/432/p60?PropertyCategory=House%2cApartmentOrFlat%2cTownhouse,2026-02-09 12:25:16.234283,"A beautifully spacious bedroom is available in a stunning three-storey home, ideally located near the Sandy Bay parking area in ...",111,1,,,
1 Bedroom Apartment,R 15 000,15000,ZAR,Foreshore,"1027 Harbour Arch, 1 Christiaan Barnard St, Foreshore, Cape Town",1,1,1,,https://www.property24.com/to-rent/foreshore/cape-town/western-cape/9143/116282507,https://www.property24.com/to-rent/cape-town/western-cape/432/p60?PropertyCategory=House%2cApartmentOrFlat%2cTownhouse,2026-02-09 12:25:16.234283,"Imagine being able to link effortlessly to the neighbourhood, the city, and the world. ...",111,1,,,
1 Bedroom Apartment,R 11 000,11000,ZAR,Kenilworth,,1,1,1,48 m²,https://www.property24.com/to-rent/kenilworth/cape-town/western-cape/8669/116804033,https://www.property24.com/to-rent/cape-town/western-cape/432/p60?PropertyCategory=House%2cApartmentOrFlat%2cTownhouse,2026-02-09 12:25:16.234283,"This apartment block is centrally located and walking distance to Rosmead Spar, Kenilworth Centre, Pick n Pay Head Office and fast food ...",11148 m²,1,48 m²,,
4 Bedroom House,R 90 000,90000,ZAR,Newlands,,4,4,4,,https://www.property24.com/to-rent/newlands/cape-town/western-cape/8679/116681081,https://www.property24.com/to-rent/cape-town/western-cape/432/p60?PropertyCategory=House%2cApartmentOrFlat%2cTownhouse,2026-02-09 12:25:16.234283,"This stunning property offers a modern, open-plan lounge, dining room and kitchen, seamlessly blending comfort and luxury. Downstairs ...",444,4,,,
4 Bedroom House,R 90 000,90000,ZAR,Newlands,,4,4,4,,https://www.property24.com/to-rent/newlands/cape-town/western-cape/8679/116755055,https://www.property24.com/to-rent/cape-town/western-cape/432/p60?PropertyCategory=House%2cApartmentOrFlat%2cTownhouse,2026-02-09 12:25:16.234283,"This stunning property offers a modern, open-plan lounge, dining room and kitchen, seamlessly blending comfort and luxury. Downstairs ...",444,4,,,
2 Bedroom Apartment,R 90 000,90000,ZAR,Waterfront,,2,2.5,2,,https://www.property24.com/to-rent/waterfront/cape-town/western-cape/9169/112845533,https://www.property24.com/to-rent/cape-town/western-cape/432/p60?PropertyCategory=House%2cApartmentOrFlat%2cTownhouse,2026-02-09 12:25:16.234283,"The 2-bedroomed apartments are newly furnished with a breathtaking sea & harbour view. 

Enjoy a spacious open-plan design that ...",22.52,2,,,
2 Bedroom Apartment,R 57 000,57000,ZAR,Mouille Point,,2,2,2,154 m²,https://www.property24.com/to-rent/mouille-point/cape-town/western-cape/11018/116753970,https://www.property24.com/to-rent/cape-town/western-cape/432/p60?PropertyCategory=House%2cApartmentOrFlat%2cTownhouse,2026-02-09 12:25:16.234283,"An exceptional 2-bedroom, 2-bathroom luxury apartment set in a prestigious Mouille Point block, offering uninterrupted golf course ...",222154 m²,2,154 m²,,
Apartment,R 14 000,14000,ZAR,Oranjezicht,,,1,1,,https://www.property24.com/to-rent/oranjezicht/cape-town/western-cape/9155/116866356,https://www.property24.com/to-rent/cape-town/western-cape/432/p60?PropertyCategory=House%2cApartmentOrFlat%2cTownhouse,2026-02-09 12:25:16.234283,"Studio apartment to let in a well-established apartment block called Nieuw Rheezicht. Modern luxuries, well suited to professionals who ...",11,1,,,
2 Bedroom Apartment,R 2 250per day,2250,ZAR,Cape Town City Centre,,2,2,1,159 m²,https://www.property24.com/to-rent/cape-town-city-centre/cape-town/western-cape/9138/116784375,https://www.property24.com/to-rent/cape-town/western-cape/432/p60?PropertyCategory=House%2cApartmentOrFlat%2cTownhouse,2026-02-09 12:25:16.234283,Welcome to your stylish home-away-from-home in the vibrant heart of Cape Town’s City Centre. Located on the 5th floor overlooking the ...,221159 m²,1,159 m²,,per day
2 Bedroom Apartment,R 22 500,22500,ZAR,Gardens,,2,1,1,,https://www.property24.com/to-rent/gardens/cape-town/western-cape/9145/116826094,https://www.property24.com/to-rent/cape-town/western-cape/432/p60?PropertyCategory=House%2cApartmentOrFlat%2cTownhouse,2026-02-09 12:25:16.234283,"Nestled in the heart of Gardens, this apartment is a beautifully appointed two-bedroom apartment that guests consistently praise for ...",211,1,,,
4 Bedroom House,R 30 000,30000,ZAR,Kalk Bay,,4,1,3,,https://www.property24.com/to-rent/kalk-bay/cape-town/western-cape/9067/116793181,https://www.property24.com/to-rent/cape-town/western-cape/432/p60?PropertyCategory=House%2cApartmentOrFlat%2cTownhouse,2026-02-09 12:25:16.234283,This 4 bedrooms Heritage home is located in the heart of Kalk bay. Beautiful panoramic views of the ocean and mountain views. Away from ...,413,3,,,
2 Bedroom House,R 26 000,26000,ZAR,Wynberg,,2,1,1,,https://www.property24.com/to-rent/wynberg/cape-town/western-cape/10109/116772935,https://www.property24.com/to-rent/cape-town/western-cape/432/p60?PropertyCategory=House%2cApartmentOrFlat%2cTownhouse,2026-02-09 12:25:16.234283,"This beautifully furnished 2 bedroom, 1 bathroom cottage with a study offers a warm and welcoming stay, ideal for professionals or ...",211,1,,,
2 Bedroom Apartment,R 18 000,18000,ZAR,Observatory,,2,2,2,,https://www.property24.com/to-rent/observatory/cape-town/western-cape/10157/116890325,https://www.property24.com/to-rent/cape-town/western-cape/432/p60?PropertyCategory=House%2cApartmentOrFlat%2cTownhouse,2026-02-09 12:25:16.234283,"FURNISHED TWO BEDROOM TWO BATHROOM  62M APARTMENT THE FACTORY COMPLEX TWO PARKING CAPE TOWN OBSERVATORY 

Suit 2 sharing - couple or ...",222,2,,,
2 Bedroom Apartment,R 13 000,13000,ZAR,Claremont,134 Belvedere Rd,2,1,1,80 m²,https://www.property24.com/to-rent/claremont/cape-town/western-cape/11741/115940943,https://www.property24.com/to-rent/cape-town/western-cape/432/p60?PropertyCategory=House%2cApartmentOrFlat%2cTownhouse,2026-02-09 12:25:16.234283,Discover this spacious 2-bedroom flat situated in the heart of Claremont opposite ...,21180 m²,1,80 m²,,
0.5 Bedroom Apartment,R 5 100,5100,ZAR,Wynberg,,0.5,1,1,,https://www.property24.com/to-rent/wynberg/cape-town/western-cape/10109/116777253,https://www.property24.com/to-rent/cape-town/western-cape/432/p60?PropertyCategory=House%2cApartmentOrFlat%2cTownhouse,2026-02-09 12:25:16.234283,Newgrounds Living is perfectly situated in the heart of Southern Suburbs. Our apartments are designed to bring you the ideal blend of ...,0.511,1,,,
3 Bedroom House,R 50 000,50000,ZAR,Constantia,,3,3.5,4,,https://www.property24.com/to-rent/constantia/cape-town/western-cape/11742/115564618,https://www.property24.com/to-rent/cape-town/western-cape/432/p60?PropertyCategory=House%2cApartmentOrFlat%2cTownhouse,2026-02-09 12:25:16.234283,"SHORT TERM LET ONLY from 1 May - 30 October 2026.

This spacious home in the heart of Constantia is immaculately furnished and fully ...",33.54,4,,,
2 Bedroom Apartment,R 22 000,22000,ZAR,Woodstock,85 Albert Road,2,1,2,72 m²,https://www.property24.com/to-rent/woodstock/cape-town/western-cape/10164/116746339,https://www.property24.com/to-rent/cape-town/western-cape/432/p61?PropertyCategory=House%2cApartmentOrFlat%2cTownhouse,2026-02-09 12:25:16.234283,Modern 2-Bedroom Apartment on Top Floor with Large Balcony & Mountain Views | ...,21272 m²,2,72 m²,,
2 Bedroom House,R 12 000,12000,ZAR,Lansdowne,,2,1,,,https://www.property24.com/to-rent/lansdowne/cape-town/western-cape/8778/116769798,https://www.property24.com/to-rent/cape-town/western-cape/432/p61?PropertyCategory=House%2cApartmentOrFlat%2cTownhouse,2026-02-09 12:25:16.234283,"Whatsapp messages and email inquiries only!

This well-maintained 2-bedroom separate-entrance unit, located in Church Street ...",21,1,,,
1 Bedroom House,R 9 000,9000,ZAR,Pelican Heights,16 Shelduck Crescent,1,1,1,,https://www.property24.com/to-rent/pelican-heights/cape-town/western-cape/12195/116824758,https://www.property24.com/to-rent/cape-town/western-cape/432/p61?PropertyCategory=House%2cApartmentOrFlat%2cTownhouse,2026-02-09 12:25:16.234283,"Neat and comfortable 1-bedroom open-plan unit with its own separate entrance, ideal for ...",111,1,,,
1 Bedroom Apartment,R 7 000per day,7000,ZAR,Clifton,,1,1,1,73 m²,https://www.property24.com/to-rent/clifton/cape-town/western-cape/11015/116715282,https://www.property24.com/to-rent/cape-town/western-cape/432/p61?PropertyCategory=House%2cApartmentOrFlat%2cTownhouse,2026-02-09 12:25:16.234283,"Welcome to the sought-after San Michele complex on Clifton 1st Beach, a dream location where everyone wants to be!...
This 73 m² ...",11173 m²,1,73 m²,,per day
4 Bedroom House,R 70 000,70000,ZAR,Silvertree Estate,45 Eton Way,4,4.5,4,720 m²,https://www.property24.com/to-rent/silvertree-estate/cape-town/western-cape/15132/115127666,https://www.property24.com/to-rent/cape-town/western-cape/432/p61?PropertyCategory=House%2cApartmentOrFlat%2cTownhouse,2026-02-09 12:25:16.234283,Beautiful  house in a great location. Walking distance from  Reddam school,44.54720 m²,4,720 m²,,
2 Bedroom House,R 15 000,15000,ZAR,Observatory,,2,1,,,https://www.property24.com/to-rent/observatory/cape-town/western-cape/10157/116819251,https://www.property24.com/to-rent/cape-town/western-cape/432/p61?PropertyCategory=House%2cApartmentOrFlat%2cTownhouse,2026-02-09 12:25:16.234283,"This well-positioned 2-bedroom semi-detached unit is located in the heart of Observatory, offering comfortable living with the ...",21,1,,,
2 Bedroom Apartment,R 34 000,34000,ZAR,Vredehoek,,2,1,2,72 m²,https://www.property24.com/to-rent/vredehoek/cape-town/western-cape/9166/116754128,https://www.property24.com/to-rent/cape-town/western-cape/432/p61?PropertyCategory=House%2cApartmentOrFlat%2cTownhouse,2026-02-09 12:25:16.234283,"Enter this brand new two-bedroom, North Facing Penthouse with stunning City & Mountain views.
This property is designed in a ...",21272 m²,2,72 m²,,
2 Bedroom Apartment,R 10 600,10600,ZAR,Kensington,24 Nyman St,2,1,1,,https://www.property24.com/to-rent/kensington/cape-town/western-cape/8010/109583364,https://www.property24.com/to-rent/cape-town/western-cape/432/p61?PropertyCategory=House%2cApartmentOrFlat%2cTownhouse,2026-02-09 12:25:16.234283,"Two Bedroom flat
Secured complex - 24 hours security
Taxi pick-up at the ...",211,1,,,
3 Bedroom Townhouse,R 18 500,18500,ZAR,Diep River,"13 Waterford Grove, Ian Taylor Road",3,2,3,,https://www.property24.com/to-rent/diep-river/cape-town/western-cape/10195/111288060,https://www.property24.com/to-rent/cape-town/western-cape/432/p61?PropertyCategory=House%2cApartmentOrFlat%2cTownhouse,2026-02-09 12:25:16.234283,"To view please whatsapp the agent!!!!
Due to the high volume of enquiries we receive ...",323,3,,,
2 Bedroom House,R 12 000,12000,ZAR,Lansdowne,,2,1,,,https://www.property24.com/to-rent/lansdowne/cape-town/western-cape/8778/116831806,https://www.property24.com/to-rent/cape-town/western-cape/432/p61?PropertyCategory=House%2cApartmentOrFlat%2cTownhouse,2026-02-09 12:25:16.234283,"Whatsapp messages and email inquiries only!

This well-maintained 2-bedroom separate-entrance unit, located in Church Street ...",21,1,,,
2 Bedroom Apartment,R 35 000,35000,ZAR,Camps Bay,,2,2,2,103 m²,https://www.property24.com/to-rent/camps-bay/cape-town/western-cape/11014/113013813,https://www.property24.com/to-rent/cape-town/western-cape/432/p61?PropertyCategory=House%2cApartmentOrFlat%2cTownhouse,2026-02-09 12:25:16.234283,"AVAIL FROM 1st APRIL 2026 TO 30th NOVEMBER 2026 

Superb complex situated at the foot of majestic Table Mountain, in the heart  of ...",222103 m²,2,103 m²,,
4 Bedroom House,POAper day,,,Camps Bay,,4,4.5,1,,https://www.property24.com/to-rent/camps-bay/cape-town/western-cape/11014/112934691,https://www.property24.com/to-rent/cape-town/western-cape/432/p61?PropertyCategory=House%2cApartmentOrFlat%2cTownhouse,2026-02-09 12:25:16.234283,*Please note this property is available on daily rentals only and rates vary from season to season - please follow contact us for rates ...,44.51,1,,,per day
1 Bedroom Apartment,R 15 000,15000,ZAR,Cape Town City Centre,,1,1,,,https://www.property24.com/to-rent/cape-town-city-centre/cape-town/western-cape/9138/112783152,https://www.property24.com/to-rent/cape-town/western-cape/432/p61?PropertyCategory=House%2cApartmentOrFlat%2cTownhouse,2026-02-09 12:25:16.234283,"MUTUAL HEIGHTS - Semi-Furnished one bedroom loft-style apartment on the seventh floor with double volume living space. 

Wonderfully ...",11,1,,,
2 Bedroom Apartment,R 24 500,24500,ZAR,Vredehoek,,2,1,1,,https://www.property24.com/to-rent/vredehoek/cape-town/western-cape/9166/115459602,https://www.property24.com/to-rent/cape-town/western-cape/432/p61?PropertyCategory=House%2cApartmentOrFlat%2cTownhouse,2026-02-09 12:25:16.234283,"Modern & renovated 2 bedroom apartment for rent in escombe - vredehoek.

Granite kitchen counter tops, down lights, communal braai ...",211,1,,,
10 Bedroom House,R 260 000,260000,ZAR,Constantia,,10,8,3,4 376 m²,https://www.property24.com/to-rent/constantia/cape-town/western-cape/11742/116742959,https://www.property24.com/to-rent/cape-town/western-cape/432/p61?PropertyCategory=House%2cApartmentOrFlat%2cTownhouse,2026-02-09 12:25:16.234283,This residential estate is located within the Constantia Hill area and offers extensive accommodation suitable for tenants requiring ...,10834 376 m²,3,4 376 m²,,
2 Bedroom Apartment,R 80 000,80000,ZAR,Sea Point,,2,2,1,,https://www.property24.com/to-rent/sea-point/cape-town/western-cape/11021/111024977,https://www.property24.com/to-rent/cape-town/western-cape/432/p61?PropertyCategory=House%2cApartmentOrFlat%2cTownhouse,2026-02-09 12:25:16.234283,"Stunner available from 1 April 2026- 15 December 2026

Luxuriously finished and furnished apartment perched high up in the block ...",221,1,,,
2 Bedroom Apartment,R 28 000,28000,ZAR,Constantia,4 Nahoon Avenue,2,2,1,80 m²,https://www.property24.com/to-rent/constantia/cape-town/western-cape/11742/116596546,https://www.property24.com/to-rent/cape-town/western-cape/432/p61?PropertyCategory=House%2cApartmentOrFlat%2cTownhouse,2026-02-09 12:25:16.234283,"This bright and welcoming 2 bedroomed garden apartment offers modern, easy living in a ...",22180 m²,1,80 m²,,
4 Bedroom House,R 28 000,28000,ZAR,Mowbray,,4,2,3,282 m²,https://www.property24.com/to-rent/mowbray/cape-town/western-cape/8677/116744312,https://www.property24.com/to-rent/cape-town/western-cape/432/p61?PropertyCategory=House%2cApartmentOrFlat%2cTownhouse,2026-02-09 12:25:16.234283,"Step into timeless elegance with this beautifully preserved Victorian home, ideally located in the heart of Mowbray. Rich in original ...",423282 m²,3,282 m²,,
7 Bedroom House,R 170 000,170000,ZAR,Constantia,,7,9,4,,https://www.property24.com/to-rent/constantia/cape-town/western-cape/11742/116785615,https://www.property24.com/to-rent/cape-town/western-cape/432/p61?PropertyCategory=House%2cApartmentOrFlat%2cTownhouse,2026-02-09 12:25:16.234283,"Set in an elevated position with sweeping views, this established and generously proportioned family residence offers an exceptional ...",794,4,,,
Apartment,R 13 000,13000,ZAR,Cape Town City Centre,,,1,1,32 m²,https://www.property24.com/to-rent/cape-town-city-centre/cape-town/western-cape/9138/103175907,https://www.property24.com/to-rent/cape-town/western-cape/432/p61?PropertyCategory=House%2cApartmentOrFlat%2cTownhouse,2026-02-09 12:25:16.234283,"Beautifully Furnished 32SQM, bachelor apartment with parking. Included is communal pool & gym. Secure complex. Stunning views with ...",1132 m²,1,32 m²,,
Apartment,R 19 000,19000,ZAR,Green Point,,,1,1,40 m²,https://www.property24.com/to-rent/green-point/cape-town/western-cape/11017/116679170,https://www.property24.com/to-rent/cape-town/western-cape/432/p61?PropertyCategory=House%2cApartmentOrFlat%2cTownhouse,2026-02-09 12:25:16.234283,Welcome to your new home in the heart of Green Point.  This newly renovated studio apartment is a perfect blend of modern comfort and ...,1140 m²,1,40 m²,,
3 Bedroom Townhouse,R 6 999per day,6999,ZAR,Camps Bay,16 Willesden Road,3,2.5,3,190 m²,https://www.property24.com/to-rent/camps-bay/cape-town/western-cape/11014/116740922,https://www.property24.com/to-rent/cape-town/western-cape/432/p62?PropertyCategory=House%2cApartmentOrFlat%2cTownhouse,2026-02-09 12:25:16.234283,"The townhouse consists of:

•	An open plan dining room table with seating for 6. The ...",32.53190 m²,3,190 m²,,per day
5 Bedroom House,R 47 000,47000,ZAR,Lakeside,,5,3.5,4,,https://www.property24.com/to-rent/lakeside/cape-town/western-cape/10174/116783235,https://www.property24.com/to-rent/cape-town/western-cape/432/p62?PropertyCategory=House%2cApartmentOrFlat%2cTownhouse,2026-02-09 12:25:16.234283,"Tucked away in a peaceful cul-de-sac just off Boyes Drive. It offers opulent living with uninterrupted views of Marina da Gama, False ...",53.54,4,,,
1 Bedroom Apartment,R 12 000,12000,ZAR,Zonnebloem,76 Sir Lowry Rd,1,1,1,42 m²,https://www.property24.com/to-rent/zonnebloem/cape-town/western-cape/10166/110304480,https://www.property24.com/to-rent/cape-town/western-cape/432/p62?PropertyCategory=House%2cApartmentOrFlat%2cTownhouse,2026-02-09 12:25:16.234283,Recently Renovated One-bedroom apartment in the prestigious SIX development. This flat ...,11142 m²,1,42 m²,,
1 Bedroom Apartment,R 19 900,19900,ZAR,Gardens,2 Molteno Rd,1,1,,,https://www.property24.com/to-rent/gardens/cape-town/western-cape/9145/114128310,https://www.property24.com/to-rent/cape-town/western-cape/432/p62?PropertyCategory=House%2cApartmentOrFlat%2cTownhouse,2026-02-09 12:25:16.234283,"AVAILABLE FROM 1 MARCH 26 ONLY 

This one-bedroom self-catering apartment is nestled ...",11,1,,,
1 Bedroom Apartment,R 40 000,40000,ZAR,Sea Point,,1,1,1,,https://www.property24.com/to-rent/sea-point/cape-town/western-cape/11021/116811437,https://www.property24.com/to-rent/cape-town/western-cape/432/p62?PropertyCategory=House%2cApartmentOrFlat%2cTownhouse,2026-02-09 12:25:16.234283,Escape to luxury in this beautifully furnished one-bedroom apartment at Station House. Styled by a top interior designer with a private ...,111,1,,,
1 Bedroom Apartment,R 26 000,26000,ZAR,Cape Town City Centre,116 Buitengracht St,1,1,1,55 m²,https://www.property24.com/to-rent/cape-town-city-centre/cape-town/western-cape/9138/116782532,https://www.property24.com/to-rent/cape-town/western-cape/432/p62?PropertyCategory=House%2cApartmentOrFlat%2cTownhouse,2026-02-09 12:25:16.234283,Be the First to Live in Cape Town CBD’s Newest Apartment Development - Available from 1 ...,11155 m²,1,55 m²,,
4 Bedroom House,R 150 000,150000,ZAR,Llandudno,,4,4.5,1,,https://www.property24.com/to-rent/llandudno/cape-town/western-cape/9118/115240624,https://www.property24.com/to-rent/cape-town/western-cape/432/p62?PropertyCategory=House%2cApartmentOrFlat%2cTownhouse,2026-02-09 12:25:16.234283,"Unfurnished Beach Front Property!

As you enter this stylish beach front home you are welcomed into a world of effortless style and ...",44.51,1,,,
0.5 Bedroom Apartment,R 18 000,18000,ZAR,De Waterkant,117 Strand Street,0.5,1,,,https://www.property24.com/to-rent/de-waterkant/cape-town/western-cape/9141/116597724,https://www.property24.com/to-rent/cape-town/western-cape/432/p62?PropertyCategory=House%2cApartmentOrFlat%2cTownhouse,2026-02-09 12:25:16.234283,"*Long Term Rental*

Discover contemporary urban living at its finest in The Rose, a ...",0.51,1,,,
5 Bedroom House,R 8 750,8750,ZAR,Observatory,8 James Rd,5,4,,650 m²,https://www.property24.com/to-rent/observatory/cape-town/western-cape/10157/108548701,https://www.property24.com/to-rent/cape-town/western-cape/432/p62?PropertyCategory=House%2cApartmentOrFlat%2cTownhouse,2026-02-09 12:25:16.234283,"House To Share :
 2 large bedrooms (1 ensuite ) available in an all female modern and ...",54650 m²,4,650 m²,,
1 Bedroom Apartment,R 18 500,18500,ZAR,Constantia,,1,1,2,65 m²,https://www.property24.com/to-rent/constantia/cape-town/western-cape/11742/116733059,https://www.property24.com/to-rent/cape-town/western-cape/432/p62?PropertyCategory=House%2cApartmentOrFlat%2cTownhouse,2026-02-09 12:25:16.234283,"This charming 1-bedroom garden cottage offers comfortable living in a quiet, leafy neighbourhood. The unit features built-in cupboards ...",11265 m²,2,65 m²,,
2 Bedroom Apartment,R 16 000,16000,ZAR,Kenilworth,,2,1,1,,https://www.property24.com/to-rent/kenilworth/cape-town/western-cape/8669/116771108,https://www.property24.com/to-rent/cape-town/western-cape/432/p62?PropertyCategory=House%2cApartmentOrFlat%2cTownhouse,2026-02-09 12:25:16.234283,"Well-positioned in the sought-after Bonnes Esperance complex in Kenilworth, this neat and spacious 2 bedroom, 1 bathroom apartment ...",211,1,,,
4 Bedroom Apartment,R 5 500,5500,ZAR,Rondebosch,2 Rosendale Road,4,2,1,110 m²,https://www.property24.com/to-rent/rondebosch/cape-town/western-cape/8682/116804651,https://www.property24.com/to-rent/cape-town/western-cape/432/p62?PropertyCategory=House%2cApartmentOrFlat%2cTownhouse,2026-02-09 12:25:16.234283,1 small room available in a spacious and fully renovated flat right next to Riverside ...,421110 m²,1,110 m²,,
2 Bedroom Apartment,R 32 000,32000,ZAR,Camps Bay,,2,1,1,100 m²,https://www.property24.com/to-rent/camps-bay/cape-town/western-cape/11014/116850526,https://www.property24.com/to-rent/cape-town/western-cape/432/p62?PropertyCategory=House%2cApartmentOrFlat%2cTownhouse,2026-02-09 12:25:16.234283,"Unfurnished two bedroom and one bathroom.
Large open plan lounge and balcony with stack-up doors and mountain view.
Secure parking ...",211100 m²,1,100 m²,,
2 Bedroom Apartment,R 55 000,55000,ZAR,Mouille Point,,2,2,2,155 m²,https://www.property24.com/to-rent/mouille-point/cape-town/western-cape/11018/116750296,https://www.property24.com/to-rent/cape-town/western-cape/432/p62?PropertyCategory=House%2cApartmentOrFlat%2cTownhouse,2026-02-09 12:25:16.234283,"Available from 1 February 2026 on a 12-month lease, pet-friendly.

Experience coastal luxury in this exclusive two-bedroom ...",222155 m²,2,155 m²,,
5 Bedroom House,R 47 000,47000,ZAR,Lakeside,,5,3.5,4,,https://www.property24.com/to-rent/lakeside/cape-town/western-cape/10174/116755903,https://www.property24.com/to-rent/cape-town/western-cape/432/p62?PropertyCategory=House%2cApartmentOrFlat%2cTownhouse,2026-02-09 12:25:16.234283,"Tucked away in a peaceful cul-de-sac just off Boyes Drive. It offers opulent living with uninterrupted views of Marina da Gama, False ...",53.54,4,,,
1 Bedroom Apartment,R 1 500per day,1500,ZAR,Sea Point,,1,0.5,,,https://www.property24.com/to-rent/sea-point/cape-town/western-cape/11021/116777183,https://www.property24.com/to-rent/cape-town/western-cape/432/p62?PropertyCategory=House%2cApartmentOrFlat%2cTownhouse,2026-02-09 12:25:16.234283,This  Micro Apartment is Walking distance to Sea Point Promenade in Cape Town  and offers a open plan one-bedroom apartment with a ...,10.5,0.5,,,per day
1 Bedroom Apartment,R 4 300,4300,ZAR,Lakeside,194 Main Road Lakeside,1,1,1,,https://www.property24.com/to-rent/lakeside/cape-town/western-cape/10174/116849342,https://www.property24.com/to-rent/cape-town/western-cape/432/p62?PropertyCategory=House%2cApartmentOrFlat%2cTownhouse,2026-02-09 12:25:16.234283,Mez Wallach is a secure complex with 24/7 security and is exclusive to 50- to ...,111,1,,,
3 Bedroom Apartment,R 23 000,23000,ZAR,Rondebosch,,3,1.5,,110 m²,https://www.property24.com/to-rent/rondebosch/cape-town/western-cape/8682/116782893,https://www.property24.com/to-rent/cape-town/western-cape/432/p62?PropertyCategory=House%2cApartmentOrFlat%2cTownhouse,2026-02-09 12:25:16.234283,"3 Bedroom Semi furnished apartment

Large sunning lounge which opens out onto a balcony
3 bedrooms with beds
Bathroom with shower ...",31.5110 m²,1.5,110 m²,,
3 Bedroom Apartment,R 75 000,75000,ZAR,Sea Point,,3,3,2,144 m²,https://www.property24.com/to-rent/sea-point/cape-town/western-cape/11021/116744677,https://www.property24.com/to-rent/cape-town/western-cape/432/p62?PropertyCategory=House%2cApartmentOrFlat%2cTownhouse,2026-02-09 12:25:16.234283,"144m2
Fully furnished
3 Bedroom
3 Bathroom (All En-Suite)
2 Balconies
Secure Parking for 2 (3rd parking bay available if ...",332144 m²,2,144 m²,,
5 Bedroom House,R 6 600,6600,ZAR,Mowbray,58 Strubens Rd,5,2,2,,https://www.property24.com/to-rent/mowbray/cape-town/western-cape/8677/107041560,https://www.property24.com/to-rent/cape-town/western-cape/432/p62?PropertyCategory=House%2cApartmentOrFlat%2cTownhouse,2026-02-09 12:25:16.234283,"- 1 bedroom available
- The house is fully furnished with 5 bedrooms and 2 bathrooms ...",522,2,,,
3 Bedroom Apartment,R 11 000,11000,ZAR,Plumstead,,3,1,1,97 m²,https://www.property24.com/to-rent/plumstead/cape-town/western-cape/10094/116895413,https://www.property24.com/to-rent/cape-town/western-cape/432/p62?PropertyCategory=House%2cApartmentOrFlat%2cTownhouse,2026-02-09 12:25:16.234283,"6th Floor, Large 3 Bedroom apartment in Plumstead
Separate lounge, kitchen and bathroom (separate bath and shower)
Separate ...",31197 m²,1,97 m²,,
2 Bedroom Apartment,R 17 000,17000,ZAR,Observatory,,2,2,2,62 m²,https://www.property24.com/to-rent/observatory/cape-town/western-cape/10157/116726776,https://www.property24.com/to-rent/cape-town/western-cape/432/p63?PropertyCategory=House%2cApartmentOrFlat%2cTownhouse,2026-02-09 12:25:16.234283,"Modern 2-Bedroom Apartment with Mountain Views in Obs Court

This well-appointed two-bedroom apartment is located in the secure and ...",22262 m²,2,62 m²,,
1 Bedroom Apartment,R 7 000,7000,ZAR,Wynberg,"256 Grand Central, 227 Main Road, Wynberg",1,1,1,,https://www.property24.com/to-rent/wynberg/cape-town/western-cape/10109/116331687,https://www.property24.com/to-rent/cape-town/western-cape/432/p63?PropertyCategory=House%2cApartmentOrFlat%2cTownhouse,2026-02-09 12:25:16.234283,Step into modern comfort with this spacious 1-bedroom apartment that perfectly balances ...,111,1,,,
1 Bedroom Apartment,R 17 000,17000,ZAR,Claremont Upper,,1,1,1,40 m²,https://www.property24.com/to-rent/claremont-upper/cape-town/western-cape/14225/116768097,https://www.property24.com/to-rent/cape-town/western-cape/432/p63?PropertyCategory=House%2cApartmentOrFlat%2cTownhouse,2026-02-09 12:25:16.234283,"Brand Studio Apartments to Let in New Claremont Upper Development — Multiple Units

The Cavendish is a boutique, north & ...",11140 m²,1,40 m²,,
2 Bedroom Apartment,R 33 000,33000,ZAR,Cape Town City Centre,22 Riebeeck Street,2,2,,87 m²,https://www.property24.com/to-rent/cape-town-city-centre/cape-town/western-cape/9138/116599031,https://www.property24.com/to-rent/cape-town/western-cape/432/p63?PropertyCategory=House%2cApartmentOrFlat%2cTownhouse,2026-02-09 12:25:16.234283,Experience luxury living with breathtaking views of Table Mountain from this fully ...,2287 m²,2,87 m²,,
3 Bedroom Apartment,R 50 000,50000,ZAR,Green Point,,3,2,1,120 m²,https://www.property24.com/to-rent/green-point/cape-town/western-cape/11017/116746474,https://www.property24.com/to-rent/cape-town/western-cape/432/p63?PropertyCategory=House%2cApartmentOrFlat%2cTownhouse,2026-02-09 12:25:16.234283,"I have a stunningly modern, family 3 bedroom apartment in the sought out complex, Son Vida in Greenpoint

-Spacious Master Bedroom ...",321120 m²,1,120 m²,,
0.5 Bedroom Apartment,R 20 500,20500,ZAR,Cape Town City Centre,,0.5,1,1,38 m²,https://www.property24.com/to-rent/cape-town-city-centre/cape-town/western-cape/9138/116741001,https://www.property24.com/to-rent/cape-town/western-cape/432/p63?PropertyCategory=House%2cApartmentOrFlat%2cTownhouse,2026-02-09 12:25:16.234283,"Available from 1 January 2026 for long-term rental.

Experience stylish urban living in this beautifully furnished 39m2 studio ...",0.51138 m²,1,38 m²,,
3 Bedroom House,R 17 000,17000,ZAR,Ottery,,3,2,4,513 m²,https://www.property24.com/to-rent/ottery/cape-town/western-cape/10090/116731294,https://www.property24.com/to-rent/cape-town/western-cape/432/p63?PropertyCategory=House%2cApartmentOrFlat%2cTownhouse,2026-02-09 12:25:16.234283,"This 3 bedroom home is located in Wetton, neatly tucked away in a quiet road- 86 Canal Road, Wetton

NOTE: The property is up for rent ...",324513 m²,4,513 m²,,
2 Bedroom House,R 25 000,25000,ZAR,Constantia,,2,1,2,59 m²,https://www.property24.com/to-rent/constantia/cape-town/western-cape/11742/115348556,https://www.property24.com/to-rent/cape-town/western-cape/432/p63?PropertyCategory=House%2cApartmentOrFlat%2cTownhouse,2026-02-09 12:25:16.234283,"2 Bed Garden Cottage - Constantia Bel Ombre.
This single level garden cottage is available 1 March, partially furnished (excluding ...",21259 m²,2,59 m²,,
Apartment,R 14 800,14800,ZAR,Rosebank,,,,,,https://www.property24.com/to-rent/rosebank/cape-town/western-cape/8683/116822771,https://www.property24.com/to-rent/cape-town/western-cape/432/p63?PropertyCategory=House%2cApartmentOrFlat%2cTownhouse,2026-02-09 12:25:16.234283,"- There is a secure parking space available 
- Open plan kitchen and lounge 
- Bathroom fitted with shower and toilet 
- BICs in ...",,,,,
3 Bedroom Apartment,R 145 000,145000,ZAR,Cape Town City Centre,,3,3.5,2,288 m²,https://www.property24.com/to-rent/cape-town-city-centre/cape-town/western-cape/9138/116727029,https://www.property24.com/to-rent/cape-town/western-cape/432/p63?PropertyCategory=House%2cApartmentOrFlat%2cTownhouse,2026-02-09 12:25:16.234283,"Welcome to an extraordinary 288sqm penthouse residence at the sought after Elkay House, a home that blends striking architecture ...",33.52288 m²,2,288 m²,,
4 Bedroom House,POAper day,,,Camps Bay,,4,4,1,,https://www.property24.com/to-rent/camps-bay/cape-town/western-cape/11014/112134222,https://www.property24.com/to-rent/cape-town/western-cape/432/p63?PropertyCategory=House%2cApartmentOrFlat%2cTownhouse,2026-02-09 12:25:16.234283,"*Please note that this property is available on short term rentals and has a four night minimum stay, please enquire on the daily rate ...",441,1,,,per day
1 Bedroom Apartment,R 10 500,10500,ZAR,Observatory,,1,1,1,,https://www.property24.com/to-rent/observatory/cape-town/western-cape/10157/113868486,https://www.property24.com/to-rent/cape-town/western-cape/432/p63?PropertyCategory=House%2cApartmentOrFlat%2cTownhouse,2026-02-09 12:25:16.234283,"Devon Place Furnished Loft Apartment
Situated in sought after Devon Place, Observatory, offers a 1bed furnished Loft Apartment ...",111,1,,,
2 Bedroom House,R 25 000,25000,ZAR,Constantia,,2,1,2,59 m²,https://www.property24.com/to-rent/constantia/cape-town/western-cape/11742/116814711,https://www.property24.com/to-rent/cape-town/western-cape/432/p63?PropertyCategory=House%2cApartmentOrFlat%2cTownhouse,2026-02-09 12:25:16.234283,"2 Bed Garden Cottage - Constantia Bel Ombre.
This single level garden cottage is available 1 March, partially furnished (excluding ...",21259 m²,2,59 m²,,
2 Bedroom Apartment,R 23 000,23000,ZAR,Claremont Upper,,2,2,2,73 m²,https://www.property24.com/to-rent/claremont-upper/cape-town/western-cape/14225/116733569,https://www.property24.com/to-rent/cape-town/western-cape/432/p63?PropertyCategory=House%2cApartmentOrFlat%2cTownhouse,2026-02-09 12:25:16.234283,"Welcome to The Herschel, one of Claremont Upper’s most prestigious sectional-title addresses. This immaculate 2 bedroom, 2 bathroom ...",22273 m²,2,73 m²,,
0.5 Bedroom Apartment,R 12 500,12500,ZAR,Woodstock,,0.5,1,,24 m²,https://www.property24.com/to-rent/woodstock/cape-town/western-cape/10164/116733899,https://www.property24.com/to-rent/cape-town/western-cape/432/p63?PropertyCategory=House%2cApartmentOrFlat%2cTownhouse,2026-02-09 12:25:16.234283,"Set within the highly sought-after 1 on Albert development, this modern semi-furnished studio apartment offers effortless urban living ...",0.5124 m²,1,24 m²,,
4 Bedroom House,R 6 850,6850,ZAR,Observatory,9a Willow Road,4,1,,,https://www.property24.com/to-rent/observatory/cape-town/western-cape/10157/116745600,https://www.property24.com/to-rent/cape-town/western-cape/432/p63?PropertyCategory=House%2cApartmentOrFlat%2cTownhouse,2026-02-09 12:25:16.234283,No need to wait for a viewing – our 3d virtual tour brings the property to ...,41,1,,,
0.5 Bedroom Apartment,R 15 000,15000,ZAR,Woodstock,,0.5,1,,,https://www.property24.com/to-rent/woodstock/cape-town/western-cape/10164/116893709,https://www.property24.com/to-rent/cape-town/western-cape/432/p63?PropertyCategory=House%2cApartmentOrFlat%2cTownhouse,2026-02-09 12:25:16.234283,"This Loft Apartment has a style all on its own!!!

A self contained design, just converted in a Heritage building in trendy central ...",0.51,1,,,
3 Bedroom Apartment,R 50 000,50000,ZAR,Sea Point,,3,2,1,180 m²,https://www.property24.com/to-rent/sea-point/cape-town/western-cape/11021/116723537,https://www.property24.com/to-rent/cape-town/western-cape/432/p63?PropertyCategory=House%2cApartmentOrFlat%2cTownhouse,2026-02-09 12:25:16.234283,"Embrace a life of sun, sea, and effortless sophistication in this stunning front-row apartment, ready to be transformed into a ...",321180 m²,1,180 m²,,
3 Bedroom House,R 55 000,55000,ZAR,Tamboerskloof,,3,2,3,558 m²,https://www.property24.com/to-rent/tamboerskloof/cape-town/western-cape/9163/116752116,https://www.property24.com/to-rent/cape-town/western-cape/432/p63?PropertyCategory=House%2cApartmentOrFlat%2cTownhouse,2026-02-09 12:25:16.234283,"Bedrooms: 3  | Bathrooms: 2
Available UNFURNISHED.  
R55 000 per month. 1,5 Months Deposit. 

Positioned high up in Tamboerskloof on ...",323558 m²,3,558 m²,,
3 Bedroom Apartment,R 60 000,60000,ZAR,Claremont Upper,,3,2,2,117 m²,https://www.property24.com/to-rent/claremont-upper/cape-town/western-cape/14225/116701215,https://www.property24.com/to-rent/cape-town/western-cape/432/p63?PropertyCategory=House%2cApartmentOrFlat%2cTownhouse,2026-02-09 12:25:16.234283,"Greenways Estate offers a seamless blend of timeless elegance and contemporary living, presenting an exclusive collection of ...",322117 m²,2,117 m²,,
Apartment,R 5 300,5300,ZAR,Wynberg,,,1,1,,https://www.property24.com/to-rent/wynberg/cape-town/western-cape/10109/116777249,https://www.property24.com/to-rent/cape-town/western-cape/432/p63?PropertyCategory=House%2cApartmentOrFlat%2cTownhouse,2026-02-09 12:25:16.234283,Newgrounds Living is perfectly situated in the heart of Southern Suburbs. Our apartments are designed to bring you the ideal blend of ...,11,1,,,
7 Bedroom House,R 170 000,170000,ZAR,Constantia,,7,9,12,,https://www.property24.com/to-rent/constantia/cape-town/western-cape/11742/105768760,https://www.property24.com/to-rent/cape-town/western-cape/432/p64?PropertyCategory=House%2cApartmentOrFlat%2cTownhouse,2026-02-09 12:25:16.234283,"With glorious views this beautifully located, well established family home offers the discerning tenant the ultimate in comfort and ...",7912,12,,,
3 Bedroom House,R 13 000,13000,ZAR,Thornton,,3,2,1,,https://www.property24.com/to-rent/thornton/cape-town/western-cape/8112/116806658,https://www.property24.com/to-rent/cape-town/western-cape/432/p64?PropertyCategory=House%2cApartmentOrFlat%2cTownhouse,2026-02-09 12:25:16.234283,"**Shared Plot**

Nestled on a peaceful, tree-lined street in the sought-after suburb of Thornton, this hidden gem offers a rare ...",321,1,,,
1 Bedroom Apartment,R 15 500,15500,ZAR,Observatory,,1,1,1,,https://www.property24.com/to-rent/observatory/cape-town/western-cape/10157/116864029,https://www.property24.com/to-rent/cape-town/western-cape/432/p64?PropertyCategory=House%2cApartmentOrFlat%2cTownhouse,2026-02-09 12:25:16.234283,"Unfurnished 1 Bedroom apartment situated in the desirable Westwood building, Observatory

Fitted kitchen with under counter oven, hob ...",111,1,,,
2 Bedroom Apartment,R 8 500,8500,ZAR,Lotus River,7 On Wattle Wattle Road,2,2,,,https://www.property24.com/to-rent/lotus-river/cape-town/western-cape/10212/111438106,https://www.property24.com/to-rent/cape-town/western-cape/432/p64?PropertyCategory=House%2cApartmentOrFlat%2cTownhouse,2026-02-09 12:25:16.234283,"Open plan lounge to fitted kitchen
2 bedrooms with BIC 
Main bedroom  en suit bathroom ...",22,2,,,
3 Bedroom Apartment,R 41 000,41000,ZAR,Sea Point,5 Oliver Street,3,2,1,97 m²,https://www.property24.com/to-rent/sea-point/cape-town/western-cape/11021/107585145,https://www.property24.com/to-rent/cape-town/western-cape/432/p64?PropertyCategory=House%2cApartmentOrFlat%2cTownhouse,2026-02-09 12:25:16.234283,Three bedroom apartment to rent in Sea Point. Modern and trendy apartment with open plan ...,32197 m²,1,97 m²,,
1 Bedroom Apartment,R 8 500,8500,ZAR,Bergvliet,Fairglen Mews,1,1,1,,https://www.property24.com/to-rent/bergvliet/cape-town/western-cape/10189/115545279,https://www.property24.com/to-rent/cape-town/western-cape/432/p64?PropertyCategory=House%2cApartmentOrFlat%2cTownhouse,2026-02-09 12:25:16.234283,"Perfect for 2 people only.
Ground Floor with small backyard
Walking distance from ...",111,1,,,
1 Bedroom Apartment,R 9 130,9130,ZAR,Salt River,9 Hopkins Street,1,1,,36 m²,https://www.property24.com/to-rent/salt-river/cape-town/western-cape/10158/116365259,https://www.property24.com/to-rent/cape-town/western-cape/432/p64?PropertyCategory=House%2cApartmentOrFlat%2cTownhouse,2026-02-09 12:25:16.234283,"The Herringbone – Salt River’s New Rental Gem

Experience the perfect blend of privacy ...",1136 m²,1,36 m²,,
4 Bedroom House,R 38 000,38000,ZAR,Muizenberg,,4,1.5,3,,https://www.property24.com/to-rent/muizenberg/cape-town/western-cape/9025/116791983,https://www.property24.com/to-rent/cape-town/western-cape/432/p64?PropertyCategory=House%2cApartmentOrFlat%2cTownhouse,2026-02-09 12:25:16.234283,"Beautiful heritage home boasts panoramic views of the false bay ocean and mountain views.
Semi furnished with 4 bedrooms, which one can ...",41.53,3,,,
0.5 Bedroom Apartment,R 14 000,14000,ZAR,Observatory,,0.5,1,1,,https://www.property24.com/to-rent/observatory/cape-town/western-cape/10157/116341472,https://www.property24.com/to-rent/cape-town/western-cape/432/p64?PropertyCategory=House%2cApartmentOrFlat%2cTownhouse,2026-02-09 12:25:16.234283,"Welcome to your new home in the sought-after Sunbird building, part of the brand-new Amazon Development in Observatory. Situated on the ...",0.511,1,,,
0.5 Bedroom Apartment,R 8 950,8950,ZAR,Woodstock,"102 Copper Square, 40 Cavendish Street",0.5,1,,18 m²,https://www.property24.com/to-rent/woodstock/cape-town/western-cape/10164/113421146,https://www.property24.com/to-rent/cape-town/western-cape/432/p64?PropertyCategory=House%2cApartmentOrFlat%2cTownhouse,2026-02-09 12:25:16.234283,"Welcome to Copper Square! Where luxury meets convenience in the heart of Woodstock, Cape ...",0.5118 m²,1,18 m²,,
2 Bedroom Apartment,R 40 950,40950,ZAR,Sea Point,,2,2,2,82 m²,https://www.property24.com/to-rent/sea-point/cape-town/western-cape/11021/116717548,https://www.property24.com/to-rent/cape-town/western-cape/432/p64?PropertyCategory=House%2cApartmentOrFlat%2cTownhouse,2026-02-09 12:25:16.234283,"Ultimate comfort and style in this impeccably designed furnished 2 bedroom apartment, located in an upmarket complex with panoramic ...",22282 m²,2,82 m²,,
Apartment,R 9 800,9800,ZAR,Ottery,,,,,,https://www.property24.com/to-rent/ottery/cape-town/western-cape/10090/116797805,https://www.property24.com/to-rent/cape-town/western-cape/432/p64?PropertyCategory=House%2cApartmentOrFlat%2cTownhouse,2026-02-09 12:25:16.234283,"Perfect home for 2 couple sharing or growing family.

This top floor unit, with a balcony gives you beautiful mountain views
- Fully ...",,,,,
2 Bedroom Apartment,R 50 000,50000,ZAR,Cape Town City Centre,,2,2,4,185 m²,https://www.property24.com/to-rent/cape-town-city-centre/cape-town/western-cape/9138/116720833,https://www.property24.com/to-rent/cape-town/western-cape/432/p64?PropertyCategory=House%2cApartmentOrFlat%2cTownhouse,2026-02-09 12:25:16.234283,"On the 17th floor that overlooks a great view 
This two bedroom two bathroom apartment fully furnished with a large kitchen in the ...",224185 m²,4,185 m²,,
Apartment,R 22 000,22000,ZAR,Sea Point,,,1,,34 m²,https://www.property24.com/to-rent/sea-point/cape-town/western-cape/11021/111686002,https://www.property24.com/to-rent/cape-town/western-cape/432/p64?PropertyCategory=House%2cApartmentOrFlat%2cTownhouse,2026-02-09 12:25:16.234283,"The building offers the following facilities right on your doorstep.
- 24h Security/Concierge 
- Restaurant and Pick 'n Pay on ...",134 m²,1,34 m²,,
4 Bedroom House,R 250 000,250000,ZAR,Oranjezicht,,4,4.5,2,799 m²,https://www.property24.com/to-rent/oranjezicht/cape-town/western-cape/9155/116758415,https://www.property24.com/to-rent/cape-town/western-cape/432/p64?PropertyCategory=House%2cApartmentOrFlat%2cTownhouse,2026-02-09 12:25:16.234283,"Set on the slopes of Table Mountain in the highly sought-after suburb of Oranjezicht, this spacious multi-level home is available for ...",44.52799 m²,2,799 m²,,
4 Bedroom Apartment,R 120 000,120000,ZAR,Three Anchor Bay,193 Beach Road,4,5,2,420 m²,https://www.property24.com/to-rent/three-anchor-bay/cape-town/western-cape/11022/116757955,https://www.property24.com/to-rent/cape-town/western-cape/432/p64?PropertyCategory=House%2cApartmentOrFlat%2cTownhouse,2026-02-09 12:25:16.234283,Experience the pinnacle of Atlantic Seaboard living in this expansive 440m² ...,452420 m²,2,420 m²,,
5 Bedroom Apartment,R 7 700,7700,ZAR,Rondebosch,8 Lyle Rd,5,2,,,https://www.property24.com/to-rent/rondebosch/cape-town/western-cape/8682/108237514,https://www.property24.com/to-rent/cape-town/western-cape/432/p64?PropertyCategory=House%2cApartmentOrFlat%2cTownhouse,2026-02-09 12:25:16.234283,"Rooms rented out separately.

A lovely large 5 bedroom apartment, overlooking a pool ...",52,2,,,
1 Bedroom House,R 6 950,6950,ZAR,Athlone,,1,1,,,https://www.property24.com/to-rent/athlone/cape-town/western-cape/8734/116849572,https://www.property24.com/to-rent/cape-town/western-cape/432/p64?PropertyCategory=House%2cApartmentOrFlat%2cTownhouse,2026-02-09 12:25:16.234283,"A stunning and beautifully presented 1-bedroom flatlet in Athlone, ideally suited for a single professional.
This home offers a ...",11,1,,,
1 Bedroom Apartment,R 6 500,6500,ZAR,Woodstock,294 Victoria Road,1,1,1,,https://www.property24.com/to-rent/woodstock/cape-town/western-cape/10164/112377136,https://www.property24.com/to-rent/cape-town/western-cape/432/p64?PropertyCategory=House%2cApartmentOrFlat%2cTownhouse,2026-02-09 12:25:16.234283,"STUDENT ACCOMODATION
This studio flatlet includes a private en-suite bathroom with a ...",111,1,,,
2 Bedroom Apartment,R 26 750,26750,ZAR,Rondebosch,1 Arbor Road,2,2,1,71 m²,https://www.property24.com/to-rent/rondebosch/cape-town/western-cape/8682/116757701,https://www.property24.com/to-rent/cape-town/western-cape/432/p64?PropertyCategory=House%2cApartmentOrFlat%2cTownhouse,2026-02-09 12:25:16.234283,"Fully furnished two bedrooms with two bathrooms available for immediate occupation.

The ...",22171 m²,1,71 m²,,
1 Bedroom Apartment,R 9 130,9130,ZAR,Salt River,9 Hopkins Street,1,1,,36 m²,https://www.property24.com/to-rent/salt-river/cape-town/western-cape/10158/116796012,https://www.property24.com/to-rent/cape-town/western-cape/432/p64?PropertyCategory=House%2cApartmentOrFlat%2cTownhouse,2026-02-09 12:25:16.234283,"The Herringbone – Salt River’s New Rental Gem

Experience the perfect blend of privacy ...",1136 m²,1,36 m²,,
2 Bedroom Apartment,R 57 000,57000,ZAR,Mouille Point,,2,2,2,154 m²,https://www.property24.com/to-rent/mouille-point/cape-town/western-cape/11018/116747225,https://www.property24.com/to-rent/cape-town/western-cape/432/p65?PropertyCategory=House%2cApartmentOrFlat%2cTownhouse,2026-02-09 12:25:16.234283,"Located in one of Mouille Point’s most prestigious residential buildings, this beautifully appointed two-bedroom, two-bathroom ...",222154 m²,2,154 m²,,
4 Bedroom House,R 30 000,30000,ZAR,Kalk Bay,,4,1,2,,https://www.property24.com/to-rent/kalk-bay/cape-town/western-cape/9067/116761759,https://www.property24.com/to-rent/cape-town/western-cape/432/p65?PropertyCategory=House%2cApartmentOrFlat%2cTownhouse,2026-02-09 12:25:16.234283,"4 Bedroom Home to Rent in Kalk Bay

Located in the heart of Kalk Bay village, this well-positioned 4-bedroom home offers relaxed ...",412,2,,,
2 Bedroom Apartment,R 11 000,11000,ZAR,Claremont,,2,1,,67 m²,https://www.property24.com/to-rent/claremont/cape-town/western-cape/11741/116862516,https://www.property24.com/to-rent/cape-town/western-cape/432/p65?PropertyCategory=House%2cApartmentOrFlat%2cTownhouse,2026-02-09 12:25:16.234283,"Ground Floor, Spacious 2 Bedroom (BIC in main bedroom only) apartment in Claremont within walking distance to Cavendish ...",2167 m²,1,67 m²,,
0.5 Bedroom Apartment,R 20 000,20000,ZAR,Sea Point,,0.5,1,,,https://www.property24.com/to-rent/sea-point/cape-town/western-cape/11021/116778449,https://www.property24.com/to-rent/cape-town/western-cape/432/p65?PropertyCategory=House%2cApartmentOrFlat%2cTownhouse,2026-02-09 12:25:16.234283,"Furnished studio apartment with balcony 
Side sea views
Amazing location close to beach, promenade and malls
Includes ...",0.51,1,,,
1 Bedroom Apartment,R 20 500,20500,ZAR,Observatory,,1,1,1,44 m²,https://www.property24.com/to-rent/observatory/cape-town/western-cape/10157/112990636,https://www.property24.com/to-rent/cape-town/western-cape/432/p65?PropertyCategory=House%2cApartmentOrFlat%2cTownhouse,2026-02-09 12:25:16.234283,"Located in sought after Madison Place, off Trill Road in Observatory.
The located is perfect for a young professional or a student at ...",11144 m²,1,44 m²,,
4 Bedroom House,R 85 000,85000,ZAR,Stonehurst Mountain Estate,,4,3.5,4,920 m²,https://www.property24.com/to-rent/stonehurst-mountain-estate/cape-town/western-cape/12840/109171634,https://www.property24.com/to-rent/cape-town/western-cape/432/p65?PropertyCategory=House%2cApartmentOrFlat%2cTownhouse,2026-02-09 12:25:16.234283,"This home, in the fine Eco Security Estate, Stonehurst Mountain Estate is lovely and spacious, open plan living areas that all flow out ...",43.54920 m²,4,920 m²,,
5 Bedroom House,R 8 750,8750,ZAR,Observatory,17 Eden Road,5,6,3,220 m²,https://www.property24.com/to-rent/observatory/cape-town/western-cape/10157/110584808,https://www.property24.com/to-rent/cape-town/western-cape/432/p65?PropertyCategory=House%2cApartmentOrFlat%2cTownhouse,2026-02-09 12:25:16.234283,"Shared Accommodation in Observatory - 5 Bed, 6 Bathroom (5 en-suite) with off-street ...",563220 m²,3,220 m²,,
2 Bedroom Apartment,R 30 000,30000,ZAR,Green Point,86 Joubert Rd,2,1,,85 m²,https://www.property24.com/to-rent/green-point/cape-town/western-cape/11017/108646423,https://www.property24.com/to-rent/cape-town/western-cape/432/p65?PropertyCategory=House%2cApartmentOrFlat%2cTownhouse,2026-02-09 12:25:16.234283,Stunning two-bedroom FURNISHED apartment in quiet apartment block in a very good ...,2185 m²,1,85 m²,,
10 Bedroom House,R 6 500,6500,ZAR,Rosebank,40 Camp Ound Gr,10,6,10,,https://www.property24.com/to-rent/rosebank/cape-town/western-cape/8683/116694743,https://www.property24.com/to-rent/cape-town/western-cape/432/p65?PropertyCategory=House%2cApartmentOrFlat%2cTownhouse,2026-02-09 12:25:16.234283,"Situated in Rosebank and overlooking the Rondebosch Common, this 10 bedroom ...",10610,10,,,
Apartment,R 9 500,9500,ZAR,Green Point,,,1,,,https://www.property24.com/to-rent/green-point/cape-town/western-cape/11017/116832356,https://www.property24.com/to-rent/cape-town/western-cape/432/p65?PropertyCategory=House%2cApartmentOrFlat%2cTownhouse,2026-02-09 12:25:16.234283,"Ground	 Floor, Spacious Studio apartment (BIC) apartment in Green Point
Close to all amenities – within walking distance to ...",1,1,,,
5 Bedroom House,R 18 000,18000,ZAR,Wynberg Upper,"19 Oxford Street, Wynberg",5,3.5,3,450 m²,https://www.property24.com/to-rent/wynberg-upper/cape-town/western-cape/10102/116731296,https://www.property24.com/to-rent/cape-town/western-cape/432/p65?PropertyCategory=House%2cApartmentOrFlat%2cTownhouse,2026-02-09 12:25:16.234283,"Available as of 1 april 2026

please read this description carefully…thank ...",53.53450 m²,3,450 m²,,
2 Bedroom Apartment,R 35 000,35000,ZAR,Kenilworth Upper,11 Tennant Road,2,2,2,350 m²,https://www.property24.com/to-rent/kenilworth-upper/cape-town/western-cape/14224/116762378,https://www.property24.com/to-rent/cape-town/western-cape/432/p65?PropertyCategory=House%2cApartmentOrFlat%2cTownhouse,2026-02-09 12:25:16.234283,This charming and spacious annexed apartment is set within a classic Herbert Baker home ...,222350 m²,2,350 m²,,
0.5 Bedroom Apartment,R 14 500,14500,ZAR,Observatory,51 Gogosoa Street,0.5,1,1,,https://www.property24.com/to-rent/observatory/cape-town/western-cape/10157/116639829,https://www.property24.com/to-rent/cape-town/western-cape/432/p65?PropertyCategory=House%2cApartmentOrFlat%2cTownhouse,2026-02-09 12:25:16.234283,Experience effortless urban living in this spacious studio apartment with a generous ...,0.511,1,,,
2 Bedroom Apartment,R 23 500,23500,ZAR,Gardens,,2,1,,63 m²,https://www.property24.com/to-rent/gardens/cape-town/western-cape/9145/116819368,https://www.property24.com/to-rent/cape-town/western-cape/432/p65?PropertyCategory=House%2cApartmentOrFlat%2cTownhouse,2026-02-09 12:25:16.234283,"Unfurnished modern 2 bedroom lock up and go in sought-after Gardens.

Pet friendly apartment block near to De Waal Park and all the ...",2163 m²,1,63 m²,,
0.5 Bedroom Apartment,R 20 000,20000,ZAR,Sea Point,,0.5,1,,,https://www.property24.com/to-rent/sea-point/cape-town/western-cape/11021/116752128,https://www.property24.com/to-rent/cape-town/western-cape/432/p65?PropertyCategory=House%2cApartmentOrFlat%2cTownhouse,2026-02-09 12:25:16.234283,"Furnished studio apartment with balcony 
Side sea views
Amazing location close to beach, promenade and malls
Includes ...",0.51,1,,,
4 Bedroom House,R 185 000,185000,ZAR,Clifton,11 Second Beach,4,4,1,285 m²,https://www.property24.com/to-rent/clifton/cape-town/western-cape/11015/116651122,https://www.property24.com/to-rent/cape-town/western-cape/432/p65?PropertyCategory=House%2cApartmentOrFlat%2cTownhouse,2026-02-09 12:25:16.234283,"Please note, nothing shorter than 6 months will be considered. 

Discover the essence of ...",441285 m²,1,285 m²,,
1 Bedroom Apartment,R 17 800,17800,ZAR,Cape Town City Centre,"57 Heerengracht St, Cape Town City Centre, Cape Town, 8001",1,1,2,40 m²,https://www.property24.com/to-rent/cape-town-city-centre/cape-town/western-cape/9138/114209673,https://www.property24.com/to-rent/cape-town/western-cape/432/p65?PropertyCategory=House%2cApartmentOrFlat%2cTownhouse,2026-02-09 12:25:16.234283,"A large, luxury studio apartment in a hotel setting conveniently located opposite the ...",11240 m²,2,40 m²,,
2 Bedroom Apartment,R 50 000,50000,ZAR,Cape Town City Centre,,2,2,2,,https://www.property24.com/to-rent/cape-town-city-centre/cape-town/western-cape/9138/116779554,https://www.property24.com/to-rent/cape-town/western-cape/432/p65?PropertyCategory=House%2cApartmentOrFlat%2cTownhouse,2026-02-09 12:25:16.234283,"2 Bedroom, 2 Bathroom Fully Furnished Apartment To Rent – Pullman Cape Town City Centre

Stylish and modern 2-bedroom, 2-bathroom fully ...",222,2,,,
1 Bedroom Apartment,R 6 500,6500,ZAR,Athlone,,1,1,1,,https://www.property24.com/to-rent/athlone/cape-town/western-cape/8734/116771686,https://www.property24.com/to-rent/cape-town/western-cape/432/p65?PropertyCategory=House%2cApartmentOrFlat%2cTownhouse,2026-02-09 12:25:16.234283,"Perfect for the young professional or single person with sober habits.

Neat and modern one-bedroom flat available in Gleemore. The ...",111,1,,,
1 Bedroom Apartment,R 20 000,20000,ZAR,Kalk Bay,,1,1,,69 m²,https://www.property24.com/to-rent/kalk-bay/cape-town/western-cape/9067/116712747,https://www.property24.com/to-rent/cape-town/western-cape/432/p65?PropertyCategory=House%2cApartmentOrFlat%2cTownhouse,2026-02-09 12:25:16.234283,"Fully Furnished apartment for rent in Kalk Bay.

Available to rent from 01 April 2026 for 12 months or longer. 

This one bedroom ...",1169 m²,1,69 m²,,
2 Bedroom Apartment,R 14 000,14000,ZAR,Wynberg Upper,,2,1,1,73 m²,https://www.property24.com/to-rent/wynberg-upper/cape-town/western-cape/10102/112931150,https://www.property24.com/to-rent/cape-town/western-cape/432/p65?PropertyCategory=House%2cApartmentOrFlat%2cTownhouse,2026-02-09 12:25:16.234283,Stunning spacious 2 bedroom apartment for rent in secure complex in Wynberg Upper on Wynberg Hill with immediate access to the M3 ...,21173 m²,1,73 m²,,
1 Bedroom Apartment,R 15 000,15000,ZAR,Gardens,,1,1,1,,https://www.property24.com/to-rent/gardens/cape-town/western-cape/9145/110422027,https://www.property24.com/to-rent/cape-town/western-cape/432/p66?PropertyCategory=House%2cApartmentOrFlat%2cTownhouse,2026-02-09 12:25:16.234283,"Awesome self contained furnished 1 bedroom apartment in sought after Wembley Square. Available 1 April 2026

This self contained ...",111,1,,,
3 Bedroom Apartment,R 145 000,145000,ZAR,Cape Town City Centre,,3,3.5,2,288 m²,https://www.property24.com/to-rent/cape-town-city-centre/cape-town/western-cape/9138/116714368,https://www.property24.com/to-rent/cape-town/western-cape/432/p66?PropertyCategory=House%2cApartmentOrFlat%2cTownhouse,2026-02-09 12:25:16.234283,"OCCUPATION DATE 1ST APRIL 2026 FOR 12 MONTHS 

This exceptional Stefan Antoni | SAOTA designed penthouse offers the pinnacle of luxury ...",33.52288 m²,2,288 m²,,
2 Bedroom House,R 20 000,20000,ZAR,Observatory,,2,2,1,,https://www.property24.com/to-rent/observatory/cape-town/western-cape/10157/116791588,https://www.property24.com/to-rent/cape-town/western-cape/432/p66?PropertyCategory=House%2cApartmentOrFlat%2cTownhouse,2026-02-09 12:25:16.234283,"This semi-furnished two-bedroom home in the heart of Observatory offers relaxed, easy living with a great indoor-outdoor flow. The ...",221,1,,,
2 Bedroom Apartment,R 14 000,14000,ZAR,Observatory,,2,1,,81 m²,https://www.property24.com/to-rent/observatory/cape-town/western-cape/10157/112608109,https://www.property24.com/to-rent/cape-town/western-cape/432/p66?PropertyCategory=House%2cApartmentOrFlat%2cTownhouse,2026-02-09 12:25:16.234283,"We currently have spacious semi-furnished 2-bedroom apartment to let in a well-maintained residential building, Five Howe. A mix of ...",2181 m²,1,81 m²,,
3 Bedroom House,R 65 000,65000,ZAR,Kalk Bay,17 Mosselle Road,3,3,2,,https://www.property24.com/to-rent/kalk-bay/cape-town/western-cape/9067/116758596,https://www.property24.com/to-rent/cape-town/western-cape/432/p66?PropertyCategory=House%2cApartmentOrFlat%2cTownhouse,2026-02-09 12:25:16.234283,"**Luxurious Coastal Living Awaits You in St. James**

Discover this state-of-the-art ...",332,2,,,
3 Bedroom House,R 27 000,27000,ZAR,Marina Da Gama,,3,2.5,3,,https://www.property24.com/to-rent/marina-da-gama/cape-town/western-cape/10213/116758196,https://www.property24.com/to-rent/cape-town/western-cape/432/p66?PropertyCategory=House%2cApartmentOrFlat%2cTownhouse,2026-02-09 12:25:16.234283,"On the water on Eastlake-Island, 2-storey, double-garage in quiet and secure cul-de-sac. 

3 bedrooms upstairs, 1 en-suite.
Seperate ...",32.53,3,,,
2 Bedroom Apartment,R 25 000,25000,ZAR,Gardens,50 Buitenkant Street,2,2,1,66 m²,https://www.property24.com/to-rent/gardens/cape-town/western-cape/9145/116697840,https://www.property24.com/to-rent/cape-town/western-cape/432/p66?PropertyCategory=House%2cApartmentOrFlat%2cTownhouse,2026-02-09 12:25:16.234283,"Nestled in the vibrant heart of Cape Town, in The square apartment building, this ...",22166 m²,1,66 m²,,
2 Bedroom Apartment,R 25 000,25000,ZAR,Vredehoek,103 The Poplar 11 Davenport Road,2,1,1,,https://www.property24.com/to-rent/vredehoek/cape-town/western-cape/9166/116672830,https://www.property24.com/to-rent/cape-town/western-cape/432/p66?PropertyCategory=House%2cApartmentOrFlat%2cTownhouse,2026-02-09 12:25:16.234283,Offering this brand-new light and bright 2-bedroom stunner in Vredehoek. Available ...,211,1,,,
2 Bedroom Apartment,R 16 000,16000,ZAR,Mowbray,"4 Calednian Road, Mowbray, Cape Town",2,1,,,https://www.property24.com/to-rent/mowbray/cape-town/western-cape/8677/116742090,https://www.property24.com/to-rent/cape-town/western-cape/432/p66?PropertyCategory=House%2cApartmentOrFlat%2cTownhouse,2026-02-09 12:25:16.234283,This renovated 2 bedroomed apartment is situated in a well-maintained security block in ...,21,1,,,
2 Bedroom Apartment,R 28 000,28000,ZAR,Observatory,"805 The Winchester, 232 Main Road",2,2,1,68 m²,https://www.property24.com/to-rent/observatory/cape-town/western-cape/10157/111855208,https://www.property24.com/to-rent/cape-town/western-cape/432/p66?PropertyCategory=House%2cApartmentOrFlat%2cTownhouse,2026-02-09 12:25:16.234283,"2 Bedroom Apartment / Flat to let in Observatory
Beautiful north facing, fully ...",22168 m²,1,68 m²,,
2 Bedroom House,R 10 000,10000,ZAR,Kenwyn,,2,1,1,50 m²,https://www.property24.com/to-rent/kenwyn/cape-town/western-cape/8792/116492305,https://www.property24.com/to-rent/cape-town/western-cape/432/p66?PropertyCategory=House%2cApartmentOrFlat%2cTownhouse,2026-02-09 12:25:16.234283,"North-facing 2-Bedroom spacious separate entrance home available in peaceful Kenwyn. 

This home is ideal for female students, young ...",21150 m²,1,50 m²,,
9 Bedroom House,R 6 600,6600,ZAR,Observatory,4 Hexagon Crescent Observatory,9,4,2,400 m²,https://www.property24.com/to-rent/observatory/cape-town/western-cape/10157/116420529,https://www.property24.com/to-rent/cape-town/western-cape/432/p66?PropertyCategory=House%2cApartmentOrFlat%2cTownhouse,2026-02-09 12:25:16.234283,"No Application Fee
One months deposit.

Large Room (could be double) available in ...",942400 m²,2,400 m²,,
8 Bedroom House,R 200 000,200000,ZAR,Constantia,,8,8,11,4 367 m²,https://www.property24.com/to-rent/constantia/cape-town/western-cape/11742/116735679,https://www.property24.com/to-rent/cape-town/western-cape/432/p66?PropertyCategory=House%2cApartmentOrFlat%2cTownhouse,2026-02-09 12:25:16.234283,"Ideal for Embassies, Corporate Retreats, and Big Families

Welcome to one of Constantia Hill’s most remarkable rental offerings — an ...",88114 367 m²,11,4 367 m²,,
3 Bedroom Apartment,R 42 000,42000,ZAR,Fresnaye,,3,2,1,142 m²,https://www.property24.com/to-rent/fresnaye/cape-town/western-cape/11016/116730996,https://www.property24.com/to-rent/cape-town/western-cape/432/p66?PropertyCategory=House%2cApartmentOrFlat%2cTownhouse,2026-02-09 12:25:16.234283,"Welcome to this light and beautiful 142 sqm apartment in the highly sought-after St Malo building, perfectly positioned in the heart of ...",321142 m²,1,142 m²,,
1 Bedroom Apartment,R 9 900,9900,ZAR,Claremont,,1,1,,57 m²,https://www.property24.com/to-rent/claremont/cape-town/western-cape/11741/116696393,https://www.property24.com/to-rent/cape-town/western-cape/432/p66?PropertyCategory=House%2cApartmentOrFlat%2cTownhouse,2026-02-09 12:25:16.234283,"Fully- Furnished 1-Bedroom SHARED apartment for Rent

Perfect for a single professional or student, this 1-bedroom SHARED apartment ...",1157 m²,1,57 m²,,
4 Bedroom House,R 30 000,30000,ZAR,Kalk Bay,14 Loch Road,4,1,1,,https://www.property24.com/to-rent/kalk-bay/cape-town/western-cape/9067/116757084,https://www.property24.com/to-rent/cape-town/western-cape/432/p66?PropertyCategory=House%2cApartmentOrFlat%2cTownhouse,2026-02-09 12:25:16.234283,"**Property Description**

Experience the charm of this heritage home, featuring stunning ...",411,1,,,
0.5 Bedroom House,R 10 000,10000,ZAR,Pinelands,,0.5,1,,,https://www.property24.com/to-rent/pinelands/cape-town/western-cape/8017/116817238,https://www.property24.com/to-rent/cape-town/western-cape/432/p66?PropertyCategory=House%2cApartmentOrFlat%2cTownhouse,2026-02-09 12:25:16.234283,"This property consists of 3 separate dwellings (2 garden flatlets and Main house) all dwellings are tenant occupied.

This flatlet  is ...",0.51,1,,,
2 Bedroom Apartment,R 18 000,18000,ZAR,Observatory,,2,2,,79 m²,https://www.property24.com/to-rent/observatory/cape-town/western-cape/10157/113804898,https://www.property24.com/to-rent/cape-town/western-cape/432/p66?PropertyCategory=House%2cApartmentOrFlat%2cTownhouse,2026-02-09 12:25:16.234283,"3rd Floor, Spacious 3 Bedroom (BIC), 2 Bathroom apartment in the centre of vibrant Observatory
Open Plan Kitchen (beautifully / ...",2279 m²,2,79 m²,,
4 Bedroom House,POAper day,,,Fresnaye,,4,3,,402 m²,https://www.property24.com/to-rent/fresnaye/cape-town/western-cape/11016/114444987,https://www.property24.com/to-rent/cape-town/western-cape/432/p66?PropertyCategory=House%2cApartmentOrFlat%2cTownhouse,2026-02-09 12:25:16.234283,"Experience contemporary luxury living in this exceptional 4-bedroom villa, perfectly positioned on one of Fresnaye’s most prestigious ...",43402 m²,3,402 m²,,per day
3 Bedroom Apartment,R 32 000,32000,ZAR,Sea Point,,3,1.5,1,101 m²,https://www.property24.com/to-rent/sea-point/cape-town/western-cape/11021/116692965,https://www.property24.com/to-rent/cape-town/western-cape/432/p66?PropertyCategory=House%2cApartmentOrFlat%2cTownhouse,2026-02-09 12:25:16.234283,Welcome to comfortable coastal living in one of Sea Point’s most desirable locations. Ideally situated within walking distance to ...,31.51101 m²,1,101 m²,,
2 Bedroom Apartment,R 16 000,16000,ZAR,Mowbray,"4 Calednian Road, Mowbray, Cape Town",2,1,,,https://www.property24.com/to-rent/mowbray/cape-town/western-cape/8677/116776171,https://www.property24.com/to-rent/cape-town/western-cape/432/p66?PropertyCategory=House%2cApartmentOrFlat%2cTownhouse,2026-02-09 12:25:16.234283,This renovated 2 bedroomed apartment is situated in a well-maintained security block in ...,21,1,,,
3 Bedroom Apartment,R 6 000,6000,ZAR,Rondebosch,25 Main Road,3,1,,,https://www.property24.com/to-rent/rondebosch/cape-town/western-cape/8682/112979592,https://www.property24.com/to-rent/cape-town/western-cape/432/p67?PropertyCategory=House%2cApartmentOrFlat%2cTownhouse,2026-02-09 12:25:16.234283,"These apartments are located centrally in Rondebosch, with easy access to all amenities ...",31,1,,,
5 Bedroom House,R 160 000,160000,ZAR,Camps Bay,24 First Crescent,5,4,1,450 m²,https://www.property24.com/to-rent/camps-bay/cape-town/western-cape/11014/116749365,https://www.property24.com/to-rent/cape-town/western-cape/432/p67?PropertyCategory=House%2cApartmentOrFlat%2cTownhouse,2026-02-09 12:25:16.234283,"A Modern Luxury 5-Bedroom Family Home with Exceptional Views in Camps Bay.

Available: ...",541450 m²,1,450 m²,,
3 Bedroom House,R 55 000,55000,ZAR,Green Point,,3,3.5,2,204 m²,https://www.property24.com/to-rent/green-point/cape-town/western-cape/11017/116738219,https://www.property24.com/to-rent/cape-town/western-cape/432/p67?PropertyCategory=House%2cApartmentOrFlat%2cTownhouse,2026-02-09 12:25:16.234283,"Discover contemporary city living at its finest in this beautifully designed 3-bedroom, 3.5-bathroom home—where style, comfort, and ...",33.52204 m²,2,204 m²,,
4 Bedroom Apartment,R 110 000,110000,ZAR,Fresnaye,,4,3.5,2,301 m²,https://www.property24.com/to-rent/fresnaye/cape-town/western-cape/11016/116660612,https://www.property24.com/to-rent/cape-town/western-cape/432/p67?PropertyCategory=House%2cApartmentOrFlat%2cTownhouse,2026-02-09 12:25:16.234283,"Executive double storey penthouse in prime Fresnaye location, offering uninterrupted Atlantic Ocean and Lion’s Head views. Fully ...",43.52301 m²,2,301 m²,,
1 Bedroom Apartment,R 7 700,7700,ZAR,Athlone,Primrose Park,1,1,1,,https://www.property24.com/to-rent/athlone/cape-town/western-cape/8734/115521643,https://www.property24.com/to-rent/cape-town/western-cape/432/p67?PropertyCategory=House%2cApartmentOrFlat%2cTownhouse,2026-02-09 12:25:16.234283,"This cozy granny flat boasts a bright, airy room with modern finishes throughout. The  ...",111,1,,,
1 Bedroom Apartment,R 16 500,16500,ZAR,Woodstock,,1,1,1,51 m²,https://www.property24.com/to-rent/woodstock/cape-town/western-cape/10164/116736660,https://www.property24.com/to-rent/cape-town/western-cape/432/p67?PropertyCategory=House%2cApartmentOrFlat%2cTownhouse,2026-02-09 12:25:16.234283,"Welcome to your new home—a beautifully furnished, modern apartment located in the vibrant heart of Woodstock. This stunning residence ...",11151 m²,1,51 m²,,
3 Bedroom Townhouse,R 45 000,45000,ZAR,Bantry Bay,7 Alexander Road Bantry Bay,3,2.5,2,,https://www.property24.com/to-rent/bantry-bay/cape-town/western-cape/11013/116757867,https://www.property24.com/to-rent/cape-town/western-cape/432/p67?PropertyCategory=House%2cApartmentOrFlat%2cTownhouse,2026-02-09 12:25:16.234283,"Perfectly positioned on a quiet, sought-after road in Bantry Bay, this bright and ...",32.52,2,,,
2 Bedroom Apartment,R 85 000,85000,ZAR,Waterfront,,2,2,2,95 m²,https://www.property24.com/to-rent/waterfront/cape-town/western-cape/9169/112803608,https://www.property24.com/to-rent/cape-town/western-cape/432/p67?PropertyCategory=House%2cApartmentOrFlat%2cTownhouse,2026-02-09 12:25:16.234283,"Available from 10 March 2026

Fully Furnished

This stunning modern loft apartment is located in the heart of Cape Town's ...",22295 m²,2,95 m²,,
7 Bedroom House,R 200 000,200000,ZAR,Camps Bay,,7,7.5,4,,https://www.property24.com/to-rent/camps-bay/cape-town/western-cape/11014/116755258,https://www.property24.com/to-rent/cape-town/western-cape/432/p67?PropertyCategory=House%2cApartmentOrFlat%2cTownhouse,2026-02-09 12:25:16.234283,"An exceptional 7 bedroom, 7 bathroom luxury residence located in the prestigious Camps Bay. Each of the seven bedrooms features its own ...",77.54,4,,,
3 Bedroom Apartment,R 150 000,150000,ZAR,Bantry Bay,2 The President Alexander Road,3,2.5,1,211 m²,https://www.property24.com/to-rent/bantry-bay/cape-town/western-cape/11013/116700207,https://www.property24.com/to-rent/cape-town/western-cape/432/p67?PropertyCategory=House%2cApartmentOrFlat%2cTownhouse,2026-02-09 12:25:16.234283,"Magnificent three-bedroom, two-and-a-half-bathroom home sits right on the water’s edge ...",32.51211 m²,1,211 m²,,
0.5 Bedroom Apartment,R 13 500,13500,ZAR,Foreshore,,0.5,1,,28 m²,https://www.property24.com/to-rent/foreshore/cape-town/western-cape/9143/116704930,https://www.property24.com/to-rent/cape-town/western-cape/432/p67?PropertyCategory=House%2cApartmentOrFlat%2cTownhouse,2026-02-09 12:25:16.234283,Functional studio apartment overlooking Table Mountain.  Unfurnished. Available from the 5th of December for a long-term lease. ...,0.5128 m²,1,28 m²,,
1 Bedroom Apartment,R 17 000,17000,ZAR,Newlands,,1,1,2,,https://www.property24.com/to-rent/newlands/cape-town/western-cape/8679/116780734,https://www.property24.com/to-rent/cape-town/western-cape/432/p67?PropertyCategory=House%2cApartmentOrFlat%2cTownhouse,2026-02-09 12:25:16.234283,"This well-located semi-furnished 1-bedroom apartment is situated in the heart of Newlands, within walking distance of the Newlands ...",112,2,,,
3 Bedroom House,R 20 000,20000,ZAR,Diep River,,3,,6,,https://www.property24.com/to-rent/diep-river/cape-town/western-cape/10195/116752491,https://www.property24.com/to-rent/cape-town/western-cape/432/p67?PropertyCategory=House%2cApartmentOrFlat%2cTownhouse,2026-02-09 12:25:16.234283,"SHARED HOUSE 
- ROOM RENTAL: R7,000 (WITH STUDY)
- ROOM RENTAL: R10,000 (EN SUITE)
- ROOM RENTAL: R6,000

Features:
3 Bedrooms ...",36,6,,,
2 Bedroom Apartment,R 38 500,38500,ZAR,Claremont Upper,16 Osborne Road,2,2,1,60 m²,https://www.property24.com/to-rent/claremont-upper/cape-town/western-cape/14225/116743783,https://www.property24.com/to-rent/cape-town/western-cape/432/p67?PropertyCategory=House%2cApartmentOrFlat%2cTownhouse,2026-02-09 12:25:16.234283,"Enter into a world of refined living with this stunning, fully furnished apartment ...",22160 m²,1,60 m²,,
0.5 Bedroom Apartment,R 17 000,17000,ZAR,Sea Point,,0.5,1,1,49 m²,https://www.property24.com/to-rent/sea-point/cape-town/western-cape/11021/116623249,https://www.property24.com/to-rent/cape-town/western-cape/432/p67?PropertyCategory=House%2cApartmentOrFlat%2cTownhouse,2026-02-09 12:25:16.234283,Great unfurnished apartment in wonderful location on beachfront in Sea Point with fabulous sea and mountain views. Walk across the road ...,0.51149 m²,1,49 m²,,
0.5 Bedroom Apartment,R 6 300,6300,ZAR,Plumstead,,0.5,1,,,https://www.property24.com/to-rent/plumstead/cape-town/western-cape/10094/116888438,https://www.property24.com/to-rent/cape-town/western-cape/432/p67?PropertyCategory=House%2cApartmentOrFlat%2cTownhouse,2026-02-09 12:25:16.234283,"Situated on Main Road, conveniently located close to public transport, shops, schools etc

This spacious apartment offers the ...",0.51,1,,,
4 Bedroom House,R 55 000,55000,ZAR,Devils Peak Estate,26 Philip Kgosana Drive,4,2,3,570 m²,https://www.property24.com/to-rent/devils-peak-estate/cape-town/western-cape/16541/116681825,https://www.property24.com/to-rent/cape-town/western-cape/432/p67?PropertyCategory=House%2cApartmentOrFlat%2cTownhouse,2026-02-09 12:25:16.234283,"Available from January 2026

To rent, a north facing fully furnished family home ...",423570 m²,3,570 m²,,
4 Bedroom House,R 240 000,240000,ZAR,Fresnaye,"26 Head Road, Fresnaye, Cape Town",4,4,6,800 m²,https://www.property24.com/to-rent/fresnaye/cape-town/western-cape/11016/116680070,https://www.property24.com/to-rent/cape-town/western-cape/432/p67?PropertyCategory=House%2cApartmentOrFlat%2cTownhouse,2026-02-09 12:25:16.234283,"This newly built lock-up-and-go house is located on prestigious Head Rd, Fresnaye.  ...",446800 m²,6,800 m²,,
1 Bedroom Apartment,R 14 950,14950,ZAR,Tamboerskloof,,1,1,1,,https://www.property24.com/to-rent/tamboerskloof/cape-town/western-cape/9163/116764797,https://www.property24.com/to-rent/cape-town/western-cape/432/p67?PropertyCategory=House%2cApartmentOrFlat%2cTownhouse,2026-02-09 12:25:16.234283,"Rosa Gardens is a well-maintained block, and this apartment is situated on the second floor and comes with a balcony leading off the ...",111,1,,,
0.5 Bedroom Apartment,R 17 000,17000,ZAR,Sea Point,,0.5,1,1,49 m²,https://www.property24.com/to-rent/sea-point/cape-town/western-cape/11021/116659001,https://www.property24.com/to-rent/cape-town/western-cape/432/p67?PropertyCategory=House%2cApartmentOrFlat%2cTownhouse,2026-02-09 12:25:16.234283,Great unfurnished apartment in wonderful location on beachfront in Sea Point with fabulous sea and mountain views. Walk across the road ...,0.51149 m²,1,49 m²,,
3 Bedroom House,R 8 500,8500,ZAR,Observatory,,3,4,,,https://www.property24.com/to-rent/observatory/cape-town/western-cape/10157/116749233,https://www.property24.com/to-rent/cape-town/western-cape/432/p67?PropertyCategory=House%2cApartmentOrFlat%2cTownhouse,2026-02-09 12:25:16.234283,"STUDENT ACCOMMODATION – OBSERVATORY

Observatory (Obs) – a prime student hub
Perfect for UCT, CPUT & AFDA students

WHY ...",34,4,,,
1 Bedroom Apartment,R 30 000,30000,ZAR,Tamboerskloof,16 Burnside Road,1,1,1,65 m²,https://www.property24.com/to-rent/tamboerskloof/cape-town/western-cape/9163/116492997,https://www.property24.com/to-rent/cape-town/western-cape/432/p68?PropertyCategory=House%2cApartmentOrFlat%2cTownhouse,2026-02-09 12:25:16.234283,The security apartment block is situated in a wonderful Cape Town city bowl location ...,11165 m²,1,65 m²,,
Apartment,R 10 950,10950,ZAR,Observatory,,,1,1,,https://www.property24.com/to-rent/observatory/cape-town/western-cape/10157/116771988,https://www.property24.com/to-rent/cape-town/western-cape/432/p68?PropertyCategory=House%2cApartmentOrFlat%2cTownhouse,2026-02-09 12:25:16.234283,"This studio apartment has the following:

- modern, open plan kitchen with built in oven and hob, BIC's, space for washing machine ...",11,1,,,
2 Bedroom Apartment,R 37 000,37000,ZAR,Foreshore,,2,2,1,91 m²,https://www.property24.com/to-rent/foreshore/cape-town/western-cape/9143/116679427,https://www.property24.com/to-rent/cape-town/western-cape/432/p68?PropertyCategory=House%2cApartmentOrFlat%2cTownhouse,2026-02-09 12:25:16.234283,"Fully Furnished Corner Unit with Balcony in The Yacht Club 

Occupation from +- 1st March 2026 only or after by arrangement, for 12 - ...",22191 m²,1,91 m²,,
2 Bedroom Apartment,R 21 500,21500,ZAR,Cape Town City Centre,,2,1,,78 m²,https://www.property24.com/to-rent/cape-town-city-centre/cape-town/western-cape/9138/115233439,https://www.property24.com/to-rent/cape-town/western-cape/432/p68?PropertyCategory=House%2cApartmentOrFlat%2cTownhouse,2026-02-09 12:25:16.234283,"Unfurnished - Long term,  78sqm. - Street parking only.
Available for immediate occupation

Open-plan lounge with great city & ...",2178 m²,1,78 m²,,
House,R 1 200,1200,ZAR,Sea Point,1a St Johns Road,,,1,8 m²,https://www.property24.com/to-rent/sea-point/cape-town/western-cape/11021/116438641,https://www.property24.com/to-rent/cape-town/western-cape/432/p68?PropertyCategory=House%2cApartmentOrFlat%2cTownhouse,2026-02-09 12:25:16.234283,PARKING BAY ONLY - Single parking bay at San Carlo in St John`s Road Sea Point for rent ...,18 m²,1,8 m²,,
7 Bedroom House,POAper day,,,Camps Bay,53 Camps Bay Drive,7,7,6,750 m²,https://www.property24.com/to-rent/camps-bay/cape-town/western-cape/11014/114364772,https://www.property24.com/to-rent/cape-town/western-cape/432/p68?PropertyCategory=House%2cApartmentOrFlat%2cTownhouse,2026-02-09 12:25:16.234283,Peak season discounted by 20%!!! Minimum stay 7 nights 14 people. Perched majestically ...,776750 m²,6,750 m²,,per day
1 Bedroom Apartment,R 8 950,8950,ZAR,Plumstead,,1,1,,,https://www.property24.com/to-rent/plumstead/cape-town/western-cape/10094/116826855,https://www.property24.com/to-rent/cape-town/western-cape/432/p68?PropertyCategory=House%2cApartmentOrFlat%2cTownhouse,2026-02-09 12:25:16.234283,"This unfurnished apartment, located near public transport, is perfect for a single professional or a couple seeking accommodation in ...",11,1,,,
4 Bedroom House,POAper day,,,Clifton,,4,4,,185 m²,https://www.property24.com/to-rent/clifton/cape-town/western-cape/11015/114832521,https://www.property24.com/to-rent/cape-town/western-cape/432/p68?PropertyCategory=House%2cApartmentOrFlat%2cTownhouse,2026-02-09 12:25:16.234283,"Discover a stunningly unique bungalow nestled on Clifton Fourth Beach, where luxury meets the serene beauty of the ocean. This ...",44185 m²,4,185 m²,,per day
2 Bedroom Apartment,R 26 000,26000,ZAR,Claremont Upper,,2,1,1,57 m²,https://www.property24.com/to-rent/claremont-upper/cape-town/western-cape/14225/116674748,https://www.property24.com/to-rent/cape-town/western-cape/432/p68?PropertyCategory=House%2cApartmentOrFlat%2cTownhouse,2026-02-09 12:25:16.234283,"This stunning newly built apartment in The Cavendish is waiting for you to occupy. 

The building is modern, clean and centrally ...",21157 m²,1,57 m²,,
6 Bedroom House,R 260 000,260000,ZAR,Bantry Bay,,6,4,2,571 m²,https://www.property24.com/to-rent/bantry-bay/cape-town/western-cape/11013/116677937,https://www.property24.com/to-rent/cape-town/western-cape/432/p68?PropertyCategory=House%2cApartmentOrFlat%2cTownhouse,2026-02-09 12:25:16.234283,"Discover effortless coastal sophistication in this six-bedroom villa, positioned in one of Cape Town’s most desirable seaside enclaves. ...",642571 m²,2,571 m²,,
3 Bedroom Apartment,R 7 350per day,7350,ZAR,Sea Point,"343 Main Rd, Corner Of Main Road, Bellevue Rd, Sea Point, Cape Town, 8060",3,2,1,,https://www.property24.com/to-rent/sea-point/cape-town/western-cape/11021/116699733,https://www.property24.com/to-rent/cape-town/western-cape/432/p68?PropertyCategory=House%2cApartmentOrFlat%2cTownhouse,2026-02-09 12:25:16.234283,"Welcome to THREE43 ON B, a stylish short-term rental 3-bedroom apartment in the heart of ...",321,1,,,per day
2 Bedroom Apartment,R 26 000,26000,ZAR,Claremont Upper,,2,1,1,57 m²,https://www.property24.com/to-rent/claremont-upper/cape-town/western-cape/14225/116754847,https://www.property24.com/to-rent/cape-town/western-cape/432/p68?PropertyCategory=House%2cApartmentOrFlat%2cTownhouse,2026-02-09 12:25:16.234283,"This stunning newly built apartment in The Cavendish is waiting for you to occupy. 

The building is modern, clean and centrally ...",21157 m²,1,57 m²,,
3 Bedroom Apartment,R 55 000,55000,ZAR,Camps Bay,,3,2,2,200 m²,https://www.property24.com/to-rent/camps-bay/cape-town/western-cape/11014/116678962,https://www.property24.com/to-rent/cape-town/western-cape/432/p68?PropertyCategory=House%2cApartmentOrFlat%2cTownhouse,2026-02-09 12:25:16.234283,Welcome to this brand new 3 bedroom apartment offering an elegant coastal lifestyle in one of Cape Town’s most sought-after locations. ...,322200 m²,2,200 m²,,
5 Bedroom House,R 35 000,35000,ZAR,Mowbray,,5,3,2,,https://www.property24.com/to-rent/mowbray/cape-town/western-cape/8677/111643469,https://www.property24.com/to-rent/cape-town/western-cape/432/p68?PropertyCategory=House%2cApartmentOrFlat%2cTownhouse,2026-02-09 12:25:16.234283,"Light and airy, Victorian house in quiet cul-de-sac, close to UCT and medical school, with quick and easy access to town and southern ...",532,2,,,
8 Bedroom House,R 7 350,7350,ZAR,Observatory,119 Rochester Road,8,6,4,,https://www.property24.com/to-rent/observatory/cape-town/western-cape/10157/116745677,https://www.property24.com/to-rent/cape-town/western-cape/432/p68?PropertyCategory=House%2cApartmentOrFlat%2cTownhouse,2026-02-09 12:25:16.234283,"No need to wait for a viewing – our 3d virtual tour brings the property to you!

Modern ...",864,4,,,
1 Bedroom Apartment,R 12 500,12500,ZAR,Mowbray,"25 Klipfontein Road, Mowbray, 7700",1,1,1,45 m²,https://www.property24.com/to-rent/mowbray/cape-town/western-cape/8677/111134795,https://www.property24.com/to-rent/cape-town/western-cape/432/p68?PropertyCategory=House%2cApartmentOrFlat%2cTownhouse,2026-02-09 12:25:16.234283,"Fully furnished garden cottage, close to city with secure undercover off street ...",11145 m²,1,45 m²,,
1 Bedroom Apartment,R 22 000,22000,ZAR,Cape Town City Centre,Christiaan Barnard Street,1,1,,,https://www.property24.com/to-rent/cape-town-city-centre/cape-town/western-cape/9138/111126546,https://www.property24.com/to-rent/cape-town/western-cape/432/p68?PropertyCategory=House%2cApartmentOrFlat%2cTownhouse,2026-02-09 12:25:16.234283,"NO DEPOSIT and NO CREDIT CHECKS minimum stay 3 months. 

Hotel Living, Well designed ...",11,1,,,
2 Bedroom Apartment,R 19 000,19000,ZAR,Wynberg Upper,,2,1,1,75 m²,https://www.property24.com/to-rent/wynberg-upper/cape-town/western-cape/10102/116730756,https://www.property24.com/to-rent/cape-town/western-cape/432/p68?PropertyCategory=House%2cApartmentOrFlat%2cTownhouse,2026-02-09 12:25:16.234283,"Tranquil 2 bedroom apartment with an open plan kitchen, lounge with sliding door leading out to a lovely courtyard sized private ...",21175 m²,1,75 m²,,
3 Bedroom Apartment,R 45 000,45000,ZAR,Sea Point,,3,2,2,152 m²,https://www.property24.com/to-rent/sea-point/cape-town/western-cape/11021/112147182,https://www.property24.com/to-rent/cape-town/western-cape/432/p68?PropertyCategory=House%2cApartmentOrFlat%2cTownhouse,2026-02-09 12:25:16.234283,"Newly renovated and furnished three bedroom apartment in Chatsworth & Leawayne Gardens, Sea Point.
The apartment is tiled ...",322152 m²,2,152 m²,,
2 Bedroom House,R 7 000,7000,ZAR,Retreat,,2,1,2,266 m²,https://www.property24.com/to-rent/retreat/cape-town/western-cape/9034/116738949,https://www.property24.com/to-rent/cape-town/western-cape/432/p68?PropertyCategory=House%2cApartmentOrFlat%2cTownhouse,2026-02-09 12:25:16.234283,"Come and see this charming 2-bedroom, 1-bathroom home available for rent in Retreat, Cape Town. It features a comfortable lounge and a ...",212266 m²,2,266 m²,,
1 Bedroom Apartment,R 6 000,6000,ZAR,Grassy Park,,1,1,1,,https://www.property24.com/to-rent/grassy-park/cape-town/western-cape/10204/116859269,https://www.property24.com/to-rent/cape-town/western-cape/432/p68?PropertyCategory=House%2cApartmentOrFlat%2cTownhouse,2026-02-09 12:25:16.234283,"Discover this charming 1-bedroom, 1-bathroom and kitchen Seperate Entrance, located in the suburban heart of Grassy Park,

The ...",111,1,,,
3 Bedroom House,R 15 000,15000,ZAR,Crawford,,3,1,1,,https://www.property24.com/to-rent/crawford/cape-town/western-cape/8787/116289947,https://www.property24.com/to-rent/cape-town/western-cape/432/p69?PropertyCategory=House%2cApartmentOrFlat%2cTownhouse,2026-02-09 12:25:16.234283,"NO CALLS WHATSAPP ONLY PLEASE

This apartment is on the 1st floor of a corner property and consists of 
2 bedrooms with bics and the ...",311,1,,,
1 Bedroom Apartment,R 16 500,16500,ZAR,Claremont Upper,,1,1,1,38 m²,https://www.property24.com/to-rent/claremont-upper/cape-town/western-cape/14225/116674795,https://www.property24.com/to-rent/cape-town/western-cape/432/p69?PropertyCategory=House%2cApartmentOrFlat%2cTownhouse,2026-02-09 12:25:16.234283,"Brand Studio Apartments to Let in New Claremont Upper Development — Multiple Units

The Cavendish is a boutique, north & ...",11138 m²,1,38 m²,,
1 Bedroom Apartment,R 4 950,4950,ZAR,Wynberg,Egham Rd Wynberg,1,1,1,80 m²,https://www.property24.com/to-rent/wynberg/cape-town/western-cape/10109/115998525,https://www.property24.com/to-rent/cape-town/western-cape/432/p69?PropertyCategory=House%2cApartmentOrFlat%2cTownhouse,2026-02-09 12:25:16.234283,1 Fully furnished single  room available in  a 3 bedroom flat  in a secured well managed ...,11180 m²,1,80 m²,,
2 Bedroom Apartment,R 22 000,22000,ZAR,Rondebosch,,2,2,1,76 m²,https://www.property24.com/to-rent/rondebosch/cape-town/western-cape/8682/114608462,https://www.property24.com/to-rent/cape-town/western-cape/432/p69?PropertyCategory=House%2cApartmentOrFlat%2cTownhouse,2026-02-09 12:25:16.234283,"Located in Little Mowbray and down the road from UCT and Vincent Pallotti Hospital you will find Withycombe Place.
With great access to ...",22176 m²,1,76 m²,,
2 Bedroom Apartment,R 11 000,11000,ZAR,Lansdowne,"18 Edgar Road, Landsdowne",2,1,1,85 m²,https://www.property24.com/to-rent/lansdowne/cape-town/western-cape/8778/114680563,https://www.property24.com/to-rent/cape-town/western-cape/432/p69?PropertyCategory=House%2cApartmentOrFlat%2cTownhouse,2026-02-09 12:25:16.234283,"For Rent: Large Unfurnished Two Bedroom, High Ceilings, One Bathroom Flat with separate ...",21185 m²,1,85 m²,,
2 Bedroom Apartment,R 21 000,21000,ZAR,Mowbray,,2,2,1,76 m²,https://www.property24.com/to-rent/mowbray/cape-town/western-cape/8677/115351538,https://www.property24.com/to-rent/cape-town/western-cape/432/p69?PropertyCategory=House%2cApartmentOrFlat%2cTownhouse,2026-02-09 12:25:16.234283,"Located in Little Mowbray and down the road from UCT and Vincent Pallotti Hospital you will find Withycombe Place.
With great access to ...",22176 m²,1,76 m²,,
2.5 Bedroom House,R 35 000,35000,ZAR,Woodstock,Mountain Road,2.5,2,1,300 m²,https://www.property24.com/to-rent/woodstock/cape-town/western-cape/10164/116659701,https://www.property24.com/to-rent/cape-town/western-cape/432/p69?PropertyCategory=House%2cApartmentOrFlat%2cTownhouse,2026-02-09 12:25:16.234283,"Charming 2.5 bedroom home with office & peaceful garden in Woodstock 
Property ...",2.521300 m²,1,300 m²,,
5 Bedroom House,R 39 000per day,39000,ZAR,Camps Bay,,5,5.5,2,,https://www.property24.com/to-rent/camps-bay/cape-town/western-cape/11014/116747012,https://www.property24.com/to-rent/cape-town/western-cape/432/p69?PropertyCategory=House%2cApartmentOrFlat%2cTownhouse,2026-02-09 12:25:16.234283,"13 on Medburn – Exclusive Full Residence
Camps Bay | Short-Term Rental

An exceptional opportunity to rent an entire private ...",55.52,2,,,per day
1 Bedroom Apartment,R 14 500,14500,ZAR,Claremont,,1,1,,,https://www.property24.com/to-rent/claremont/cape-town/western-cape/11741/116784163,https://www.property24.com/to-rent/cape-town/western-cape/432/p69?PropertyCategory=House%2cApartmentOrFlat%2cTownhouse,2026-02-09 12:25:16.234283,"This lovely unit is situated in Seven Miles South in Claremont. Its within walking distance to Cavendish Square, popular gyms ...",11,1,,,
1 Bedroom House,R 7 700,7700,ZAR,Thornton,,1,1,1,,https://www.property24.com/to-rent/thornton/cape-town/western-cape/8112/116784146,https://www.property24.com/to-rent/cape-town/western-cape/432/p69?PropertyCategory=House%2cApartmentOrFlat%2cTownhouse,2026-02-09 12:25:16.234283,"This cozy unit forms part of a 5 unit property but offers a seperate entrance and secure parking 

•	Layout: Open-plan bedroom and ...",111,1,,,
2 Bedroom Apartment,R 21 000,21000,ZAR,Woodstock,,2,2,1,96 m²,https://www.property24.com/to-rent/woodstock/cape-town/western-cape/10164/116669823,https://www.property24.com/to-rent/cape-town/western-cape/432/p69?PropertyCategory=House%2cApartmentOrFlat%2cTownhouse,2026-02-09 12:25:16.234283,"Ateliers on Park is crafted for the discerning young professional seeking style, comfort and convenience. Located in the ever-popular ...",22196 m²,1,96 m²,,
3 Bedroom Apartment,R 62 000,62000,ZAR,De Waterkant,,3,3.5,2,,https://www.property24.com/to-rent/de-waterkant/cape-town/western-cape/9141/107713673,https://www.property24.com/to-rent/cape-town/western-cape/432/p69?PropertyCategory=House%2cApartmentOrFlat%2cTownhouse,2026-02-09 12:25:16.234283,Step into a lifestyle of sophistication and vibrancy with this spectacular 3-bedroom apartment in The Capital Mirage. Perfectly ...,33.52,2,,,
Apartment,R 9 800,9800,ZAR,Heathfield,14 Tissot,,,,,https://www.property24.com/to-rent/heathfield/cape-town/western-cape/10207/112420026,https://www.property24.com/to-rent/cape-town/western-cape/432/p69?PropertyCategory=House%2cApartmentOrFlat%2cTownhouse,2026-02-09 12:25:16.234283,"Open plan lounge to fitted kitchen 
2 Bedrooms with BIC
Family bathroom 
Secured ...",,,,,
1 Bedroom Apartment,R 3 000,3000,ZAR,Kensington,,1,,,,https://www.property24.com/to-rent/kensington/cape-town/western-cape/8010/116863048,https://www.property24.com/to-rent/cape-town/western-cape/432/p69?PropertyCategory=House%2cApartmentOrFlat%2cTownhouse,2026-02-09 12:25:16.234283,"1 bedroom available for rent

R3000 per month, Plus Electric

Available from 1 February 2026",1,1,,,
0.5 Bedroom Apartment,R 12 000,12000,ZAR,Woodstock,,0.5,1,,62 m²,https://www.property24.com/to-rent/woodstock/cape-town/western-cape/10164/113761004,https://www.property24.com/to-rent/cape-town/western-cape/432/p69?PropertyCategory=House%2cApartmentOrFlat%2cTownhouse,2026-02-09 12:25:16.234283,Welcome to this exquisite FURNISHED property with stunning south-facing mountain views. This modern and open-plan residence is the ...,0.5162 m²,1,62 m²,,
2 Bedroom Apartment,R 16 000per day,16000,ZAR,Camps Bay,,2,1,,,https://www.property24.com/to-rent/camps-bay/cape-town/western-cape/11014/116746992,https://www.property24.com/to-rent/cape-town/western-cape/432/p69?PropertyCategory=House%2cApartmentOrFlat%2cTownhouse,2026-02-09 12:25:16.234283,"2 Bed 1 Bath Apartment in The 13 on Medburn Residence. Stylish, comfortable, and perfectly positioned above the Camps Bay coastline ...",21,1,,,per day
1 Bedroom Apartment,R 3 000,3000,ZAR,Kensington,,1,,,,https://www.property24.com/to-rent/kensington/cape-town/western-cape/8010/116768923,https://www.property24.com/to-rent/cape-town/western-cape/432/p69?PropertyCategory=House%2cApartmentOrFlat%2cTownhouse,2026-02-09 12:25:16.234283,"1 bedroom available for rent

R3000 per month, Plus Electric

Available from 1 February 2026",1,1,,,
1 Bedroom Apartment,R 9 800,9800,ZAR,Pinelands,"306 King's Blockhouse, 1 Spine Boulevard",1,1,,,https://www.property24.com/to-rent/pinelands/cape-town/western-cape/8017/116674382,https://www.property24.com/to-rent/cape-town/western-cape/432/p69?PropertyCategory=House%2cApartmentOrFlat%2cTownhouse,2026-02-09 12:25:16.234283,"Home should feel warm, welcoming, and wonderfully effortless — and this 1 bedroom ...",11,1,,,
2 Bedroom Apartment,R 22 500,22500,ZAR,Claremont,"1 The Claremont, 53 Main Road",2,1,2,76 m²,https://www.property24.com/to-rent/claremont/cape-town/western-cape/11741/115920173,https://www.property24.com/to-rent/cape-town/western-cape/432/p69?PropertyCategory=House%2cApartmentOrFlat%2cTownhouse,2026-02-09 12:25:16.234283,Spacious and load-shedding ready – your ideal 2-bedroom apartment with an ...,21276 m²,2,76 m²,,
4 Bedroom Apartment,R 110 000,110000,ZAR,Fresnaye,,4,3,3,301 m²,https://www.property24.com/to-rent/fresnaye/cape-town/western-cape/11016/116672788,https://www.property24.com/to-rent/cape-town/western-cape/432/p69?PropertyCategory=House%2cApartmentOrFlat%2cTownhouse,2026-02-09 12:25:16.234283,"FURNISHED PENTHOUSE RETREAT IN FRESNAYE 

Indulge in the epitome of luxury living with this breathtaking furnished penthouse boasting ...",433301 m²,3,301 m²,,
3 Bedroom Apartment,R 17 000,17000,ZAR,Claremont Upper,1 Hugon Road,3,1.5,1,85 m²,https://www.property24.com/to-rent/claremont-upper/cape-town/western-cape/14225/112186745,https://www.property24.com/to-rent/cape-town/western-cape/432/p69?PropertyCategory=House%2cApartmentOrFlat%2cTownhouse,2026-02-09 12:25:16.234283,- This 1st-floor unit is ideally situated close to all amenities and a short walk from ...,31.5185 m²,1,85 m²,,
1 Bedroom House,R 11 550,11550,ZAR,Newlands,Upper Paradise Road Newlands,1,1,1,1 500 m²,https://www.property24.com/to-rent/newlands/cape-town/western-cape/8679/111610573,https://www.property24.com/to-rent/cape-town/western-cape/432/p70?PropertyCategory=House%2cApartmentOrFlat%2cTownhouse,2026-02-09 12:25:16.234283,The Studio is a peaceful and cosy unit. Ideal for a student or young professional. The ...,1111 500 m²,1,1 500 m²,,
1 Bedroom House,R 10 000,10000,ZAR,Observatory,,1,1,,,https://www.property24.com/to-rent/observatory/cape-town/western-cape/10157/116357721,https://www.property24.com/to-rent/cape-town/western-cape/432/p70?PropertyCategory=House%2cApartmentOrFlat%2cTownhouse,2026-02-09 12:25:16.234283,"A charming garden studio cottage is available for rent in the heart of Observatory, offering plenty of natural light and a private ...",11,1,,,
1 Bedroom Apartment,R 15 000,15000,ZAR,Plumstead,,1,1,1,,https://www.property24.com/to-rent/plumstead/cape-town/western-cape/10094/116757111,https://www.property24.com/to-rent/cape-town/western-cape/432/p70?PropertyCategory=House%2cApartmentOrFlat%2cTownhouse,2026-02-09 12:25:16.234283,"this beautiful spacious has one bedroom, lounge kitchen and full bathroom .
situated on the ground floor ,unit is pet friendly but ...",111,1,,,
0.5 Bedroom Apartment,R 14 000,14000,ZAR,De Waterkant,"The Rose, 117 On Strand",0.5,1,,,https://www.property24.com/to-rent/de-waterkant/cape-town/western-cape/9141/116738928,https://www.property24.com/to-rent/cape-town/western-cape/432/p70?PropertyCategory=House%2cApartmentOrFlat%2cTownhouse,2026-02-09 12:25:16.234283,This beautifully furnished studio apartment on the 7th floor of The Rose offers the ...,0.51,1,,,
2 Bedroom House,R 40 000,40000,ZAR,Oranjezicht,,2,2,,117 m²,https://www.property24.com/to-rent/oranjezicht/cape-town/western-cape/9155/112246624,https://www.property24.com/to-rent/cape-town/western-cape/432/p70?PropertyCategory=House%2cApartmentOrFlat%2cTownhouse,2026-02-09 12:25:16.234283,"Architect-Designed Cottage in Gardens, Cape Town

Available: 5 March 2026 – 15 December 2026**  
Furnished | 2 Bedrooms | 2 ...",22117 m²,2,117 m²,,
3 Bedroom House,R 26 000,26000,ZAR,Woodstock,12 Victoria Walk,3,2,1,240 m²,https://www.property24.com/to-rent/woodstock/cape-town/western-cape/10164/116632453,https://www.property24.com/to-rent/cape-town/western-cape/432/p70?PropertyCategory=House%2cApartmentOrFlat%2cTownhouse,2026-02-09 12:25:16.234283,"3-Bedroom Family Home in the Heart of Woodstock
Welcome to comfortable living in one of ...",321240 m²,1,240 m²,,
Apartment,R 8 500,8500,ZAR,Cape Town City Centre,77 Leeuwen St,,,,,https://www.property24.com/to-rent/cape-town-city-centre/cape-town/western-cape/9138/116743626,https://www.property24.com/to-rent/cape-town/western-cape/432/p70?PropertyCategory=House%2cApartmentOrFlat%2cTownhouse,2026-02-09 12:25:16.234283,A one bedroom flat in the heart of the city. Close to all amenities.,,,,,
1 Bedroom Apartment,R 6 500,6500,ZAR,Belhar,,1,1,2,35 m²,https://www.property24.com/to-rent/belhar/cape-town/western-cape/8132/116800373,https://www.property24.com/to-rent/cape-town/western-cape/432/p70?PropertyCategory=House%2cApartmentOrFlat%2cTownhouse,2026-02-09 12:25:16.234283,"Seperate entrance 1 bedroom flat with kitchen, shower and toilet.
Lovely home suitable for a single person or a couple.

In order to ...",11235 m²,2,35 m²,,
2 Bedroom Apartment,R 20 000,20000,ZAR,Vredehoek,,2,1,,,https://www.property24.com/to-rent/vredehoek/cape-town/western-cape/9166/116734318,https://www.property24.com/to-rent/cape-town/western-cape/432/p70?PropertyCategory=House%2cApartmentOrFlat%2cTownhouse,2026-02-09 12:25:16.234283,Discover comfortable city living in this well-located semi-furnished two-bedroom apartment situated in the sought-after suburb of ...,21,1,,,
2 Bedroom Apartment,R 25 000,25000,ZAR,Mowbray,,2,2,1,81 m²,https://www.property24.com/to-rent/mowbray/cape-town/western-cape/8677/114528078,https://www.property24.com/to-rent/cape-town/western-cape/432/p70?PropertyCategory=House%2cApartmentOrFlat%2cTownhouse,2026-02-09 12:25:16.234283,"Located in Little Mowbray and down the road from UCT and Vincent Pallotti Hospital you will find Withycombe Place.
With great access to ...",22181 m²,1,81 m²,,
Apartment,R 13 900,13900,ZAR,Woodstock,,,1,,,https://www.property24.com/to-rent/woodstock/cape-town/western-cape/10164/116814009,https://www.property24.com/to-rent/cape-town/western-cape/432/p70?PropertyCategory=House%2cApartmentOrFlat%2cTownhouse,2026-02-09 12:25:16.234283,"A spacious unit with a private bathroom, dining table, a refrigerator, microwave, TV, electric kettle, and wardrobe. Enjoy free WiFi, a ...",1,1,,,
3 Bedroom House,R 17 499,17499,ZAR,Plumstead,,3,2.5,2,172 m²,https://www.property24.com/to-rent/plumstead/cape-town/western-cape/10094/112794386,https://www.property24.com/to-rent/cape-town/western-cape/432/p70?PropertyCategory=House%2cApartmentOrFlat%2cTownhouse,2026-02-09 12:25:16.234283,"SHORT STAY ONLY – FULLY FURNISHED 6 MONTH LEASE  

Ideal for busy executives or those seeking a lock ‘n go with minimal maintenance ...",32.52172 m²,2,172 m²,,
3 Bedroom Townhouse,R 65 000,65000,ZAR,Green Point,,3,3,,,https://www.property24.com/to-rent/green-point/cape-town/western-cape/11017/116752565,https://www.property24.com/to-rent/cape-town/western-cape/432/p70?PropertyCategory=House%2cApartmentOrFlat%2cTownhouse,2026-02-09 12:25:16.234283,"Set in one of the most sought-after positions on Ocean View Drive, this exceptional home offers truly breathtaking, one-of-a-kind views ...",33,3,,,
Apartment,R 4 000,4000,ZAR,Maitland,,,,,,https://www.property24.com/to-rent/maitland/cape-town/western-cape/9153/116872998,https://www.property24.com/to-rent/cape-town/western-cape/432/p70?PropertyCategory=House%2cApartmentOrFlat%2cTownhouse,2026-02-09 12:25:16.234283,"Be the first to enjoy our brand-new 1-bedroom pod units, offering exclusive occupancy in a secure and conveniently located complex in ...",,,,,
2 Bedroom Apartment,R 40 000,40000,ZAR,Tamboerskloof,,2,1,1,82 m²,https://www.property24.com/to-rent/tamboerskloof/cape-town/western-cape/9163/116889041,https://www.property24.com/to-rent/cape-town/western-cape/432/p70?PropertyCategory=House%2cApartmentOrFlat%2cTownhouse,2026-02-09 12:25:16.234283,"Welcome to your ideal Cape Town escape!
Relax in this stylish and cosy apartment, fully renovated in 2025, nestled in Tamboerskloof at ...",21182 m²,1,82 m²,,
2 Bedroom Apartment,R 14 000,14000,ZAR,Rondebosch East,,2,1,1,71 m²,https://www.property24.com/to-rent/rondebosch-east/cape-town/western-cape/8806/116643716,https://www.property24.com/to-rent/cape-town/western-cape/432/p70?PropertyCategory=House%2cApartmentOrFlat%2cTownhouse,2026-02-09 12:25:16.234283,"Charming 2-Bedroom Townhouse in Secure Complex

Located in a well-maintained and secure complex, this inviting townhouse offers ...",21171 m²,1,71 m²,,
2 Bedroom Apartment,R 42 500,42500,ZAR,Sea Point,,2,2,2,,https://www.property24.com/to-rent/sea-point/cape-town/western-cape/11021/116731673,https://www.property24.com/to-rent/cape-town/western-cape/432/p70?PropertyCategory=House%2cApartmentOrFlat%2cTownhouse,2026-02-09 12:25:16.234283,"Discover modern comfort and everyday convenience in this beautifully furnished 2-bedroom, 2-bathroom apartment on the 10th floor of the ...",222,2,,,
Apartment,R 13 500,13500,ZAR,Vredehoek,,,1,2,,https://www.property24.com/to-rent/vredehoek/cape-town/western-cape/9166/116789413,https://www.property24.com/to-rent/cape-town/western-cape/432/p70?PropertyCategory=House%2cApartmentOrFlat%2cTownhouse,2026-02-09 12:25:16.234283,"This unfurnished apartment is situated on the third floor and comes with a balcony leading off the living area. 

Wooden flooring at ...",12,2,,,
2 Bedroom Apartment,R 40 000,40000,ZAR,Tamboerskloof,,2,1,1,82 m²,https://www.property24.com/to-rent/tamboerskloof/cape-town/western-cape/9163/116649135,https://www.property24.com/to-rent/cape-town/western-cape/432/p70?PropertyCategory=House%2cApartmentOrFlat%2cTownhouse,2026-02-09 12:25:16.234283,"Welcome to your ideal Cape Town escape!
Relax in this stylish and cosy apartment, fully renovated in 2025, nestled in Tamboerskloof at ...",21182 m²,1,82 m²,,
3 Bedroom Apartment,R 21 000,21000,ZAR,Observatory,,3,2,1,,https://www.property24.com/to-rent/observatory/cape-town/western-cape/10157/116784390,https://www.property24.com/to-rent/cape-town/western-cape/432/p70?PropertyCategory=House%2cApartmentOrFlat%2cTownhouse,2026-02-09 12:25:16.234283,"Modern 3-Bedroom, 2-Bathroom First-Floor Apartment in Observatory – Unfurnished

Step into this bright and spacious first-floor ...",321,1,,,
3 Bedroom Apartment,R 150 000,150000,ZAR,Gardens,,3,3.5,1,315 m²,https://www.property24.com/to-rent/gardens/cape-town/western-cape/9145/116603523,https://www.property24.com/to-rent/cape-town/western-cape/432/p70?PropertyCategory=House%2cApartmentOrFlat%2cTownhouse,2026-02-09 12:25:16.234283,"The kitchen is fully kitted with a dishwasher, washing machine, dryer, and top-quality Smeg and Miele appliances. The open-plan living ...",33.51315 m²,1,315 m²,,
0.5 Bedroom Apartment,R 16 800,16800,ZAR,Cape Town City Centre,"1621 The Rockefeller, 12 Christiaan Barnard Street",0.5,1,,30 m²,https://www.property24.com/to-rent/cape-town-city-centre/cape-town/western-cape/9138/116083568,https://www.property24.com/to-rent/cape-town/western-cape/432/p71?PropertyCategory=House%2cApartmentOrFlat%2cTownhouse,2026-02-09 12:25:16.234283,"Welcome Home, to The Rockefeller! 

6-month leases available at a 15% higher monthly ...",0.5130 m²,1,30 m²,,
1 Bedroom Apartment,R 22 000,22000,ZAR,Cape Town City Centre,,1,1,1,100 m²,https://www.property24.com/to-rent/cape-town-city-centre/cape-town/western-cape/9138/116698496,https://www.property24.com/to-rent/cape-town/western-cape/432/p71?PropertyCategory=House%2cApartmentOrFlat%2cTownhouse,2026-02-09 12:25:16.234283,"Situated in the heart of Cape Town City, nestled below Lions Head and Bokaap, this lovely spacious1 Bedroom Loft Apartment is a place ...",111100 m²,1,100 m²,,
4 Bedroom Apartment,R 220 000,220000,ZAR,Fresnaye,,4,4.5,2,297 m²,https://www.property24.com/to-rent/fresnaye/cape-town/western-cape/11016/115435059,https://www.property24.com/to-rent/cape-town/western-cape/432/p71?PropertyCategory=House%2cApartmentOrFlat%2cTownhouse,2026-02-09 12:25:16.234283,"Experience the pinnacle of style and comfort in this brand-new, fully furnished 4-bedroom, 4.5-bathroom residence. Thoughtfully ...",44.52297 m²,2,297 m²,,
2 Bedroom Apartment,POA,,,De Waterkant,,2,3,2,,https://www.property24.com/to-rent/de-waterkant/cape-town/western-cape/9141/115910624,https://www.property24.com/to-rent/cape-town/western-cape/432/p71?PropertyCategory=House%2cApartmentOrFlat%2cTownhouse,2026-02-09 12:25:16.234283,"Available from the 1st of March 2026 for Long Term

Luxury 2-Bedroom Fully Furnished Apartment for Rent in the Heart of De Waterkant ...",232,2,,,
2 Bedroom Apartment,R 50 000,50000,ZAR,Muizenberg,,2,2,2,146 m²,https://www.property24.com/to-rent/muizenberg/cape-town/western-cape/9025/116528493,https://www.property24.com/to-rent/cape-town/western-cape/432/p71?PropertyCategory=House%2cApartmentOrFlat%2cTownhouse,2026-02-09 12:25:16.234283,"Welcome to this exquisite 2-bedroom Penthouse apartment located in the vibrant area of Muizenberg, Cape Town. This modern top-floor ...",222146 m²,2,146 m²,,
1 Bedroom Apartment,R 10 500,10500,ZAR,Ndabeni,"17 The Iness, 4 Frere Road",1,1,1,,https://www.property24.com/to-rent/ndabeni/cape-town/western-cape/8014/111706819,https://www.property24.com/to-rent/cape-town/western-cape/432/p71?PropertyCategory=House%2cApartmentOrFlat%2cTownhouse,2026-02-09 12:25:16.234283,"AVAILABLE FOR A 12-MONTH LEASE

Newly built development in Ndabeni consisting of 18 ...",111,1,,,
1 Bedroom Apartment,R 14 000,14000,ZAR,Bo Kaap,262 Yusuf Drive. Bo Kaap,1,1,,,https://www.property24.com/to-rent/bo-kaap/cape-town/western-cape/9136/116886466,https://www.property24.com/to-rent/cape-town/western-cape/432/p71?PropertyCategory=House%2cApartmentOrFlat%2cTownhouse,2026-02-09 12:25:16.234283,A newly renovated flat suitable for a professional/couple looking for a furnished flat. ...,11,1,,,
4 Bedroom House,R 180 000,180000,ZAR,Camps Bay,,4,4.5,2,,https://www.property24.com/to-rent/camps-bay/cape-town/western-cape/11014/116729145,https://www.property24.com/to-rent/cape-town/western-cape/432/p71?PropertyCategory=House%2cApartmentOrFlat%2cTownhouse,2026-02-09 12:25:16.234283,"A villa designed for the discerning traveler.

Featuring four luxurious en-suite bedrooms, this contemporary residence offers an ...",44.52,2,,,
4 Bedroom Apartment,R 110 000,110000,ZAR,Fresnaye,,4,3,3,301 m²,https://www.property24.com/to-rent/fresnaye/cape-town/western-cape/11016/114158003,https://www.property24.com/to-rent/cape-town/western-cape/432/p71?PropertyCategory=House%2cApartmentOrFlat%2cTownhouse,2026-02-09 12:25:16.234283,"Experience the pinnacle of luxurious living with this stunningly furnished penthouse, showcasing breathtaking panoramic views of the ...",433301 m²,3,301 m²,,
2 Bedroom Apartment,R 16 000,16000,ZAR,Cape Town City Centre,50 Constitution Street Cape Town,2,1,1,57 m²,https://www.property24.com/to-rent/cape-town-city-centre/cape-town/western-cape/9138/116630794,https://www.property24.com/to-rent/cape-town/western-cape/432/p71?PropertyCategory=House%2cApartmentOrFlat%2cTownhouse,2026-02-09 12:25:16.234283,"Step into stylish comfort with this freshly renovated two-bedroom apartment, perfectly ...",21157 m²,1,57 m²,,
1 Bedroom Apartment,R 19 500,19500,ZAR,Gardens,2 Roodehek St,1,1,1,,https://www.property24.com/to-rent/gardens/cape-town/western-cape/9145/116654797,https://www.property24.com/to-rent/cape-town/western-cape/432/p71?PropertyCategory=House%2cApartmentOrFlat%2cTownhouse,2026-02-09 12:25:16.234283,"Furnished !

Discover Luxury Living in Gardens, Cape Town with BlackBrick ...",111,1,,,
1 Bedroom Apartment,R 15 500,15500,ZAR,Cape Town City Centre,,1,1,,,https://www.property24.com/to-rent/cape-town-city-centre/cape-town/western-cape/9138/116772162,https://www.property24.com/to-rent/cape-town/western-cape/432/p71?PropertyCategory=House%2cApartmentOrFlat%2cTownhouse,2026-02-09 12:25:16.234283,Experience the ultimate city lifestyle in this stylish studio apartment located in the heart of Cape Town City Centre. This modern unit ...,11,1,,,
3 Bedroom Apartment,R 75 000,75000,ZAR,Sea Point,,3,2.5,2,143 m²,https://www.property24.com/to-rent/sea-point/cape-town/western-cape/11021/116718039,https://www.property24.com/to-rent/cape-town/western-cape/432/p71?PropertyCategory=House%2cApartmentOrFlat%2cTownhouse,2026-02-09 12:25:16.234283,This 143m2 apartment delivers the kind of space and light you don’t often find on the Atlantic Seaboard. The living area opens up in a ...,32.52143 m²,2,143 m²,,
2 Bedroom Apartment,R 40 950,40950,ZAR,Sea Point,,2,2,2,,https://www.property24.com/to-rent/sea-point/cape-town/western-cape/11021/116731749,https://www.property24.com/to-rent/cape-town/western-cape/432/p71?PropertyCategory=House%2cApartmentOrFlat%2cTownhouse,2026-02-09 12:25:16.234283,"Discover modern comfort and convenience in this beautifully furnished 2-bedroom, 2-bathroom apartment located in the prestigious ...",222,2,,,
3 Bedroom Apartment,R 23 000per day,23000,ZAR,Camps Bay,13 On Medburn,3,3,,,https://www.property24.com/to-rent/camps-bay/cape-town/western-cape/11014/116732047,https://www.property24.com/to-rent/cape-town/western-cape/432/p71?PropertyCategory=House%2cApartmentOrFlat%2cTownhouse,2026-02-09 12:25:16.234283,"Sort-Term Rental - Available from 15 Jan
Elevated above Camps Bay with sweeping views ...",33,3,,,per day
4 Bedroom House,R 65 000,65000,ZAR,Constantia,,4,2,5,1 350 m²,https://www.property24.com/to-rent/constantia/cape-town/western-cape/11742/112935038,https://www.property24.com/to-rent/cape-town/western-cape/432/p71?PropertyCategory=House%2cApartmentOrFlat%2cTownhouse,2026-02-09 12:25:16.234283,This large family home is perfectly situated in the Sillery pocket of Constantia which is surrounded by the Cape’s finest wine ...,4251 350 m²,5,1 350 m²,,
1 Bedroom Apartment,R 15 000,15000,ZAR,Oranjezicht,,1,1,,,https://www.property24.com/to-rent/oranjezicht/cape-town/western-cape/9155/114792271,https://www.property24.com/to-rent/cape-town/western-cape/432/p71?PropertyCategory=House%2cApartmentOrFlat%2cTownhouse,2026-02-09 12:25:16.234283,Welcome to Your New Home in Oranjezicht! Discover the perfect blend of comfort and convenience with this semi-furnished one-bedroom ...,11,1,,,
1 Bedroom Apartment,R 14 000,14000,ZAR,Bo Kaap,262 Yusuf Drive. Bo Kaap,1,1,,,https://www.property24.com/to-rent/bo-kaap/cape-town/western-cape/9136/115361380,https://www.property24.com/to-rent/cape-town/western-cape/432/p71?PropertyCategory=House%2cApartmentOrFlat%2cTownhouse,2026-02-09 12:25:16.234283,A newly renovated flat suitable for a professional/couple looking for a furnished flat. ...,11,1,,,
2 Bedroom Apartment,R 14 000,14000,ZAR,Woodstock,150 Victoria Road,2,1,1,1 097 ha,https://www.property24.com/to-rent/woodstock/cape-town/western-cape/10164/116722097,https://www.property24.com/to-rent/cape-town/western-cape/432/p71?PropertyCategory=House%2cApartmentOrFlat%2cTownhouse,2026-02-09 12:25:16.234283,Discover this newly renovated modern two-bedroom apartment that perfectly blends style ...,2111 097 ha,1,1 097 ha,,
2 Bedroom Apartment,R 5 000per day,5000,ZAR,Camps Bay,,2,1,1,,https://www.property24.com/to-rent/camps-bay/cape-town/western-cape/11014/116716178,https://www.property24.com/to-rent/cape-town/western-cape/432/p71?PropertyCategory=House%2cApartmentOrFlat%2cTownhouse,2026-02-09 12:25:16.234283,"Discover elevated coastal living in this exquisite top floor apartment, where refined interiors meet panoramic Atlantic Ocean views. ...",211,1,,,per day
0.5 Bedroom Apartment,R 17 500,17500,ZAR,Claremont Upper,,0.5,1,1,,https://www.property24.com/to-rent/claremont-upper/cape-town/western-cape/14225/116717430,https://www.property24.com/to-rent/cape-town/western-cape/432/p71?PropertyCategory=House%2cApartmentOrFlat%2cTownhouse,2026-02-09 12:25:16.234283,Experience modern urban living in this brand-new third-floor studio apartment located in the sought-after Claremont Upper area. ...,0.511,1,,,
1 Bedroom Apartment,R 22 000,22000,ZAR,Mouille Point,,1,1,,45 m²,https://www.property24.com/to-rent/mouille-point/cape-town/western-cape/11018/116702784,https://www.property24.com/to-rent/cape-town/western-cape/432/p72?PropertyCategory=House%2cApartmentOrFlat%2cTownhouse,2026-02-09 12:25:16.234283,"Furnished studio apartment in beautiful location
Fully equipped and ready for 1 March 2026
Third floor
Street parking ...",1145 m²,1,45 m²,,
2 Bedroom Apartment,R 4 700per day,4700,ZAR,Sea Point,"4 Oliver Rd, Sea Point, Cape Town, 8060",2,2,1,,https://www.property24.com/to-rent/sea-point/cape-town/western-cape/11021/116643663,https://www.property24.com/to-rent/cape-town/western-cape/432/p72?PropertyCategory=House%2cApartmentOrFlat%2cTownhouse,2026-02-09 12:25:16.234283,A beautifully designed 2-bedroom apartment that connects the urban rhythm of Sea Point ...,221,1,,,per day
0.5 Bedroom Apartment,R 30 000,30000,ZAR,Sea Point,,0.5,1,1,37 m²,https://www.property24.com/to-rent/sea-point/cape-town/western-cape/11021/114371981,https://www.property24.com/to-rent/cape-town/western-cape/432/p72?PropertyCategory=House%2cApartmentOrFlat%2cTownhouse,2026-02-09 12:25:16.234283,"Brand New Furnished studio in the luxury Station House building!
Enjoy the best that Sea Point has to offer:
High Speed WiFi 
24 ...",0.51137 m²,1,37 m²,,
5 Bedroom House,R 110 000,110000,ZAR,Constantia,,5,5,6,3 300 m²,https://www.property24.com/to-rent/constantia/cape-town/western-cape/11742/112145008,https://www.property24.com/to-rent/cape-town/western-cape/432/p72?PropertyCategory=House%2cApartmentOrFlat%2cTownhouse,2026-02-09 12:25:16.234283,"Available 15 February 2026 to 15 December 2026.  

Exquisite furnished 5 bedroom home in the Avenues.
This magnificent North facing ...",5563 300 m²,6,3 300 m²,,
3 Bedroom House,R 44 500,44500,ZAR,Constantia,16 Price Drve,3,3,7,350 m²,https://www.property24.com/to-rent/constantia/cape-town/western-cape/11742/116469881,https://www.property24.com/to-rent/cape-town/western-cape/432/p72?PropertyCategory=House%2cApartmentOrFlat%2cTownhouse,2026-02-09 12:25:16.234283,"- 3 bedroom Family home   - 

A perfect 3 bedroom family home - Offering a "" ...",337350 m²,7,350 m²,,
2 Bedroom Apartment,R 13 000,13000,ZAR,Plumstead,,2,1,1,,https://www.property24.com/to-rent/plumstead/cape-town/western-cape/10094/116766316,https://www.property24.com/to-rent/cape-town/western-cape/432/p72?PropertyCategory=House%2cApartmentOrFlat%2cTownhouse,2026-02-09 12:25:16.234283,"This spacious sapartment is filled with natural light and a view of Table Mountain from the lounge and balcony. 
It has two bedrooms ...",211,1,,,
2 Bedroom Apartment,R 17 000,17000,ZAR,Claremont Upper,,2,1,2,76 m²,https://www.property24.com/to-rent/claremont-upper/cape-town/western-cape/14225/116643851,https://www.property24.com/to-rent/cape-town/western-cape/432/p72?PropertyCategory=House%2cApartmentOrFlat%2cTownhouse,2026-02-09 12:25:16.234283,"This East facing, two bed apartment situated at The Claremont on the 3rd floor is available for immedaite occupation.

Close to all ...",21276 m²,2,76 m²,,
2 Bedroom Apartment,R 22 000,22000,ZAR,Observatory,,2,2,1,75 m²,https://www.property24.com/to-rent/observatory/cape-town/western-cape/10157/110884966,https://www.property24.com/to-rent/cape-town/western-cape/432/p72?PropertyCategory=House%2cApartmentOrFlat%2cTownhouse,2026-02-09 12:25:16.234283,"****** 1 February 2026*** Minimum of a 12 month lease 

A lovely bright fully furnished modern 2 bedroom apartment available in The ...",22175 m²,1,75 m²,,
3 Bedroom House,R 80 000,80000,ZAR,Newlands,,3,3.5,4,292 m²,https://www.property24.com/to-rent/newlands/cape-town/western-cape/8679/116151808,https://www.property24.com/to-rent/cape-town/western-cape/432/p72?PropertyCategory=House%2cApartmentOrFlat%2cTownhouse,2026-02-09 12:25:16.234283,"BRAND NEW LUXURY DOUBLE STOREY HOUSE IN NEWLANDS VILLAGE

AVAILABLE FROM 01 MARCH 2026

Centrally located in the heart of leafy ...",33.54292 m²,4,292 m²,,
2 Bedroom Apartment,R 55 000,55000,ZAR,Sea Point,,2,2,2,90 m²,https://www.property24.com/to-rent/sea-point/cape-town/western-cape/11021/116629643,https://www.property24.com/to-rent/cape-town/western-cape/432/p72?PropertyCategory=House%2cApartmentOrFlat%2cTownhouse,2026-02-09 12:25:16.234283,"THE MARLO 

90m2
4th-Floor Apartment
2 Bedrooms
2 Bathroom En-Suite
Includes: Wifi, water, 65inch SmartTV with Netflix & ...",22290 m²,2,90 m²,,
3 Bedroom House,R 8 700per day,8700,ZAR,Three Anchor Bay,,3,2,1,498 m²,https://www.property24.com/to-rent/three-anchor-bay/cape-town/western-cape/11022/116677958,https://www.property24.com/to-rent/cape-town/western-cape/432/p72?PropertyCategory=House%2cApartmentOrFlat%2cTownhouse,2026-02-09 12:25:16.234283,"Available for long-term rental between March and September. Please inquire about the price. 
This inviting and spacious family home ...",321498 m²,1,498 m²,,per day
2 Bedroom Apartment,R 33 000,33000,ZAR,Constantia,,2,1,2,,https://www.property24.com/to-rent/constantia/cape-town/western-cape/11742/116722578,https://www.property24.com/to-rent/cape-town/western-cape/432/p72?PropertyCategory=House%2cApartmentOrFlat%2cTownhouse,2026-02-09 12:25:16.234283,"Available 1 April 2026 to 31 July 2026 for a short to medium term summer lease.

Beautifully positioned in the heart of Constantia ...",212,2,,,
2 Bedroom Apartment,R 29 500,29500,ZAR,De Waterkant,,2,2,,,https://www.property24.com/to-rent/de-waterkant/cape-town/western-cape/9141/116710819,https://www.property24.com/to-rent/cape-town/western-cape/432/p72?PropertyCategory=House%2cApartmentOrFlat%2cTownhouse,2026-02-09 12:25:16.234283,This well-positioned and beautifully furnished upstairs apartment in the sought-after Green Point area. This inviting home offers ...,22,2,,,
1 Bedroom Apartment,R 22 000,22000,ZAR,Mouille Point,,1,1,,45 m²,https://www.property24.com/to-rent/mouille-point/cape-town/western-cape/11018/116768718,https://www.property24.com/to-rent/cape-town/western-cape/432/p72?PropertyCategory=House%2cApartmentOrFlat%2cTownhouse,2026-02-09 12:25:16.234283,"Furnished studio apartment in beautiful location
Fully equipped and ready for 1 March 2026
Third floor
Street parking ...",1145 m²,1,45 m²,,
1 Bedroom Apartment,R 20 000,20000,ZAR,Cape Town City Centre,,1,1,,,https://www.property24.com/to-rent/cape-town-city-centre/cape-town/western-cape/9138/113760887,https://www.property24.com/to-rent/cape-town/western-cape/432/p72?PropertyCategory=House%2cApartmentOrFlat%2cTownhouse,2026-02-09 12:25:16.234283,"– Fully furnished
– 180 degree uninterrupted view of Table Mountain
– Open plan lounge and kitchen
– Large flat screen TV Smart ...",11,1,,,
House,R 3 500,3500,ZAR,Woodstock,,,,,,https://www.property24.com/to-rent/woodstock/cape-town/western-cape/10164/116812429,https://www.property24.com/to-rent/cape-town/western-cape/432/p72?PropertyCategory=House%2cApartmentOrFlat%2cTownhouse,2026-02-09 12:25:16.234283,"The Wendy house includes a private toilet and basin, with shared access to the main house facilities such as the kitchen and bathroom. ...",,,,,
5 Bedroom House,R 7 000,7000,ZAR,Zonnebloem,44 Searle Street,5,4,3,,https://www.property24.com/to-rent/zonnebloem/cape-town/western-cape/10166/110965329,https://www.property24.com/to-rent/cape-town/western-cape/432/p72?PropertyCategory=House%2cApartmentOrFlat%2cTownhouse,2026-02-09 12:25:16.234283,"Located on Searle Street with easy access to all main routes. 30m away from Spar, the ...",543,3,,,
1 Bedroom Apartment,R 17 000,17000,ZAR,Oranjezicht,,1,1,1,60 m²,https://www.property24.com/to-rent/oranjezicht/cape-town/western-cape/9155/116674374,https://www.property24.com/to-rent/cape-town/western-cape/432/p72?PropertyCategory=House%2cApartmentOrFlat%2cTownhouse,2026-02-09 12:25:16.234283,"Spacious one bedroom apartment to let in leafy and sought after neighbourhood Oranjezicht.  *Property is Cat friendly only. 

The ...",11160 m²,1,60 m²,,
1 Bedroom Apartment,R 26 000,26000,ZAR,Cape Town City Centre,,1,1,1,,https://www.property24.com/to-rent/cape-town-city-centre/cape-town/western-cape/9138/116710499,https://www.property24.com/to-rent/cape-town/western-cape/432/p72?PropertyCategory=House%2cApartmentOrFlat%2cTownhouse,2026-02-09 12:25:16.234283,"Luxury One-Bedroom Apartment | Church Square, Cape Town

Step into refined city living with this beautifully appointed, high-end ...",111,1,,,
1 Bedroom Apartment,R 30 000,30000,ZAR,Sea Point,,1,1,,,https://www.property24.com/to-rent/sea-point/cape-town/western-cape/11021/116758957,https://www.property24.com/to-rent/cape-town/western-cape/432/p72?PropertyCategory=House%2cApartmentOrFlat%2cTownhouse,2026-02-09 12:25:16.234283,"Unwind in this contemporary Sea Point studio featuring a private balcony, mountain views, and access to a shared pool. The space ...",11,1,,,
2 Bedroom House,R 14 800,14800,ZAR,Kenilworth,,2,2,2,,https://www.property24.com/to-rent/kenilworth/cape-town/western-cape/8669/116716679,https://www.property24.com/to-rent/cape-town/western-cape/432/p72?PropertyCategory=House%2cApartmentOrFlat%2cTownhouse,2026-02-09 12:25:16.234283,"Available from 1 February 2026, this unfurnished three-bedroom home in the heart of Kenilworth offers comfortable living with beautiful ...",222,2,,,
3 Bedroom House,R 35 000,35000,ZAR,Claremont,,3,3,3,,https://www.property24.com/to-rent/claremont/cape-town/western-cape/11741/116704342,https://www.property24.com/to-rent/cape-town/western-cape/432/p73?PropertyCategory=House%2cApartmentOrFlat%2cTownhouse,2026-02-09 12:25:16.234283,"Discover effortless living in this beautifully presented 3-bedroom, 3-bathroom cottage ideally situated in Claremont, close to all ...",333,3,,,
5 Bedroom House,R 120 000,120000,ZAR,Constantia,,5,4,9,,https://www.property24.com/to-rent/constantia/cape-town/western-cape/11742/116721202,https://www.property24.com/to-rent/cape-town/western-cape/432/p73?PropertyCategory=House%2cApartmentOrFlat%2cTownhouse,2026-02-09 12:25:16.234283,"Set in the avenues of Upper Constantia, this contemporary home with 4 bedrooms in the main house, also has a one bedroom apartment ...",549,9,,,
2 Bedroom Apartment,R 36 950,36950,ZAR,Sea Point,,2,2,1,,https://www.property24.com/to-rent/sea-point/cape-town/western-cape/11021/115297726,https://www.property24.com/to-rent/cape-town/western-cape/432/p73?PropertyCategory=House%2cApartmentOrFlat%2cTownhouse,2026-02-09 12:25:16.234283,"We are currently offering a fully furnished 2 bedroom, 2 bathroom mountain facing apartment available from 1 April 2026 for R36,950 pm ...",221,1,,,
0.5 Bedroom Apartment,R 12 500,12500,ZAR,Woodstock,18 William Street,0.5,1,,,https://www.property24.com/to-rent/woodstock/cape-town/western-cape/10164/116715070,https://www.property24.com/to-rent/cape-town/western-cape/432/p73?PropertyCategory=House%2cApartmentOrFlat%2cTownhouse,2026-02-09 12:25:16.234283,"We are excited to introduce WEX2, the latest residential development by Signatura and ...",0.51,1,,,
0.5 Bedroom Apartment,R 12 000,12000,ZAR,Vredehoek,,0.5,1,1,29 m²,https://www.property24.com/to-rent/vredehoek/cape-town/western-cape/9166/113831903,https://www.property24.com/to-rent/cape-town/western-cape/432/p73?PropertyCategory=House%2cApartmentOrFlat%2cTownhouse,2026-02-09 12:25:16.234283,Exclusive......Unfurnished .......Incredible views on top of the world. This renovated 29m2 spacious light and bright apartment is ...,0.51129 m²,1,29 m²,,
2 Bedroom Apartment,R 18 150,18150,ZAR,Claremont,"8 Saint Augustine, 7 June Street",2,1,,,https://www.property24.com/to-rent/claremont/cape-town/western-cape/11741/116821298,https://www.property24.com/to-rent/cape-town/western-cape/432/p73?PropertyCategory=House%2cApartmentOrFlat%2cTownhouse,2026-02-09 12:25:16.234283,Immerse yourself in light and space in this stunning double storey two bedroom apartment ...,21,1,,,
3 Bedroom House,R 35 000,35000,ZAR,Gardens,,3,1,,149 m²,https://www.property24.com/to-rent/gardens/cape-town/western-cape/9145/116594397,https://www.property24.com/to-rent/cape-town/western-cape/432/p73?PropertyCategory=House%2cApartmentOrFlat%2cTownhouse,2026-02-09 12:25:16.234283,"Lovely renovated Victorian Gem in Gardens. 3 bedrooms, 1 bathroom, and open kitchen.

Lounge/dining area with original fireplace. ...",31149 m²,1,149 m²,,
1 Bedroom Apartment,R 1 800per day,1800,ZAR,Sea Point,"343 Main Rd, Corner Of Main Road, Bellevue Rd, Sea Point, Cape Town, 8060",1,1,1,,https://www.property24.com/to-rent/sea-point/cape-town/western-cape/11021/116705058,https://www.property24.com/to-rent/cape-town/western-cape/432/p73?PropertyCategory=House%2cApartmentOrFlat%2cTownhouse,2026-02-09 12:25:16.234283,"THREE43 ON B – Short-Term Studio Apartment in Sea Point

Welcome to THREE43 ON B, a ...",111,1,,,per day
2 Bedroom Apartment,R 18 150,18150,ZAR,Claremont,"8 Saint Augustine, 7 June Street",2,1,,,https://www.property24.com/to-rent/claremont/cape-town/western-cape/11741/116547985,https://www.property24.com/to-rent/cape-town/western-cape/432/p73?PropertyCategory=House%2cApartmentOrFlat%2cTownhouse,2026-02-09 12:25:16.234283,Immerse yourself in light and space in this stunning double storey two bedroom apartment ...,21,1,,,
2 Bedroom Apartment,R 55 000,55000,ZAR,Cape Town City Centre,,2,2,,,https://www.property24.com/to-rent/cape-town-city-centre/cape-town/western-cape/9138/116724412,https://www.property24.com/to-rent/cape-town/western-cape/432/p73?PropertyCategory=House%2cApartmentOrFlat%2cTownhouse,2026-02-09 12:25:16.234283,"Step into stylish city living with this beautifully furnished 2-bedroom, 2-bathroom apartment in the sought-after Greenwich Square ...",22,2,,,
3 Bedroom Apartment,R 46 000,46000,ZAR,Fresnaye,7 De Wet Road,3,1.5,2,746 m²,https://www.property24.com/to-rent/fresnaye/cape-town/western-cape/11016/116490106,https://www.property24.com/to-rent/cape-town/western-cape/432/p73?PropertyCategory=House%2cApartmentOrFlat%2cTownhouse,2026-02-09 12:25:16.234283,"Three bedroom, spacious and light-filled apartment comprising the top floor of a house ...",31.52746 m²,2,746 m²,,
2 Bedroom Apartment,R 4 700per day,4700,ZAR,Sea Point,"343 Main Rd, Corner Of Main Road, Bellevue Rd, Sea Point, Cape Town, 8060",2,2,,,https://www.property24.com/to-rent/sea-point/cape-town/western-cape/11021/116624236,https://www.property24.com/to-rent/cape-town/western-cape/432/p73?PropertyCategory=House%2cApartmentOrFlat%2cTownhouse,2026-02-09 12:25:16.234283,"Welcome to THREE43 ON B, a stylish short-term rental 2 bedroom apartment in the heart of ...",22,2,,,per day
Apartment,R 14 500,14500,ZAR,Observatory,51 Gogosoa Street,,,1,34 m²,https://www.property24.com/to-rent/observatory/cape-town/western-cape/10157/116312308,https://www.property24.com/to-rent/cape-town/western-cape/432/p73?PropertyCategory=House%2cApartmentOrFlat%2cTownhouse,2026-02-09 12:25:16.234283,2 Stunning Brand New Bachelor Units Available located in the new Riverlands ...,134 m²,1,34 m²,,
3 Bedroom House,R 53 000,53000,ZAR,Green Point,,3,2,2,226 m²,https://www.property24.com/to-rent/green-point/cape-town/western-cape/11017/116685104,https://www.property24.com/to-rent/cape-town/western-cape/432/p73?PropertyCategory=House%2cApartmentOrFlat%2cTownhouse,2026-02-09 12:25:16.234283,"Indulge in sophisticated coastal living with this elegantly renovated three-bedroom, two-bathroom residence, perfectly positioned on an ...",322226 m²,2,226 m²,,
1 Bedroom Apartment,R 1 800per day,1800,ZAR,Sea Point,"82 Main Rd, Sea Point, Cape Town, 8060",1,1,1,,https://www.property24.com/to-rent/sea-point/cape-town/western-cape/11021/116704516,https://www.property24.com/to-rent/cape-town/western-cape/432/p73?PropertyCategory=House%2cApartmentOrFlat%2cTownhouse,2026-02-09 12:25:16.234283,"Welcome to EIGHTY 2 ON M,  a stylish short-term rental studio apartment in the heart of ...",111,1,,,per day
6 Bedroom House,R 7 500,7500,ZAR,Observatory,12 Wesley Street,6,5,4,,https://www.property24.com/to-rent/observatory/cape-town/western-cape/10157/111419192,https://www.property24.com/to-rent/cape-town/western-cape/432/p73?PropertyCategory=House%2cApartmentOrFlat%2cTownhouse,2026-02-09 12:25:16.234283,Shared living accommodation located on Wesley Road. Easy access to main routes. A walk ...,654,4,,,
5 Bedroom House,R 5 850,5850,ZAR,Observatory,16 Lytton Street,5,3,,,https://www.property24.com/to-rent/observatory/cape-town/western-cape/10157/107378614,https://www.property24.com/to-rent/cape-town/western-cape/432/p73?PropertyCategory=House%2cApartmentOrFlat%2cTownhouse,2026-02-09 12:25:16.234283,"This spacious home is perfect for students and young professionals, offering a furnished ...",53,3,,,
4 Bedroom House,R 18 000per day,18000,ZAR,Fresnaye,17 Disandt Avenue,4,3.5,2,,https://www.property24.com/to-rent/fresnaye/cape-town/western-cape/11016/116700702,https://www.property24.com/to-rent/cape-town/western-cape/432/p73?PropertyCategory=House%2cApartmentOrFlat%2cTownhouse,2026-02-09 12:25:16.234283,"Luxury 4-Bedroom Holiday Home in Fresnaye 

Discover a standout holiday escape in one of ...",43.52,2,,,per day
1 Bedroom Apartment,R 13 000,13000,ZAR,Claremont,,1,1,1,53 m²,https://www.property24.com/to-rent/claremont/cape-town/western-cape/11741/116671555,https://www.property24.com/to-rent/cape-town/western-cape/432/p73?PropertyCategory=House%2cApartmentOrFlat%2cTownhouse,2026-02-09 12:25:16.234283,"Welcome to The Claremont 

The unit offers a spacious living area leading to a balcony, and a well-appointed kitchen with a built-in ...",11153 m²,1,53 m²,,
1 Bedroom Apartment,R 1 800per day,1800,ZAR,Sea Point,"100 Main Rd, Sea Point, Cape Town, 8060",1,1,1,,https://www.property24.com/to-rent/sea-point/cape-town/western-cape/11021/116704826,https://www.property24.com/to-rent/cape-town/western-cape/432/p73?PropertyCategory=House%2cApartmentOrFlat%2cTownhouse,2026-02-09 12:25:16.234283,"ONEHUNDRED ON M - Short-Term Studio Apartment in Sea Point

ONEHUNDRED ON M is ...",111,1,,,per day
1 Bedroom Apartment,R 15 000,15000,ZAR,Cape Town City Centre,,1,1,,43 m²,https://www.property24.com/to-rent/cape-town-city-centre/cape-town/western-cape/9138/116590304,https://www.property24.com/to-rent/cape-town/western-cape/432/p73?PropertyCategory=House%2cApartmentOrFlat%2cTownhouse,2026-02-09 12:25:16.234283,"This Stunning Spacious  Studio apartment is the perfect opportunity. 

Perfectly situated, the property offers a rare combination of ...",1143 m²,1,43 m²,,
2 Bedroom Apartment,R 4 700per day,4700,ZAR,Sea Point,"100 Main Rd, Sea Point, Cape Town, 8060",2,2,1,,https://www.property24.com/to-rent/sea-point/cape-town/western-cape/11021/116705216,https://www.property24.com/to-rent/cape-town/western-cape/432/p74?PropertyCategory=House%2cApartmentOrFlat%2cTownhouse,2026-02-09 12:25:16.234283,"ONEHUNDRED ON M - Short-Term 2-Bedroom Apartment in Sea Point

ONEHUNDRED ON M is ...",221,1,,,per day
2 Bedroom Apartment,R 29 500,29500,ZAR,Sea Point,,2,2,1,113 m²,https://www.property24.com/to-rent/sea-point/cape-town/western-cape/11021/116634092,https://www.property24.com/to-rent/cape-town/western-cape/432/p74?PropertyCategory=House%2cApartmentOrFlat%2cTownhouse,2026-02-09 12:25:16.234283,"Quiet and neatly kept residential block. 113sqm fully furnished apartment with a balcony situated on the 3rd floor. 
Spacious 2 ...",221113 m²,1,113 m²,,
2 Bedroom Apartment,R 7 000,7000,ZAR,Pelican Park,,2,1,1,,https://www.property24.com/to-rent/pelican-park/cape-town/western-cape/9029/116812051,https://www.property24.com/to-rent/cape-town/western-cape/432/p74?PropertyCategory=House%2cApartmentOrFlat%2cTownhouse,2026-02-09 12:25:16.234283,"Available immediately
Unfurnished 

The property consists of:
Two well-sized bedrooms.
Bathroom with shower, toilet and ...",211,1,,,
1 Bedroom Apartment,R 12 500,12500,ZAR,Claremont,"6 Saint Augustine, 7 June Street",1,1,,,https://www.property24.com/to-rent/claremont/cape-town/western-cape/11741/116532139,https://www.property24.com/to-rent/cape-town/western-cape/432/p74?PropertyCategory=House%2cApartmentOrFlat%2cTownhouse,2026-02-09 12:25:16.234283,Immerse yourself in light and space in this stunning one bedroom apartment in ...,11,1,,,
2 Bedroom Apartment,R 18 000,18000,ZAR,Three Anchor Bay,,2,1,,87 m²,https://www.property24.com/to-rent/three-anchor-bay/cape-town/western-cape/11022/112990017,https://www.property24.com/to-rent/cape-town/western-cape/432/p74?PropertyCategory=House%2cApartmentOrFlat%2cTownhouse,2026-02-09 12:25:16.234283,"1st Floor,  2 Bedroom apartment (B.I.C. in main bedroom only) in Three Anchor Bay                                                       ...",2187 m²,1,87 m²,,
2 Bedroom Apartment,R 4 700per day,4700,ZAR,Sea Point,"82 Main Rd, Sea Point, Cape Town, 8060",2,1,1,,https://www.property24.com/to-rent/sea-point/cape-town/western-cape/11021/116704715,https://www.property24.com/to-rent/cape-town/western-cape/432/p74?PropertyCategory=House%2cApartmentOrFlat%2cTownhouse,2026-02-09 12:25:16.234283,"Welcome to EIGHTY 2 ON M,  a stylish short-term rental prestige 2-bedroom apartment in ...",211,1,,,per day
1 Bedroom House,R 7 500,7500,ZAR,University Estate,,1,1,,,https://www.property24.com/to-rent/university-estate/cape-town/western-cape/10161/116839706,https://www.property24.com/to-rent/cape-town/western-cape/432/p74?PropertyCategory=House%2cApartmentOrFlat%2cTownhouse,2026-02-09 12:25:16.234283,"A very neat, lovely room in a house to rent.  There are 2 beds in the room so you will be sharing with one other person
Communal lounge ...",11,1,,,
5 Bedroom House,R 3 900,3900,ZAR,Ferness Estate,,5,2,3,,https://www.property24.com/to-rent/ferness-estate/cape-town/western-cape/10069/116525203,https://www.property24.com/to-rent/cape-town/western-cape/432/p74?PropertyCategory=House%2cApartmentOrFlat%2cTownhouse,2026-02-09 12:25:16.234283,"This property is a Board & Lodge with fully furnished rooms to rent in Ferness Estate, Ottery, Cape Town:
1xSmall room at R3900.00 ...",523,3,,,
6 Bedroom House,R 7 250,7250,ZAR,Mowbray,25 Durban Road,6,3,1,,https://www.property24.com/to-rent/mowbray/cape-town/western-cape/8677/107309955,https://www.property24.com/to-rent/cape-town/western-cape/432/p74?PropertyCategory=House%2cApartmentOrFlat%2cTownhouse,2026-02-09 12:25:16.234283,"No need to wait for a viewing – our 3d virtual tour brings the property to you!

Student ...",631,1,,,
7 Bedroom House,POAper day,,,Camps Bay,,7,7,2,729 m²,https://www.property24.com/to-rent/camps-bay/cape-town/western-cape/11014/115507799,https://www.property24.com/to-rent/cape-town/western-cape/432/p74?PropertyCategory=House%2cApartmentOrFlat%2cTownhouse,2026-02-09 12:25:16.234283,"Perched in the heart of Camps Bay, this breathtaking villa offers an unparalleled blend of sophistication, comfort, and coastal charm. ...",772729 m²,2,729 m²,,per day
1 Bedroom Apartment,R 19 000,19000,ZAR,Sea Point,,1,1,1,50 m²,https://www.property24.com/to-rent/sea-point/cape-town/western-cape/11021/116708830,https://www.property24.com/to-rent/cape-town/western-cape/432/p74?PropertyCategory=House%2cApartmentOrFlat%2cTownhouse,2026-02-09 12:25:16.234283,"Available 15 February or 1 March 2026

Rent R 19 000
Deposit R 38 000
Contract fee R 1 200
Credit check fee R 200 pp ...",11150 m²,1,50 m²,,
0.5 Bedroom Apartment,R 15 200,15200,ZAR,Foreshore,"1602 The Rockefeller, 12 Christiaan Barnard Street",0.5,1,,25 m²,https://www.property24.com/to-rent/foreshore/cape-town/western-cape/9143/115176427,https://www.property24.com/to-rent/cape-town/western-cape/432/p74?PropertyCategory=House%2cApartmentOrFlat%2cTownhouse,2026-02-09 12:25:16.234283,"Welcome Home, to The Rockefeller

6-month leases available at a 15% higher monthly ...",0.5125 m²,1,25 m²,,
6 Bedroom Townhouse,POAper day,,,Camps Bay,,6,6,,850 m²,https://www.property24.com/to-rent/camps-bay/cape-town/western-cape/11014/116581094,https://www.property24.com/to-rent/cape-town/western-cape/432/p74?PropertyCategory=House%2cApartmentOrFlat%2cTownhouse,2026-02-09 12:25:16.234283,"A six-bedroom, four-level villa in Camps Bay, located within walking distance to the promenade. Sleeping up to 12 guests, the home is ...",66850 m²,6,850 m²,,per day
1 Bedroom Apartment,R 6 000,6000,ZAR,Grassy Park,,1,1,,,https://www.property24.com/to-rent/grassy-park/cape-town/western-cape/10204/116706883,https://www.property24.com/to-rent/cape-town/western-cape/432/p74?PropertyCategory=House%2cApartmentOrFlat%2cTownhouse,2026-02-09 12:25:16.234283,"Discover this inviting 1-bedroom flatlet available for rent in the established suburban area of Grassy Park, Cape Town. This compact ...",11,1,,,
2 Bedroom Apartment,R 70 000,70000,ZAR,De Waterkant,,2,2,2,256 m²,https://www.property24.com/to-rent/de-waterkant/cape-town/western-cape/9141/116684343,https://www.property24.com/to-rent/cape-town/western-cape/432/p74?PropertyCategory=House%2cApartmentOrFlat%2cTownhouse,2026-02-09 12:25:16.234283,"Elegant 2-Bed, 2-Bath Apartment With Wrap-Around Balcony & Ocean Views – De Waterkant

*Available from the 1 July 2026 for a 12 ...",222256 m²,2,256 m²,,
4 Bedroom House,R 29 500,29500,ZAR,Zeekoevlei,83 Peninsula Street,4,3,,891 m²,https://www.property24.com/to-rent/zeekoevlei/cape-town/western-cape/9047/116673745,https://www.property24.com/to-rent/cape-town/western-cape/432/p74?PropertyCategory=House%2cApartmentOrFlat%2cTownhouse,2026-02-09 12:25:16.234283,"This freestanding, double-story home on Peninsular Road offers exceptional space on an ...",43891 m²,3,891 m²,,
3 Bedroom House,R 15 000per day,15000,ZAR,Camps Bay,,3,2.5,1,238 m²,https://www.property24.com/to-rent/camps-bay/cape-town/western-cape/11014/116661985,https://www.property24.com/to-rent/cape-town/western-cape/432/p74?PropertyCategory=House%2cApartmentOrFlat%2cTownhouse,2026-02-09 12:25:16.234283,"Availability From:
20th December 2026 - 31st March 2026 

Discover luxury living in one of Cape Town’s most sought-after coastal ...",32.51238 m²,1,238 m²,,per day
1 Bedroom Apartment,R 2 240per day,2240,ZAR,Sea Point,"6 Norfolk Rd, Sea Point, Cape Town, 8060",1,1,1,,https://www.property24.com/to-rent/sea-point/cape-town/western-cape/11021/116699716,https://www.property24.com/to-rent/cape-town/western-cape/432/p74?PropertyCategory=House%2cApartmentOrFlat%2cTownhouse,2026-02-09 12:25:16.234283,"Perfectly positioned in Sea Point, this bright and airy 1 bedroom apartment offers a ...",111,1,,,per day
0.5 Bedroom Apartment,R 15 200,15200,ZAR,Foreshore,"1602 The Rockefeller, 12 Christiaan Barnard Street",0.5,1,,25 m²,https://www.property24.com/to-rent/foreshore/cape-town/western-cape/9143/116725755,https://www.property24.com/to-rent/cape-town/western-cape/432/p74?PropertyCategory=House%2cApartmentOrFlat%2cTownhouse,2026-02-09 12:25:16.234283,"Welcome Home, to The Rockefeller

6-month leases available at a 15% higher monthly ...",0.5125 m²,1,25 m²,,
2 Bedroom Apartment,R 4 700per day,4700,ZAR,Sea Point,"6 Norfolk Rd, Sea Point, Cape Town, 8060",2,2,1,,https://www.property24.com/to-rent/sea-point/cape-town/western-cape/11021/116699692,https://www.property24.com/to-rent/cape-town/western-cape/432/p74?PropertyCategory=House%2cApartmentOrFlat%2cTownhouse,2026-02-09 12:25:16.234283,"Perfectly positioned in Sea Point, this bright and airy 2 Bedroom apartment offers a ...",221,1,,,per day
1 Bedroom Apartment,R 15 000,15000,ZAR,Zonnebloem,,1,1,1,,https://www.property24.com/to-rent/zonnebloem/cape-town/western-cape/10166/116727179,https://www.property24.com/to-rent/cape-town/western-cape/432/p74?PropertyCategory=House%2cApartmentOrFlat%2cTownhouse,2026-02-09 12:25:16.234283,"This beautifully furnished and thoughtfully decorated 1-bedroom apartment is available in the popular Skyways Complex. 

The unit is ...",111,1,,,
1 Bedroom Apartment,R 14 600,14600,ZAR,Tamboerskloof,,1,1,1,,https://www.property24.com/to-rent/tamboerskloof/cape-town/western-cape/9163/108542993,https://www.property24.com/to-rent/cape-town/western-cape/432/p75?PropertyCategory=House%2cApartmentOrFlat%2cTownhouse,2026-02-09 12:25:16.234283,"large top floor 1 bed flat on 63m2 with balcony & 180 degree CBD views, 
tiled lounge with height-adjustable light, fold-away ...",111,1,,,
1 Bedroom House,R 6 800,6800,ZAR,Zonnebloem,,1,1,,,https://www.property24.com/to-rent/zonnebloem/cape-town/western-cape/10166/116755170,https://www.property24.com/to-rent/cape-town/western-cape/432/p75?PropertyCategory=House%2cApartmentOrFlat%2cTownhouse,2026-02-09 12:25:16.234283,"CARNOSA ROOM available for only one person to occupy. 
In Zonnebloem Cape Town 

Suitable for a single person. 
Applicant must be a ...",11,1,,,
5 Bedroom House,R 7 500per day,7500,ZAR,Tokai,1 Charnwood Avenue,5,4,4,4 273 m²,https://www.property24.com/to-rent/tokai/cape-town/western-cape/9044/110742339,https://www.property24.com/to-rent/cape-town/western-cape/432/p75?PropertyCategory=House%2cApartmentOrFlat%2cTownhouse,2026-02-09 12:25:16.234283,"ONLY AVAILABLE : 15 DEC 2026 - 10 JAN 2027
Minimum 7-10 Nights Stay

This incredible ...",5444 273 m²,4,4 273 m²,,per day
1 Bedroom Apartment,R 26 000,26000,ZAR,Mouille Point,109 Beach Road,1,1,1,67 m²,https://www.property24.com/to-rent/mouille-point/cape-town/western-cape/11018/116662256,https://www.property24.com/to-rent/cape-town/western-cape/432/p75?PropertyCategory=House%2cApartmentOrFlat%2cTownhouse,2026-02-09 12:25:16.234283,"AVAILABLE IMMEDIATELY | ONE-BEDROOM APARTMENT | GOLDEN MILE

Experience coastal luxury ...",11167 m²,1,67 m²,,
5 Bedroom House,R 7 500per day,7500,ZAR,Tokai,1 Charnwood Avenue,5,4,4,4 273 m²,https://www.property24.com/to-rent/tokai/cape-town/western-cape/9044/116833744,https://www.property24.com/to-rent/cape-town/western-cape/432/p75?PropertyCategory=House%2cApartmentOrFlat%2cTownhouse,2026-02-09 12:25:16.234283,"ONLY AVAILABLE : 15 DEC 2026 - 10 JAN 2027
Minimum 7-10 Nights Stay

This incredible ...",5444 273 m²,4,4 273 m²,,per day
1 Bedroom Apartment,R 1 700per day,1700,ZAR,Sea Point,"82 Main Rd, Sea Point, Cape Town, 8060",1,1,1,,https://www.property24.com/to-rent/sea-point/cape-town/western-cape/11021/116704318,https://www.property24.com/to-rent/cape-town/western-cape/432/p75?PropertyCategory=House%2cApartmentOrFlat%2cTownhouse,2026-02-09 12:25:16.234283,"Welcome to EIGHTY 2 ON M,  a stylish short-term rental compact studio apartment in the ...",111,1,,,per day
4 Bedroom Apartment,R 8 500,8500,ZAR,Rondebosch,27 Main Road,4,4,1,,https://www.property24.com/to-rent/rondebosch/cape-town/western-cape/8682/113387116,https://www.property24.com/to-rent/cape-town/western-cape/432/p75?PropertyCategory=House%2cApartmentOrFlat%2cTownhouse,2026-02-09 12:25:16.234283,These units place you in the centre of all the action. Walking distance to Riverside ...,441,1,,,
1 Bedroom Apartment,R 25 000,25000,ZAR,Green Point,,1,1,,52 m²,https://www.property24.com/to-rent/green-point/cape-town/western-cape/11017/115869088,https://www.property24.com/to-rent/cape-town/western-cape/432/p75?PropertyCategory=House%2cApartmentOrFlat%2cTownhouse,2026-02-09 12:25:16.234283,"Experience a Taste of Greece in Cape Town 
Available 1 February 2026 
Welcome to Halki, a charming Ground floor one-bedroom retreat ...",1152 m²,1,52 m²,,
1 Bedroom Apartment,R 2 225per day,2225,ZAR,Sea Point,"126 Main Rd, Sea Point, Cape Town, 8005",1,1,1,,https://www.property24.com/to-rent/sea-point/cape-town/western-cape/11021/116699726,https://www.property24.com/to-rent/cape-town/western-cape/432/p75?PropertyCategory=House%2cApartmentOrFlat%2cTownhouse,2026-02-09 12:25:16.234283,"Perfectly positioned in Sea Point, this bright and airy  1-bedroom apartment offers a ...",111,1,,,per day
3 Bedroom House,R 53 000,53000,ZAR,Green Point,,3,2,2,,https://www.property24.com/to-rent/green-point/cape-town/western-cape/11017/116749004,https://www.property24.com/to-rent/cape-town/western-cape/432/p75?PropertyCategory=House%2cApartmentOrFlat%2cTownhouse,2026-02-09 12:25:16.234283,** Unfurnished at R53 000.00 with Option to rent semi-furnished at R58 000.00 monthly (items to be discussed and double deposit for ...,322,2,,,
3 Bedroom House,R 90 000,90000,ZAR,Camps Bay,,3,2.5,1,238 m²,https://www.property24.com/to-rent/camps-bay/cape-town/western-cape/11014/116662308,https://www.property24.com/to-rent/cape-town/western-cape/432/p75?PropertyCategory=House%2cApartmentOrFlat%2cTownhouse,2026-02-09 12:25:16.234283,"Fully Furnished Accommodation. 

Availability From: 
1st April 2026 - 30th November 2026 

Live the Dream in One of Cape Town’s ...",32.51238 m²,1,238 m²,,
4 Bedroom House,R 220 000,220000,ZAR,Fresnaye,,4,4.5,5,493 m²,https://www.property24.com/to-rent/fresnaye/cape-town/western-cape/11016/116636885,https://www.property24.com/to-rent/cape-town/western-cape/432/p75?PropertyCategory=House%2cApartmentOrFlat%2cTownhouse,2026-02-09 12:25:16.234283,"The property comes fully furnished featuring four en-suite bedrooms, a chef worthy kitchen fitted with top of the line appliances, a ...",44.55493 m²,5,493 m²,,
2 Bedroom Apartment,R 36 000,36000,ZAR,Foreshore,"Harbour Arch, 0 Harbour Arch Boulevard",2,2,1,73 m²,https://www.property24.com/to-rent/foreshore/cape-town/western-cape/9143/116253250,https://www.property24.com/to-rent/cape-town/western-cape/432/p75?PropertyCategory=House%2cApartmentOrFlat%2cTownhouse,2026-02-09 12:25:16.234283,Wake up to panoramic harbour views in this stunning 2-bedroom corner apartment in the ...,22173 m²,1,73 m²,,
2 Bedroom Apartment,R 55 000,55000,ZAR,De Waterkant,,2,2,2,149 m²,https://www.property24.com/to-rent/de-waterkant/cape-town/western-cape/9141/116593323,https://www.property24.com/to-rent/cape-town/western-cape/432/p75?PropertyCategory=House%2cApartmentOrFlat%2cTownhouse,2026-02-09 12:25:16.234283,Experience luxury living in this exquisitely furnished apartment featuring a spacious open-plan layout and high-end finishes ...,222149 m²,2,149 m²,,
1 Bedroom Apartment,R 2 300per day,2300,ZAR,Sea Point,"343 Main Rd, Corner Of Main Road, Bellevue Rd, Sea Point, Cape Town, 8060",1,1,1,,https://www.property24.com/to-rent/sea-point/cape-town/western-cape/11021/116699742,https://www.property24.com/to-rent/cape-town/western-cape/432/p75?PropertyCategory=House%2cApartmentOrFlat%2cTownhouse,2026-02-09 12:25:16.234283,"Welcome to THREE43 ON B, a stylish short-term rental 1-bedroom apartment in the heart of ...",111,1,,,per day
1 Bedroom Apartment,R 1 700per day,1700,ZAR,Sea Point,"6 Norfolk Rd, Sea Point, Cape Town, 8060",1,1,1,,https://www.property24.com/to-rent/sea-point/cape-town/western-cape/11021/116699695,https://www.property24.com/to-rent/cape-town/western-cape/432/p75?PropertyCategory=House%2cApartmentOrFlat%2cTownhouse,2026-02-09 12:25:16.234283,"Perfectly positioned in Sea Point, this bright and airy micro-apartment offers a ...",111,1,,,per day
2 Bedroom Apartment,R 10 000,10000,ZAR,Kirstenhof,5 La Rhone Road,2,1,2,,https://www.property24.com/to-rent/kirstenhof/cape-town/western-cape/10178/116801186,https://www.property24.com/to-rent/cape-town/western-cape/432/p75?PropertyCategory=House%2cApartmentOrFlat%2cTownhouse,2026-02-09 12:25:16.234283,"2 Spacious Bedrooms – both with built-in cupboards and plenty of natural light.

1 ...",212,2,,,
3 Bedroom Townhouse,R 16 000,16000,ZAR,Schaapkraal,,3,1,2,,https://www.property24.com/to-rent/schaapkraal/cape-town/western-cape/12527/116685783,https://www.property24.com/to-rent/cape-town/western-cape/432/p75?PropertyCategory=House%2cApartmentOrFlat%2cTownhouse,2026-02-09 12:25:16.234283,Welcome to a cozy and inviting Home nestled in the heart of Schaap Kraal. This charming abode offers a perfect blend of comfort and ...,312,2,,,
3 Bedroom Apartment,R 24 000,24000,ZAR,Salt River,,3,3,2,126 m²,https://www.property24.com/to-rent/salt-river/cape-town/western-cape/10158/108304240,https://www.property24.com/to-rent/cape-town/western-cape/432/p75?PropertyCategory=House%2cApartmentOrFlat%2cTownhouse,2026-02-09 12:25:16.234283,"Unfurnished 3 bedroom 3 bathroom apartment including 2 secure parking bays available  1 february!!

Spacious apartment with beautiful ...",332126 m²,2,126 m²,,
1 Bedroom Apartment,R 2 300per day,2300,ZAR,Sea Point,"100 Main Rd, Sea Point, Cape Town, 8060",1,1,1,,https://www.property24.com/to-rent/sea-point/cape-town/western-cape/11021/116699927,https://www.property24.com/to-rent/cape-town/western-cape/432/p75?PropertyCategory=House%2cApartmentOrFlat%2cTownhouse,2026-02-09 12:25:16.234283,"ONEHUNDRED ON M IS situated in Sea Point, nestled between the sparkling Atlantic Ocean ...",111,1,,,per day
1 Bedroom Apartment,R 1 700per day,1700,ZAR,Sea Point,"126 Main Rd, Sea Point, Cape Town, 8005",1,1,1,,https://www.property24.com/to-rent/sea-point/cape-town/western-cape/11021/116699731,https://www.property24.com/to-rent/cape-town/western-cape/432/p75?PropertyCategory=House%2cApartmentOrFlat%2cTownhouse,2026-02-09 12:25:16.234283,"Perfectly positioned in Sea Point, this bright and airy compact studio apartment offers ...",111,1,,,per day
1 Bedroom Apartment,R 16 000,16000,ZAR,Cape Town City Centre,14 Darling Street,1,,1,,https://www.property24.com/to-rent/cape-town-city-centre/cape-town/western-cape/9138/116828394,https://www.property24.com/to-rent/cape-town/western-cape/432/p76?PropertyCategory=House%2cApartmentOrFlat%2cTownhouse,2026-02-09 12:25:16.234283,"Beautifully renovated MEZZ loft to modern. 
Parque flooring to living and lounging area ...",11,1,,,
4 Bedroom House,R 50 000,50000,ZAR,Claremont Upper,6 Feldhausen Road,4,2.5,2,560 m²,https://www.property24.com/to-rent/claremont-upper/cape-town/western-cape/14225/113440266,https://www.property24.com/to-rent/cape-town/western-cape/432/p76?PropertyCategory=House%2cApartmentOrFlat%2cTownhouse,2026-02-09 12:25:16.234283,Modern 4 bedroom double storey house in Claremont Upper. Very secure with alarm ...,42.52560 m²,2,560 m²,,
2 Bedroom Apartment,R 14 500,14500,ZAR,Newlands,,2,1,,,https://www.property24.com/to-rent/newlands/cape-town/western-cape/8679/115236344,https://www.property24.com/to-rent/cape-town/western-cape/432/p76?PropertyCategory=House%2cApartmentOrFlat%2cTownhouse,2026-02-09 12:25:16.234283,"This apartment is ideal for young professionals and students looking for a comfortable, convenient home in a lively area.

This ...",21,1,,,
3 Bedroom Townhouse,R 40 000,40000,ZAR,Sea Point,,3,2.5,1,,https://www.property24.com/to-rent/sea-point/cape-town/western-cape/11021/115303684,https://www.property24.com/to-rent/cape-town/western-cape/432/p76?PropertyCategory=House%2cApartmentOrFlat%2cTownhouse,2026-02-09 12:25:16.234283,"Duplex townhouse with beach views and a private swimming pool.
Lower level 2 double and 1single  bedroom - main en suite and a family ...",32.51,1,,,
2 Bedroom Apartment,R 2 000per day,2000,ZAR,De Waterkant,,2,2,,,https://www.property24.com/to-rent/de-waterkant/cape-town/western-cape/9141/112335418,https://www.property24.com/to-rent/cape-town/western-cape/432/p76?PropertyCategory=House%2cApartmentOrFlat%2cTownhouse,2026-02-09 12:25:16.234283,"*   Available on daily rates  on Medium monthly rentals *  (No long term stays as there are bookings throughout the year)

Minimum 5 ...",22,2,,,per day
6 Bedroom House,R 6 800,6800,ZAR,Rosebank,14 Main Road,6,2,,,https://www.property24.com/to-rent/rosebank/cape-town/western-cape/8683/111970935,https://www.property24.com/to-rent/cape-town/western-cape/432/p76?PropertyCategory=House%2cApartmentOrFlat%2cTownhouse,2026-02-09 12:25:16.234283,"Perfectly located just a short walk from the UCT Jammie Shuttle stop, this large student ...",62,2,,,
1 Bedroom Apartment,R 1 700per day,1700,ZAR,Sea Point,"343 Main Rd, Corner Of Main Road, Bellevue Rd, Sea Point, Cape Town, 8060",1,1,1,,https://www.property24.com/to-rent/sea-point/cape-town/western-cape/11021/116699747,https://www.property24.com/to-rent/cape-town/western-cape/432/p76?PropertyCategory=House%2cApartmentOrFlat%2cTownhouse,2026-02-09 12:25:16.234283,"Welcome to THREE43 ON B, a stylish short-term rental compact studio apartment in the ...",111,1,,,per day
1 Bedroom Apartment,R 1 700per day,1700,ZAR,Sea Point,"100 Main Rd, Sea Point, Cape Town, 8060",1,1,1,,https://www.property24.com/to-rent/sea-point/cape-town/western-cape/11021/116700148,https://www.property24.com/to-rent/cape-town/western-cape/432/p76?PropertyCategory=House%2cApartmentOrFlat%2cTownhouse,2026-02-09 12:25:16.234283,"ONEHUNDRED ON M IS situated in Sea Point, nestled between the sparkling Atlantic Ocean ...",111,1,,,per day
3 Bedroom House,R 7 250,7250,ZAR,Observatory,74 Rochester Road,3,2,,130 m²,https://www.property24.com/to-rent/observatory/cape-town/western-cape/10157/107976413,https://www.property24.com/to-rent/cape-town/western-cape/432/p76?PropertyCategory=House%2cApartmentOrFlat%2cTownhouse,2026-02-09 12:25:16.234283,"This property, situated on Rochester Road in Observatory, is ideal for students and ...",32130 m²,2,130 m²,,
9 Bedroom House,R 6 000,6000,ZAR,Observatory,305 Lower Main Road,9,4,1,,https://www.property24.com/to-rent/observatory/cape-town/western-cape/10157/115877642,https://www.property24.com/to-rent/cape-town/western-cape/432/p76?PropertyCategory=House%2cApartmentOrFlat%2cTownhouse,2026-02-09 12:25:16.234283,"Central Location in Observatory. A walk to AFDA, Groote Schuur and the Vibey Lower ...",941,1,,,
1 Bedroom Apartment,R 22 995,22995,ZAR,Sea Point,12 Kloof Road Station House,1,1,1,39 m²,https://www.property24.com/to-rent/sea-point/cape-town/western-cape/11021/116735856,https://www.property24.com/to-rent/cape-town/western-cape/432/p76?PropertyCategory=House%2cApartmentOrFlat%2cTownhouse,2026-02-09 12:25:16.234283,"Fully furnished Apartment, with Balcony, Kitchen, Bathroom and Living room! 

Secure ...",11139 m²,1,39 m²,,
2 Bedroom Apartment,R 4 700per day,4700,ZAR,Sea Point,"126 Main Rd, Sea Point, Cape Town, 8005",2,2,1,,https://www.property24.com/to-rent/sea-point/cape-town/western-cape/11021/116699720,https://www.property24.com/to-rent/cape-town/western-cape/432/p76?PropertyCategory=House%2cApartmentOrFlat%2cTownhouse,2026-02-09 12:25:16.234283,"Perfectly positioned in Sea Point, this bright and airy 2-bedroom apartment offers a ...",221,1,,,per day
0.5 Bedroom Apartment,R 9 500,9500,ZAR,Woodstock,"105 Copper Square, 40 Cavendish Street",0.5,1,,18 m²,https://www.property24.com/to-rent/woodstock/cape-town/western-cape/10164/114111347,https://www.property24.com/to-rent/cape-town/western-cape/432/p76?PropertyCategory=House%2cApartmentOrFlat%2cTownhouse,2026-02-09 12:25:16.234283,"Welcome to Copper Square! Where luxury meets convenience in the heart of Woodstock, Cape ...",0.5118 m²,1,18 m²,,
2 Bedroom House,R 45 000,45000,ZAR,Kalk Bay,,2,2,,,https://www.property24.com/to-rent/kalk-bay/cape-town/western-cape/9067/116328490,https://www.property24.com/to-rent/cape-town/western-cape/432/p76?PropertyCategory=House%2cApartmentOrFlat%2cTownhouse,2026-02-09 12:25:16.234283,"Nestled in the heart of Kalk Bay, directly opposite the iconic Dalebrook Tidal Pool, this beautifully furnished two-bedroom ...",22,2,,,
0.5 Bedroom Apartment,R 10 000,10000,ZAR,Rondebosch,8 Forest Road,0.5,1,1,,https://www.property24.com/to-rent/rondebosch/cape-town/western-cape/8682/114529437,https://www.property24.com/to-rent/cape-town/western-cape/432/p76?PropertyCategory=House%2cApartmentOrFlat%2cTownhouse,2026-02-09 12:25:16.234283,This is a Separate Entrance Studio Apartment located in a quiet back road of Rondebosch. ...,0.511,1,,,
4 Bedroom House,R 50 000,50000,ZAR,Claremont Upper,6 Feldhausen Road,4,2.5,2,560 m²,https://www.property24.com/to-rent/claremont-upper/cape-town/western-cape/14225/116699750,https://www.property24.com/to-rent/cape-town/western-cape/432/p76?PropertyCategory=House%2cApartmentOrFlat%2cTownhouse,2026-02-09 12:25:16.234283,Modern 4 bedroom double storey house in Claremont Upper. Very secure with alarm ...,42.52560 m²,2,560 m²,,
2 Bedroom Apartment,R 32 000,32000,ZAR,Vredehoek,,2,2,2,98 m²,https://www.property24.com/to-rent/vredehoek/cape-town/western-cape/9166/105736806,https://www.property24.com/to-rent/cape-town/western-cape/432/p76?PropertyCategory=House%2cApartmentOrFlat%2cTownhouse,2026-02-09 12:25:16.234283,"Experience elevated city living in this beautifully furnished 2-bedroom, 2-bathroom apartment at La Nova, a sought-after address in the ...",22298 m²,2,98 m²,,
3 Bedroom House,R 13 000per day,13000,ZAR,Llandudno,,3,3,2,453 m²,https://www.property24.com/to-rent/llandudno/cape-town/western-cape/9118/116637384,https://www.property24.com/to-rent/cape-town/western-cape/432/p76?PropertyCategory=House%2cApartmentOrFlat%2cTownhouse,2026-02-09 12:25:16.234283,"Available  from December 20-27  AND 11Feb-24 Feb 2026

Designed with relaxation and style in mind, this spacious holiday home combines ...",332453 m²,2,453 m²,,per day
2 Bedroom Apartment,R 120 000,120000,ZAR,Waterfront,,2,2,2,185 m²,https://www.property24.com/to-rent/waterfront/cape-town/western-cape/9169/115111506,https://www.property24.com/to-rent/cape-town/western-cape/432/p76?PropertyCategory=House%2cApartmentOrFlat%2cTownhouse,2026-02-09 12:25:16.234283,"Nestled in the heart of an exclusive waterfront marina, this prestigious property epitomizes luxury living at its finest. Boasting a ...",222185 m²,2,185 m²,,
3 Bedroom Townhouse,R 20 500,20500,ZAR,Claremont,,3,2.5,2,107 m²,https://www.property24.com/to-rent/claremont/cape-town/western-cape/11741/116562825,https://www.property24.com/to-rent/cape-town/western-cape/432/p76?PropertyCategory=House%2cApartmentOrFlat%2cTownhouse,2026-02-09 12:25:16.234283,"This spacious townhouse is situated in close proximity to the Kenilworth Centre, Rosmead Spar and to major routes and highways.

On ...",32.52107 m²,2,107 m²,,
2 Bedroom Apartment,R 19 500,19500,ZAR,Newlands,"7 Arbour Road, Newlands",2,2,1,,https://www.property24.com/to-rent/newlands/cape-town/western-cape/8679/115751506,https://www.property24.com/to-rent/cape-town/western-cape/432/p76?PropertyCategory=House%2cApartmentOrFlat%2cTownhouse,2026-02-09 12:25:16.234283,"Modern 2-Bedroom, 2-Bathroom Apartment for Rent in the Heart of Newlands – Newlands ...",221,1,,,
2 Bedroom Apartment,R 18 750,18750,ZAR,Claremont,"4 Saint Augustine, 7 June Sreet",2,1,,,https://www.property24.com/to-rent/claremont/cape-town/western-cape/11741/116487376,https://www.property24.com/to-rent/cape-town/western-cape/432/p77?PropertyCategory=House%2cApartmentOrFlat%2cTownhouse,2026-02-09 12:25:16.234283,Immerse yourself in light and space in this stunning double storey two bedroom apartment ...,21,1,,,
1 Bedroom Apartment,R 10 000,10000,ZAR,Costa Da Gama,"121 Sunrise Villas, 1 St Davids St",1,1,1,67 m²,https://www.property24.com/to-rent/costa-da-gama/cape-town/western-cape/13856/116654945,https://www.property24.com/to-rent/cape-town/western-cape/432/p77?PropertyCategory=House%2cApartmentOrFlat%2cTownhouse,2026-02-09 12:25:16.234283,Welcome to a home where ocean air meets modern living. This beautifully designed Third ...,11167 m²,1,67 m²,,
3 Bedroom House,R 32 500,32500,ZAR,Bergvliet,11 Timber Way,3,2.5,3,,https://www.property24.com/to-rent/bergvliet/cape-town/western-cape/10189/111817490,https://www.property24.com/to-rent/cape-town/western-cape/432/p77?PropertyCategory=House%2cApartmentOrFlat%2cTownhouse,2026-02-09 12:25:16.234283,"BERGVLIET SECURE COMPLEX WITH JUST 6 HOMES 
 Beautiful views of the mountain, quiet cul ...",32.53,3,,,
1 Bedroom Apartment,R 25 000,25000,ZAR,Green Point,,1,2,2,68 m²,https://www.property24.com/to-rent/green-point/cape-town/western-cape/11017/116656883,https://www.property24.com/to-rent/cape-town/western-cape/432/p77?PropertyCategory=House%2cApartmentOrFlat%2cTownhouse,2026-02-09 12:25:16.234283,"Experience stylish city living in this modern apartment in the heart of De Waterkant, Cape Town. With breathtaking views of Table ...",12268 m²,2,68 m²,,
4 Bedroom Apartment,R 220 000,220000,ZAR,Camps Bay,,4,3.5,3,,https://www.property24.com/to-rent/camps-bay/cape-town/western-cape/11014/116886709,https://www.property24.com/to-rent/cape-town/western-cape/432/p77?PropertyCategory=House%2cApartmentOrFlat%2cTownhouse,2026-02-09 12:25:16.234283,"Live the Camps Bay lifestyle

Available for 3–6 month rental

This stunning 4-bedroom, 3-bathroom property offers front-row access to ...",43.53,3,,,
1 Bedroom Apartment,R 19 500,19500,ZAR,Zonnebloem,The Six Building Cape Town,1,1,1,,https://www.property24.com/to-rent/zonnebloem/cape-town/western-cape/10166/116328487,https://www.property24.com/to-rent/cape-town/western-cape/432/p77?PropertyCategory=House%2cApartmentOrFlat%2cTownhouse,2026-02-09 12:25:16.234283,Neatly furnished spacious one bedroom apartment with a huge balcony and lovely views,111,1,,,
7 Bedroom Apartment,R 7 020,7020,ZAR,Rosebank,9 Lyle Road,7,1,1,,https://www.property24.com/to-rent/rosebank/cape-town/western-cape/8683/114981637,https://www.property24.com/to-rent/cape-town/western-cape/432/p77?PropertyCategory=House%2cApartmentOrFlat%2cTownhouse,2026-02-09 12:25:16.234283,"Perfectly located just a short walk from the UCT Jammie Shuttle stop, this large student ...",711,1,,,
2 Bedroom Apartment,R 12 500,12500,ZAR,Pinelands,Crassula Way Pinelands,2,1,2,,https://www.property24.com/to-rent/pinelands/cape-town/western-cape/8017/116319079,https://www.property24.com/to-rent/cape-town/western-cape/432/p77?PropertyCategory=House%2cApartmentOrFlat%2cTownhouse,2026-02-09 12:25:16.234283,"2 bed separate entrance duplex guest cottage to let   

accommodation offers:
 total ...",212,2,,,
5 Bedroom House,R 18 500per day,18500,ZAR,Camps Bay,,5,4,,694 m²,https://www.property24.com/to-rent/camps-bay/cape-town/western-cape/11014/116639426,https://www.property24.com/to-rent/cape-town/western-cape/432/p77?PropertyCategory=House%2cApartmentOrFlat%2cTownhouse,2026-02-09 12:25:16.234283,"Stunning Camps Bay Villa with Ocean & Mountain Views
Avilable December  18-26th 2025

Perfectly located within walking distance of ...",54694 m²,4,694 m²,,per day
1 Bedroom Apartment,R 6 950,6950,ZAR,Gleemoor,,1,1,,,https://www.property24.com/to-rent/gleemoor/cape-town/western-cape/8747/116831670,https://www.property24.com/to-rent/cape-town/western-cape/432/p77?PropertyCategory=House%2cApartmentOrFlat%2cTownhouse,2026-02-09 12:25:16.234283,"This modern 1-bedroom rental in Belgravia, Cape Town, offers a comfortable and practical living space. The property features a ...",11,1,,,
1 Bedroom Apartment,R 40 000,40000,ZAR,Sea Point,,1,1,1,,https://www.property24.com/to-rent/sea-point/cape-town/western-cape/11021/116688370,https://www.property24.com/to-rent/cape-town/western-cape/432/p77?PropertyCategory=House%2cApartmentOrFlat%2cTownhouse,2026-02-09 12:25:16.234283,"This charming, newly finished one-bedroom apartment is now available for rent. Beautifully furnished in a stylish and comfortable way ...",111,1,,,
2 Bedroom Apartment,R 6 500,6500,ZAR,Welcome,44 Second Street,2,1,1,,https://www.property24.com/to-rent/welcome/cape-town/western-cape/8771/116801466,https://www.property24.com/to-rent/cape-town/western-cape/432/p77?PropertyCategory=House%2cApartmentOrFlat%2cTownhouse,2026-02-09 12:25:16.234283,"2 bedroom apartment available.
2 mins away from schools, shopping mall, and public ...",211,1,,,
4 Bedroom Apartment,R 220 000,220000,ZAR,Camps Bay,,4,3.5,3,,https://www.property24.com/to-rent/camps-bay/cape-town/western-cape/11014/116681350,https://www.property24.com/to-rent/cape-town/western-cape/432/p77?PropertyCategory=House%2cApartmentOrFlat%2cTownhouse,2026-02-09 12:25:16.234283,"Live the Camps Bay lifestyle

Available for 3–6 month rental

This stunning 4-bedroom, 3-bathroom property offers front-row access to ...",43.53,3,,,
2 Bedroom House,R 3 500per day,3500,ZAR,Sea Point,,2,2,1,,https://www.property24.com/to-rent/sea-point/cape-town/western-cape/11021/116661234,https://www.property24.com/to-rent/cape-town/western-cape/432/p77?PropertyCategory=House%2cApartmentOrFlat%2cTownhouse,2026-02-09 12:25:16.234283,"avail - 20 December - 30 December


Step into timeless elegance at this beautifully styled Art Deco retreat, where vintage charm ...",221,1,,,per day
2 Bedroom Apartment,R 35 000,35000,ZAR,Muizenberg,186 Main Road,2,2,1,86 m²,https://www.property24.com/to-rent/muizenberg/cape-town/western-cape/9025/116037140,https://www.property24.com/to-rent/cape-town/western-cape/432/p77?PropertyCategory=House%2cApartmentOrFlat%2cTownhouse,2026-02-09 12:25:16.234283,"Welcome to your perfect coastal retreat! This exquisite 2-bedroom, 2-bathroom apartment ...",22186 m²,1,86 m²,,
3 Bedroom Apartment,R 18 000,18000,ZAR,Observatory,,3,2,2,92 m²,https://www.property24.com/to-rent/observatory/cape-town/western-cape/10157/115126833,https://www.property24.com/to-rent/cape-town/western-cape/432/p77?PropertyCategory=House%2cApartmentOrFlat%2cTownhouse,2026-02-09 12:25:16.234283,"4th Floor, Brand-new 3 Bedroom (BIC), 2 Bathroom apartment in the centre of vibrant Observatory
Open plan kitchen (beautifully / ...",32292 m²,2,92 m²,,
2 Bedroom Apartment,R 11 000,11000,ZAR,Kenilworth,Twilley St Kenilworth,2,1,1,,https://www.property24.com/to-rent/kenilworth/cape-town/western-cape/8669/110374114,https://www.property24.com/to-rent/cape-town/western-cape/432/p77?PropertyCategory=House%2cApartmentOrFlat%2cTownhouse,2026-02-09 12:25:16.234283,"2 Bedroom apartment located in central Kenilworth;
1 Bathroom;
2 Balconies;
1 off ...",211,1,,,
1 Bedroom Apartment,R 10 000,10000,ZAR,Woodstock,,1,,,,https://www.property24.com/to-rent/woodstock/cape-town/western-cape/10164/116664548,https://www.property24.com/to-rent/cape-town/western-cape/432/p77?PropertyCategory=House%2cApartmentOrFlat%2cTownhouse,2026-02-09 12:25:16.234283,"Modern, fresh, and designed for easy lock-up-and-go living, these newly built one-bedroom apartments are ideal for young professionals ...",1,1,,,
1 Bedroom Apartment,R 16 500,16500,ZAR,Green Point,,1,1,1,,https://www.property24.com/to-rent/green-point/cape-town/western-cape/11017/116762791,https://www.property24.com/to-rent/cape-town/western-cape/432/p77?PropertyCategory=House%2cApartmentOrFlat%2cTownhouse,2026-02-09 12:25:16.234283,"The Sir Francis is a sought-after, medium sized block of apartments, situated in prime location close to the MyCiti bus route and ...",111,1,,,
3 Bedroom House,R 13 000,13000,ZAR,Surrey Estate,,3,1,3,,https://www.property24.com/to-rent/surrey-estate/cape-town/western-cape/8762/116126978,https://www.property24.com/to-rent/cape-town/western-cape/432/p77?PropertyCategory=House%2cApartmentOrFlat%2cTownhouse,2026-02-09 12:25:16.234283,"Welcome to this well-maintained 3-bedroom home located in the heart of Surrey Estate. 

Property Features:

3 Generously Sized ...",313,3,,,
1 Bedroom Apartment,R 18 750,18750,ZAR,Gardens,,1,1,1,,https://www.property24.com/to-rent/gardens/cape-town/western-cape/9145/116734470,https://www.property24.com/to-rent/cape-town/western-cape/432/p77?PropertyCategory=House%2cApartmentOrFlat%2cTownhouse,2026-02-09 12:25:16.234283,Furnished Modern 1 bedroom apartment for rent in trendy Mandela Rhodes Place. Open plan kitchen with all necessary appliances. Lounge ...,111,1,,,
Apartment,R 19 500,19500,ZAR,Camps Bay,,,1,1,27 m²,https://www.property24.com/to-rent/camps-bay/cape-town/western-cape/11014/116548674,https://www.property24.com/to-rent/cape-town/western-cape/432/p78?PropertyCategory=House%2cApartmentOrFlat%2cTownhouse,2026-02-09 12:25:16.234283,"This beautifully renovated studio flatlet offers the perfect base for easy access to the city, beaches, and mountains.

The space ...",1127 m²,1,27 m²,,
6 Bedroom House,R 260 000,260000,ZAR,Bantry Bay,,6,4,2,571 m²,https://www.property24.com/to-rent/bantry-bay/cape-town/western-cape/11013/116617775,https://www.property24.com/to-rent/cape-town/western-cape/432/p78?PropertyCategory=House%2cApartmentOrFlat%2cTownhouse,2026-02-09 12:25:16.234283,Experience contemporary coastal living in this 6-bedroom villa set in one of Cape Town’s most exclusive neighbourhoods. Designed over ...,642571 m²,2,571 m²,,
0.5 Bedroom Apartment,R 14 000,14000,ZAR,Woodstock,85 Albert Road,0.5,1,1,,https://www.property24.com/to-rent/woodstock/cape-town/western-cape/10164/116694967,https://www.property24.com/to-rent/cape-town/western-cape/432/p78?PropertyCategory=House%2cApartmentOrFlat%2cTownhouse,2026-02-09 12:25:16.234283,Beautifully furnished studio apartment available for rent in the popular Wex1 building ...,0.511,1,,,
3 Bedroom Apartment,R 7 800,7800,ZAR,Rosebank,,3,1,1,71 m²,https://www.property24.com/to-rent/rosebank/cape-town/western-cape/8683/116772802,https://www.property24.com/to-rent/cape-town/western-cape/432/p78?PropertyCategory=House%2cApartmentOrFlat%2cTownhouse,2026-02-09 12:25:16.234283,"- Furnished single room to rent in three bedroom apartment
- Rental includes wifi
- One designated off street parking
- Available 1 ...",31171 m²,1,71 m²,,
4 Bedroom Apartment,R 220 000,220000,ZAR,Mouille Point,,4,3.5,2,700 m²,https://www.property24.com/to-rent/mouille-point/cape-town/western-cape/11018/115816403,https://www.property24.com/to-rent/cape-town/western-cape/432/p78?PropertyCategory=House%2cApartmentOrFlat%2cTownhouse,2026-02-09 12:25:16.234283,"Perched atop one of Mouille Point’s most prestigious addresses, this magnificent 4 bedroom duplex penthouse offers an unrivaled blend ...",43.52700 m²,2,700 m²,,
Apartment,R 14 500,14500,ZAR,Woodstock,,,1,,,https://www.property24.com/to-rent/woodstock/cape-town/western-cape/10164/116813977,https://www.property24.com/to-rent/cape-town/western-cape/432/p78?PropertyCategory=House%2cApartmentOrFlat%2cTownhouse,2026-02-09 12:25:16.234283,"Studios in Cape Town offers apartment accommodations with a kitchenette, private bathroom, and mountain views. Each unit includes a ...",1,1,,,
Apartment,R 9 850,9850,ZAR,Cape Town City Centre,"18 Uxolo, 4 Vredenburg Lane",,1,,30 m²,https://www.property24.com/to-rent/cape-town-city-centre/cape-town/western-cape/9138/111212535,https://www.property24.com/to-rent/cape-town/western-cape/432/p78?PropertyCategory=House%2cApartmentOrFlat%2cTownhouse,2026-02-09 12:25:16.234283,"Trendy Unfurnished Studio Apartment – Uxolo, Cape Town City Centre

Discover Uxolo, a ...",130 m²,1,30 m²,,
3 Bedroom Apartment,R 24 000,24000,ZAR,Salt River,,3,3,1,125 m²,https://www.property24.com/to-rent/salt-river/cape-town/western-cape/10158/116576702,https://www.property24.com/to-rent/cape-town/western-cape/432/p78?PropertyCategory=House%2cApartmentOrFlat%2cTownhouse,2026-02-09 12:25:16.234283,"Stylish 3 Bedroom Loft Apartment for Rent in Upper East Side, Woodstock

Welcome to your next home in the vibrant heart of Woodstock ...",331125 m²,1,125 m²,,
3 Bedroom Apartment,R 75 000,75000,ZAR,Sea Point,,3,3,2,,https://www.property24.com/to-rent/sea-point/cape-town/western-cape/11021/116706458,https://www.property24.com/to-rent/cape-town/western-cape/432/p78?PropertyCategory=House%2cApartmentOrFlat%2cTownhouse,2026-02-09 12:25:16.234283,"This modern and stylish 3-bedroom, 3-bathroom apartment at The Marlo offers comfort, convenience, and security for long-term tenants. ...",332,2,,,
2 Bedroom Apartment,R 40 000,40000,ZAR,Foreshore,,2,2,1,86 m²,https://www.property24.com/to-rent/foreshore/cape-town/western-cape/9143/116510020,https://www.property24.com/to-rent/cape-town/western-cape/432/p78?PropertyCategory=House%2cApartmentOrFlat%2cTownhouse,2026-02-09 12:25:16.234283,"Enjoy breathtaking views and sophisticated city living in this fully furnished 2-bedroom apartment, perfectly located within the iconic ...",22186 m²,1,86 m²,,
Apartment,R 9 150,9150,ZAR,Observatory,,,,,,https://www.property24.com/to-rent/observatory/cape-town/western-cape/10157/116663694,https://www.property24.com/to-rent/cape-town/western-cape/432/p78?PropertyCategory=House%2cApartmentOrFlat%2cTownhouse,2026-02-09 12:25:16.234283,"My Domain Student Living, affordable designer accommodation for students - Observatory Cape Town!

Conveniently located on 1 Seymour ...",,,,,
4 Bedroom Apartment,R 80 000,80000,ZAR,Sea Point,,4,2.5,1,302 m²,https://www.property24.com/to-rent/sea-point/cape-town/western-cape/11021/115798216,https://www.property24.com/to-rent/cape-town/western-cape/432/p78?PropertyCategory=House%2cApartmentOrFlat%2cTownhouse,2026-02-09 12:25:16.234283,"Spacious 4-Bedroom Apartment with Ocean and Mountain Views

Located on the 1st floor of a modern development in Sea Point, this ...",42.51302 m²,1,302 m²,,
3 Bedroom Apartment,POAper day,,,Camps Bay,,3,3.5,1,,https://www.property24.com/to-rent/camps-bay/cape-town/western-cape/11014/116841559,https://www.property24.com/to-rent/cape-town/western-cape/432/p78?PropertyCategory=House%2cApartmentOrFlat%2cTownhouse,2026-02-09 12:25:16.234283,"DAILY RATE AND SHORT TERM RENTALS ONLY

This magnificent penthouse sits in the lap of Table Mountain, Intaba means mountain in Zulu and ...",33.51,1,,,per day
3 Bedroom Townhouse,R 89 999,89999,ZAR,Green Point,,3,2,2,250 m²,https://www.property24.com/to-rent/green-point/cape-town/western-cape/11017/116583238,https://www.property24.com/to-rent/cape-town/western-cape/432/p78?PropertyCategory=House%2cApartmentOrFlat%2cTownhouse,2026-02-09 12:25:16.234283,"[AVAILABLE FROM 01 MARCH FOR  2-12 MONTHS LEASE]

[Includes WiFi, alarm, weekly cleaning, and furnishings]

Experience the ultimate ...",322250 m²,2,250 m²,,
3 Bedroom Apartment,POAper day,,,Camps Bay,,3,3,1,,https://www.property24.com/to-rent/camps-bay/cape-town/western-cape/11014/116655436,https://www.property24.com/to-rent/cape-town/western-cape/432/p78?PropertyCategory=House%2cApartmentOrFlat%2cTownhouse,2026-02-09 12:25:16.234283,"DAILY RATE DAILY RATE AND SHORT TERM RENTALS ONLY

This exclusive development sits in the lap of Table Mountain, Amanzi meaning Ocean ...",331,1,,,per day
3 Bedroom Apartment,POAper day,,,Camps Bay,,3,3.5,1,,https://www.property24.com/to-rent/camps-bay/cape-town/western-cape/11014/116655367,https://www.property24.com/to-rent/cape-town/western-cape/432/p78?PropertyCategory=House%2cApartmentOrFlat%2cTownhouse,2026-02-09 12:25:16.234283,"DAILY RATE AND SHORT TERM RENTALS ONLY

This magnificent penthouse sits in the lap of Table Mountain, Intaba means mountain in Zulu and ...",33.51,1,,,per day
1 Bedroom Apartment,R 16 999,16999,ZAR,Cape Town City Centre,,1,1,,60 m²,https://www.property24.com/to-rent/cape-town-city-centre/cape-town/western-cape/9138/115892766,https://www.property24.com/to-rent/cape-town/western-cape/432/p78?PropertyCategory=House%2cApartmentOrFlat%2cTownhouse,2026-02-09 12:25:16.234283,This is for sure the Ultimate Urban Address - 90 On Orange Street - Perfect for a young professional couple or even students attending ...,1160 m²,1,60 m²,,
2 Bedroom Apartment,R 6 500per day,6500,ZAR,Sea Point,,2,2.5,1,,https://www.property24.com/to-rent/sea-point/cape-town/western-cape/11021/116533358,https://www.property24.com/to-rent/cape-town/western-cape/432/p78?PropertyCategory=House%2cApartmentOrFlat%2cTownhouse,2026-02-09 12:25:16.234283,"This beautifully appointed penthouse epitomizes sophisticated coastal living, blending contemporary design with timeless elegance. ...",22.51,1,,,per day
3 Bedroom House,R 22 000,22000,ZAR,Observatory,,3,3,3,,https://www.property24.com/to-rent/observatory/cape-town/western-cape/10157/116642205,https://www.property24.com/to-rent/cape-town/western-cape/432/p78?PropertyCategory=House%2cApartmentOrFlat%2cTownhouse,2026-02-09 12:25:16.234283,"furnished 3 bed, 3 bath house with parking for 1-2 cars
covered good sized front stoep, 
lounge, 
open ceiling kitchen with ...",333,3,,,
3 Bedroom Apartment,POAper day,,,Clifton,,3,3.5,4,308 m²,https://www.property24.com/to-rent/clifton/cape-town/western-cape/11015/113792908,https://www.property24.com/to-rent/cape-town/western-cape/432/p78?PropertyCategory=House%2cApartmentOrFlat%2cTownhouse,2026-02-09 12:25:16.234283,"Introducing the epitome of beachfront living in Clifton – a stunning 3-bedroom apartment available for long-term rental!

Nestled in ...",33.54308 m²,4,308 m²,,per day
6 Bedroom House,R 45 000,45000,ZAR,Mowbray,14 John St,6,3,1,,https://www.property24.com/to-rent/mowbray/cape-town/western-cape/8677/107041562,https://www.property24.com/to-rent/cape-town/western-cape/432/p78?PropertyCategory=House%2cApartmentOrFlat%2cTownhouse,2026-02-09 12:25:16.234283,"- The house is fully furnished with 6 bedrooms and 3 bathrooms
- The refundable Deposit ...",631,1,,,
1 Bedroom Apartment,R 2 500,2500,ZAR,Belhar,19 Violin Street,1,1,,,https://www.property24.com/to-rent/belhar/cape-town/western-cape/8132/116804277,https://www.property24.com/to-rent/cape-town/western-cape/432/p79?PropertyCategory=House%2cApartmentOrFlat%2cTownhouse,2026-02-09 12:25:16.234283,"Single and sharing rooms available in belhar.
Strictly no kinds allowed.
Single ...",11,1,,,
4 Bedroom House,R 85 000,85000,ZAR,Wynberg Upper,,4,4.5,8,1 350 m²,https://www.property24.com/to-rent/wynberg-upper/cape-town/western-cape/10102/116486263,https://www.property24.com/to-rent/cape-town/western-cape/432/p79?PropertyCategory=House%2cApartmentOrFlat%2cTownhouse,2026-02-09 12:25:16.234283,Luxury Family home in central secure pocket. The expansive lower level comprises the living and entertainment spaces with wood burning ...,44.581 350 m²,8,1 350 m²,,
1 Bedroom Apartment,R 25 000,25000,ZAR,Cape Town City Centre,22 Riebeek Street,1,1,1,48 m²,https://www.property24.com/to-rent/cape-town-city-centre/cape-town/western-cape/9138/116652854,https://www.property24.com/to-rent/cape-town/western-cape/432/p79?PropertyCategory=House%2cApartmentOrFlat%2cTownhouse,2026-02-09 12:25:16.234283,"Welcome to this fully furnished and equipped luxury apartment

Perched high in a ...",11148 m²,1,48 m²,,
4 Bedroom House,R 220 000,220000,ZAR,Fresnaye,,4,4.5,5,493 m²,https://www.property24.com/to-rent/fresnaye/cape-town/western-cape/11016/116599569,https://www.property24.com/to-rent/cape-town/western-cape/432/p79?PropertyCategory=House%2cApartmentOrFlat%2cTownhouse,2026-02-09 12:25:16.234283,"This brand new contemporary designer four bedroom, four and a half bathroom home combines high quality finishes with functional design ...",44.55493 m²,5,493 m²,,
4 Bedroom House,R 185 000,185000,ZAR,Clifton,,4,4,1,,https://www.property24.com/to-rent/clifton/cape-town/western-cape/11015/116649745,https://www.property24.com/to-rent/cape-town/western-cape/432/p79?PropertyCategory=House%2cApartmentOrFlat%2cTownhouse,2026-02-09 12:25:16.234283,"A rare opportunity to rent this magnificent, fully furnished 4-bedroom bungalow that perfectly combines sophisticated design with ...",441,1,,,
1 Bedroom House,R 8 800,8800,ZAR,Zeekoevlei,,1,1,,714 m²,https://www.property24.com/to-rent/zeekoevlei/cape-town/western-cape/9047/116729677,https://www.property24.com/to-rent/cape-town/western-cape/432/p79?PropertyCategory=House%2cApartmentOrFlat%2cTownhouse,2026-02-09 12:25:16.234283,"Private 1-bedroom cottage — cozy and quiet, perfect for an individual looking for peace and privacy.

Own entrance, enclosed garden / ...",11714 m²,1,714 m²,,
2 Bedroom Apartment,R 17 000,17000,ZAR,Vredehoek,,2,1,,,https://www.property24.com/to-rent/vredehoek/cape-town/western-cape/9166/116780398,https://www.property24.com/to-rent/cape-town/western-cape/432/p79?PropertyCategory=House%2cApartmentOrFlat%2cTownhouse,2026-02-09 12:25:16.234283,"Renovated - 2 bedroom ground floor apartment for rent - st james court,  vredehoek.

The kitchen has built in cupboards.

The following ...",21,1,,,
Apartment,R 1 800per day,1800,ZAR,Sea Point,"6 Norfolk Road, Sea Point, Cape Town South Africa",,1,,,https://www.property24.com/to-rent/sea-point/cape-town/western-cape/11021/116624737,https://www.property24.com/to-rent/cape-town/western-cape/432/p79?PropertyCategory=House%2cApartmentOrFlat%2cTownhouse,2026-02-09 12:25:16.234283,"Welcome to SIX ON N, a beautifully designed studio apartment available for short-term ...",1,1,,,per day
Apartment,R 1 800per day,1800,ZAR,Sea Point,"126 Main Rd, Sea Point, Cape Town",,1,,,https://www.property24.com/to-rent/sea-point/cape-town/western-cape/11021/116624622,https://www.property24.com/to-rent/cape-town/western-cape/432/p79?PropertyCategory=House%2cApartmentOrFlat%2cTownhouse,2026-02-09 12:25:16.234283,"Welcome to ONE26 ON M, a modern studio apartment available for short-term rental in the ...",1,1,,,per day
Apartment,R 1 800per day,1800,ZAR,Sea Point,"6 Norfolk Road, Sea Point, Cape Town South Africa",,1,,,https://www.property24.com/to-rent/sea-point/cape-town/western-cape/11021/116870364,https://www.property24.com/to-rent/cape-town/western-cape/432/p79?PropertyCategory=House%2cApartmentOrFlat%2cTownhouse,2026-02-09 12:25:16.234283,"Welcome to SIX ON N, a beautifully designed studio apartment available for short-term ...",1,1,,,per day
Apartment,R 13 500,13500,ZAR,Rosebank,69 Main Road,,1,1,,https://www.property24.com/to-rent/rosebank/cape-town/western-cape/8683/108123270,https://www.property24.com/to-rent/cape-town/western-cape/432/p79?PropertyCategory=House%2cApartmentOrFlat%2cTownhouse,2026-02-09 12:25:16.234283,"Experience convenient urban living in this stylish, semi-furnished studio apartment ...",11,1,,,
2 Bedroom Apartment,R 27 500,27500,ZAR,Sea Point,,2,1,1,78 m²,https://www.property24.com/to-rent/sea-point/cape-town/western-cape/11021/115830460,https://www.property24.com/to-rent/cape-town/western-cape/432/p79?PropertyCategory=House%2cApartmentOrFlat%2cTownhouse,2026-02-09 12:25:16.234283,"Peaceful West facing, 2 bedroom apartment with superb views of Lions Head. Conveniently located and within walking distance to Shopping ...",21178 m²,1,78 m²,,
2 Bedroom Apartment,R 6 500,6500,ZAR,Lotus River,,2,1,1,312 m²,https://www.property24.com/to-rent/lotus-river/cape-town/western-cape/10212/116750360,https://www.property24.com/to-rent/cape-town/western-cape/432/p79?PropertyCategory=House%2cApartmentOrFlat%2cTownhouse,2026-02-09 12:25:16.234283,"This charming 2-bedroom cottage is the perfect blend of comfort and privacy. Separate from the main house with its own entrance, it ...",211312 m²,1,312 m²,,
2 Bedroom Apartment,R 11 000,11000,ZAR,Costa Da Gama,"142 Sunrise Villas, 1 Unit 142, St Davids St",2,1,1,62 m²,https://www.property24.com/to-rent/costa-da-gama/cape-town/western-cape/13856/116696035,https://www.property24.com/to-rent/cape-town/western-cape/432/p79?PropertyCategory=House%2cApartmentOrFlat%2cTownhouse,2026-02-09 12:25:16.234283,"Filled with natural afternoon light, this 2-bedroom, first-floor apartment offers a ...",21162 m²,1,62 m²,,
3 Bedroom House,POAper day,,,Kenilworth Upper,,3,3,2,,https://www.property24.com/to-rent/kenilworth-upper/cape-town/western-cape/14224/116678845,https://www.property24.com/to-rent/cape-town/western-cape/432/p79?PropertyCategory=House%2cApartmentOrFlat%2cTownhouse,2026-02-09 12:25:16.234283,"Enjoy complete serenity in this beautifully preserved 92-year-old Georgian home. With four bedrooms, three full bathrooms, spacious ...",332,2,,,per day
3 Bedroom Townhouse,R 20 000per day,20000,ZAR,Camps Bay,,3,2.5,2,162 m²,https://www.property24.com/to-rent/camps-bay/cape-town/western-cape/11014/116472257,https://www.property24.com/to-rent/cape-town/western-cape/432/p79?PropertyCategory=House%2cApartmentOrFlat%2cTownhouse,2026-02-09 12:25:16.234283,"Welcome to your perfect Cape Town getaway — a beautiful coastal home where comfort, style, and sweeping sea views come together for an ...",32.52162 m²,2,162 m²,,per day
3 Bedroom House,R 75 000,75000,ZAR,Sea Point,,3,3.5,2,,https://www.property24.com/to-rent/sea-point/cape-town/western-cape/11021/116678118,https://www.property24.com/to-rent/cape-town/western-cape/432/p79?PropertyCategory=House%2cApartmentOrFlat%2cTownhouse,2026-02-09 12:25:16.234283,"Sole Exclusive Mandate 

Fully Furnished and Equipped 

Available: 2 March 2026 - 30 November 2026 (NB: The dates are not negotiable) ...",33.52,2,,,
Apartment,R 11 500per day,11500,ZAR,Sea Point,,,,,399 m²,https://www.property24.com/to-rent/sea-point/cape-town/western-cape/11021/116639920,https://www.property24.com/to-rent/cape-town/western-cape/432/p79?PropertyCategory=House%2cApartmentOrFlat%2cTownhouse,2026-02-09 12:25:16.234283,"Sea Point Holiday Retreat – 3-Bedroom
28th Dec 2025-  5th  Jan 2026

Welcome to your perfect coastal escape in the heart of Sea Point ...",399 m²,,399 m²,,per day
3 Bedroom House,R 6 859,6859,ZAR,Observatory,13 Chatham Road,3,2,,68 m²,https://www.property24.com/to-rent/observatory/cape-town/western-cape/10157/114822335,https://www.property24.com/to-rent/cape-town/western-cape/432/p79?PropertyCategory=House%2cApartmentOrFlat%2cTownhouse,2026-02-09 12:25:16.234283,"Experience a Bohemian Loft Living Communal home in Observatory

Looking for a stylish ...",3268 m²,2,68 m²,,
1 Bedroom Apartment,R 25 000,25000,ZAR,Cape Town City Centre,22 Riebeek Street,1,1,109,,https://www.property24.com/to-rent/cape-town-city-centre/cape-town/western-cape/9138/116741819,https://www.property24.com/to-rent/cape-town/western-cape/432/p79?PropertyCategory=House%2cApartmentOrFlat%2cTownhouse,2026-02-09 12:25:16.234283,Nice and conducive environment 22 riebeek street  Pullman,11109,109,,,
0.5 Bedroom Apartment,R 14 000,14000,ZAR,Bo Kaap,,0.5,1,,37 m²,https://www.property24.com/to-rent/bo-kaap/cape-town/western-cape/9136/116618262,https://www.property24.com/to-rent/cape-town/western-cape/432/p79?PropertyCategory=House%2cApartmentOrFlat%2cTownhouse,2026-02-09 12:25:16.234283,"This newly renovated, semi-furnished studio on Almond offers modern finishes and a private entrance, attached to the main house yet ...",0.5137 m²,1,37 m²,,
1 Bedroom Townhouse,POAper day,,,Green Point,,1,1,,,https://www.property24.com/to-rent/green-point/cape-town/western-cape/11017/116613430,https://www.property24.com/to-rent/cape-town/western-cape/432/p80?PropertyCategory=House%2cApartmentOrFlat%2cTownhouse,2026-02-09 12:25:16.234283,"Welcome to Silo View, a newly renovated and refurbished Town House in the Waterkant.
The air-conditioned open plan living area features ...",11,1,,,per day
1 Bedroom Apartment,R 10 300,10300,ZAR,Pinelands,,1,1,1,,https://www.property24.com/to-rent/pinelands/cape-town/western-cape/8017/116622463,https://www.property24.com/to-rent/cape-town/western-cape/432/p80?PropertyCategory=House%2cApartmentOrFlat%2cTownhouse,2026-02-09 12:25:16.234283,"Pinelands. New Release. Exclusive Instruction. Available as soon as possible. A  modern, spacious, light and bright, immaculately and ...",111,1,,,
2 Bedroom Apartment,R 21 000,21000,ZAR,Vredehoek,,2,2,1,82 m²,https://www.property24.com/to-rent/vredehoek/cape-town/western-cape/9166/116734029,https://www.property24.com/to-rent/cape-town/western-cape/432/p80?PropertyCategory=House%2cApartmentOrFlat%2cTownhouse,2026-02-09 12:25:16.234283,"Live In Modernised Apartment Located In a Sophisticated Aesthetic Art Deco Building In Trendy Vredehoek.

Special Features:
- 2 ...",22182 m²,1,82 m²,,
5 Bedroom House,R 6 300,6300,ZAR,Observatory,12 Ivy Street,5,2,,,https://www.property24.com/to-rent/observatory/cape-town/western-cape/10157/107507431,https://www.property24.com/to-rent/cape-town/western-cape/432/p80?PropertyCategory=House%2cApartmentOrFlat%2cTownhouse,2026-02-09 12:25:16.234283,"No need for a viewing – our 3d virtual tour brings the property to you!

This ...",52,2,,,
0.5 Bedroom Apartment,R 12 500,12500,ZAR,Woodstock,"- 1 On Albert, 1 Albert Road",0.5,1,,25 m²,https://www.property24.com/to-rent/woodstock/cape-town/western-cape/10164/116684494,https://www.property24.com/to-rent/cape-town/western-cape/432/p80?PropertyCategory=House%2cApartmentOrFlat%2cTownhouse,2026-02-09 12:25:16.234283,"Rent a Designer Apartment in Woodstock – 1 on Albert

26 x studios available for ...",0.5125 m²,1,25 m²,,
1 Bedroom Apartment,R 17 000,17000,ZAR,Cape Town City Centre,"34 St Georges Mall, Strand Street - City Centre",1,1,1,,https://www.property24.com/to-rent/cape-town-city-centre/cape-town/western-cape/9138/108614335,https://www.property24.com/to-rent/cape-town/western-cape/432/p80?PropertyCategory=House%2cApartmentOrFlat%2cTownhouse,2026-02-09 12:25:16.234283,Entering the studio apartment you feel at home in the open plan living room and kitchen ...,111,1,,,
3 Bedroom Townhouse,R 6 500per day,6500,ZAR,Higgovale,,3,2.5,1,222 m²,https://www.property24.com/to-rent/higgovale/cape-town/western-cape/9149/116539073,https://www.property24.com/to-rent/cape-town/western-cape/432/p80?PropertyCategory=House%2cApartmentOrFlat%2cTownhouse,2026-02-09 12:25:16.234283,"Welcome to your serene escape in Cape Town. 

This beautifully designed three-bedroom townhouse is set over three spacious levels in ...",32.51222 m²,1,222 m²,,per day
4 Bedroom House,POAper day,,,Clifton,,4,4.5,4,784 m²,https://www.property24.com/to-rent/clifton/cape-town/western-cape/11015/116598166,https://www.property24.com/to-rent/cape-town/western-cape/432/p80?PropertyCategory=House%2cApartmentOrFlat%2cTownhouse,2026-02-09 12:25:16.234283,"Perched on one of Clifton’s most exclusive and private cul-de-sacs, this extraordinary home redefines coastal living. With its seamless ...",44.54784 m²,4,784 m²,,per day
2 Bedroom Apartment,R 21 000,21000,ZAR,Vredehoek,,2,2,1,82 m²,https://www.property24.com/to-rent/vredehoek/cape-town/western-cape/9166/116746612,https://www.property24.com/to-rent/cape-town/western-cape/432/p80?PropertyCategory=House%2cApartmentOrFlat%2cTownhouse,2026-02-09 12:25:16.234283,"Live In Modernised Apartment Located In a Sophisticated Aesthetic Art Deco Building In Trendy Vredehoek.

Special Features:
- 2 ...",22182 m²,1,82 m²,,
4 Bedroom Apartment,R 120 000,120000,ZAR,Camps Bay,,4,4,4,410 m²,https://www.property24.com/to-rent/camps-bay/cape-town/western-cape/11014/116432796,https://www.property24.com/to-rent/cape-town/western-cape/432/p80?PropertyCategory=House%2cApartmentOrFlat%2cTownhouse,2026-02-09 12:25:16.234283,This exclusive modern villa spans over three levels with an entertaining area leading onto an expansive terrace with a plunge pool ...,444410 m²,4,410 m²,,
1 Bedroom Apartment,R 1 750per day,1750,ZAR,Green Point,,1,1,1,,https://www.property24.com/to-rent/green-point/cape-town/western-cape/11017/116686068,https://www.property24.com/to-rent/cape-town/western-cape/432/p80?PropertyCategory=House%2cApartmentOrFlat%2cTownhouse,2026-02-09 12:25:16.234283,"Kick back in this fun and cozy one-bedroom flat with awesome poolside views! Enjoy a dip in the pool, fire up the braai, and relax in ...",111,1,,,per day
5 Bedroom House,R 25 000per day,25000,ZAR,Fresnaye,,5,4.5,2,605 m²,https://www.property24.com/to-rent/fresnaye/cape-town/western-cape/11016/116345791,https://www.property24.com/to-rent/cape-town/western-cape/432/p80?PropertyCategory=House%2cApartmentOrFlat%2cTownhouse,2026-02-09 12:25:16.234283,"Fresnaye Villa is ideally situated on one of Cape Town’s finest streets and most popular suburbs, offering breathtaking eagle-eye views ...",54.52605 m²,2,605 m²,,per day
1 Bedroom Apartment,R 14 000,14000,ZAR,Claremont Upper,,1,1,1,,https://www.property24.com/to-rent/claremont-upper/cape-town/western-cape/14225/116646269,https://www.property24.com/to-rent/cape-town/western-cape/432/p80?PropertyCategory=House%2cApartmentOrFlat%2cTownhouse,2026-02-09 12:25:16.234283,"Available now! 
View Tuesday 30th at 16H00!

Semi-furnished Renovated Apartment in Lovely Location

Set in the heart of Claremont ...",111,1,,,
1 Bedroom Apartment,R 17 000,17000,ZAR,Green Point,Sloane Court,1,1,1,,https://www.property24.com/to-rent/green-point/cape-town/western-cape/11017/116747849,https://www.property24.com/to-rent/cape-town/western-cape/432/p80?PropertyCategory=House%2cApartmentOrFlat%2cTownhouse,2026-02-09 12:25:16.234283,Lovely spacious 1  bedroom sunny apartment in secure complex available to rent from 01 ...,111,1,,,
2 Bedroom Apartment,R 17 500,17500,ZAR,Cape Town City Centre,"Unit 5, 39 Coronation Road,",2,2,1,65 m²,https://www.property24.com/to-rent/cape-town-city-centre/cape-town/western-cape/9138/110099837,https://www.property24.com/to-rent/cape-town/western-cape/432/p80?PropertyCategory=House%2cApartmentOrFlat%2cTownhouse,2026-02-09 12:25:16.234283,"Spacious apartment with 2 bedrooms, 2 bathrooms (one en-suite) located on the first ...",22165 m²,1,65 m²,,
3 Bedroom House,R 155 000,155000,ZAR,Bakoven,,3,3,1,254 m²,https://www.property24.com/to-rent/bakoven/cape-town/western-cape/11012/116342590,https://www.property24.com/to-rent/cape-town/western-cape/432/p80?PropertyCategory=House%2cApartmentOrFlat%2cTownhouse,2026-02-09 12:25:16.234283,"Available from 1 March to 30 October 2026

Take advantage of the opportunity to rent this fully furnished, private bungalow in one of ...",331254 m²,1,254 m²,,
4 Bedroom House,R 250 000,250000,ZAR,Camps Bay,,4,4.5,2,350 m²,https://www.property24.com/to-rent/camps-bay/cape-town/western-cape/11014/116626716,https://www.property24.com/to-rent/cape-town/western-cape/432/p80?PropertyCategory=House%2cApartmentOrFlat%2cTownhouse,2026-02-09 12:25:16.234283,"Available from 28 January 2026 for 3,6,12 months lease period (Daily rate for shorter periods upon request).

Luxurious 4 bedroom all ...",44.52350 m²,2,350 m²,,
3 Bedroom Apartment,R 7 150,7150,ZAR,Mowbray,"110 Savoy On Rose, 28 Main Road",3,1,1,,https://www.property24.com/to-rent/mowbray/cape-town/western-cape/8677/111668063,https://www.property24.com/to-rent/cape-town/western-cape/432/p80?PropertyCategory=House%2cApartmentOrFlat%2cTownhouse,2026-02-09 12:25:16.234283,"Shared 3-Bedroom Apartment in Mowbray

Spacious and conveniently positioned shared ...",311,1,,,
13 Bedroom House,R 7 450,7450,ZAR,Claremont,62a Imam Haron Road,13,6,,,https://www.property24.com/to-rent/claremont/cape-town/western-cape/11741/113815350,https://www.property24.com/to-rent/cape-town/western-cape/432/p80?PropertyCategory=House%2cApartmentOrFlat%2cTownhouse,2026-02-09 12:25:16.234283,"Welcome to Imam House!
This is a newly furnished and renovated building situated in the ...",136,6,,,
0.5 Bedroom Apartment,R 16 900,16900,ZAR,Sea Point,,0.5,1,,,https://www.property24.com/to-rent/sea-point/cape-town/western-cape/11021/116683954,https://www.property24.com/to-rent/cape-town/western-cape/432/p80?PropertyCategory=House%2cApartmentOrFlat%2cTownhouse,2026-02-09 12:25:16.234283,"Situated in Sea Point, this recently renovated, fully-furnished apartment offers beautiful garden views and serves as a tranquil ...",0.51,1,,,
3 Bedroom House,R 100 000,100000,ZAR,Green Point,,3,3.5,3,212 m²,https://www.property24.com/to-rent/green-point/cape-town/western-cape/11017/116583551,https://www.property24.com/to-rent/cape-town/western-cape/432/p80?PropertyCategory=House%2cApartmentOrFlat%2cTownhouse,2026-02-09 12:25:16.234283,"Rented Fully Furnished | Available April (6-12 month lease)
3 Bedrooms | 3.5 Bathrooms | Double Garage | Private Pool

Live the Cape ...",33.53212 m²,3,212 m²,,
1 Bedroom Apartment,R 2 300per day,2300,ZAR,Sea Point,"82 Main Rd, Sea Point, Cape Town",1,1,,,https://www.property24.com/to-rent/sea-point/cape-town/western-cape/11021/116624821,https://www.property24.com/to-rent/cape-town/western-cape/432/p81?PropertyCategory=House%2cApartmentOrFlat%2cTownhouse,2026-02-09 12:25:16.234283,"Welcome to EIGHTY2 ON M, a modern 1-bedroom apartment available for short-term rental in ...",11,1,,,per day
1 Bedroom Apartment,R 10 500,10500,ZAR,Rosebank,,1,1,,,https://www.property24.com/to-rent/rosebank/cape-town/western-cape/8683/116749018,https://www.property24.com/to-rent/cape-town/western-cape/432/p81?PropertyCategory=House%2cApartmentOrFlat%2cTownhouse,2026-02-09 12:25:16.234283,"Fully furnished studio apartment available for rent in Rosebank. 

Open-plan layout for living, sleeping areas, and fully equipped ...",11,1,,,
2 Bedroom Apartment,R 40 000,40000,ZAR,Sea Point,,2,1,1,,https://www.property24.com/to-rent/sea-point/cape-town/western-cape/11021/116073638,https://www.property24.com/to-rent/cape-town/western-cape/432/p81?PropertyCategory=House%2cApartmentOrFlat%2cTownhouse,2026-02-09 12:25:16.234283,"6-Month Rental in Prime Sea Point – Furnished 2-Bedroom Apartment with Ocean Views

AVAILABLE FROM 1 MAY 2026 - 31 OCTOBER 2026
6 ...",211,1,,,
Apartment,POAper day,,,Clifton,,,,,,https://www.property24.com/to-rent/clifton/cape-town/western-cape/11015/115031676,https://www.property24.com/to-rent/cape-town/western-cape/432/p81?PropertyCategory=House%2cApartmentOrFlat%2cTownhouse,2026-02-09 12:25:16.234283,"Welcome to your dream holiday retreat on the Atlantic Seaboard of Cape Town. This luxurious villa, situated in one of the most ...",,,,,per day
3 Bedroom Apartment,R 45 000,45000,ZAR,Camps Bay,,3,2,1,264 m²,https://www.property24.com/to-rent/camps-bay/cape-town/western-cape/11014/114509357,https://www.property24.com/to-rent/cape-town/western-cape/432/p81?PropertyCategory=House%2cApartmentOrFlat%2cTownhouse,2026-02-09 12:25:16.234283,"AVAILABLE:  1st APRIL 2026 TO 31st  OCTOBER 2026 

Ideally positioned in the heart of Camps Bay, walking distance to beach and ...",321264 m²,1,264 m²,,
3 Bedroom House,R 37 500,37500,ZAR,Bergvliet,,3,2,2,,https://www.property24.com/to-rent/bergvliet/cape-town/western-cape/10189/116600717,https://www.property24.com/to-rent/cape-town/western-cape/432/p81?PropertyCategory=House%2cApartmentOrFlat%2cTownhouse,2026-02-09 12:25:16.234283,"Welcome to this lovely unfurnished three-bedroom home, offering comfortable living in a peaceful setting. 

This home is the perfect ...",322,2,,,
1 Bedroom Apartment,R 8 500,8500,ZAR,Sybrand Park,1 Lyndale Rd Sybrandpark,1,1,,,https://www.property24.com/to-rent/sybrand-park/cape-town/western-cape/8686/116746328,https://www.property24.com/to-rent/cape-town/western-cape/432/p81?PropertyCategory=House%2cApartmentOrFlat%2cTownhouse,2026-02-09 12:25:16.234283,"Flatlet for Rent

- Conveniently located close to major roads and public transport
- ...",11,1,,,
1 Bedroom Apartment,R 2 500per day,2500,ZAR,De Waterkant,,1,1,1,,https://www.property24.com/to-rent/de-waterkant/cape-town/western-cape/9141/116648265,https://www.property24.com/to-rent/cape-town/western-cape/432/p81?PropertyCategory=House%2cApartmentOrFlat%2cTownhouse,2026-02-09 12:25:16.234283,"Discover Cape Town from this sleek, boutique studio in vibrant De Waterkant. Perfect for solo travellers, couples, or city explorers ...",111,1,,,per day
0.5 Bedroom Apartment,R 1 200per day,1200,ZAR,Sea Point,,0.5,1,,,https://www.property24.com/to-rent/sea-point/cape-town/western-cape/11021/115822419,https://www.property24.com/to-rent/cape-town/western-cape/432/p81?PropertyCategory=House%2cApartmentOrFlat%2cTownhouse,2026-02-09 12:25:16.234283,"Upmarket Micro Apartment in Sea Point – Prime Location

This sophisticated, fully furnished micro apartment, located on the 7th ...",0.51,1,,,per day
3 Bedroom House,R 90 000,90000,ZAR,Fresnaye,,3,2,2,246 m²,https://www.property24.com/to-rent/fresnaye/cape-town/western-cape/11016/115103306,https://www.property24.com/to-rent/cape-town/western-cape/432/p81?PropertyCategory=House%2cApartmentOrFlat%2cTownhouse,2026-02-09 12:25:16.234283,"Available from 1 January 2026. Furnished for 6 - 12 months. Pet friendly. 

Located in a quiet street in the sought-after area of ...",322246 m²,2,246 m²,,
2 Bedroom Apartment,R 13 500,13500,ZAR,Pinelands,"Forest Drive,",2,1,1,,https://www.property24.com/to-rent/pinelands/cape-town/western-cape/8017/115161074,https://www.property24.com/to-rent/cape-town/western-cape/432/p81?PropertyCategory=House%2cApartmentOrFlat%2cTownhouse,2026-02-09 12:25:16.234283,"A spacious Ground Floor Two (2) Bedroom Apartment for rent at Anfield Village, Forest ...",211,1,,,
1 Bedroom Apartment,R 10 500,10500,ZAR,Rosebank,,1,1,,,https://www.property24.com/to-rent/rosebank/cape-town/western-cape/8683/116671829,https://www.property24.com/to-rent/cape-town/western-cape/432/p81?PropertyCategory=House%2cApartmentOrFlat%2cTownhouse,2026-02-09 12:25:16.234283,"Fully furnished studio apartment available for rent in Rosebank. 

Open-plan layout for living, sleeping areas, and fully equipped ...",11,1,,,
House,R 199 810,199810,ZAR,Westlake,19 Bell Crescent,,,,,https://www.property24.com/to-rent/westlake/cape-town/western-cape/11740/116441878,https://www.property24.com/to-rent/cape-town/western-cape/432/p81?PropertyCategory=House%2cApartmentOrFlat%2cTownhouse,2026-02-09 12:25:16.234283,"Set in Westlake Business Park, this food-grade warehouse puts you close to major routes ...",,,,,
3 Bedroom House,R 28 000,28000,ZAR,Kenilworth,,3,1,2,,https://www.property24.com/to-rent/kenilworth/cape-town/western-cape/8669/106056537,https://www.property24.com/to-rent/cape-town/western-cape/432/p81?PropertyCategory=House%2cApartmentOrFlat%2cTownhouse,2026-02-09 12:25:16.234283,This semi-furnished home offers a cosy and functional living space ideal for families. It is within walking distance of Cedar House ...,312,2,,,
5 Bedroom House,R 42 000,42000,ZAR,Rondebosch,3 Kingsbury Park Road,5,6,5,,https://www.property24.com/to-rent/rondebosch/cape-town/western-cape/8682/116559944,https://www.property24.com/to-rent/cape-town/western-cape/432/p81?PropertyCategory=House%2cApartmentOrFlat%2cTownhouse,2026-02-09 12:25:16.234283,"-student digs available in Rondebosch
-the house is furnished throughout
-each of the ...",565,5,,,
2 Bedroom Apartment,R 45 000,45000,ZAR,Camps Bay,,2,2,1,,https://www.property24.com/to-rent/camps-bay/cape-town/western-cape/11014/116558017,https://www.property24.com/to-rent/cape-town/western-cape/432/p81?PropertyCategory=House%2cApartmentOrFlat%2cTownhouse,2026-02-09 12:25:16.234283,"Immerse yourself in the epitome of luxury living in our newly renovated two bedroom apartment, perfectly situated in the heart of Camps ...",221,1,,,
3 Bedroom House,R 12 000per day,12000,ZAR,Fresnaye,,3,2,1,,https://www.property24.com/to-rent/fresnaye/cape-town/western-cape/11016/116671544,https://www.property24.com/to-rent/cape-town/western-cape/432/p81?PropertyCategory=House%2cApartmentOrFlat%2cTownhouse,2026-02-09 12:25:16.234283,"Step into refined elegance at this charming Victorian home in Fresnaye. With 3 bedrooms, 2 bathrooms and a modern well equipped ...",321,1,,,per day
1 Bedroom Apartment,R 10 000,10000,ZAR,Costa Da Gama,"144 Sunrise Villas, 1 Unit 144, St Davids St",1,1,1,,https://www.property24.com/to-rent/costa-da-gama/cape-town/western-cape/13856/116733937,https://www.property24.com/to-rent/cape-town/western-cape/432/p81?PropertyCategory=House%2cApartmentOrFlat%2cTownhouse,2026-02-09 12:25:16.234283,Feel the magic of coastal living in this beautifully designed Third Floor 1 bedroom ...,111,1,,,
2 Bedroom Apartment,R 26 000,26000,ZAR,Mouille Point,"410 New Cumberland, 163 Beach Road",2,1,,,https://www.property24.com/to-rent/mouille-point/cape-town/western-cape/11018/108772016,https://www.property24.com/to-rent/cape-town/western-cape/432/p81?PropertyCategory=House%2cApartmentOrFlat%2cTownhouse,2026-02-09 12:25:16.234283,New Cumberland is a secure building located in a prime position in Mouille Point. Step ...,21,1,,,
3 Bedroom Apartment,R 210 000,210000,ZAR,Clifton,,3,3.5,3,,https://www.property24.com/to-rent/clifton/cape-town/western-cape/11015/116575540,https://www.property24.com/to-rent/cape-town/western-cape/432/p81?PropertyCategory=House%2cApartmentOrFlat%2cTownhouse,2026-02-09 12:25:16.234283,"Perfectly positioned in the prestigious Eventide building on Clifton’s world-renowned beachfront, this magnificent 3-bedroom ...",33.53,3,,,
4 Bedroom House,R 10 500per day,10500,ZAR,Green Point,,4,3.5,2,493 m²,https://www.property24.com/to-rent/green-point/cape-town/western-cape/11017/116413668,https://www.property24.com/to-rent/cape-town/western-cape/432/p81?PropertyCategory=House%2cApartmentOrFlat%2cTownhouse,2026-02-09 12:25:16.234283,"Charming villa situated in Ocean View Drive, Green Point with spectacular views of the stadium and Atlantic Seaboard. 

Available dates ...",43.52493 m²,2,493 m²,,per day
6 Bedroom House,POA,,,Clifton,,6,8,7,1 500 m²,https://www.property24.com/to-rent/clifton/cape-town/western-cape/11015/116038049,https://www.property24.com/to-rent/cape-town/western-cape/432/p82?PropertyCategory=House%2cApartmentOrFlat%2cTownhouse,2026-02-09 12:25:16.234283,"Exclusive Sole Mandate

Nettleton House | Clifton, Cape Town

Expansive • Opulent • Iconic

Nestled on Nettleton Road, the most ...",6871 500 m²,7,1 500 m²,,
2 Bedroom Apartment,R 30 000,30000,ZAR,Cape Town City Centre,,2,1,2,79 m²,https://www.property24.com/to-rent/cape-town-city-centre/cape-town/western-cape/9138/116403946,https://www.property24.com/to-rent/cape-town/western-cape/432/p82?PropertyCategory=House%2cApartmentOrFlat%2cTownhouse,2026-02-09 12:25:16.234283,"Step into luxury living with this beautifully designed  apartment in the prestigious Icon Building, offering the ultimate blend of ...",21279 m²,2,79 m²,,
3 Bedroom Apartment,R 58 000,58000,ZAR,Gardens,13 Buitensingel Street,3,3.5,2,284 m²,https://www.property24.com/to-rent/gardens/cape-town/western-cape/9145/116018611,https://www.property24.com/to-rent/cape-town/western-cape/432/p82?PropertyCategory=House%2cApartmentOrFlat%2cTownhouse,2026-02-09 12:25:16.234283,"Step into elevated living with this 284m² expansive, fully furnished modern ...",33.52284 m²,2,284 m²,,
2 Bedroom Apartment,R 75 000,75000,ZAR,Cape Town City Centre,,2,3,2,315 m²,https://www.property24.com/to-rent/cape-town-city-centre/cape-town/western-cape/9138/116359527,https://www.property24.com/to-rent/cape-town/western-cape/432/p82?PropertyCategory=House%2cApartmentOrFlat%2cTownhouse,2026-02-09 12:25:16.234283,"Fully furnished and exquisitely furnished two bedroom penthouse with private lift and lobby
Situated on the fourth floor and the only ...",232315 m²,2,315 m²,,
3 Bedroom House,POAper day,,,Fresnaye,,3,3.5,2,614 m²,https://www.property24.com/to-rent/fresnaye/cape-town/western-cape/11016/116471375,https://www.property24.com/to-rent/cape-town/western-cape/432/p82?PropertyCategory=House%2cApartmentOrFlat%2cTownhouse,2026-02-09 12:25:16.234283,"High above the Atlantic Seaboard lies this exquisite Fresnaye holiday retreat, where comfort, style, and breathtaking scenery come ...",33.52614 m²,2,614 m²,,per day
1 Bedroom Apartment,R 15 500,15500,ZAR,Oranjezicht,,1,1,1,,https://www.property24.com/to-rent/oranjezicht/cape-town/western-cape/9155/116675330,https://www.property24.com/to-rent/cape-town/western-cape/432/p82?PropertyCategory=House%2cApartmentOrFlat%2cTownhouse,2026-02-09 12:25:16.234283,A one-bedroom apartment awaits at Weltevreden in Oranjezicht. This unit is ideal for working professionals wanting to be in close ...,111,1,,,
2 Bedroom House,R 100 000,100000,ZAR,Clifton,20 Victoria Road,2,2,1,,https://www.property24.com/to-rent/clifton/cape-town/western-cape/11015/112704635,https://www.property24.com/to-rent/cape-town/western-cape/432/p82?PropertyCategory=House%2cApartmentOrFlat%2cTownhouse,2026-02-09 12:25:16.234283,"Situated on Moses Beach next to  Clifton 1st Beach, the apartment is tastefully ...",221,1,,,
2 Bedroom Apartment,R 24 000,24000,ZAR,Observatory,,2,2,2,,https://www.property24.com/to-rent/observatory/cape-town/western-cape/10157/110457597,https://www.property24.com/to-rent/cape-town/western-cape/432/p82?PropertyCategory=House%2cApartmentOrFlat%2cTownhouse,2026-02-09 12:25:16.234283,"A charming and sophisticated apartment, on the first floor, with an open plan lounge/dining area and kitchen, an en-suite master ...",222,2,,,
3 Bedroom Apartment,R 150 000,150000,ZAR,Cape Town City Centre,,3,4,2,,https://www.property24.com/to-rent/cape-town-city-centre/cape-town/western-cape/9138/113611105,https://www.property24.com/to-rent/cape-town/western-cape/432/p82?PropertyCategory=House%2cApartmentOrFlat%2cTownhouse,2026-02-09 12:25:16.234283,"Located in one of the most prestigious buildings in the city, this incredible penthouse is available for rent this summer . Fully ...",342,2,,,
Apartment,R 10 500,10500,ZAR,Cape Town City Centre,,,,1,30 m²,https://www.property24.com/to-rent/cape-town-city-centre/cape-town/western-cape/9138/116746567,https://www.property24.com/to-rent/cape-town/western-cape/432/p82?PropertyCategory=House%2cApartmentOrFlat%2cTownhouse,2026-02-09 12:25:16.234283,"Available 1 April 2026 

Please read the entire listing before responding 

Please note: delays in construction due to the ...",130 m²,1,30 m²,,
2 Bedroom House,R 7 000,7000,ZAR,Rylands,,2,1,,595 m²,https://www.property24.com/to-rent/rylands/cape-town/western-cape/8730/114737021,https://www.property24.com/to-rent/cape-town/western-cape/432/p82?PropertyCategory=House%2cApartmentOrFlat%2cTownhouse,2026-02-09 12:25:16.234283,"2 Bedroom Granny Flat to Rent  : Occupation Immediate!!!!

Message agent for street address.

Granny flat is not child friendly .This ...",21595 m²,1,595 m²,,
3 Bedroom House,R 42 000,42000,ZAR,Bantry Bay,,3,1,2,700 m²,https://www.property24.com/to-rent/bantry-bay/cape-town/western-cape/11013/116483312,https://www.property24.com/to-rent/cape-town/western-cape/432/p82?PropertyCategory=House%2cApartmentOrFlat%2cTownhouse,2026-02-09 12:25:16.234283,"Excellent sea views!

Superb position high up in Bantry Bay. This traditional family home is offered semi-furnished or unfurnished for ...",312700 m²,2,700 m²,,
3 Bedroom Apartment,R 185 000,185000,ZAR,Mouille Point,,3,4,2,225 m²,https://www.property24.com/to-rent/mouille-point/cape-town/western-cape/11018/115947784,https://www.property24.com/to-rent/cape-town/western-cape/432/p82?PropertyCategory=House%2cApartmentOrFlat%2cTownhouse,2026-02-09 12:25:16.234283,"3 Bedroom, 225 sqm all en-suite apartment in an exclusive boutique block on Platinum Mile in Mouille Point.

With superior finishes and ...",342225 m²,2,225 m²,,
1 Bedroom Apartment,R 6 900,6900,ZAR,Wynberg,"2002001 Grand Central, 243 Main Road",1,1,1,45 m²,https://www.property24.com/to-rent/wynberg/cape-town/western-cape/10109/116614572,https://www.property24.com/to-rent/cape-town/western-cape/432/p82?PropertyCategory=House%2cApartmentOrFlat%2cTownhouse,2026-02-09 12:25:16.234283,"Unfurnished 2nd Floor Apartment in Wynberg with 1 bedroom, 1 bathroom, open plan living ...",11145 m²,1,45 m²,,
2 Bedroom Apartment,R 73 000,73000,ZAR,Waterfront,,2,2,1,90 m²,https://www.property24.com/to-rent/waterfront/cape-town/western-cape/9169/114702120,https://www.property24.com/to-rent/cape-town/western-cape/432/p82?PropertyCategory=House%2cApartmentOrFlat%2cTownhouse,2026-02-09 12:25:16.234283,"Available 1 March 2026| 12 month lease

This beautifully furnished, double-volume loft is located in the heart of the V&A ...",22190 m²,1,90 m²,,
2 Bedroom Apartment,R 9 000,9000,ZAR,Grassy Park,,2,1,1,,https://www.property24.com/to-rent/grassy-park/cape-town/western-cape/10204/116644250,https://www.property24.com/to-rent/cape-town/western-cape/432/p82?PropertyCategory=House%2cApartmentOrFlat%2cTownhouse,2026-02-09 12:25:16.234283,"o       52m2 2 Bedroom flat 
o       2 bedrooms with tiled flooring
o       Built-in cupboards (BIC) in both rooms
o       Tiled ...",211,1,,,
2 Bedroom Apartment,R 14 000,14000,ZAR,Rosebank,,2,1,1,,https://www.property24.com/to-rent/rosebank/cape-town/western-cape/8683/116637888,https://www.property24.com/to-rent/cape-town/western-cape/432/p82?PropertyCategory=House%2cApartmentOrFlat%2cTownhouse,2026-02-09 12:25:16.234283,"This well-positioned apartment block called Stellenhof is centrally located in the heart of the Southern Suburbs. 

The unit is ...",211,1,,,
Apartment,R 10 500,10500,ZAR,Cape Town City Centre,,,,1,30 m²,https://www.property24.com/to-rent/cape-town-city-centre/cape-town/western-cape/9138/116406298,https://www.property24.com/to-rent/cape-town/western-cape/432/p82?PropertyCategory=House%2cApartmentOrFlat%2cTownhouse,2026-02-09 12:25:16.234283,"Available 1 April 2026 

Please read the entire listing before responding 

Please note: delays in construction due to the ...",130 m²,1,30 m²,,
1 Bedroom Apartment,R 5 300,5300,ZAR,Wynberg,,1,1,,,https://www.property24.com/to-rent/wynberg/cape-town/western-cape/10109/116634524,https://www.property24.com/to-rent/cape-town/western-cape/432/p82?PropertyCategory=House%2cApartmentOrFlat%2cTownhouse,2026-02-09 12:25:16.234283,Newgrounds Living is perfectly situated in the heart of Southern Suburbs. Our apartments are designed to bring you the ideal blend of ...,11,1,,,
5 Bedroom House,R 30 000per day,30000,ZAR,Camps Bay,,5,2,4,1 129 m²,https://www.property24.com/to-rent/camps-bay/cape-town/western-cape/11014/114881073,https://www.property24.com/to-rent/cape-town/western-cape/432/p82?PropertyCategory=House%2cApartmentOrFlat%2cTownhouse,2026-02-09 12:25:16.234283,"It highlights the seamless flow to the entertainment terrace and dazzling pool, a gym/play area for children, double volume spacious ...",5241 129 m²,4,1 129 m²,,per day
2 Bedroom Apartment,R 40 950,40950,ZAR,Sea Point,,2,2,2,,https://www.property24.com/to-rent/sea-point/cape-town/western-cape/11021/115856132,https://www.property24.com/to-rent/cape-town/western-cape/432/p82?PropertyCategory=House%2cApartmentOrFlat%2cTownhouse,2026-02-09 12:25:16.234283,"We are currently offering a fully furnished 2-bedroom, 2 bathroom sea-facing apartment available from 1 March for R40 950pm 

Minimum ...",222,2,,,
2 Bedroom Apartment,R 30 000,30000,ZAR,Muizenberg,,2,2,1,74 m²,https://www.property24.com/to-rent/muizenberg/cape-town/western-cape/9025/116097173,https://www.property24.com/to-rent/cape-town/western-cape/432/p83?PropertyCategory=House%2cApartmentOrFlat%2cTownhouse,2026-02-09 12:25:16.234283,"Welcome to your perfect coastal retreat! This exquisite 2-bedroom, 2-bathroom apartment is now available for sale. +/-103 square meters ...",22174 m²,1,74 m²,,
2 Bedroom Apartment,R 4 000per day,4000,ZAR,Sea Point,,2,3,,,https://www.property24.com/to-rent/sea-point/cape-town/western-cape/11021/116524179,https://www.property24.com/to-rent/cape-town/western-cape/432/p83?PropertyCategory=House%2cApartmentOrFlat%2cTownhouse,2026-02-09 12:25:16.234283,"This exquisitely appointed penthouse combines elegant coastal living with modern sophistication. 
Perfectly positioned just moments ...",23,3,,,per day
3 Bedroom House,R 10 000per day,10000,ZAR,Green Point,,3,3.5,3,,https://www.property24.com/to-rent/green-point/cape-town/western-cape/11017/113877351,https://www.property24.com/to-rent/cape-town/western-cape/432/p83?PropertyCategory=House%2cApartmentOrFlat%2cTownhouse,2026-02-09 12:25:16.234283,"Short term rental: Available 22nd Jan 2026 until the 28th February 2026
(Daily rates during this period at R10 000 per day) 

This ...",33.53,3,,,per day
2 Bedroom Apartment,R 30 000,30000,ZAR,Muizenberg,,2,2,1,74 m²,https://www.property24.com/to-rent/muizenberg/cape-town/western-cape/9025/116751213,https://www.property24.com/to-rent/cape-town/western-cape/432/p83?PropertyCategory=House%2cApartmentOrFlat%2cTownhouse,2026-02-09 12:25:16.234283,"Welcome to your perfect coastal retreat! This exquisite 2-bedroom, 2-bathroom apartment is now available for sale. +/-103 square meters ...",22174 m²,1,74 m²,,
7 Bedroom House,R 10 000,10000,ZAR,Rondebosch Village,5 Duke Road,7,3,,19 m²,https://www.property24.com/to-rent/rondebosch-village/cape-town/western-cape/8660/116161986,https://www.property24.com/to-rent/cape-town/western-cape/432/p83?PropertyCategory=House%2cApartmentOrFlat%2cTownhouse,2026-02-09 12:25:16.234283,This newly renovated Victorian home is ideally located and suited for Medical ...,7319 m²,3,19 m²,,
4 Bedroom House,R 120 000,120000,ZAR,Bantry Bay,,4,4,2,,https://www.property24.com/to-rent/bantry-bay/cape-town/western-cape/11013/116576758,https://www.property24.com/to-rent/cape-town/western-cape/432/p83?PropertyCategory=House%2cApartmentOrFlat%2cTownhouse,2026-02-09 12:25:16.234283,"Oceanview Sanctuary in Bantry Bay

Rare opportunity for a long-term rental starting 1 March 2026, available for 12 months.

Upon ...",442,2,,,
3 Bedroom Apartment,R 45 000,45000,ZAR,Camps Bay,,3,2,1,,https://www.property24.com/to-rent/camps-bay/cape-town/western-cape/11014/108317132,https://www.property24.com/to-rent/cape-town/western-cape/432/p83?PropertyCategory=House%2cApartmentOrFlat%2cTownhouse,2026-02-09 12:25:16.234283,"This stunning 3 bedroom, 2 bathroom apartment is available and offers everything you need for a luxurious and comfortable ...",321,1,,,
0.5 Bedroom Apartment,R 10 500,10500,ZAR,Mowbray,"113 The Kingsley, 1 Strubens Road",0.5,1,1,40 m²,https://www.property24.com/to-rent/mowbray/cape-town/western-cape/8677/116400009,https://www.property24.com/to-rent/cape-town/western-cape/432/p83?PropertyCategory=House%2cApartmentOrFlat%2cTownhouse,2026-02-09 12:25:16.234283,Find your rhythm in a home that perfectly balances simplicity and style. This beautiful ...,0.51140 m²,1,40 m²,,
0.5 Bedroom Apartment,R 7 250,7250,ZAR,Wynberg,,0.5,1,,,https://www.property24.com/to-rent/wynberg/cape-town/western-cape/10109/113496736,https://www.property24.com/to-rent/cape-town/western-cape/432/p83?PropertyCategory=House%2cApartmentOrFlat%2cTownhouse,2026-02-09 12:25:16.234283,Bachelor apartments with a seperate entrances. These units give you privacy with your own bathroom and kitchenette. These spaces are ...,0.51,1,,,
2 Bedroom Apartment,R 35 000,35000,ZAR,Camps Bay,,2,2,2,139 m²,https://www.property24.com/to-rent/camps-bay/cape-town/western-cape/11014/114434021,https://www.property24.com/to-rent/cape-town/western-cape/432/p83?PropertyCategory=House%2cApartmentOrFlat%2cTownhouse,2026-02-09 12:25:16.234283,"AVAILABLE FROM 1st APRIL 2026 TO 31st OCTOBER 2026 
Sundowner sea view terrace and excellent security in prime Glenside position, walk ...",222139 m²,2,139 m²,,
1 Bedroom Apartment,R 20 000,20000,ZAR,Sea Point,,1,1,,35 m²,https://www.property24.com/to-rent/sea-point/cape-town/western-cape/11021/116401758,https://www.property24.com/to-rent/cape-town/western-cape/432/p83?PropertyCategory=House%2cApartmentOrFlat%2cTownhouse,2026-02-09 12:25:16.234283,"Fully furnished one bedroom apartment on Ocean View Drive
Light and spacious with balcony and sea views
Rent includes water ...",1135 m²,1,35 m²,,
0.5 Bedroom Apartment,R 9 500,9500,ZAR,Riverlands,51 Gogosoa Street,0.5,1,,,https://www.property24.com/to-rent/riverlands/cape-town/western-cape/33651/116030590,https://www.property24.com/to-rent/cape-town/western-cape/432/p83?PropertyCategory=House%2cApartmentOrFlat%2cTownhouse,2026-02-09 12:25:16.234283,"Smart Living from R9 500 pm 

Be the First to Move In – Brand-New Studio Apartments in ...",0.51,1,,,
2 Bedroom Townhouse,R 13 000,13000,ZAR,Retreat,88 Velma Road,2,,1,,https://www.property24.com/to-rent/retreat/cape-town/western-cape/9034/116547457,https://www.property24.com/to-rent/cape-town/western-cape/432/p83?PropertyCategory=House%2cApartmentOrFlat%2cTownhouse,2026-02-09 12:25:16.234283,"Viewing times at the bottom of the add.
Newly built in the heart of Sasmeer Estate ...",21,1,,,
0.5 Bedroom Apartment,R 9 500,9500,ZAR,Observatory,289 Lower Main Road,0.5,1,1,38 m²,https://www.property24.com/to-rent/observatory/cape-town/western-cape/10157/116234382,https://www.property24.com/to-rent/cape-town/western-cape/432/p83?PropertyCategory=House%2cApartmentOrFlat%2cTownhouse,2026-02-09 12:25:16.234283,Step into this modern and spacious studio apartment and claim it as your next ...,0.51138 m²,1,38 m²,,
3 Bedroom House,R 6 750,6750,ZAR,Observatory,1a Dove Street,3,1,,,https://www.property24.com/to-rent/observatory/cape-town/western-cape/10157/110261927,https://www.property24.com/to-rent/cape-town/western-cape/432/p83?PropertyCategory=House%2cApartmentOrFlat%2cTownhouse,2026-02-09 12:25:16.234283,"No need to wait for a viewing – our 3d virtual tour brings the property to you!

Shared ...",31,1,,,
0.5 Bedroom Apartment,R 14 000,14000,ZAR,Foreshore,11 Tulbagh Street Square,0.5,1,,,https://www.property24.com/to-rent/foreshore/cape-town/western-cape/9143/111263395,https://www.property24.com/to-rent/cape-town/western-cape/432/p83?PropertyCategory=House%2cApartmentOrFlat%2cTownhouse,2026-02-09 12:25:16.234283,WINK Aparthotel Foreshore - Fully Furnished Studio Apartment at the stylish WINK ...,0.51,1,,,
7 Bedroom House,R 6 500,6500,ZAR,Mowbray,11 Strubens,7,2,4,,https://www.property24.com/to-rent/mowbray/cape-town/western-cape/8677/111580237,https://www.property24.com/to-rent/cape-town/western-cape/432/p83?PropertyCategory=House%2cApartmentOrFlat%2cTownhouse,2026-02-09 12:25:16.234283,"No need to wait for a viewing – 3d virtual tour available!

7-Bedroom Furnished Property ...",724,4,,,
7 Bedroom House,R 180 000,180000,ZAR,High Constantia,,7,7,6,,https://www.property24.com/to-rent/high-constantia/cape-town/western-cape/16248/116539353,https://www.property24.com/to-rent/cape-town/western-cape/432/p83?PropertyCategory=House%2cApartmentOrFlat%2cTownhouse,2026-02-09 12:25:16.234283,"Perched high on the foothills of the Constantiaberg ,  the magnificent whale-backed mountain forming part of Table Mountain National ...",776,6,,,
8 Bedroom House,R 7 250,7250,ZAR,Observatory,16 Baker Street,8,6,,,https://www.property24.com/to-rent/observatory/cape-town/western-cape/10157/114697404,https://www.property24.com/to-rent/cape-town/western-cape/432/p83?PropertyCategory=House%2cApartmentOrFlat%2cTownhouse,2026-02-09 12:25:16.234283,"Welcome to The Baker, a newly built development in Observatory consisting of 8 ...",86,6,,,
0.5 Bedroom Apartment,R 14 000,14000,ZAR,Riverlands,51 Gogosoa Street,0.5,1,1,,https://www.property24.com/to-rent/riverlands/cape-town/western-cape/33651/116329198,https://www.property24.com/to-rent/cape-town/western-cape/432/p83?PropertyCategory=House%2cApartmentOrFlat%2cTownhouse,2026-02-09 12:25:16.234283,We're excited to present a brand-new studio apartment available for rent at ...,0.511,1,,,
10 Bedroom House,R 6 000,6000,ZAR,Observatory,91b Rochester Road,10,4,2,,https://www.property24.com/to-rent/observatory/cape-town/western-cape/10157/111547233,https://www.property24.com/to-rent/cape-town/western-cape/432/p83?PropertyCategory=House%2cApartmentOrFlat%2cTownhouse,2026-02-09 12:25:16.234283,"No need to wait for a viewing – our 3d virtual tour brings the property to you!

Well ...",1042,2,,,
5 Bedroom House,R 6 450,6450,ZAR,Woodstock,47 Cavendish,5,4,,,https://www.property24.com/to-rent/woodstock/cape-town/western-cape/10164/114055830,https://www.property24.com/to-rent/cape-town/western-cape/432/p84?PropertyCategory=House%2cApartmentOrFlat%2cTownhouse,2026-02-09 12:25:16.234283,"No need to wait for a viewing – our 3d virtual tour brings the property to you!

Located ...",54,4,,,
3 Bedroom Apartment,POA,,,Mouille Point,"Bo2 Biscay, 1944 Beach Road",3,3,2,300 m²,https://www.property24.com/to-rent/mouille-point/cape-town/western-cape/11018/115601318,https://www.property24.com/to-rent/cape-town/western-cape/432/p84?PropertyCategory=House%2cApartmentOrFlat%2cTownhouse,2026-02-09 12:25:16.234283,PRICE ON APPLICATION: Self catering sensational apartment available for short term ...,332300 m²,2,300 m²,,
2 Bedroom Apartment,R 38 500,38500,ZAR,Camps Bay,,2,2,2,264 m²,https://www.property24.com/to-rent/camps-bay/cape-town/western-cape/11014/107032901,https://www.property24.com/to-rent/cape-town/western-cape/432/p84?PropertyCategory=House%2cApartmentOrFlat%2cTownhouse,2026-02-09 12:25:16.234283,"Gorgeous, fully furnished rental available from April - November 2026
Home from home atmosphere with an entertainment area that lends ...",222264 m²,2,264 m²,,
3 Bedroom Apartment,POA,,,Sea Point,,3,2,1,91 m²,https://www.property24.com/to-rent/sea-point/cape-town/western-cape/11021/116244601,https://www.property24.com/to-rent/cape-town/western-cape/432/p84?PropertyCategory=House%2cApartmentOrFlat%2cTownhouse,2026-02-09 12:25:16.234283,"Located just a short stroll from the iconic Sea Point Promenade, this beautifully furnished 3-bedroom apartment offers the perfect ...",32191 m²,1,91 m²,,
5 Bedroom Apartment,POAper day,,,Clifton,,5,5,,408 m²,https://www.property24.com/to-rent/clifton/cape-town/western-cape/11015/115453410,https://www.property24.com/to-rent/cape-town/western-cape/432/p84?PropertyCategory=House%2cApartmentOrFlat%2cTownhouse,2026-02-09 12:25:16.234283,"Discover the pinnacle of luxury and relaxation with this magnificent 5-bedroom, 5.5-bathroom holiday apartment, nestled in an exclusive ...",55408 m²,5,408 m²,,per day
1 Bedroom Apartment,R 8 000,8000,ZAR,Rondebosch,,1,2,1,,https://www.property24.com/to-rent/rondebosch/cape-town/western-cape/8682/116648418,https://www.property24.com/to-rent/cape-town/western-cape/432/p84?PropertyCategory=House%2cApartmentOrFlat%2cTownhouse,2026-02-09 12:25:16.234283,"- Room to rent in semi furnished three bedroom apartment
- Lovely tranquil communal garden space  
- Bedroom with BICS
- Bathrooms with ...",121,1,,,
1 Bedroom Apartment,R 27 000,27000,ZAR,Cape Town City Centre,,1,1,,,https://www.property24.com/to-rent/cape-town-city-centre/cape-town/western-cape/9138/116470755,https://www.property24.com/to-rent/cape-town/western-cape/432/p84?PropertyCategory=House%2cApartmentOrFlat%2cTownhouse,2026-02-09 12:25:16.234283,"Welcome to effortless living in our beautifully furnished apartments, designed with comfort and convenience in mind. Whether you choose ...",11,1,,,
10 Bedroom House,R 6 350,6350,ZAR,Observatory,6 Irwell,10,7,,,https://www.property24.com/to-rent/observatory/cape-town/western-cape/10157/110353502,https://www.property24.com/to-rent/cape-town/western-cape/432/p84?PropertyCategory=House%2cApartmentOrFlat%2cTownhouse,2026-02-09 12:25:16.234283,"No need to wait for a viewing – our 3d virtual tour brings the property to you!

Located ...",107,7,,,
2 Bedroom House,R 2 200per day,2200,ZAR,Tokai,,2,1,1,,https://www.property24.com/to-rent/tokai/cape-town/western-cape/9044/114908419,https://www.property24.com/to-rent/cape-town/western-cape/432/p84?PropertyCategory=House%2cApartmentOrFlat%2cTownhouse,2026-02-09 12:25:16.234283,This brand-new 2-bedroom apartment is available for a limited short-term lease during October and November. Situated on a quiet country ...,211,1,,,per day
8 Bedroom House,R 6 750,6750,ZAR,Observatory,119 Rochester,8,6,4,,https://www.property24.com/to-rent/observatory/cape-town/western-cape/10157/110355372,https://www.property24.com/to-rent/cape-town/western-cape/432/p84?PropertyCategory=House%2cApartmentOrFlat%2cTownhouse,2026-02-09 12:25:16.234283,"No need to wait for a viewing – our 3d virtual tour brings the property to you!

Modern ...",864,4,,,
5 Bedroom House,R 7 250,7250,ZAR,Observatory,4 Baker Street,5,3,,,https://www.property24.com/to-rent/observatory/cape-town/western-cape/10157/114383132,https://www.property24.com/to-rent/cape-town/western-cape/432/p84?PropertyCategory=House%2cApartmentOrFlat%2cTownhouse,2026-02-09 12:25:16.234283,"Welcome to The Baker, a newly built development in Observatory consisting of 8 ...",53,3,,,
4 Bedroom House,R 18 500per day,18500,ZAR,Camps Bay,,4,4,1,,https://www.property24.com/to-rent/camps-bay/cape-town/western-cape/11014/116210572,https://www.property24.com/to-rent/cape-town/western-cape/432/p84?PropertyCategory=House%2cApartmentOrFlat%2cTownhouse,2026-02-09 12:25:16.234283,"Newly renovated and set in the most sheltered part of Camps Bay, this stylish family home offers sea and mountain views from almost ...",441,1,,,per day
4 Bedroom House,R 85 000,85000,ZAR,Wynberg Upper,,4,4.5,12,1 350 m²,https://www.property24.com/to-rent/wynberg-upper/cape-town/western-cape/10102/116214406,https://www.property24.com/to-rent/cape-town/western-cape/432/p84?PropertyCategory=House%2cApartmentOrFlat%2cTownhouse,2026-02-09 12:25:16.234283,"Tucked away in a serene and private setting, this magnificent four-bedroom, four-bathroom home is now available to rent on a long-term ...",44.5121 350 m²,12,1 350 m²,,
4 Bedroom House,R 85 000,85000,ZAR,Wynberg Upper,,4,4.5,6,1 350 m²,https://www.property24.com/to-rent/wynberg-upper/cape-town/western-cape/10102/116424661,https://www.property24.com/to-rent/cape-town/western-cape/432/p84?PropertyCategory=House%2cApartmentOrFlat%2cTownhouse,2026-02-09 12:25:16.234283,"Situated in the prestigious heart of Wynberg Upper, this residence offers the perfect blend of comfort, functionality, and refined ...",44.561 350 m²,6,1 350 m²,,
3 Bedroom House,R 180 000,180000,ZAR,Fresnaye,,3,3,3,1 380 m²,https://www.property24.com/to-rent/fresnaye/cape-town/western-cape/11016/115723506,https://www.property24.com/to-rent/cape-town/western-cape/432/p84?PropertyCategory=House%2cApartmentOrFlat%2cTownhouse,2026-02-09 12:25:16.234283,"(Available for Long & Medium-Term Rentals)

Welcome to your dream home in the heart of Fresnaye, one of Cape Town’s most exclusive ...",3331 380 m²,3,1 380 m²,,
4 Bedroom House,R 20 000per day,20000,ZAR,Bantry Bay,,4,3.5,4,,https://www.property24.com/to-rent/bantry-bay/cape-town/western-cape/11013/116583030,https://www.property24.com/to-rent/cape-town/western-cape/432/p84?PropertyCategory=House%2cApartmentOrFlat%2cTownhouse,2026-02-09 12:25:16.234283,"Indulge in the epitome of coastal luxury with this beautifully renovated 4-bedroom townhouse, perfectly positioned in sought-after ...",43.54,4,,,per day
3 Bedroom House,R 7 500per day,7500,ZAR,Bakoven,25 Victoria Road,3,3,2,,https://www.property24.com/to-rent/bakoven/cape-town/western-cape/11012/115629879,https://www.property24.com/to-rent/cape-town/western-cape/432/p84?PropertyCategory=House%2cApartmentOrFlat%2cTownhouse,2026-02-09 12:25:16.234283,Escape to the stunning Atlantic Seaboard for a laid-back family getaway in this charming ...,332,2,,,per day
2 Bedroom Apartment,R 50 000,50000,ZAR,Cape Town City Centre,,2,2,1,104 m²,https://www.property24.com/to-rent/cape-town-city-centre/cape-town/western-cape/9138/110722215,https://www.property24.com/to-rent/cape-town/western-cape/432/p84?PropertyCategory=House%2cApartmentOrFlat%2cTownhouse,2026-02-09 12:25:16.234283,"Furnished 16th Floor apartment at Cartwright's Corner.
Two bedrooms and two bathrooms (main bedroom with en-suite bathroom with ...",221104 m²,1,104 m²,,
4 Bedroom Apartment,R 29 000,29000,ZAR,Vredehoek,,4,2,,,https://www.property24.com/to-rent/vredehoek/cape-town/western-cape/9166/109414204,https://www.property24.com/to-rent/cape-town/western-cape/432/p84?PropertyCategory=House%2cApartmentOrFlat%2cTownhouse,2026-02-09 12:25:16.234283,"Larger than usual 4 bedroom apartment each with curtains, available immediately. With high ceilings and original wooden floors ...",42,2,,,
1 Bedroom Apartment,R 15 660,15660,ZAR,Green Point,"Neighbourgood Ravenscraig, 2 Ravenscraig Road",1,1,1,,https://www.property24.com/to-rent/green-point/cape-town/western-cape/11017/114370773,https://www.property24.com/to-rent/cape-town/western-cape/432/p84?PropertyCategory=House%2cApartmentOrFlat%2cTownhouse,2026-02-09 12:25:16.234283,"The rate above R15,660 per month (All Inclusive) is for stays of 12-month, effective ...",111,1,,,
8 Bedroom House,R 6 750,6750,ZAR,Observatory,119 Rochester,8,6,4,,https://www.property24.com/to-rent/observatory/cape-town/western-cape/10157/116715149,https://www.property24.com/to-rent/cape-town/western-cape/432/p84?PropertyCategory=House%2cApartmentOrFlat%2cTownhouse,2026-02-09 12:25:16.234283,"No need to wait for a viewing – our 3d virtual tour brings the property to you!

Modern ...",864,4,,,
2 Bedroom Apartment,R 15 000per day,15000,ZAR,Bantry Bay,,2,2,1,,https://www.property24.com/to-rent/bantry-bay/cape-town/western-cape/11013/113534497,https://www.property24.com/to-rent/cape-town/western-cape/432/p85?PropertyCategory=House%2cApartmentOrFlat%2cTownhouse,2026-02-09 12:25:16.234283,"Available for short term rentals from 18 December 2025 onwards.

Welcome to your dream beachfront holiday apartment! This beautifully ...",221,1,,,per day
2 Bedroom House,R 18 000per day,18000,ZAR,Green Point,,2,4,2,700 m²,https://www.property24.com/to-rent/green-point/cape-town/western-cape/11017/115256550,https://www.property24.com/to-rent/cape-town/western-cape/432/p85?PropertyCategory=House%2cApartmentOrFlat%2cTownhouse,2026-02-09 12:25:16.234283,"This magnificent  Green Point home perfectly blends  luxury, practicality, and comfort, making it an ideal choice for families and ...",242700 m²,2,700 m²,,per day
Apartment,R 12 500,12500,ZAR,Woodstock,,,1,,,https://www.property24.com/to-rent/woodstock/cape-town/western-cape/10164/116412943,https://www.property24.com/to-rent/cape-town/western-cape/432/p85?PropertyCategory=House%2cApartmentOrFlat%2cTownhouse,2026-02-09 12:25:16.234283,"Perfect for young professionals, this light-filled open-plan studio offers modern finishes and stunning views of Table ...",1,1,,,
0.5 Bedroom Apartment,R 12 500,12500,ZAR,Woodstock,31 Brickfield Road,0.5,1,1,38 m²,https://www.property24.com/to-rent/woodstock/cape-town/western-cape/10164/116532734,https://www.property24.com/to-rent/cape-town/western-cape/432/p85?PropertyCategory=House%2cApartmentOrFlat%2cTownhouse,2026-02-09 12:25:16.234283,Unfurnished- Neat Studio Apartment in Upper East Side | Ideal for a Single ...,0.51138 m²,1,38 m²,,
3 Bedroom Apartment,R 70 000,70000,ZAR,Green Point,,3,4,2,,https://www.property24.com/to-rent/green-point/cape-town/western-cape/11017/116462177,https://www.property24.com/to-rent/cape-town/western-cape/432/p85?PropertyCategory=House%2cApartmentOrFlat%2cTownhouse,2026-02-09 12:25:16.234283,"Step into a world of modern elegance with this expansive 176 m² furnished apartment, perfectly positioned on the fifth floor to ...",342,2,,,
3 Bedroom Apartment,R 50 000,50000,ZAR,Three Anchor Bay,,3,2,1,,https://www.property24.com/to-rent/three-anchor-bay/cape-town/western-cape/11022/116409389,https://www.property24.com/to-rent/cape-town/western-cape/432/p85?PropertyCategory=House%2cApartmentOrFlat%2cTownhouse,2026-02-09 12:25:16.234283,"Front facing, beachfront apartment epitomizes a contemporary space combined with luxury living. Designed with an expansive layout ideal ...",321,1,,,
1 Bedroom Apartment,R 40 000,40000,ZAR,Sea Point,,1,2,2,57 m²,https://www.property24.com/to-rent/sea-point/cape-town/western-cape/11021/116449166,https://www.property24.com/to-rent/cape-town/western-cape/432/p85?PropertyCategory=House%2cApartmentOrFlat%2cTownhouse,2026-02-09 12:25:16.234283,"Embrace the art of sophisticated coastal living at Grove House, an exclusive address in the heart of Sea Point. This designer ...",12257 m²,2,57 m²,,
5 Bedroom Apartment,R 6 000,6000,ZAR,Observatory,38 Lower Rochester Road,5,2.5,,,https://www.property24.com/to-rent/observatory/cape-town/western-cape/10157/109482696,https://www.property24.com/to-rent/cape-town/western-cape/432/p85?PropertyCategory=House%2cApartmentOrFlat%2cTownhouse,2026-02-09 12:25:16.234283,"Ladies-only units available

The Rochester is located in Observatory, a young ...",52.5,2.5,,,
7 Bedroom House,R 6 750,6750,ZAR,Observatory,1 Dove Street,7,4,,,https://www.property24.com/to-rent/observatory/cape-town/western-cape/10157/110084723,https://www.property24.com/to-rent/cape-town/western-cape/432/p85?PropertyCategory=House%2cApartmentOrFlat%2cTownhouse,2026-02-09 12:25:16.234283,"No need to wait for a viewing our 3d virtual tour brings the property to you!

Stand out ...",74,4,,,
4 Bedroom Apartment,POA,,,Camps Bay,,4,3,4,240 m²,https://www.property24.com/to-rent/camps-bay/cape-town/western-cape/11014/116027204,https://www.property24.com/to-rent/cape-town/western-cape/432/p85?PropertyCategory=House%2cApartmentOrFlat%2cTownhouse,2026-02-09 12:25:16.234283,"Digital Nomads - Discover refined living in this exceptional penthouse, a sanctuary of style and comfort with breathtaking, panoramic ...",434240 m²,4,240 m²,,
1 Bedroom Apartment,R 15 660,15660,ZAR,Green Point,"Neighbourgood Romney, 3 Romney Road",1,1,,,https://www.property24.com/to-rent/green-point/cape-town/western-cape/11017/112518699,https://www.property24.com/to-rent/cape-town/western-cape/432/p85?PropertyCategory=House%2cApartmentOrFlat%2cTownhouse,2026-02-09 12:25:16.234283,"The rate above R15,660 per month (All Inclusive) is for stays of 12-month effective ...",11,1,,,
1 Bedroom Apartment,R 17 820,17820,ZAR,Green Point,"Neighbourgood Hill Suites, 2 Hill Road",1,1,,,https://www.property24.com/to-rent/green-point/cape-town/western-cape/11017/114157225,https://www.property24.com/to-rent/cape-town/western-cape/432/p85?PropertyCategory=House%2cApartmentOrFlat%2cTownhouse,2026-02-09 12:25:16.234283,"The rate above R17,820 per month (All Inclusive) is for stays of 12-month effective 20 ...",11,1,,,
7 Bedroom House,R 60 000per day,60000,ZAR,Constantia,,7,6,10,,https://www.property24.com/to-rent/constantia/cape-town/western-cape/11742/116432017,https://www.property24.com/to-rent/cape-town/western-cape/432/p85?PropertyCategory=House%2cApartmentOrFlat%2cTownhouse,2026-02-09 12:25:16.234283,"Discover this stunning residence, perfectly harmonizing with its surroundings, tucked behind towering trees and enveloped by a magical ...",7610,10,,,per day
Apartment,R 9 350,9350,ZAR,Tokai,258 Main Road,,1,1,,https://www.property24.com/to-rent/tokai/cape-town/western-cape/9044/116623924,https://www.property24.com/to-rent/cape-town/western-cape/432/p85?PropertyCategory=House%2cApartmentOrFlat%2cTownhouse,2026-02-09 12:25:16.234283,"This apartment is located at Ujala Towers in Kirstenhof. 

It offers a convenient and ...",11,1,,,
7 Bedroom House,R 6 750,6750,ZAR,Observatory,1 Dove Street,7,4,,,https://www.property24.com/to-rent/observatory/cape-town/western-cape/10157/116881854,https://www.property24.com/to-rent/cape-town/western-cape/432/p85?PropertyCategory=House%2cApartmentOrFlat%2cTownhouse,2026-02-09 12:25:16.234283,"No need to wait for a viewing our 3d virtual tour brings the property to you!

Stand out ...",74,4,,,
1 Bedroom Apartment,R 30 000,30000,ZAR,Sea Point,,1,1,,48 m²,https://www.property24.com/to-rent/sea-point/cape-town/western-cape/11021/115304344,https://www.property24.com/to-rent/cape-town/western-cape/432/p85?PropertyCategory=House%2cApartmentOrFlat%2cTownhouse,2026-02-09 12:25:16.234283,"Fully furnished on bedroom apartment situated on the first floor
Secure, modern and Stylist
Building offers 24 hr security and ...",1148 m²,1,48 m²,,
3 Bedroom House,R 8 000per day,8000,ZAR,Bishopscourt Village,,3,3,2,,https://www.property24.com/to-rent/bishopscourt-village/cape-town/western-cape/14241/116527346,https://www.property24.com/to-rent/cape-town/western-cape/432/p85?PropertyCategory=House%2cApartmentOrFlat%2cTownhouse,2026-02-09 12:25:16.234283,Step inside to soaring high ceilings and an abundance of natural light throughout. The spacious dining area flows effortlessly onto a ...,332,2,,,per day
2 Bedroom Apartment,R 50 000,50000,ZAR,Bantry Bay,Bantry Bay,2,2,2,,https://www.property24.com/to-rent/bantry-bay/cape-town/western-cape/11013/115618392,https://www.property24.com/to-rent/cape-town/western-cape/432/p85?PropertyCategory=House%2cApartmentOrFlat%2cTownhouse,2026-02-09 12:25:16.234283,"A beautiful fully-equipped, 2 bedroom en-suite apartment in the heart of Bantry Bay. ...",222,2,,,
1 Bedroom Apartment,R 17 750,17750,ZAR,Green Point,"Neighbourgood Hill, 2 Hill Road",1,1,,,https://www.property24.com/to-rent/green-point/cape-town/western-cape/11017/112652056,https://www.property24.com/to-rent/cape-town/western-cape/432/p85?PropertyCategory=House%2cApartmentOrFlat%2cTownhouse,2026-02-09 12:25:16.234283,"The rate above of R17,750 per month (all inclusive) on a 12-month lease, effective 1 ...",11,1,,,
Apartment,R 5 500,5500,ZAR,Bonteheuwel,72 Assegaai Ave,,1,,,https://www.property24.com/to-rent/bonteheuwel/cape-town/western-cape/8739/116659190,https://www.property24.com/to-rent/cape-town/western-cape/432/p85?PropertyCategory=House%2cApartmentOrFlat%2cTownhouse,2026-02-09 12:25:16.234283,"Close to shops, schools and public transport. Safe and secure property. Rent R5500 + ...",1,1,,,
4 Bedroom Apartment,R 35 000per day,35000,ZAR,Bantry Bay,,4,4,1,,https://www.property24.com/to-rent/bantry-bay/cape-town/western-cape/11013/116362530,https://www.property24.com/to-rent/cape-town/western-cape/432/p85?PropertyCategory=House%2cApartmentOrFlat%2cTownhouse,2026-02-09 12:25:16.234283,Welcome to your serene escape in the heart of Bantry Bay—an elegantly styled 4-bedroom villa that blends minimalistic Scandinavian ...,441,1,,,per day
2 Bedroom Apartment,R 14 000,14000,ZAR,Observatory,38 Lower Rochester Road,2,1,,,https://www.property24.com/to-rent/observatory/cape-town/western-cape/10157/115832284,https://www.property24.com/to-rent/cape-town/western-cape/432/p86?PropertyCategory=House%2cApartmentOrFlat%2cTownhouse,2026-02-09 12:25:16.234283,Rochester apartment block located in the artistic and newly developed Down Town ...,21,1,,,
4 Bedroom House,R 20 000per day,20000,ZAR,Camps Bay,,4,4,4,1 024 m²,https://www.property24.com/to-rent/camps-bay/cape-town/western-cape/11014/111405572,https://www.property24.com/to-rent/cape-town/western-cape/432/p86?PropertyCategory=House%2cApartmentOrFlat%2cTownhouse,2026-02-09 12:25:16.234283,Furnished and equipped Stunning contemporary open plan living free flowing one level home accent on indoor/outdoor living to undercover ...,4441 024 m²,4,1 024 m²,,per day
3 Bedroom House,POAper day,,,Green Point,,3,3.5,,543 m²,https://www.property24.com/to-rent/green-point/cape-town/western-cape/11017/115604260,https://www.property24.com/to-rent/cape-town/western-cape/432/p86?PropertyCategory=House%2cApartmentOrFlat%2cTownhouse,2026-02-09 12:25:16.234283,"Indulge in the ultimate coastal escape with this magnificent 3-bedroom, 3-bathroom holiday rental, offering unparalleled tranquility ...",33.5543 m²,3.5,543 m²,,per day
2 Bedroom Apartment,R 33 000,33000,ZAR,Belle Constantia,,2,1,2,,https://www.property24.com/to-rent/belle-constantia/cape-town/western-cape/16246/116348371,https://www.property24.com/to-rent/cape-town/western-cape/432/p86?PropertyCategory=House%2cApartmentOrFlat%2cTownhouse,2026-02-09 12:25:16.234283,"2 Bedroom Apartment Stay in Constantia - (Short Term Lease)

Experience the best of Cape Town this summer with a one- to four-month ...",212,2,,,
1 Bedroom Apartment,R 14 500,14500,ZAR,Cape Town City Centre,,1,1,1,,https://www.property24.com/to-rent/cape-town-city-centre/cape-town/western-cape/9138/116742746,https://www.property24.com/to-rent/cape-town/western-cape/432/p86?PropertyCategory=House%2cApartmentOrFlat%2cTownhouse,2026-02-09 12:25:16.234283,"Discover easy, modern living in this well-designed studio apartment located in the heart of Desa Park. The unit offers a bright open ...",111,1,,,
9 Bedroom House,R 7 750,7750,ZAR,Woodstock,49 Roodebloem,9,6,,,https://www.property24.com/to-rent/woodstock/cape-town/western-cape/10164/109270964,https://www.property24.com/to-rent/cape-town/western-cape/432/p86?PropertyCategory=House%2cApartmentOrFlat%2cTownhouse,2026-02-09 12:25:16.234283,"No need to wait for a viewing — take our 3d virtual tour!

Shared Accommodation | ...",96,6,,,
9 Bedroom House,R 6 400,6400,ZAR,Bo Kaap,41 Bryant,9,4,,,https://www.property24.com/to-rent/bo-kaap/cape-town/western-cape/9136/110353631,https://www.property24.com/to-rent/cape-town/western-cape/432/p86?PropertyCategory=House%2cApartmentOrFlat%2cTownhouse,2026-02-09 12:25:16.234283,"No need for a viewing – our 3d virtual tour brings the property to you!
It is in ...",94,4,,,
2 Bedroom House,R 30 000,30000,ZAR,Kenilworth Upper,,2,2.5,2,250 m²,https://www.property24.com/to-rent/kenilworth-upper/cape-town/western-cape/14224/110169983,https://www.property24.com/to-rent/cape-town/western-cape/432/p86?PropertyCategory=House%2cApartmentOrFlat%2cTownhouse,2026-02-09 12:25:16.234283,"Short to long-term lease of 1 year!

As you enter through the private gated estate, you are captivated by the sheer beauty and ...",22.52250 m²,2,250 m²,,
1 Bedroom Apartment,R 29 700,29700,ZAR,Green Point,,1,1,1,65 m²,https://www.property24.com/to-rent/green-point/cape-town/western-cape/11017/108691998,https://www.property24.com/to-rent/cape-town/western-cape/432/p86?PropertyCategory=House%2cApartmentOrFlat%2cTownhouse,2026-02-09 12:25:16.234283,"Available 1 March 2026

Fully Furnished

This contemporary, open-plan 1-bedroom apartment offers the perfect blend of modern living and ...",11165 m²,1,65 m²,,
0.5 Bedroom Apartment,R 13 000,13000,ZAR,Foreshore,,0.5,1,,25 m²,https://www.property24.com/to-rent/foreshore/cape-town/western-cape/9143/114393980,https://www.property24.com/to-rent/cape-town/western-cape/432/p86?PropertyCategory=House%2cApartmentOrFlat%2cTownhouse,2026-02-09 12:25:16.234283,"Discover Modern Luxury Living in Cape Town's Foreshore!

Welcome to the pinnacle of elegance and convenience! Our stunning studio ...",0.5125 m²,1,25 m²,,
1 Bedroom Apartment,R 10 000,10000,ZAR,Costa Da Gama,"132 Sunrise Villas, 1 Unit 132, St Davids St",1,1,1,,https://www.property24.com/to-rent/costa-da-gama/cape-town/western-cape/13856/116695947,https://www.property24.com/to-rent/cape-town/western-cape/432/p86?PropertyCategory=House%2cApartmentOrFlat%2cTownhouse,2026-02-09 12:25:16.234283,WELCOME to a home where sunshine greets you each day with warmth. This West-facing 1 ...,111,1,,,
3 Bedroom Apartment,R 90 000,90000,ZAR,De Waterkant,32 Prestwich Street,3,2,2,,https://www.property24.com/to-rent/de-waterkant/cape-town/western-cape/9141/116331898,https://www.property24.com/to-rent/cape-town/western-cape/432/p86?PropertyCategory=House%2cApartmentOrFlat%2cTownhouse,2026-02-09 12:25:16.234283,Experience luxury living in the heart of De Waterkant with this modern three-bedroom ...,322,2,,,
2 Bedroom Apartment,R 29 000,29000,ZAR,Three Anchor Bay,,2,1,1,100 m²,https://www.property24.com/to-rent/three-anchor-bay/cape-town/western-cape/11022/115689706,https://www.property24.com/to-rent/cape-town/western-cape/432/p86?PropertyCategory=House%2cApartmentOrFlat%2cTownhouse,2026-02-09 12:25:16.234283,"Pet Friendly!

This prime positioned two bedroom, one bathroom gem is situated right off the Sea Point promenade as you walk out of ...",211100 m²,1,100 m²,,
2 Bedroom Townhouse,R 30 000,30000,ZAR,De Waterkant,,2,2,,90 m²,https://www.property24.com/to-rent/de-waterkant/cape-town/western-cape/9141/116867767,https://www.property24.com/to-rent/cape-town/western-cape/432/p86?PropertyCategory=House%2cApartmentOrFlat%2cTownhouse,2026-02-09 12:25:16.234283,Don’t miss the chance to live in a beautifully preserved Victorian semi tucked away on a peaceful street between Green Point and trendy ...,2290 m²,2,90 m²,,
4 Bedroom House,R 42 000,42000,ZAR,Pinelands,,4,2,4,,https://www.property24.com/to-rent/pinelands/cape-town/western-cape/8017/116331758,https://www.property24.com/to-rent/cape-town/western-cape/432/p86?PropertyCategory=House%2cApartmentOrFlat%2cTownhouse,2026-02-09 12:25:16.234283,This double-storey thatch on a corner erf offers timeless charm and modern versatility. Spacious living areas include a generous lounge ...,424,4,,,
2 Bedroom Townhouse,R 30 000,30000,ZAR,De Waterkant,,2,2,,90 m²,https://www.property24.com/to-rent/de-waterkant/cape-town/western-cape/9141/116212853,https://www.property24.com/to-rent/cape-town/western-cape/432/p86?PropertyCategory=House%2cApartmentOrFlat%2cTownhouse,2026-02-09 12:25:16.234283,Don’t miss the chance to live in a beautifully preserved Victorian semi tucked away on a peaceful street between Green Point and trendy ...,2290 m²,2,90 m²,,
1 Bedroom Apartment,R 25 000,25000,ZAR,Llandudno,,1,1,1,35 m²,https://www.property24.com/to-rent/llandudno/cape-town/western-cape/9118/110776636,https://www.property24.com/to-rent/cape-town/western-cape/432/p86?PropertyCategory=House%2cApartmentOrFlat%2cTownhouse,2026-02-09 12:25:16.234283,"Furnished garden apartment with unlimited sea views
Garden and swimming pool and parking included.
Fully equipped
Available ...",11135 m²,1,35 m²,,
2 Bedroom Apartment,R 25 000,25000,ZAR,Green Point,,2,2,1,,https://www.property24.com/to-rent/green-point/cape-town/western-cape/11017/116378258,https://www.property24.com/to-rent/cape-town/western-cape/432/p86?PropertyCategory=House%2cApartmentOrFlat%2cTownhouse,2026-02-09 12:25:16.234283,Unfurnished 2 bedroom 2 bathroom apartment ideally located in the cosmopolitan De Waterkant district. The newly renovated open plan ...,221,1,,,
5 Bedroom House,R 285 000,285000,ZAR,Bantry Bay,,5,6,,908 m²,https://www.property24.com/to-rent/bantry-bay/cape-town/western-cape/11013/115308703,https://www.property24.com/to-rent/cape-town/western-cape/432/p86?PropertyCategory=House%2cApartmentOrFlat%2cTownhouse,2026-02-09 12:25:16.234283,"An exclusive retreat in Cape Town’s most coveted coastal enclave, this Bantry Bay residence redefines boutique-style luxury. Available ...",56908 m²,6,908 m²,,
12 Bedroom House,R 5 850,5850,ZAR,Bo Kaap,28 Jordaan,12,5,,,https://www.property24.com/to-rent/bo-kaap/cape-town/western-cape/9136/110353280,https://www.property24.com/to-rent/cape-town/western-cape/432/p86?PropertyCategory=House%2cApartmentOrFlat%2cTownhouse,2026-02-09 12:25:16.234283,"No need to wait for a viewing – our 3d virtual tour brings the property to you!

This ...",125,5,,,
1 Bedroom Apartment,R 11 000,11000,ZAR,Mowbray,,1,1,,,https://www.property24.com/to-rent/mowbray/cape-town/western-cape/8677/116306481,https://www.property24.com/to-rent/cape-town/western-cape/432/p86?PropertyCategory=House%2cApartmentOrFlat%2cTownhouse,2026-02-09 12:25:16.234283,"Each unit includes:
A private bedroom with built-in cupboards
A kitchen area with built-in cupboards & stovetop (no oven)
A ...",11,1,,,
5 Bedroom House,R 24 500per day,24500,ZAR,Bantry Bay,,5,6,,908 m²,https://www.property24.com/to-rent/bantry-bay/cape-town/western-cape/11013/115307415,https://www.property24.com/to-rent/cape-town/western-cape/432/p87?PropertyCategory=House%2cApartmentOrFlat%2cTownhouse,2026-02-09 12:25:16.234283,"Daily Rate starting from R24 500.00 per night.

Welcome to Villa Stanleon located in Bantry Bay, Cape Town’s most exclusive coastal ...",56908 m²,6,908 m²,,per day
1 Bedroom Apartment,R 18 500,18500,ZAR,Gardens,,1,1,1,,https://www.property24.com/to-rent/gardens/cape-town/western-cape/9145/116397910,https://www.property24.com/to-rent/cape-town/western-cape/432/p87?PropertyCategory=House%2cApartmentOrFlat%2cTownhouse,2026-02-09 12:25:16.234283,"Modern Studio Apartment for Rent

This stylish studio apartment offers the perfect blend of comfort and convenience. Featuring an ...",111,1,,,
1 Bedroom Apartment,R 2 500per day,2500,ZAR,Sea Point,,1,2,2,,https://www.property24.com/to-rent/sea-point/cape-town/western-cape/11021/116472945,https://www.property24.com/to-rent/cape-town/western-cape/432/p87?PropertyCategory=House%2cApartmentOrFlat%2cTownhouse,2026-02-09 12:25:16.234283,"This fully furnished one-bedroom, two-bathroom apartment combines contemporary elegance with high-end finishes and a spacious open-plan ...",122,2,,,per day
5 Bedroom House,POAper day,,,Llandudno,,5,5,4,991 m²,https://www.property24.com/to-rent/llandudno/cape-town/western-cape/9118/116896147,https://www.property24.com/to-rent/cape-town/western-cape/432/p87?PropertyCategory=House%2cApartmentOrFlat%2cTownhouse,2026-02-09 12:25:16.234283,An exceptional and very glamorous Llandudno villa on 4 levels oozing style and glamour in a magnificent elevated north facing location ...,554991 m²,4,991 m²,,per day
1 Bedroom Apartment,R 11 000,11000,ZAR,Mowbray,,1,1,,,https://www.property24.com/to-rent/mowbray/cape-town/western-cape/8677/116304982,https://www.property24.com/to-rent/cape-town/western-cape/432/p87?PropertyCategory=House%2cApartmentOrFlat%2cTownhouse,2026-02-09 12:25:16.234283,"Each unit includes:
A private bedroom with built-in cupboards
A kitchen area with built-in cupboards & stovetop (no oven)
A ...",11,1,,,
2 Bedroom House,R 35 000,35000,ZAR,Gardens,6 Kelvin Street,2,1,1,,https://www.property24.com/to-rent/gardens/cape-town/western-cape/9145/114566891,https://www.property24.com/to-rent/cape-town/western-cape/432/p87?PropertyCategory=House%2cApartmentOrFlat%2cTownhouse,2026-02-09 12:25:16.234283,*** THIS IS NOT A 1 YEAR LONG TERM RENTAL - THIS IS A DAILY or MONTHLY HOLIDAY RENTAL ...,211,1,,,
9 Bedroom House,R 4 950,4950,ZAR,Maitland,11a Spencer,9,9,,,https://www.property24.com/to-rent/maitland/cape-town/western-cape/9153/111854085,https://www.property24.com/to-rent/cape-town/western-cape/432/p87?PropertyCategory=House%2cApartmentOrFlat%2cTownhouse,2026-02-09 12:25:16.234283,"Situated in the suburb of Maitland, this property offers unfurnished rooms with en suite ...",99,9,,,
1 Bedroom House,R 7 880,7880,ZAR,Fairways,,1,1,1,,https://www.property24.com/to-rent/fairways/cape-town/western-cape/10068/116539227,https://www.property24.com/to-rent/cape-town/western-cape/432/p87?PropertyCategory=House%2cApartmentOrFlat%2cTownhouse,2026-02-09 12:25:16.234283,"This cosy 1-bedroom apartment with a private entrance is located in the tranquil and secure suburb of Fairways, Ottery. 

Ideal for a ...",111,1,,,
5 Bedroom House,R 6 550,6550,ZAR,Bo Kaap,68 Bryant,5,2,,,https://www.property24.com/to-rent/bo-kaap/cape-town/western-cape/9136/110353497,https://www.property24.com/to-rent/cape-town/western-cape/432/p87?PropertyCategory=House%2cApartmentOrFlat%2cTownhouse,2026-02-09 12:25:16.234283,"No need to wait for a viewing – explore the property with our 3D virtual tour!

Live in ...",52,2,,,
4 Bedroom House,R 90 000,90000,ZAR,Camps Bay,,4,3,,200 m²,https://www.property24.com/to-rent/camps-bay/cape-town/western-cape/11014/115610917,https://www.property24.com/to-rent/cape-town/western-cape/432/p87?PropertyCategory=House%2cApartmentOrFlat%2cTownhouse,2026-02-09 12:25:16.234283,"Available: 1 January 2026

Fully Furnished 4-Bedroom House – A Perfect Blend of Modern Comfort and Classic Charm

This beautiful fully ...",43200 m²,3,200 m²,,
6 Bedroom House,R 15 000per day,15000,ZAR,Bantry Bay,,6,8,2,650 m²,https://www.property24.com/to-rent/bantry-bay/cape-town/western-cape/11013/116205694,https://www.property24.com/to-rent/cape-town/western-cape/432/p87?PropertyCategory=House%2cApartmentOrFlat%2cTownhouse,2026-02-09 12:25:16.234283,"Spacious and Comfortable Multi Level Home ( icluding fully self contained flatlet with private entrance ) 
 AVAILABLE 1 AUGUST - 1 ...",682650 m²,2,650 m²,,per day
3 Bedroom Apartment,R 185 000,185000,ZAR,Mouille Point,,3,3,2,225 m²,https://www.property24.com/to-rent/mouille-point/cape-town/western-cape/11018/115953310,https://www.property24.com/to-rent/cape-town/western-cape/432/p87?PropertyCategory=House%2cApartmentOrFlat%2cTownhouse,2026-02-09 12:25:16.234283,"Step into luxury with this stunning 3-bedroom, 3-bathroom apartment, situated in an exclusive boutique development on Mouille Point’s ...",332225 m²,2,225 m²,,
0.5 Bedroom Apartment,R 17 000,17000,ZAR,Sea Point,,0.5,1,,51 m²,https://www.property24.com/to-rent/sea-point/cape-town/western-cape/11021/116138838,https://www.property24.com/to-rent/cape-town/western-cape/432/p87?PropertyCategory=House%2cApartmentOrFlat%2cTownhouse,2026-02-09 12:25:16.234283,"Fully furnished studio apartment'
Open plan bedroom, lounge and kitchen.
Bathroom with shower
Available short or long term.",0.5151 m²,1,51 m²,,
0.5 Bedroom Apartment,R 9 000,9000,ZAR,Pinelands,,0.5,1,1,,https://www.property24.com/to-rent/pinelands/cape-town/western-cape/8017/116612616,https://www.property24.com/to-rent/cape-town/western-cape/432/p87?PropertyCategory=House%2cApartmentOrFlat%2cTownhouse,2026-02-09 12:25:16.234283,"This flatlet has a separate entrance and consists of

One large room with wooden floors
Separate kitchen with a stove and plenty of ...",0.511,1,,,
1 Bedroom Apartment,R 12 000,12000,ZAR,Zonnebloem,,1,1,,47 m²,https://www.property24.com/to-rent/zonnebloem/cape-town/western-cape/10166/115224138,https://www.property24.com/to-rent/cape-town/western-cape/432/p87?PropertyCategory=House%2cApartmentOrFlat%2cTownhouse,2026-02-09 12:25:16.234283,"Description:
This charming 1 bedroom, 1-bathroom apartment is now available to rent. Situated in a convenient location, this fully ...",1147 m²,1,47 m²,,
7 Bedroom House,R 80 000per day,80000,ZAR,Bantry Bay,,7,7.5,9,780 m²,https://www.property24.com/to-rent/bantry-bay/cape-town/western-cape/11013/114987544,https://www.property24.com/to-rent/cape-town/western-cape/432/p87?PropertyCategory=House%2cApartmentOrFlat%2cTownhouse,2026-02-09 12:25:16.234283,"NB: This Daily Rate Applies During Off Season.

Available for medium term rental from 1st July to 31st October 2025. 

Perched on ...",77.59780 m²,9,780 m²,,per day
5 Bedroom House,POAper day,,,Llandudno,,5,5,4,991 m²,https://www.property24.com/to-rent/llandudno/cape-town/western-cape/9118/108778518,https://www.property24.com/to-rent/cape-town/western-cape/432/p87?PropertyCategory=House%2cApartmentOrFlat%2cTownhouse,2026-02-09 12:25:16.234283,An exceptional and very glamorous Llandudno villa on 4 levels oozing style and glamour in a magnificent elevated north facing location ...,554991 m²,4,991 m²,,per day
2 Bedroom Apartment,R 21 500,21500,ZAR,Gardens,,2,1,,,https://www.property24.com/to-rent/gardens/cape-town/western-cape/9145/114854699,https://www.property24.com/to-rent/cape-town/western-cape/432/p87?PropertyCategory=House%2cApartmentOrFlat%2cTownhouse,2026-02-09 12:25:16.234283,"This residence seamlessly blends modern living with urban convenience. 

Immerse yourself in the vibrant atmosphere, and seize the ...",21,1,,,
2 Bedroom Apartment,R 4 600,4600,ZAR,Maitland,,2,1,1,53 m²,https://www.property24.com/to-rent/maitland/cape-town/western-cape/9153/112976101,https://www.property24.com/to-rent/cape-town/western-cape/432/p87?PropertyCategory=House%2cApartmentOrFlat%2cTownhouse,2026-02-09 12:25:16.234283,"Title: Modern Furnished Room for Young Professionals in Maitland

Location: Shemax/Lavana Court, Royal Maitland, Cape ...",21153 m²,1,53 m²,,
1 Bedroom Apartment,R 16 390,16390,ZAR,Cape Town City Centre,"Neighbourgood East City, 60 Corporation Street",1,1,,,https://www.property24.com/to-rent/cape-town-city-centre/cape-town/western-cape/9138/114371057,https://www.property24.com/to-rent/cape-town/western-cape/432/p87?PropertyCategory=House%2cApartmentOrFlat%2cTownhouse,2026-02-09 12:25:16.234283,"The rate above R16,390 per month (All Inclusive) is for stays of 12-month effective 10 ...",11,1,,,
4 Bedroom House,R 6 000per day,6000,ZAR,Newlands,"10 Melba Road, Newlands",4,5,2,471 m²,https://www.property24.com/to-rent/newlands/cape-town/western-cape/8679/114702652,https://www.property24.com/to-rent/cape-town/western-cape/432/p87?PropertyCategory=House%2cApartmentOrFlat%2cTownhouse,2026-02-09 12:25:16.234283,"*** NOT AVAILABLE FOR LONG TERM - THIS IS A SHORT TERM RENTAL PROPERTY ***

Daily ...",452471 m²,2,471 m²,,per day
3 Bedroom House,R 180 000,180000,ZAR,Bantry Bay,,3,4,2,410 m²,https://www.property24.com/to-rent/bantry-bay/cape-town/western-cape/11013/110938484,https://www.property24.com/to-rent/cape-town/western-cape/432/p88?PropertyCategory=House%2cApartmentOrFlat%2cTownhouse,2026-02-09 12:25:16.234283,"A place of great and idyllic magnificence and beauty.

One of the most sensational spaces we have ever had the privilege of ...",342410 m²,2,410 m²,,
2 Bedroom Apartment,R 70 000,70000,ZAR,Sea Point,,2,2,1,90 m²,https://www.property24.com/to-rent/sea-point/cape-town/western-cape/11021/115200123,https://www.property24.com/to-rent/cape-town/western-cape/432/p88?PropertyCategory=House%2cApartmentOrFlat%2cTownhouse,2026-02-09 12:25:16.234283,"Available 1 July 2027 | Utilities & Servicing Included

A sea lover's paradise, this beautifully furnished 2-bedroom apartment ...",22190 m²,1,90 m²,,
2 Bedroom Apartment,R 40 000,40000,ZAR,Bo Kaap,,2,2.5,1,184 m²,https://www.property24.com/to-rent/bo-kaap/cape-town/western-cape/9136/112324565,https://www.property24.com/to-rent/cape-town/western-cape/432/p88?PropertyCategory=House%2cApartmentOrFlat%2cTownhouse,2026-02-09 12:25:16.234283,Enjoy the 270 degrees view from this exceptional penthouse! It’s the only apartment in the 40onL development at Military Road ...,22.51184 m²,1,184 m²,,
1 Bedroom Apartment,R 15 000,15000,ZAR,Camps Bay,,1,1,1,50 m²,https://www.property24.com/to-rent/camps-bay/cape-town/western-cape/11014/114285624,https://www.property24.com/to-rent/cape-town/western-cape/432/p88?PropertyCategory=House%2cApartmentOrFlat%2cTownhouse,2026-02-09 12:25:16.234283,"Available Immediately | 12 month lease

This charming fully furnished 1-bedroom cottage is tucked away in a quiet part of Camps Bay. ...",11150 m²,1,50 m²,,
4 Bedroom Apartment,R 7 000,7000,ZAR,Rondebosch,"4 Rondebosch Court, 4 Fountain Square Road",4,2,1,,https://www.property24.com/to-rent/rondebosch/cape-town/western-cape/8682/113572103,https://www.property24.com/to-rent/cape-town/western-cape/432/p88?PropertyCategory=House%2cApartmentOrFlat%2cTownhouse,2026-02-09 12:25:16.234283,"Welcome to Rondebosch Court!

This building is in a prime location with excellent ...",421,1,,,
2 Bedroom Apartment,R 35 000,35000,ZAR,Cape Town City Centre,,2,2,,,https://www.property24.com/to-rent/cape-town-city-centre/cape-town/western-cape/9138/116209845,https://www.property24.com/to-rent/cape-town/western-cape/432/p88?PropertyCategory=House%2cApartmentOrFlat%2cTownhouse,2026-02-09 12:25:16.234283,"Step into stylish city living with this beautifully designed two-bedroom apartment in the iconic and sought-after Icon Building, right ...",22,2,,,
2 Bedroom Apartment,R 35 000,35000,ZAR,Cape Town City Centre,,2,1,1,82 m²,https://www.property24.com/to-rent/cape-town-city-centre/cape-town/western-cape/9138/110884434,https://www.property24.com/to-rent/cape-town/western-cape/432/p88?PropertyCategory=House%2cApartmentOrFlat%2cTownhouse,2026-02-09 12:25:16.234283,Spacious and comfortably furnished two bedroom apartment available long term with all the hotel amenities for your comfort and ...,21182 m²,1,82 m²,,
4 Bedroom Apartment,R 120 000,120000,ZAR,De Waterkant,32 Prestwich Street,4,4,2,,https://www.property24.com/to-rent/de-waterkant/cape-town/western-cape/9141/116332081,https://www.property24.com/to-rent/cape-town/western-cape/432/p88?PropertyCategory=House%2cApartmentOrFlat%2cTownhouse,2026-02-09 12:25:16.234283,"Step into refined elegance with this exceptional four-bedroom penthouse, perfectly ...",442,2,,,
2 Bedroom Apartment,R 15 000,15000,ZAR,Rondebosch,27 Main Road,2,1,1,,https://www.property24.com/to-rent/rondebosch/cape-town/western-cape/8682/113618473,https://www.property24.com/to-rent/cape-town/western-cape/432/p88?PropertyCategory=House%2cApartmentOrFlat%2cTownhouse,2026-02-09 12:25:16.234283,"2 Bedroom Apartment located on the Main Road of Rondebosch. 
Easy access to all main ...",211,1,,,
6 Bedroom House,POA,,,Camps Bay,,6,6,4,,https://www.property24.com/to-rent/camps-bay/cape-town/western-cape/11014/115732599,https://www.property24.com/to-rent/cape-town/western-cape/432/p88?PropertyCategory=House%2cApartmentOrFlat%2cTownhouse,2026-02-09 12:25:16.234283,"Located in the world famous suburb of Camps Bay, this newly built, luxurious villa, with absolutely sensational sea views, is available ...",664,4,,,
3 Bedroom Apartment,R 29 000,29000,ZAR,Observatory,,3,2,1,90 m²,https://www.property24.com/to-rent/observatory/cape-town/western-cape/10157/110691598,https://www.property24.com/to-rent/cape-town/western-cape/432/p88?PropertyCategory=House%2cApartmentOrFlat%2cTownhouse,2026-02-09 12:25:16.234283,"Brand new three bedroom and two bathroom apartment in popular Madison Place. Main bedroom with en-suite bathroom. 
All bedrooms with ...",32190 m²,1,90 m²,,
3 Bedroom Apartment,POAper day,,,Bakoven,,3,3.5,2,286 m²,https://www.property24.com/to-rent/bakoven/cape-town/western-cape/11012/111244618,https://www.property24.com/to-rent/cape-town/western-cape/432/p88?PropertyCategory=House%2cApartmentOrFlat%2cTownhouse,2026-02-09 12:25:16.234283,"This magnificent penthouse located in Barley Bay spans 2 levels and offers uninterrupted ocean views.

The entry level comprises an ...",33.52286 m²,2,286 m²,,per day
11 Bedroom House,R 280 000,280000,ZAR,Constantia Heights,,11,12,25,9 000 m²,https://www.property24.com/to-rent/constantia-heights/cape-town/western-cape/10112/115938071,https://www.property24.com/to-rent/cape-town/western-cape/432/p88?PropertyCategory=House%2cApartmentOrFlat%2cTownhouse,2026-02-09 12:25:16.234283,"In an elevated position on Constantia Hills and with a dramatic backdrop and sweeping vistas stretching across the landscape, this ...",1112259 000 m²,25,9 000 m²,,
1 Bedroom Apartment,R 21 500,21500,ZAR,Green Point,,1,1,1,68 m²,https://www.property24.com/to-rent/green-point/cape-town/western-cape/11017/115742195,https://www.property24.com/to-rent/cape-town/western-cape/432/p88?PropertyCategory=House%2cApartmentOrFlat%2cTownhouse,2026-02-09 12:25:16.234283,"[#Available immediately / 6-12months Lease 

Spacious Green Point central apartment, just a short walk to Giovanni's and Virgin ...",11168 m²,1,68 m²,,
7 Bedroom House,R 390 000,390000,ZAR,Bantry Bay,,7,7.5,9,780 m²,https://www.property24.com/to-rent/bantry-bay/cape-town/western-cape/11013/114992013,https://www.property24.com/to-rent/cape-town/western-cape/432/p88?PropertyCategory=House%2cApartmentOrFlat%2cTownhouse,2026-02-09 12:25:16.234283,"Available for medium term rental from 1st July to 31st October 2025. 

Located on the majestic slopes of Lion’s Head, with sweeping ...",77.59780 m²,9,780 m²,,
3 Bedroom Apartment,R 120 000,120000,ZAR,Mouille Point,,3,2,1,201 m²,https://www.property24.com/to-rent/mouille-point/cape-town/western-cape/11018/115807044,https://www.property24.com/to-rent/cape-town/western-cape/432/p88?PropertyCategory=House%2cApartmentOrFlat%2cTownhouse,2026-02-09 12:25:16.234283,"Nestled in Cape Town’s most prestigious Blue Flag Marina, The Water Club is an exclusive residential enclave offering unparalleled ...",321201 m²,1,201 m²,,
4 Bedroom House,POAper day,,,Clifton,,4,4,,,https://www.property24.com/to-rent/clifton/cape-town/western-cape/11015/114967402,https://www.property24.com/to-rent/cape-town/western-cape/432/p88?PropertyCategory=House%2cApartmentOrFlat%2cTownhouse,2026-02-09 12:25:16.234283,Immerse yourself in the breathtaking beauty of the world-renowned Clifton Beaches with a stay at the exquisite Clifton Beach Bungalow. ...,44,4,,,per day
4 Bedroom House,R 8 400per day,8400,ZAR,Sea Point,,4,3,1,138 m²,https://www.property24.com/to-rent/sea-point/cape-town/western-cape/11021/114160199,https://www.property24.com/to-rent/cape-town/western-cape/432/p88?PropertyCategory=House%2cApartmentOrFlat%2cTownhouse,2026-02-09 12:25:16.234283,"Sea Point, Cape Town | Sleeps 7 | Load-shedding proof | Walk to promenade

Listing Highlights  
• Private pool – One of the few ...",431138 m²,1,138 m²,,per day
5 Bedroom House,R 300 000,300000,ZAR,Camps Bay,,5,4,4,602 m²,https://www.property24.com/to-rent/camps-bay/cape-town/western-cape/11014/115900613,https://www.property24.com/to-rent/cape-town/western-cape/432/p88?PropertyCategory=House%2cApartmentOrFlat%2cTownhouse,2026-02-09 12:25:16.234283,"This exceptional five-bedroom, four-bathroom home in Bakoven is available from September through November. Fully furnished and just a ...",544602 m²,4,602 m²,,
6 Bedroom House,R 41 600,41600,ZAR,Rosebank,,6,3,,,https://www.property24.com/to-rent/rosebank/cape-town/western-cape/8683/113343398,https://www.property24.com/to-rent/cape-town/western-cape/432/p88?PropertyCategory=House%2cApartmentOrFlat%2cTownhouse,2026-02-09 12:25:16.234283,"Perfectly located just a short walk from the UCT Jammie Shuttle stop, this large student share house offers comfortable and convenient ...",63,3,,,
3 Bedroom House,R 180 000,180000,ZAR,Bantry Bay,,3,4,2,410 m²,https://www.property24.com/to-rent/bantry-bay/cape-town/western-cape/11013/116853304,https://www.property24.com/to-rent/cape-town/western-cape/432/p88?PropertyCategory=House%2cApartmentOrFlat%2cTownhouse,2026-02-09 12:25:16.234283,"A place of great and idyllic magnificence and beauty.

One of the most sensational spaces we have ever had the privilege of ...",342410 m²,2,410 m²,,
1 Bedroom Apartment,R 21 500,21500,ZAR,Foreshore,,1,1,1,67 m²,https://www.property24.com/to-rent/foreshore/cape-town/western-cape/9143/115103118,https://www.property24.com/to-rent/cape-town/western-cape/432/p89?PropertyCategory=House%2cApartmentOrFlat%2cTownhouse,2026-02-09 12:25:16.234283,"Canal Quays luxurious on canal living, front north with balcony studio one bed on the canal close to V&A Waterfront
Available 1 ...",11167 m²,1,67 m²,,
Apartment,R 6 850,6850,ZAR,Maitland,164 Voortrekker Road,,1,,,https://www.property24.com/to-rent/maitland/cape-town/western-cape/9153/116519490,https://www.property24.com/to-rent/cape-town/western-cape/432/p89?PropertyCategory=House%2cApartmentOrFlat%2cTownhouse,2026-02-09 12:25:16.234283,"Discover The Cube, a vibrant new residential community offering 241 thoughtfully ...",1,1,,,
1 Bedroom Apartment,R 35 000,35000,ZAR,Llandudno,,1,1,1,45 m²,https://www.property24.com/to-rent/llandudno/cape-town/western-cape/9118/110776532,https://www.property24.com/to-rent/cape-town/western-cape/432/p89?PropertyCategory=House%2cApartmentOrFlat%2cTownhouse,2026-02-09 12:25:16.234283,"Beautiful ground floor garden apartment with sea views.
Furnished with a secure parking bay and use of the pool.
Available Immediately",11145 m²,1,45 m²,,
9 Bedroom House,R 5 850,5850,ZAR,Observatory,77 Rochester Road,9,5,,,https://www.property24.com/to-rent/observatory/cape-town/western-cape/10157/110895084,https://www.property24.com/to-rent/cape-town/western-cape/432/p89?PropertyCategory=House%2cApartmentOrFlat%2cTownhouse,2026-02-09 12:25:16.234283,No need to wait for a viewing – our 3d virtual tour brings the property to ...,95,5,,,
1 Bedroom Apartment,R 26 000,26000,ZAR,Foreshore,,1,1,1,,https://www.property24.com/to-rent/foreshore/cape-town/western-cape/9143/116295994,https://www.property24.com/to-rent/cape-town/western-cape/432/p89?PropertyCategory=House%2cApartmentOrFlat%2cTownhouse,2026-02-09 12:25:16.234283,"Available 1 January 2026  for a long-term lease 

Rent R 26 000
Deposit R 32 000
Contract fee R 1 200.00
Credit check fee R 200 pp ...",111,1,,,
2 Bedroom Apartment,R 39 950,39950,ZAR,Sea Point,,2,2,4,,https://www.property24.com/to-rent/sea-point/cape-town/western-cape/11021/114311986,https://www.property24.com/to-rent/cape-town/western-cape/432/p89?PropertyCategory=House%2cApartmentOrFlat%2cTownhouse,2026-02-09 12:25:16.234283,"Thia property is available for December 2025 and January 2026 at R 79,950 per month

More about this accommodation

Gorgeous sea ...",224,4,,,
4 Bedroom House,R 20 000per day,20000,ZAR,Camps Bay,,4,3,2,,https://www.property24.com/to-rent/camps-bay/cape-town/western-cape/11014/115270466,https://www.property24.com/to-rent/cape-town/western-cape/432/p89?PropertyCategory=House%2cApartmentOrFlat%2cTownhouse,2026-02-09 12:25:16.234283,"DECEMBER R30 000 PER NIGHT - 10 NIGHT MINIMUM
SUMMER R20 000 PER NIGHT - 7 NIGHT MINIMUM

Situated in The Glen Camps Bay in Cape ...",432,2,,,per day
6 Bedroom House,POA,,,Bishopscourt,,6,6.5,9,4 500 m²,https://www.property24.com/to-rent/bishopscourt/cape-town/western-cape/8661/115991708,https://www.property24.com/to-rent/cape-town/western-cape/432/p89?PropertyCategory=House%2cApartmentOrFlat%2cTownhouse,2026-02-09 12:25:16.234283,A Victorian manor nestled in the sought-after enclave of Bishopscourt. With its rich architectural heritage and breathtaking mountain ...,66.594 500 m²,9,4 500 m²,,
5 Bedroom House,R 27 000per day,27000,ZAR,Llandudno,,5,4,,1 010 m²,https://www.property24.com/to-rent/llandudno/cape-town/western-cape/9118/105531030,https://www.property24.com/to-rent/cape-town/western-cape/432/p89?PropertyCategory=House%2cApartmentOrFlat%2cTownhouse,2026-02-09 12:25:16.234283,For uninterrupted sea view from every room. Open plan style. Ground floor leads out onto a spacious covered patio overlooking the ...,541 010 m²,4,1 010 m²,,per day
Apartment,R 25 410,25410,ZAR,Cape Town City Centre,"Neighbourgood Harrington, 84 Harrington Street, District Six",,,,,https://www.property24.com/to-rent/cape-town-city-centre/cape-town/western-cape/9138/114341578,https://www.property24.com/to-rent/cape-town/western-cape/432/p89?PropertyCategory=House%2cApartmentOrFlat%2cTownhouse,2026-02-09 12:25:16.234283,"This modern, fully furnished 1-bedroom apartment is located in the heart of Cape Town ...",,,,,
4 Bedroom Apartment,POA,,,Fresnaye,,4,5,2,,https://www.property24.com/to-rent/fresnaye/cape-town/western-cape/11016/116298441,https://www.property24.com/to-rent/cape-town/western-cape/432/p89?PropertyCategory=House%2cApartmentOrFlat%2cTownhouse,2026-02-09 12:25:16.234283,"Experience the ultimate in Atlantic Seaboard living with this spectacular 4-bedroom, 4.5-bathroom villa in the prestigious Coeur de ...",452,2,,,
3 Bedroom House,R 200 000,200000,ZAR,Clifton,,3,3.5,,275 m²,https://www.property24.com/to-rent/clifton/cape-town/western-cape/11015/111253190,https://www.property24.com/to-rent/cape-town/western-cape/432/p89?PropertyCategory=House%2cApartmentOrFlat%2cTownhouse,2026-02-09 12:25:16.234283,"Watch a spectacular sunset from the private, rim-flow heated pool of this oceanfront paradise every evening. The magnificent bungalow ...",33.5275 m²,3.5,275 m²,,
4 Bedroom Apartment,R 11 000per day,11000,ZAR,Camps Bay,,4,4,2,343 m²,https://www.property24.com/to-rent/camps-bay/cape-town/western-cape/11014/105149297,https://www.property24.com/to-rent/cape-town/western-cape/432/p89?PropertyCategory=House%2cApartmentOrFlat%2cTownhouse,2026-02-09 12:25:16.234283,"PLEASE NOTE THIS IS A DAILY RATE - FROM R11,000 per day!
This renovated apartment in Camps Bay is situated in a prime position ...",442343 m²,2,343 m²,,per day
3 Bedroom House,R 25 000per day,25000,ZAR,Fresnaye,,3,3,2,,https://www.property24.com/to-rent/fresnaye/cape-town/western-cape/11016/115641725,https://www.property24.com/to-rent/cape-town/western-cape/432/p89?PropertyCategory=House%2cApartmentOrFlat%2cTownhouse,2026-02-09 12:25:16.234283,"Welcome to your dream getaway in the heart of Fresnaye, one of Cape Town’s most exclusive neighborhoods. This charming heritage villa ...",332,2,,,per day
4 Bedroom House,R 70 000,70000,ZAR,Sea Point,,4,2,1,271 m²,https://www.property24.com/to-rent/sea-point/cape-town/western-cape/11021/116142618,https://www.property24.com/to-rent/cape-town/western-cape/432/p89?PropertyCategory=House%2cApartmentOrFlat%2cTownhouse,2026-02-09 12:25:16.234283,"Nestled in a quiet pocket of Sea Point, this warm and welcoming family home offers the perfect blend of comfort, security, and modern ...",421271 m²,1,271 m²,,
2 Bedroom Apartment,R 75 000,75000,ZAR,Bantry Bay,,2,1,1,,https://www.property24.com/to-rent/bantry-bay/cape-town/western-cape/11013/116237532,https://www.property24.com/to-rent/cape-town/western-cape/432/p89?PropertyCategory=House%2cApartmentOrFlat%2cTownhouse,2026-02-09 12:25:16.234283,"Experience luxury & breathtaking ocean views in this stunning 2-bedroom apartment in Bantry.

This open plan apartment is filled ...",211,1,,,
1 Bedroom Apartment,R 21 500,21500,ZAR,Foreshore,,1,1,1,67 m²,https://www.property24.com/to-rent/foreshore/cape-town/western-cape/9143/116723215,https://www.property24.com/to-rent/cape-town/western-cape/432/p89?PropertyCategory=House%2cApartmentOrFlat%2cTownhouse,2026-02-09 12:25:16.234283,"Canal Quays luxurious on canal living, front north with balcony studio one bed on the canal close to V&A Waterfront
Available 1 ...",11167 m²,1,67 m²,,
2 Bedroom Apartment,R 30 000,30000,ZAR,Sea Point,,2,1.5,,166 m²,https://www.property24.com/to-rent/sea-point/cape-town/western-cape/11021/111253219,https://www.property24.com/to-rent/cape-town/western-cape/432/p89?PropertyCategory=House%2cApartmentOrFlat%2cTownhouse,2026-02-09 12:25:16.234283,"Fullly furnished and very spacious two bedroom apartment.
Stairs only, no lift.
Street parking.
Available Immediately",21.5166 m²,1.5,166 m²,,
3 Bedroom House,R 14 500,14500,ZAR,Belgravia,,3,2,2,,https://www.property24.com/to-rent/belgravia/cape-town/western-cape/8736/116334437,https://www.property24.com/to-rent/cape-town/western-cape/432/p89?PropertyCategory=House%2cApartmentOrFlat%2cTownhouse,2026-02-09 12:25:16.234283,"This  home in Belgravia Estate  offers a seamless blend of space, privacy, and convenience in a quiet, well-established community. ...",322,2,,,
5 Bedroom House,POA,,,Constantia,,5,7,6,9 000 m²,https://www.property24.com/to-rent/constantia/cape-town/western-cape/11742/115918252,https://www.property24.com/to-rent/cape-town/western-cape/432/p89?PropertyCategory=House%2cApartmentOrFlat%2cTownhouse,2026-02-09 12:25:16.234283,"The Cottage – Elevated Comfort in the Heart of Upper Constantia
Discover The Cottage, a refined and peaceful retreat nestled in one of ...",5769 000 m²,6,9 000 m²,,
7 Bedroom House,R 30 000per day,30000,ZAR,Constantia,,7,7,14,1 500 m²,https://www.property24.com/to-rent/constantia/cape-town/western-cape/11742/114978976,https://www.property24.com/to-rent/cape-town/western-cape/432/p89?PropertyCategory=House%2cApartmentOrFlat%2cTownhouse,2026-02-09 12:25:16.234283,Exquisite 7-bedroom luxury villa on sprawling majestic grounds. This stunning property is perfect for families or groups seeking both ...,77141 500 m²,14,1 500 m²,,per day
1 Bedroom Apartment,R 27 000,27000,ZAR,Cape Town City Centre,"24 Burg Street, Cape Town Centre, Cape Town, 8001",1,1,1,,https://www.property24.com/to-rent/cape-town-city-centre/cape-town/western-cape/9138/116334479,https://www.property24.com/to-rent/cape-town/western-cape/432/p90?PropertyCategory=House%2cApartmentOrFlat%2cTownhouse,2026-02-09 12:25:16.234283,Step into summer with this modern 1-bedroom apartment perfectly positioned in the heart ...,111,1,,,
2 Bedroom Apartment,POAper day,,,Camps Bay,,2,2.5,5,,https://www.property24.com/to-rent/camps-bay/cape-town/western-cape/11014/116242494,https://www.property24.com/to-rent/cape-town/western-cape/432/p90?PropertyCategory=House%2cApartmentOrFlat%2cTownhouse,2026-02-09 12:25:16.234283,"LUXURY SHORT-TERM LET
Experience refined coastal living in this newly built, ultra-modern villa nestled in sought-after Camps Bay. ...",22.55,5,,,per day
Apartment,R 750per day,750,ZAR,Sea Point,,,1,,45 m²,https://www.property24.com/to-rent/sea-point/cape-town/western-cape/11021/115958301,https://www.property24.com/to-rent/cape-town/western-cape/432/p90?PropertyCategory=House%2cApartmentOrFlat%2cTownhouse,2026-02-09 12:25:16.234283,"Experience Comfort and Convenience in Our Furnished Bachelor Apartment. 

Welcome business travelers! Discover the perfect blend of ...",145 m²,1,45 m²,,per day
5 Bedroom House,POAper day,,,Bantry Bay,,5,4,2,605 m²,https://www.property24.com/to-rent/bantry-bay/cape-town/western-cape/11013/112547647,https://www.property24.com/to-rent/cape-town/western-cape/432/p90?PropertyCategory=House%2cApartmentOrFlat%2cTownhouse,2026-02-09 12:25:16.234283,"This beautiful villa is located on Victoria Road, nestled in the midst of the rocks, the property offers space and magnificent views ...",542605 m²,2,605 m²,,per day
7 Bedroom House,POA,,,Constantia,,7,10.5,8,15 000 m²,https://www.property24.com/to-rent/constantia/cape-town/western-cape/11742/115918051,https://www.property24.com/to-rent/cape-town/western-cape/432/p90?PropertyCategory=House%2cApartmentOrFlat%2cTownhouse,2026-02-09 12:25:16.234283,"The Midden – A Private Luxury Retreat in Upper Constantia, Cape Town
Welcome to The Midden, an extraordinary luxury villa located in ...",710.5815 000 m²,8,15 000 m²,,
5 Bedroom House,R 55 000per day,55000,ZAR,Llandudno,,5,5,2,950 m²,https://www.property24.com/to-rent/llandudno/cape-town/western-cape/9118/105530912,https://www.property24.com/to-rent/cape-town/western-cape/432/p90?PropertyCategory=House%2cApartmentOrFlat%2cTownhouse,2026-02-09 12:25:16.234283,Luxury villa within walking distance to the main Llandudno Beach. Magnificent views and can comfortable accommodate 10 ...,552950 m²,2,950 m²,,per day
Apartment,R 3 900,3900,ZAR,Maitland,,,1,1,,https://www.property24.com/to-rent/maitland/cape-town/western-cape/9153/116492760,https://www.property24.com/to-rent/cape-town/western-cape/432/p90?PropertyCategory=House%2cApartmentOrFlat%2cTownhouse,2026-02-09 12:25:16.234283,"Looking for a comfortable and convenient living space? This private room is perfect for a young, career-orientated ...",11,1,,,
2 Bedroom Apartment,R 30 000,30000,ZAR,Sea Point,,2,1,1,,https://www.property24.com/to-rent/sea-point/cape-town/western-cape/11021/116073686,https://www.property24.com/to-rent/cape-town/western-cape/432/p90?PropertyCategory=House%2cApartmentOrFlat%2cTownhouse,2026-02-09 12:25:16.234283,"Stylish 2-Bedroom Sea Point Apartment – Fully Furnished 

Welcome to your coastal sanctuary in the heart of Sea Point, one of Cape ...",211,1,,,
8 Bedroom House,POAper day,,,Llandudno,,8,8,2,1 126 m²,https://www.property24.com/to-rent/llandudno/cape-town/western-cape/9118/110813037,https://www.property24.com/to-rent/cape-town/western-cape/432/p90?PropertyCategory=House%2cApartmentOrFlat%2cTownhouse,2026-02-09 12:25:16.234283,A beautifully crafted furnished home with the definitive WOW factor. This exceptional home on 3 floors offers stylish architecture and ...,8821 126 m²,2,1 126 m²,,per day
3 Bedroom House,R 11 000per day,11000,ZAR,Llandudno,,3,2.5,2,,https://www.property24.com/to-rent/llandudno/cape-town/western-cape/9118/116010523,https://www.property24.com/to-rent/cape-town/western-cape/432/p90?PropertyCategory=House%2cApartmentOrFlat%2cTownhouse,2026-02-09 12:25:16.234283,"Looking for an easygoing winter retreat that’s right on the ocean?

This laid-back, furnished Llandudno beach house sits right on the ...",32.52,2,,,per day
2 Bedroom Apartment,R 23 000,23000,ZAR,Green Point,,2,1,,,https://www.property24.com/to-rent/green-point/cape-town/western-cape/11017/116302193,https://www.property24.com/to-rent/cape-town/western-cape/432/p90?PropertyCategory=House%2cApartmentOrFlat%2cTownhouse,2026-02-09 12:25:16.234283,"Beautifully renovated, unfurnished 2 bedroom 1 bathroom apartment in a quiet art deco block. Ideally located just 3 minutes from the ...",21,1,,,
4 Bedroom House,POA,,,Llandudno,,4,5,4,,https://www.property24.com/to-rent/llandudno/cape-town/western-cape/9118/116098879,https://www.property24.com/to-rent/cape-town/western-cape/432/p90?PropertyCategory=House%2cApartmentOrFlat%2cTownhouse,2026-02-09 12:25:16.234283,"Located in the exclusive paradise of Llandudno, this absolutely incredible, newly built villa, is available for holiday rentals and ...",454,4,,,
2 Bedroom Apartment,POA,,,Clifton,,2,2,2,133 m²,https://www.property24.com/to-rent/clifton/cape-town/western-cape/11015/114213132,https://www.property24.com/to-rent/cape-town/western-cape/432/p90?PropertyCategory=House%2cApartmentOrFlat%2cTownhouse,2026-02-09 12:25:16.234283,"Command the Cape Town coastline from this exquisitely furnished Clifton sanctuary, With two bedrooms, two bathrooms, and double parking ...",222133 m²,2,133 m²,,
4 Bedroom House,R 20 000per day,20000,ZAR,Camps Bay,,4,4.5,2,595 m²,https://www.property24.com/to-rent/camps-bay/cape-town/western-cape/11014/114887763,https://www.property24.com/to-rent/cape-town/western-cape/432/p90?PropertyCategory=House%2cApartmentOrFlat%2cTownhouse,2026-02-09 12:25:16.234283,"*Available 15 Dec 2024 – 9th Jan 2025*

Escape to paradise with this stunning 4-bedroom holiday home, perfectly situated just a ...",44.52595 m²,2,595 m²,,per day
3 Bedroom Apartment,POA,,,Clifton,,3,3,1,,https://www.property24.com/to-rent/clifton/cape-town/western-cape/11015/116035889,https://www.property24.com/to-rent/cape-town/western-cape/432/p90?PropertyCategory=House%2cApartmentOrFlat%2cTownhouse,2026-02-09 12:25:16.234283,"Available for daily rentals ! Just steps from the sand, this fully furnished double-story apartment offers the ultimate beachside ...",331,1,,,
4 Bedroom House,R 30 000per day,30000,ZAR,Camps Bay,,4,6,2,994 m²,https://www.property24.com/to-rent/camps-bay/cape-town/western-cape/11014/115235510,https://www.property24.com/to-rent/cape-town/western-cape/432/p90?PropertyCategory=House%2cApartmentOrFlat%2cTownhouse,2026-02-09 12:25:16.234283,"This stunning 4-bedroom holiday house in Camps Bay offers a perfect blend of luxury, comfort, and privacy.  It bosts goergious view of ...",462994 m²,2,994 m²,,per day
6 Bedroom House,POAper day,,,Clifton,,6,6.5,8,,https://www.property24.com/to-rent/clifton/cape-town/western-cape/11015/108984613,https://www.property24.com/to-rent/cape-town/western-cape/432/p90?PropertyCategory=House%2cApartmentOrFlat%2cTownhouse,2026-02-09 12:25:16.234283,"The Clifton Castle based on Nettleton Road is the epitome of elegance and luxury. Nestled against the slopes of Lion's Head, this ...",66.58,8,,,per day
2 Bedroom House,R 12 000per day,12000,ZAR,Bantry Bay,,2,3.5,2,306 m²,https://www.property24.com/to-rent/bantry-bay/cape-town/western-cape/11013/115584735,https://www.property24.com/to-rent/cape-town/western-cape/432/p90?PropertyCategory=House%2cApartmentOrFlat%2cTownhouse,2026-02-09 12:25:16.234283,"R12,000 per day. Available short term from 1 November - 18 December 2025.

Elegant 2-Bedroom Home with Ocean Views in Bantry Bay ...",23.52306 m²,2,306 m²,,per day
4 Bedroom House,R 25 000per day,25000,ZAR,Clifton,,4,4,,419 m²,https://www.property24.com/to-rent/clifton/cape-town/western-cape/11015/113245393,https://www.property24.com/to-rent/cape-town/western-cape/432/p90?PropertyCategory=House%2cApartmentOrFlat%2cTownhouse,2026-02-09 12:25:16.234283,"Discover the ultimate work-from-home haven in this expansive and exquisite bungalow, ideally situated just steps away from one of the ...",44419 m²,4,419 m²,,per day
6 Bedroom House,POAper day,,,Clifton,,6,6.5,8,,https://www.property24.com/to-rent/clifton/cape-town/western-cape/11015/116849223,https://www.property24.com/to-rent/cape-town/western-cape/432/p90?PropertyCategory=House%2cApartmentOrFlat%2cTownhouse,2026-02-09 12:25:16.234283,"The Clifton Castle based on Nettleton Road is the epitome of elegance and luxury. Nestled against the slopes of Lion's Head, this ...",66.58,8,,,per day
7 Bedroom House,POAper day,,,Constantia,,7,7.5,20,2 236 m²,https://www.property24.com/to-rent/constantia/cape-town/western-cape/11742/113953599,https://www.property24.com/to-rent/cape-town/western-cape/432/p90?PropertyCategory=House%2cApartmentOrFlat%2cTownhouse,2026-02-09 12:25:16.234283,"Welcome to this Constantia homestead, steeped in history and charm. This property holds a unique legacy as the original wine cellar for ...",77.5202 236 m²,20,2 236 m²,,per day
4 Bedroom House,POAper day,,,Clifton,,4,4,,406 m²,https://www.property24.com/to-rent/clifton/cape-town/western-cape/11015/114786490,https://www.property24.com/to-rent/cape-town/western-cape/432/p91?PropertyCategory=House%2cApartmentOrFlat%2cTownhouse,2026-02-09 12:25:16.234283,"A Magnificent Home situated in the sought-after Clifton boasting amazing views.

From the moment one enters this house they are met ...",44406 m²,4,406 m²,,per day
4 Bedroom House,R 6 000per day,6000,ZAR,Camps Bay,"8a Comrie Road, Camps Bay",4,5,2,,https://www.property24.com/to-rent/camps-bay/cape-town/western-cape/11014/114682824,https://www.property24.com/to-rent/cape-town/western-cape/432/p91?PropertyCategory=House%2cApartmentOrFlat%2cTownhouse,2026-02-09 12:25:16.234283,"*** NOT AVAILABLE FOR LONG TERM - THIS IS A SHORT TERM RENTAL PROPERTY ***

Daily ...",452,2,,,per day
4 Bedroom House,R 15 500per day,15500,ZAR,Camps Bay,,4,3,3,,https://www.property24.com/to-rent/camps-bay/cape-town/western-cape/11014/114662301,https://www.property24.com/to-rent/cape-town/western-cape/432/p91?PropertyCategory=House%2cApartmentOrFlat%2cTownhouse,2026-02-09 12:25:16.234283,"Contemporary villa in Camps Bay with sleek finishes and fixtures. 14 night minimum stay.

This 4 bedroom villa enjoys gorgeous sea ...",433,3,,,per day
7 Bedroom House,R 18 000per day,18000,ZAR,Constantia,,7,7,4,,https://www.property24.com/to-rent/constantia/cape-town/western-cape/11742/114661559,https://www.property24.com/to-rent/cape-town/western-cape/432/p91?PropertyCategory=House%2cApartmentOrFlat%2cTownhouse,2026-02-09 12:25:16.234283,"MAY -SEPT - R18000 PER NIGHT
PEAK SEASON R28 800 PER NIGHT

Southdown is a cutting-edge contemporary 7 bedroom luxury villa rental ...",774,4,,,per day
6 Bedroom House,POA,,,Camps Bay,,6,6,3,,https://www.property24.com/to-rent/camps-bay/cape-town/western-cape/11014/116031871,https://www.property24.com/to-rent/cape-town/western-cape/432/p91?PropertyCategory=House%2cApartmentOrFlat%2cTownhouse,2026-02-09 12:25:16.234283,"Located in one of the most sought after roads in Camps Bay, this spacious villa has so much to offer for short to medium term rentals ...",663,3,,,
5 Bedroom House,POAper day,,,Camps Bay,,5,4.5,1,530 m²,https://www.property24.com/to-rent/camps-bay/cape-town/western-cape/11014/116761811,https://www.property24.com/to-rent/cape-town/western-cape/432/p91?PropertyCategory=House%2cApartmentOrFlat%2cTownhouse,2026-02-09 12:25:16.234283,"*Please note that the daily rate ranges from R16 500 - R65 500 and has a minimum night stay requirement, depending on the season. ...",54.51530 m²,1,530 m²,,per day
1 Bedroom Apartment,R 3 600,3600,ZAR,Pelican Park,,1,1,,,https://www.property24.com/to-rent/pelican-park/cape-town/western-cape/9029/114043811,https://www.property24.com/to-rent/cape-town/western-cape/432/p91?PropertyCategory=House%2cApartmentOrFlat%2cTownhouse,2026-02-09 12:25:16.234283,"Nestled in the heart of Pelikan Park, this charming 1-bedroom apartment offers a cozy retreat for those seeking both convenience and ...",11,1,,,
6 Bedroom House,POAper day,,,Bantry Bay,,6,6.5,4,,https://www.property24.com/to-rent/bantry-bay/cape-town/western-cape/11013/113030928,https://www.property24.com/to-rent/cape-town/western-cape/432/p91?PropertyCategory=House%2cApartmentOrFlat%2cTownhouse,2026-02-09 12:25:16.234283,"Introducing an impressive holiday house with 6 bedrooms, a separate flat let, and awe-inspiring ocean views. Perfect for accommodating ...",66.54,4,,,per day
2 Bedroom Apartment,R 45 000,45000,ZAR,De Waterkant,,2,2,1,,https://www.property24.com/to-rent/de-waterkant/cape-town/western-cape/9141/115936576,https://www.property24.com/to-rent/cape-town/western-cape/432/p91?PropertyCategory=House%2cApartmentOrFlat%2cTownhouse,2026-02-09 12:25:16.234283,"Available immediately, this beautifully furnished 2-bedroom, 2-bathroom apartment in the iconic Rockwell building offers sophisticated ...",221,1,,,
1 Bedroom Apartment,R 25 000,25000,ZAR,Gardens,,1,1,,,https://www.property24.com/to-rent/gardens/cape-town/western-cape/9145/115880491,https://www.property24.com/to-rent/cape-town/western-cape/432/p91?PropertyCategory=House%2cApartmentOrFlat%2cTownhouse,2026-02-09 12:25:16.234283,"**Available from the 19 March for a 12 month lease**

This fully renovated 1 bed, 1 bath modern apartment, with a balcony and beautiful ...",11,1,,,
6 Bedroom House,R 350 000,350000,ZAR,Bantry Bay,,6,7,4,942 m²,https://www.property24.com/to-rent/bantry-bay/cape-town/western-cape/11013/115023454,https://www.property24.com/to-rent/cape-town/western-cape/432/p91?PropertyCategory=House%2cApartmentOrFlat%2cTownhouse,2026-02-09 12:25:16.234283,"Panoramic views towards Robben Island and beyond, this iconic home is situated stone's throw from Ellerman House offering super ...",674942 m²,4,942 m²,,
2 Bedroom Apartment,R 55 000,55000,ZAR,Sea Point,339 Main Road,2,2,1,,https://www.property24.com/to-rent/sea-point/cape-town/western-cape/11021/115977883,https://www.property24.com/to-rent/cape-town/western-cape/432/p91?PropertyCategory=House%2cApartmentOrFlat%2cTownhouse,2026-02-09 12:25:16.234283,Experience luxury living in close proximity to the Promenade in this beautifully ...,221,1,,,
6 Bedroom House,POAper day,,,Camps Bay,,6,5,2,966 m²,https://www.property24.com/to-rent/camps-bay/cape-town/western-cape/11014/115809789,https://www.property24.com/to-rent/cape-town/western-cape/432/p91?PropertyCategory=House%2cApartmentOrFlat%2cTownhouse,2026-02-09 12:25:16.234283,Discover the ultimate family getaway in this spacious 6-bedroom villa set against the breathtaking backdrop of Table Mountain and ...,652966 m²,2,966 m²,,per day
4 Bedroom House,R 20 000per day,20000,ZAR,Bantry Bay,40 De Wet Road,4,4,1,,https://www.property24.com/to-rent/bantry-bay/cape-town/western-cape/11013/115942547,https://www.property24.com/to-rent/cape-town/western-cape/432/p91?PropertyCategory=House%2cApartmentOrFlat%2cTownhouse,2026-02-09 12:25:16.234283,Escape to Cape Town's most coveted neighborhood! This stunning double-storey house ...,441,1,,,per day
5 Bedroom House,POAper day,,,Camps Bay,,5,4.5,1,530 m²,https://www.property24.com/to-rent/camps-bay/cape-town/western-cape/11014/115118688,https://www.property24.com/to-rent/cape-town/western-cape/432/p91?PropertyCategory=House%2cApartmentOrFlat%2cTownhouse,2026-02-09 12:25:16.234283,"*Please note that the daily rate ranges from R16 500 - R65 500 and has a minimum night stay requirement, depending on the season. ...",54.51530 m²,1,530 m²,,per day
3 Bedroom House,POAper day,,,Bantry Bay,,3,2,1,,https://www.property24.com/to-rent/bantry-bay/cape-town/western-cape/11013/115649054,https://www.property24.com/to-rent/cape-town/western-cape/432/p91?PropertyCategory=House%2cApartmentOrFlat%2cTownhouse,2026-02-09 12:25:16.234283,"Tucked away in the heart of Bantry Bay, Petit Pineapple House is a charming and intimate retreat, perfect for families or friends ...",321,1,,,per day
4 Bedroom Apartment,R 3 600,3600,ZAR,Maitland,,4,1,1,,https://www.property24.com/to-rent/maitland/cape-town/western-cape/9153/114830654,https://www.property24.com/to-rent/cape-town/western-cape/432/p91?PropertyCategory=House%2cApartmentOrFlat%2cTownhouse,2026-02-09 12:25:16.234283,"Title: Modern Furnished Room for Young Professionals in Maitland/ Cape Town 

Description:

Are you a young professional looking ...",411,1,,,
5 Bedroom House,POAper day,,,Fresnaye,,5,5.5,,953 m²,https://www.property24.com/to-rent/fresnaye/cape-town/western-cape/11016/115239754,https://www.property24.com/to-rent/cape-town/western-cape/432/p91?PropertyCategory=House%2cApartmentOrFlat%2cTownhouse,2026-02-09 12:25:16.234283,"Discover the epitome of luxury living in this stunning 5-bedroom family home, perched high in the prestigious suburb of Fresnaye. ...",55.5953 m²,5.5,953 m²,,per day
3 Bedroom House,R 90 000,90000,ZAR,Bantry Bay,,3,3,,,https://www.property24.com/to-rent/bantry-bay/cape-town/western-cape/11013/111214404,https://www.property24.com/to-rent/cape-town/western-cape/432/p91?PropertyCategory=House%2cApartmentOrFlat%2cTownhouse,2026-02-09 12:25:16.234283,This is a beautifully designed modern three-bedroom house situated on the cuff of Bantry Bay and Sea Point. Walking distance to the ...,33,3,,,
3 Bedroom House,R 13 000per day,13000,ZAR,Bakoven,,3,2,,,https://www.property24.com/to-rent/bakoven/cape-town/western-cape/11012/115585053,https://www.property24.com/to-rent/cape-town/western-cape/432/p91?PropertyCategory=House%2cApartmentOrFlat%2cTownhouse,2026-02-09 12:25:16.234283,"Bakoven Supreme is the epitome of luxurious coastal living. It’s nestled at the foot of the stunning 12 Apostle Mountains, just 80 ...",32,2,,,per day
5 Bedroom House,R 12 250per day,12250,ZAR,Camps Bay,,5,4,,,https://www.property24.com/to-rent/camps-bay/cape-town/western-cape/11014/115584751,https://www.property24.com/to-rent/cape-town/western-cape/432/p91?PropertyCategory=House%2cApartmentOrFlat%2cTownhouse,2026-02-09 12:25:16.234283,"Nella II is a stunning three-level, five-bedroom villa that offers a peaceful and private retreat with stylish furnishings and ...",54,4,,,per day
5 Bedroom House,R 9 400per day,9400,ZAR,Camps Bay,,5,5,1,,https://www.property24.com/to-rent/camps-bay/cape-town/western-cape/11014/115613237,https://www.property24.com/to-rent/cape-town/western-cape/432/p92?PropertyCategory=House%2cApartmentOrFlat%2cTownhouse,2026-02-09 12:25:16.234283,Starry Nights Villa is a stunning 5-bedroom villa with breathtaking ocean views from every room and terrace. It’s been beautifully ...,551,1,,,per day
4 Bedroom House,POAper day,,,Clifton,,4,2.5,1,,https://www.property24.com/to-rent/clifton/cape-town/western-cape/11015/114130454,https://www.property24.com/to-rent/cape-town/western-cape/432/p92?PropertyCategory=House%2cApartmentOrFlat%2cTownhouse,2026-02-09 12:25:16.234283,"Indulge in a stylish experience at this centrally located villa boasting breathtaking sea views and sunsets!

This spectacular ...",42.51,1,,,per day
3 Bedroom House,POA,,,Bantry Bay,,3,3,2,,https://www.property24.com/to-rent/bantry-bay/cape-town/western-cape/11013/112485543,https://www.property24.com/to-rent/cape-town/western-cape/432/p92?PropertyCategory=House%2cApartmentOrFlat%2cTownhouse,2026-02-09 12:25:16.234283,"Introducing the Xanadu Penthouse, an opulent 3-bedroom property located in the sought-after area of Bantry Bay. The moment you step ...",332,2,,,
2 Bedroom Apartment,R 8 500,8500,ZAR,Kenilworth,,2,1,,,https://www.property24.com/to-rent/kenilworth/cape-town/western-cape/8669/116563352,https://www.property24.com/to-rent/cape-town/western-cape/432/p92?PropertyCategory=House%2cApartmentOrFlat%2cTownhouse,2026-02-09 12:25:16.234283,"This unfurnished apartments available to rent in a large block of apartments in Kenilworth. 

APARTMENT 27:
IMPORTANT: the lease period ...",21,1,,,
2 Bedroom Apartment,R 65 000,65000,ZAR,Sea Point,,2,2,1,,https://www.property24.com/to-rent/sea-point/cape-town/western-cape/11021/111045372,https://www.property24.com/to-rent/cape-town/western-cape/432/p92?PropertyCategory=House%2cApartmentOrFlat%2cTownhouse,2026-02-09 12:25:16.234283,This two-bedroom apartment is the perfect accommodation for the corporate traveler or family looking to spend time in Cape Town. ...,221,1,,,
4 Bedroom Apartment,POAper day,,,Fresnaye,,4,4.5,3,,https://www.property24.com/to-rent/fresnaye/cape-town/western-cape/11016/115374518,https://www.property24.com/to-rent/cape-town/western-cape/432/p92?PropertyCategory=House%2cApartmentOrFlat%2cTownhouse,2026-02-09 12:25:16.234283,"Positioned in the prestigious Fresnaye neighborhood, this brand new four-bedroom  apartment offers a serene blend of sophistication and ...",44.53,3,,,per day
3 Bedroom House,R 20 000per day,20000,ZAR,Bakoven,,3,3,2,,https://www.property24.com/to-rent/bakoven/cape-town/western-cape/11012/115608231,https://www.property24.com/to-rent/cape-town/western-cape/432/p92?PropertyCategory=House%2cApartmentOrFlat%2cTownhouse,2026-02-09 12:25:16.234283,A Family A'Fair is a luxurious 3-bedroom house just a short walk from the famous Camps Bay beach. It’s the perfect place for ...,332,2,,,per day
4 Bedroom House,POAper day,,,Llandudno,,4,4,4,,https://www.property24.com/to-rent/llandudno/cape-town/western-cape/9118/103983545,https://www.property24.com/to-rent/cape-town/western-cape/432/p92?PropertyCategory=House%2cApartmentOrFlat%2cTownhouse,2026-02-09 12:25:16.234283,This 4 bedroomed house is located on one of the upper roads in Llandudno giving you the most spectacular views of Llandudno and the ...,444,4,,,per day
2 Bedroom Apartment,R 112 000,112000,ZAR,Mouille Point,,2,2,2,,https://www.property24.com/to-rent/mouille-point/cape-town/western-cape/11018/115970686,https://www.property24.com/to-rent/cape-town/western-cape/432/p92?PropertyCategory=House%2cApartmentOrFlat%2cTownhouse,2026-02-09 12:25:16.234283,This stunning two-bedroom apartment is located at the Water Club in Granger Bay. The Water Club South Africa's most prestigious and ...,222,2,,,
2 Bedroom House,R 8 000per day,8000,ZAR,Bantry Bay,,2,2,,,https://www.property24.com/to-rent/bantry-bay/cape-town/western-cape/11013/115584992,https://www.property24.com/to-rent/cape-town/western-cape/432/p92?PropertyCategory=House%2cApartmentOrFlat%2cTownhouse,2026-02-09 12:25:16.234283,"Nestled in the heart of Cape Town, Bantry Bay Allure boasts the most coveted address in the city. This luxurious 2-bedroom apartment is ...",22,2,,,per day
2 Bedroom Apartment,R 3 900,3900,ZAR,Maitland,,2,1,1,7 m²,https://www.property24.com/to-rent/maitland/cape-town/western-cape/9153/114384973,https://www.property24.com/to-rent/cape-town/western-cape/432/p92?PropertyCategory=House%2cApartmentOrFlat%2cTownhouse,2026-02-09 12:25:16.234283,"Room to rent for a young career orientated individual. 

Located in the secure block Royal Maitland One, the room is located in a ...",2117 m²,1,7 m²,,
1 Bedroom Apartment,R 6 400,6400,ZAR,Bergvliet,,1,1,,,https://www.property24.com/to-rent/bergvliet/cape-town/western-cape/10189/116889041,https://www.property24.com/to-rent/cape-town/western-cape/432/p92?PropertyCategory=House%2cApartmentOrFlat%2cTownhouse,2026-02-09 12:25:16.234283,"Available immediately: A secure and well-maintained first-floor studio apartment in the sought-after Musgrave Park block, on the corner ...",11,1,,,
4 Bedroom House,R 18 000per day,18000,ZAR,Camps Bay,,4,3,3,,https://www.property24.com/to-rent/camps-bay/cape-town/western-cape/11014/115296696,https://www.property24.com/to-rent/cape-town/western-cape/432/p92?PropertyCategory=House%2cApartmentOrFlat%2cTownhouse,2026-02-09 12:25:16.234283,This spacious retreat is bathed in natural light and features 4 beautifully appointed bedrooms and 3 modern bathrooms. With ...,433,3,,,per day
0.5 Bedroom Apartment,R 8 900,8900,ZAR,Pinelands,"429 King's Blockhouse, 1 Spine Boulevard",0.5,1,1,,https://www.property24.com/to-rent/pinelands/cape-town/western-cape/8017/116592831,https://www.property24.com/to-rent/cape-town/western-cape/432/p92?PropertyCategory=House%2cApartmentOrFlat%2cTownhouse,2026-02-09 12:25:16.234283,"Fall in love with effortless living at King’s Blockhouse, located within the visionary ...",0.511,1,,,
1 Bedroom Apartment,R 6 400,6400,ZAR,Bergvliet,,1,1,,,https://www.property24.com/to-rent/bergvliet/cape-town/western-cape/10189/116522297,https://www.property24.com/to-rent/cape-town/western-cape/432/p92?PropertyCategory=House%2cApartmentOrFlat%2cTownhouse,2026-02-09 12:25:16.234283,"Available immediately: A secure and well-maintained first-floor studio apartment in the sought-after Musgrave Park block, on the corner ...",11,1,,,
3 Bedroom House,POAper day,,,Camps Bay,35 Woodford Avenue,3,2.5,2,,https://www.property24.com/to-rent/camps-bay/cape-town/western-cape/11014/115132878,https://www.property24.com/to-rent/cape-town/western-cape/432/p92?PropertyCategory=House%2cApartmentOrFlat%2cTownhouse,2026-02-09 12:25:16.234283,The Crystal Apartment in Camps Bay offers a spacious 3 bedroom apartment that is sure to ...,32.52,2,,,per day
5 Bedroom House,R 20 000per day,20000,ZAR,Camps Bay,,5,5.5,5,,https://www.property24.com/to-rent/camps-bay/cape-town/western-cape/11014/115295918,https://www.property24.com/to-rent/cape-town/western-cape/432/p92?PropertyCategory=House%2cApartmentOrFlat%2cTownhouse,2026-02-09 12:25:16.234283,"Welcome to the Cape Blue holiday villa! This stunning property boasts 5 bedrooms and 5.5 bathrooms, perfect for accommodating families. ...",55.55,5,,,per day
2 Bedroom Apartment,R 42 000,42000,ZAR,Sea Point,,2,2.5,1,,https://www.property24.com/to-rent/sea-point/cape-town/western-cape/11021/116223808,https://www.property24.com/to-rent/cape-town/western-cape/432/p92?PropertyCategory=House%2cApartmentOrFlat%2cTownhouse,2026-02-09 12:25:16.234283,Beautifully renovated fully furnished 2 bedroom  2.5  bathroom apartment situated in a secure beachfront complex. Available 1st October ...,22.51,1,,,
4 Bedroom House,POAper day,,,Clifton,,4,3,,,https://www.property24.com/to-rent/clifton/cape-town/western-cape/11015/115367349,https://www.property24.com/to-rent/cape-town/western-cape/432/p92?PropertyCategory=House%2cApartmentOrFlat%2cTownhouse,2026-02-09 12:25:16.234283,"Experience the ultimate in beachfront living in this stunning bungalow, perfectly positioned on Clifton 4th Beach. With easy access to ...",43,3,,,per day
3 Bedroom Townhouse,R 15 000per day,15000,ZAR,Bakoven,,3,2,1,,https://www.property24.com/to-rent/bakoven/cape-town/western-cape/11012/115611337,https://www.property24.com/to-rent/cape-town/western-cape/432/p92?PropertyCategory=House%2cApartmentOrFlat%2cTownhouse,2026-02-09 12:25:16.234283,"Welcome to Camps Bay Nest, a stunning 3-bedroom townhouse that embodies luxury and comfort in every detail. This newly refurbished ...",321,1,,,per day
1 Bedroom Apartment,R 15 000,15000,ZAR,Cape Town City Centre,,1,1,1,,https://www.property24.com/to-rent/cape-town-city-centre/cape-town/western-cape/9138/116306812,https://www.property24.com/to-rent/cape-town/western-cape/432/p92?PropertyCategory=House%2cApartmentOrFlat%2cTownhouse,2026-02-09 12:25:16.234283,"Furnished Studio Apartment in The Icon Building

Available 1 February 2026
Two Months Deposit
Excludes Electricity

Prime ...",111,1,,,
5 Bedroom House,POAper day,,,Fresnaye,,5,4,2,,https://www.property24.com/to-rent/fresnaye/cape-town/western-cape/11016/114130694,https://www.property24.com/to-rent/cape-town/western-cape/432/p93?PropertyCategory=House%2cApartmentOrFlat%2cTownhouse,2026-02-09 12:25:16.234283,"Experience luxury at its finest with our Exclusive Holiday Villa, now ready for rental:
Nestled on the calm slopes of wind-free ...",542,2,,,per day
5 Bedroom House,R 250 000,250000,ZAR,Camps Bay,,5,4,4,771 m²,https://www.property24.com/to-rent/camps-bay/cape-town/western-cape/11014/115832211,https://www.property24.com/to-rent/cape-town/western-cape/432/p93?PropertyCategory=House%2cApartmentOrFlat%2cTownhouse,2026-02-09 12:25:16.234283,"Welcome to this exceptional, fully renovated 5-bedroom villa in the heart of Camps Bay – one of Cape Town’s most prestigious and ...",544771 m²,4,771 m²,,
3 Bedroom Apartment,R 100 000,100000,ZAR,Mouille Point,,3,2.5,1,,https://www.property24.com/to-rent/mouille-point/cape-town/western-cape/11018/115969375,https://www.property24.com/to-rent/cape-town/western-cape/432/p93?PropertyCategory=House%2cApartmentOrFlat%2cTownhouse,2026-02-09 12:25:16.234283,"Located in one of Cape Town’s most exclusive marinas, The Water Club is often hailed as the crown jewel of South Africa’s Platinum ...",32.51,1,,,
4 Bedroom House,R 6 500per day,6500,ZAR,Bakoven,,4,4,1,,https://www.property24.com/to-rent/bakoven/cape-town/western-cape/11012/115612884,https://www.property24.com/to-rent/cape-town/western-cape/432/p93?PropertyCategory=House%2cApartmentOrFlat%2cTownhouse,2026-02-09 12:25:16.234283,"Nestled on the slopes of Camps, this charming family-friendly property offers a comfortable, stylish, and convenient getaway. With ...",441,1,,,per day
8 Bedroom House,POA,,,Bakoven,,8,8,10,,https://www.property24.com/to-rent/bakoven/cape-town/western-cape/11012/112113808,https://www.property24.com/to-rent/cape-town/western-cape/432/p93?PropertyCategory=House%2cApartmentOrFlat%2cTownhouse,2026-02-09 12:25:16.234283,"The villa has 8 bedrooms and 8 bathrooms in total. 
There are 6 ‘hotelrooms', meaning they have a safe, coffeestation and tv ( 2 ...",8810,10,,,
6 Bedroom House,POAper day,,,Camps Bay,,6,6,2,,https://www.property24.com/to-rent/camps-bay/cape-town/western-cape/11014/113880329,https://www.property24.com/to-rent/cape-town/western-cape/432/p93?PropertyCategory=House%2cApartmentOrFlat%2cTownhouse,2026-02-09 12:25:16.234283,"PER DAY

LOAD SHEDDING BACK UP
What is Powered: All lights and plug outlets in the house.This includes TV, Wifi, fridge, alarm ...",662,2,,,per day
4 Bedroom House,POA,,,Camps Bay,,4,4,4,,https://www.property24.com/to-rent/camps-bay/cape-town/western-cape/11014/109495896,https://www.property24.com/to-rent/cape-town/western-cape/432/p93?PropertyCategory=House%2cApartmentOrFlat%2cTownhouse,2026-02-09 12:25:16.234283,"Ideally located in a quiet road close to the beach in Camps Bay, this stylish home boasts all things convenient for a family looking a ...",444,4,,,
3 Bedroom House,R 12 000per day,12000,ZAR,Camps Bay,,3,3,2,,https://www.property24.com/to-rent/camps-bay/cape-town/western-cape/11014/113521168,https://www.property24.com/to-rent/cape-town/western-cape/432/p93?PropertyCategory=House%2cApartmentOrFlat%2cTownhouse,2026-02-09 12:25:16.234283,"Welcome to our exquisite 3-bedroom villa nestled in the picturesque Camps Bay, offering unparalleled views of the glistening Atlantic ...",332,2,,,per day
4 Bedroom House,R 17 500per day,17500,ZAR,Fresnaye,,4,3.5,,,https://www.property24.com/to-rent/fresnaye/cape-town/western-cape/11016/112470588,https://www.property24.com/to-rent/cape-town/western-cape/432/p93?PropertyCategory=House%2cApartmentOrFlat%2cTownhouse,2026-02-09 12:25:16.234283,"Stunning home situated on the hills of Fresnaye, this modern home exudes elegance and sophistication. 

Entering the property you are ...",43.5,3.5,,,per day
5 Bedroom House,POAper day,,,Camps Bay,,5,5.5,4,,https://www.property24.com/to-rent/camps-bay/cape-town/western-cape/11014/113343624,https://www.property24.com/to-rent/cape-town/western-cape/432/p93?PropertyCategory=House%2cApartmentOrFlat%2cTownhouse,2026-02-09 12:25:16.234283,"With unbeatable Atlantic Ocean views and round-the-clock service, this boutique villa offers a tranquil escape.

* Your private ...",55.54,4,,,per day
5 Bedroom House,R 27 000per day,27000,ZAR,Llandudno,,5,4,3,,https://www.property24.com/to-rent/llandudno/cape-town/western-cape/9118/116680806,https://www.property24.com/to-rent/cape-town/western-cape/432/p93?PropertyCategory=House%2cApartmentOrFlat%2cTownhouse,2026-02-09 12:25:16.234283,"Discover this exceptional 5-bedroom, 4-bathroom villa, just a leisurely stroll away from Llandudno beach and the tennis and squash ...",543,3,,,per day
8 Bedroom House,POA,,,Llandudno,,8,8,5,,https://www.property24.com/to-rent/llandudno/cape-town/western-cape/9118/115382256,https://www.property24.com/to-rent/cape-town/western-cape/432/p93?PropertyCategory=House%2cApartmentOrFlat%2cTownhouse,2026-02-09 12:25:16.234283,"Located in the prestigious suburb of Llandudno, in one of the best roads, with sensational views, designer finishes and ample ...",885,5,,,
2 Bedroom Apartment,R 59 000,59000,ZAR,Mouille Point,,2,2,1,,https://www.property24.com/to-rent/mouille-point/cape-town/western-cape/11018/116389932,https://www.property24.com/to-rent/cape-town/western-cape/432/p93?PropertyCategory=House%2cApartmentOrFlat%2cTownhouse,2026-02-09 12:25:16.234283,"AVAILABLE TO RENT FROM 1 NOVEMBER 2025 (MINIMUM 12 MONTHS) 
RENTAL: R59 000 PER MONTH 

 Apartment specifications:
 

2 bedrooms ...",221,1,,,
3 Bedroom Apartment,R 7 000,7000,ZAR,Rondebosch,"103.1 Rondebosch Court, 4 Fountain Square",3,1.5,,,https://www.property24.com/to-rent/rondebosch/cape-town/western-cape/8682/113518107,https://www.property24.com/to-rent/cape-town/western-cape/432/p93?PropertyCategory=House%2cApartmentOrFlat%2cTownhouse,2026-02-09 12:25:16.234283,"3 Bedroom Apartment To Rent In Rondebosch - Student Accommodation
Welcome to Rondebosch ...",31.5,1.5,,,
4 Bedroom House,R 15 600per day,15600,ZAR,Constantia Heights,,4,4.5,4,,https://www.property24.com/to-rent/constantia-heights/cape-town/western-cape/10112/115665308,https://www.property24.com/to-rent/cape-town/western-cape/432/p93?PropertyCategory=House%2cApartmentOrFlat%2cTownhouse,2026-02-09 12:25:16.234283,"Tucked away in the rolling vineyards and leafy avenues of Constantia, Limewood Lodge is more than just a home—it's an escape. A ...",44.54,4,,,per day
4 Bedroom House,POAper day,,,Llandudno,,4,4,4,,https://www.property24.com/to-rent/llandudno/cape-town/western-cape/9118/108690810,https://www.property24.com/to-rent/cape-town/western-cape/432/p93?PropertyCategory=House%2cApartmentOrFlat%2cTownhouse,2026-02-09 12:25:16.234283,"This light, open and airy furnished Llandudno home with its whitewashed floors and walls, is the perfect beach house for a big family ...",444,4,,,per day
6 Bedroom House,POAper day,,,Camps Bay,,6,6,2,,https://www.property24.com/to-rent/camps-bay/cape-town/western-cape/11014/113880181,https://www.property24.com/to-rent/cape-town/western-cape/432/p93?PropertyCategory=House%2cApartmentOrFlat%2cTownhouse,2026-02-09 12:25:16.234283,"PER DAY
Spectacular coastal villa with unparalleled sea views from almost every room. The master bedroom, along with bedrooms 2 ...",662,2,,,per day
4 Bedroom Apartment,POAper day,,,Fresnaye,,4,4.5,3,,https://www.property24.com/to-rent/fresnaye/cape-town/western-cape/11016/114968205,https://www.property24.com/to-rent/cape-town/western-cape/432/p93?PropertyCategory=House%2cApartmentOrFlat%2cTownhouse,2026-02-09 12:25:16.234283,"Discover Luxury Living in the Heart of Cape Town

Step into a world where luxury meets comfort—welcome to one of Cape Town's ...",44.53,3,,,per day
5 Bedroom House,R 27 000per day,27000,ZAR,Llandudno,,5,4,3,,https://www.property24.com/to-rent/llandudno/cape-town/western-cape/9118/113428150,https://www.property24.com/to-rent/cape-town/western-cape/432/p93?PropertyCategory=House%2cApartmentOrFlat%2cTownhouse,2026-02-09 12:25:16.234283,"Discover this exceptional 5-bedroom, 4-bathroom villa, just a leisurely stroll away from Llandudno beach and the tennis and squash ...",543,3,,,per day
5 Bedroom House,R 100 000per day,100000,ZAR,Bantry Bay,,5,5.5,2,1 611 m²,https://www.property24.com/to-rent/bantry-bay/cape-town/western-cape/11013/115232023,https://www.property24.com/to-rent/cape-town/western-cape/432/p93?PropertyCategory=House%2cApartmentOrFlat%2cTownhouse,2026-02-09 12:25:16.234283,"*Available Immediately*

Step into a world of timeless elegance and modern luxury at this European-style villa, nestled in an oasis ...",55.521 611 m²,2,1 611 m²,,per day
5 Bedroom House,R 30 000per day,30000,ZAR,Camps Bay,,5,5,,,https://www.property24.com/to-rent/camps-bay/cape-town/western-cape/11014/115595643,https://www.property24.com/to-rent/cape-town/western-cape/432/p93?PropertyCategory=House%2cApartmentOrFlat%2cTownhouse,2026-02-09 12:25:16.234283,This gorgeous 5-bedroom villa has breathtaking views of Camps Bay and the surrounding mountains from the living and outdoor ...,55,5,,,per day
9 Bedroom House,POA,,,Camps Bay,,9,9.5,4,,https://www.property24.com/to-rent/camps-bay/cape-town/western-cape/11014/112963889,https://www.property24.com/to-rent/cape-town/western-cape/432/p94?PropertyCategory=House%2cApartmentOrFlat%2cTownhouse,2026-02-09 12:25:16.234283,"Introducing a stunning newly renovated 9-bedroom villa nestled at the top of Camps Bay, offering breathtaking views of the Atlantic ...",99.54,4,,,
5 Bedroom House,R 25 000per day,25000,ZAR,Camps Bay,,5,4,4,,https://www.property24.com/to-rent/camps-bay/cape-town/western-cape/11014/115299053,https://www.property24.com/to-rent/cape-town/western-cape/432/p94?PropertyCategory=House%2cApartmentOrFlat%2cTownhouse,2026-02-09 12:25:16.234283,"Discover the ultimate Cape Town getaway at this stunning 5-bedroom luxury home, located just a 10-minute stroll from Beta Beach in the ...",544,4,,,per day
4 Bedroom House,R 74 000per day,74000,ZAR,Llandudno,,4,5,8,,https://www.property24.com/to-rent/llandudno/cape-town/western-cape/9118/113120361,https://www.property24.com/to-rent/cape-town/western-cape/432/p94?PropertyCategory=House%2cApartmentOrFlat%2cTownhouse,2026-02-09 12:25:16.234283,"The ultimate luxury living experience - this breathtaking modern villa, situated on the slopes of Llandudno has magnificent sea and ...",458,8,,,per day
5 Bedroom House,POAper day,,,Clifton,,5,4,1,,https://www.property24.com/to-rent/clifton/cape-town/western-cape/11015/109593556,https://www.property24.com/to-rent/cape-town/western-cape/432/p94?PropertyCategory=House%2cApartmentOrFlat%2cTownhouse,2026-02-09 12:25:16.234283,"Sprawling views and ample space, this bungalow has it all.

The entry level comprises of an open plan kitchen, lounge and dining area ...",541,1,,,per day
5 Bedroom House,POAper day,,,Camps Bay,,5,5.5,2,,https://www.property24.com/to-rent/camps-bay/cape-town/western-cape/11014/112986107,https://www.property24.com/to-rent/cape-town/western-cape/432/p94?PropertyCategory=House%2cApartmentOrFlat%2cTownhouse,2026-02-09 12:25:16.234283,"Looking for the perfect holiday rental? Look no further!

Villa 55 is your ideal holiday home, boasting magnificent ocean and ...",55.52,2,,,per day
5 Bedroom House,POAper day,,,Camps Bay,,5,5,1,,https://www.property24.com/to-rent/camps-bay/cape-town/western-cape/11014/114788623,https://www.property24.com/to-rent/cape-town/western-cape/432/p94?PropertyCategory=House%2cApartmentOrFlat%2cTownhouse,2026-02-09 12:25:16.234283,"PER DAY

This villa is a luxurious 5-bedroom holiday retreat, offering stunning sea views, spacious indoor and outdoor living areas ...",551,1,,,per day
4 Bedroom House,R 20 000per day,20000,ZAR,Llandudno,,4,4,2,,https://www.property24.com/to-rent/llandudno/cape-town/western-cape/9118/105738019,https://www.property24.com/to-rent/cape-town/western-cape/432/p94?PropertyCategory=House%2cApartmentOrFlat%2cTownhouse,2026-02-09 12:25:16.234283,This beautiful villa was specially designed to enjoy outdoor entertaining in all weather conditions and the pool area is wind free. ...,442,2,,,per day
5 Bedroom House,R 85 000per day,85000,ZAR,Bantry Bay,,5,4,6,,https://www.property24.com/to-rent/bantry-bay/cape-town/western-cape/11013/115473423,https://www.property24.com/to-rent/cape-town/western-cape/432/p94?PropertyCategory=House%2cApartmentOrFlat%2cTownhouse,2026-02-09 12:25:16.234283,"Bantry Bay is renowned for its exclusive ambiance, with a mix of secluded luxury and proximity to the heart of Cape Town. The property ...",546,6,,,per day
5 Bedroom House,R 85 000per day,85000,ZAR,Bantry Bay,,5,5,3,,https://www.property24.com/to-rent/bantry-bay/cape-town/western-cape/11013/110029492,https://www.property24.com/to-rent/cape-town/western-cape/432/p94?PropertyCategory=House%2cApartmentOrFlat%2cTownhouse,2026-02-09 12:25:16.234283,"This property boasts spectacular views and ultra-modern finishes in one of Cape Town's most desirable suburbs.

The home is split ...",553,3,,,per day
7 Bedroom House,POAper day,,,Camps Bay,,7,7,1,,https://www.property24.com/to-rent/camps-bay/cape-town/western-cape/11014/116024295,https://www.property24.com/to-rent/cape-town/western-cape/432/p94?PropertyCategory=House%2cApartmentOrFlat%2cTownhouse,2026-02-09 12:25:16.234283,"FROM R 32 000 (Winter rater PER DAY) TO R 138 000 (Summer rate PER DAY)

""And the Oscar for Best Luxury Villa Experience goes ...",771,1,,,per day
3 Bedroom House,R 6 500per day,6500,ZAR,Claremont Upper,,3,2,1,,https://www.property24.com/to-rent/claremont-upper/cape-town/western-cape/14225/115647624,https://www.property24.com/to-rent/cape-town/western-cape/432/p94?PropertyCategory=House%2cApartmentOrFlat%2cTownhouse,2026-02-09 12:25:16.234283,"This beautiful home is situated in Upper Claremont, Cape Town and is within walking distance of Cavendish Square, the Vineyard Hotel ...",321,1,,,per day
2 Bedroom House,POAper day,,,Gardens,,2,2,1,,https://www.property24.com/to-rent/gardens/cape-town/western-cape/9145/113756140,https://www.property24.com/to-rent/cape-town/western-cape/432/p94?PropertyCategory=House%2cApartmentOrFlat%2cTownhouse,2026-02-09 12:25:16.234283,"Discover this charming and spacious 2-bedroom residence in Gardens, offering modern comforts and captivating views of Table Mountain. ...",221,1,,,per day
6 Bedroom House,POAper day,,,Bantry Bay,,6,6.5,4,,https://www.property24.com/to-rent/bantry-bay/cape-town/western-cape/11013/112926509,https://www.property24.com/to-rent/cape-town/western-cape/432/p94?PropertyCategory=House%2cApartmentOrFlat%2cTownhouse,2026-02-09 12:25:16.234283,"*Available over Peak Season*

Introducing a magnificent holiday house that combines spaciousness, breathtaking ocean views, and a ...",66.54,4,,,per day
8 Bedroom House,POA,,,Camps Bay,,8,8,10,,https://www.property24.com/to-rent/camps-bay/cape-town/western-cape/11014/110141361,https://www.property24.com/to-rent/cape-town/western-cape/432/p94?PropertyCategory=House%2cApartmentOrFlat%2cTownhouse,2026-02-09 12:25:16.234283,"Tyson Properties presents this newly built Camps Bay Masterpiece! 

This fully furnished villa comprises of 6 bedrooms with a 2 bedroom ...",8810,10,,,
5 Bedroom House,POAper day,,,Camps Bay,,5,5,1,,https://www.property24.com/to-rent/camps-bay/cape-town/western-cape/11014/116742912,https://www.property24.com/to-rent/cape-town/western-cape/432/p94?PropertyCategory=House%2cApartmentOrFlat%2cTownhouse,2026-02-09 12:25:16.234283,"PER DAY

This villa is a luxurious 5-bedroom holiday retreat, offering stunning sea views, spacious indoor and outdoor living areas ...",551,1,,,per day
5 Bedroom House,R 85 000per day,85000,ZAR,Bantry Bay,,5,5,3,,https://www.property24.com/to-rent/bantry-bay/cape-town/western-cape/11013/116178895,https://www.property24.com/to-rent/cape-town/western-cape/432/p94?PropertyCategory=House%2cApartmentOrFlat%2cTownhouse,2026-02-09 12:25:16.234283,"Welcome to Oneonethree, where contemporary elegance meets effortless comfort in the heart of Bantry Bay  a wind-free haven famed for ...",553,3,,,per day
3 Bedroom House,R 49 950per day,49950,ZAR,Clifton,,3,3,,,https://www.property24.com/to-rent/clifton/cape-town/western-cape/11015/114125861,https://www.property24.com/to-rent/cape-town/western-cape/432/p94?PropertyCategory=House%2cApartmentOrFlat%2cTownhouse,2026-02-09 12:25:16.234283,"Step in to this minimalist, white bungalow situated right on the sandy shores of paradisiacal Clifton beach, Cape Town.  Wake up to the ...",33,3,,,per day
5 Bedroom House,POAper day,,,Camps Bay,,5,5.5,3,,https://www.property24.com/to-rent/camps-bay/cape-town/western-cape/11014/110289285,https://www.property24.com/to-rent/cape-town/western-cape/432/p94?PropertyCategory=House%2cApartmentOrFlat%2cTownhouse,2026-02-09 12:25:16.234283,"Contemporary meets luxury at this beautiful in Camps Bay villa. This modern, double-story holiday home situated in a sublime location ...",55.53,3,,,per day
6 Bedroom House,R 30 000per day,30000,ZAR,Llandudno,14 Fishermans Bend,6,7,3,,https://www.property24.com/to-rent/llandudno/cape-town/western-cape/9118/114788319,https://www.property24.com/to-rent/cape-town/western-cape/432/p94?PropertyCategory=House%2cApartmentOrFlat%2cTownhouse,2026-02-09 12:25:16.234283,"*** NOT AVAILABLE FOR LONG TERM - THIS IS A SHORT TERM RENTAL PROPERTY ***

Rates ...",673,3,,,per day
7 Bedroom House,POAper day,,,Bantry Bay,,7,7.5,4,,https://www.property24.com/to-rent/bantry-bay/cape-town/western-cape/11013/111958041,https://www.property24.com/to-rent/cape-town/western-cape/432/p94?PropertyCategory=House%2cApartmentOrFlat%2cTownhouse,2026-02-09 12:25:16.234283,"Do not miss this opportunity to rent one of Bantry Bay's Super Villas this summer.

The property offers incredible accommodation ...",77.54,4,,,per day
3 Bedroom Apartment,R 15 000per day,15000,ZAR,Clifton,,3,3,2,,https://www.property24.com/to-rent/clifton/cape-town/western-cape/11015/115619765,https://www.property24.com/to-rent/cape-town/western-cape/432/p94?PropertyCategory=House%2cApartmentOrFlat%2cTownhouse,2026-02-09 12:25:16.234283,"Nestled in the heart of Clifton, Clifton Chic is a stunning three-bedroom apartment that offers breathtaking views of the Atlantic ...",332,2,,,per day
2 Bedroom Apartment,R 65 000,65000,ZAR,Cape Town City Centre,,2,2,1,,https://www.property24.com/to-rent/cape-town-city-centre/cape-town/western-cape/9138/116086547,https://www.property24.com/to-rent/cape-town/western-cape/432/p95?PropertyCategory=House%2cApartmentOrFlat%2cTownhouse,2026-02-09 12:25:16.234283,"Experience Cape Town from this Stylish 2-Bedroom, 2-Bath Penthouse on Vibrant Rose Street in Bo-Kaap . Discover the rich cultural ...",221,1,,,
2 Bedroom Apartment,R 3 500per day,3500,ZAR,Llandudno,,2,2,,,https://www.property24.com/to-rent/llandudno/cape-town/western-cape/9118/116743111,https://www.property24.com/to-rent/cape-town/western-cape/432/p95?PropertyCategory=House%2cApartmentOrFlat%2cTownhouse,2026-02-09 12:25:16.234283,This 2 bedroomed apartment is positioned in be one of the most exclusive locations in Llandudno - right on the edge of a green belt and ...,22,2,,,per day
3 Bedroom House,POAper day,,,Green Point,,3,2.5,2,,https://www.property24.com/to-rent/green-point/cape-town/western-cape/11017/113801238,https://www.property24.com/to-rent/cape-town/western-cape/432/p95?PropertyCategory=House%2cApartmentOrFlat%2cTownhouse,2026-02-09 12:25:16.234283,"Nestled atop Green Point, Springbok Road Villa stands as an elegant, three-story residence offering a breathtaking panoramic view ...",32.52,2,,,per day
5 Bedroom House,POAper day,,,Camps Bay,,5,4.5,2,,https://www.property24.com/to-rent/camps-bay/cape-town/western-cape/11014/115785376,https://www.property24.com/to-rent/cape-town/western-cape/432/p95?PropertyCategory=House%2cApartmentOrFlat%2cTownhouse,2026-02-09 12:25:16.234283,"Welcome to this exquisite five-bedroom, four-bathroom villa nestled in the heart of Camps Bay, offering a seamless blend of modern ...",54.52,2,,,per day
7 Bedroom House,R 20 000per day,20000,ZAR,Llandudno,,7,7,2,,https://www.property24.com/to-rent/llandudno/cape-town/western-cape/9118/107769034,https://www.property24.com/to-rent/cape-town/western-cape/432/p95?PropertyCategory=House%2cApartmentOrFlat%2cTownhouse,2026-02-09 12:25:16.234283,"Prime beachfront position in llandudno – come experiecne this lifestyle!
Perfect Sunsets and uninterrupted Sea views from this ...",772,2,,,per day
7 Bedroom House,POAper day,,,Llandudno,,7,5,3,,https://www.property24.com/to-rent/llandudno/cape-town/western-cape/9118/106851597,https://www.property24.com/to-rent/cape-town/western-cape/432/p95?PropertyCategory=House%2cApartmentOrFlat%2cTownhouse,2026-02-09 12:25:16.234283,"Laika Villa is located on the slopes of the Atlantic Seaboard in Cape Town’s prestigious and safest suburb - Llandudno. 

The villa ...",753,3,,,per day
3 Bedroom House,R 200 000,200000,ZAR,Clifton,"26, Third Beach",3,3.5,,275 m²,https://www.property24.com/to-rent/clifton/cape-town/western-cape/11015/108582617,https://www.property24.com/to-rent/cape-town/western-cape/432/p95?PropertyCategory=House%2cApartmentOrFlat%2cTownhouse,2026-02-09 12:25:16.234283,Discover the epitome of beachfront living in this exquisite three-bedroom ...,33.5275 m²,3.5,275 m²,,
6 Bedroom House,POAper day,,,Camps Bay,,6,4,2,,https://www.property24.com/to-rent/camps-bay/cape-town/western-cape/11014/114824650,https://www.property24.com/to-rent/cape-town/western-cape/432/p95?PropertyCategory=House%2cApartmentOrFlat%2cTownhouse,2026-02-09 12:25:16.234283,"PER DAY

Sunset Views is a great holiday home in Camps Bay with amazing views from a private deck and much of the interior. The pool ...",642,2,,,per day
3 Bedroom House,POAper day,,,Bantry Bay,,3,3.5,,,https://www.property24.com/to-rent/bantry-bay/cape-town/western-cape/11013/112354846,https://www.property24.com/to-rent/cape-town/western-cape/432/p95?PropertyCategory=House%2cApartmentOrFlat%2cTownhouse,2026-02-09 12:25:16.234283,"De Wet Art Villa is a striking, rectilinear home designed by the renowned local architecture firm SAOTA. Complementing this terraced ...",33.5,3.5,,,per day
0.5 Bedroom Apartment,R 22 000,22000,ZAR,Sea Point,,0.5,1,,51 m²,https://www.property24.com/to-rent/sea-point/cape-town/western-cape/11021/116451673,https://www.property24.com/to-rent/cape-town/western-cape/432/p95?PropertyCategory=House%2cApartmentOrFlat%2cTownhouse,2026-02-09 12:25:16.234283,"Furnished Studio Apartment 
Includes wifi
Amazing location close to the promenade and Queens Beach
Available long term from 1 March ...",0.5151 m²,1,51 m²,,
6 Bedroom House,POAper day,,,Camps Bay,,6,6,1,,https://www.property24.com/to-rent/camps-bay/cape-town/western-cape/11014/113880326,https://www.property24.com/to-rent/cape-town/western-cape/432/p95?PropertyCategory=House%2cApartmentOrFlat%2cTownhouse,2026-02-09 12:25:16.234283,"PER DAY - POA

LOAD SHEDDING BACK UP
What is Powered: All lights, plugs, appliances and the lift
What Isn’t Powered: The air ...",661,1,,,per day
2 Bedroom Apartment,R 95 000,95000,ZAR,Clifton,,2,2,2,,https://www.property24.com/to-rent/clifton/cape-town/western-cape/11015/114633700,https://www.property24.com/to-rent/cape-town/western-cape/432/p95?PropertyCategory=House%2cApartmentOrFlat%2cTownhouse,2026-02-09 12:25:16.234283,"Absolutely prime beachfront apartment on Clifton 

This exquisite apartment offers the perfect blend of luxury and convenience ...",222,2,,,
3 Bedroom House,R 15 000per day,15000,ZAR,Camps Bay,,3,3,1,,https://www.property24.com/to-rent/camps-bay/cape-town/western-cape/11014/115610774,https://www.property24.com/to-rent/cape-town/western-cape/432/p95?PropertyCategory=House%2cApartmentOrFlat%2cTownhouse,2026-02-09 12:25:16.234283,"Escape to Camps Bay Grace, a newly renovated and modern villa nestled in the upper part of Camps Bay. This stylish three-bedroom villa ...",331,1,,,per day
4 Bedroom House,POA,,,Camps Bay,,4,4,4,,https://www.property24.com/to-rent/camps-bay/cape-town/western-cape/11014/113697521,https://www.property24.com/to-rent/cape-town/western-cape/432/p95?PropertyCategory=House%2cApartmentOrFlat%2cTownhouse,2026-02-09 12:25:16.234283,"Welcome to this modern, open-plan, and spacious Villa with breath-taking sea views and a refreshing pool. Located in Camps Bay, our ...",444,4,,,
House,POAper day,,,Camps Bay,,,,,,https://www.property24.com/to-rent/camps-bay/cape-town/western-cape/11014/113880464,https://www.property24.com/to-rent/cape-town/western-cape/432/p95?PropertyCategory=House%2cApartmentOrFlat%2cTownhouse,2026-02-09 12:25:16.234283,"PER DAY

LOAD SHEDDING BACK UP
What is Powered: Ceiling lights, television / decoder in the main house and Wifi
What Isn’t Powered: ...",,,,,per day
4 Bedroom House,R 120 000,120000,ZAR,Constantia,,4,5,1,,https://www.property24.com/to-rent/constantia/cape-town/western-cape/11742/115719577,https://www.property24.com/to-rent/cape-town/western-cape/432/p95?PropertyCategory=House%2cApartmentOrFlat%2cTownhouse,2026-02-09 12:25:16.234283,"A secret hideaway in the heart of Constantia leads to a securely tucked away home, offering a private and tranquil Oasis. The entrance ...",451,1,,,
4 Bedroom Apartment,R 20 000per day,20000,ZAR,Bakoven,,4,4,3,,https://www.property24.com/to-rent/bakoven/cape-town/western-cape/11012/115585103,https://www.property24.com/to-rent/cape-town/western-cape/432/p95?PropertyCategory=House%2cApartmentOrFlat%2cTownhouse,2026-02-09 12:25:16.234283,"This stunning three-bedroom apartment is a true gem! Nestled in Bakoven, Camps Bay, it offers the ultimate blend of luxury and seaside ...",443,3,,,per day
2 Bedroom Apartment,R 3 500per day,3500,ZAR,Llandudno,,2,2,,,https://www.property24.com/to-rent/llandudno/cape-town/western-cape/9118/104185003,https://www.property24.com/to-rent/cape-town/western-cape/432/p95?PropertyCategory=House%2cApartmentOrFlat%2cTownhouse,2026-02-09 12:25:16.234283,This 2 bedroomed apartment is positioned in be one of the most exclusive locations in Llandudno - right on the edge of a green belt and ...,22,2,,,per day
3 Bedroom Apartment,R 185 000,185000,ZAR,Mouille Point,,3,4,2,,https://www.property24.com/to-rent/mouille-point/cape-town/western-cape/11018/115449081,https://www.property24.com/to-rent/cape-town/western-cape/432/p95?PropertyCategory=House%2cApartmentOrFlat%2cTownhouse,2026-02-09 12:25:16.234283,"Opening up to the ocean, with panoramic views of Mouille Point's rugged coastline, this pared-back apartment brings a serene blend ...",342,2,,,
3 Bedroom Apartment,R 59 000,59000,ZAR,Camps Bay,,3,2,1,,https://www.property24.com/to-rent/camps-bay/cape-town/western-cape/11014/115290743,https://www.property24.com/to-rent/cape-town/western-cape/432/p95?PropertyCategory=House%2cApartmentOrFlat%2cTownhouse,2026-02-09 12:25:16.234283,"AVAIL FROM 1ST APRIL 2026 - 1 YEAR OR 6 MONTH LEASE
Perfectly positioned just steps from the sand and all local amenities, and ...",321,1,,,
5 Bedroom Apartment,R 295 000,295000,ZAR,Bantry Bay,,5,5,2,,https://www.property24.com/to-rent/bantry-bay/cape-town/western-cape/11013/115127480,https://www.property24.com/to-rent/cape-town/western-cape/432/p95?PropertyCategory=House%2cApartmentOrFlat%2cTownhouse,2026-02-09 12:25:16.234283,"A luxurious 5 bedroom fully furnished apartment overlooking the infinite blue of the Atlantic Ocean, within the exclusive Aurum ...",552,2,,,
4 Bedroom House,R 18 000per day,18000,ZAR,Llandudno,,4,4,,,https://www.property24.com/to-rent/llandudno/cape-town/western-cape/9118/105739087,https://www.property24.com/to-rent/cape-town/western-cape/432/p96?PropertyCategory=House%2cApartmentOrFlat%2cTownhouse,2026-02-09 12:25:16.234283,"Kick back and relax in this gorgeous beach house with easy flow indoor and outdoor living. 

Sheltered outdoor deck - great for ...",44,4,,,per day
6 Bedroom House,POAper day,,,Camps Bay,,6,5,1,,https://www.property24.com/to-rent/camps-bay/cape-town/western-cape/11014/113883503,https://www.property24.com/to-rent/cape-town/western-cape/432/p96?PropertyCategory=House%2cApartmentOrFlat%2cTownhouse,2026-02-09 12:25:16.234283,"Soak in the Sun at Ocean Villa – Your Beachside Escape in Camps Bay

Welcome to Ocean Villa, a dazzling five-star retreat nestled in ...",651,1,,,per day
1 Bedroom House,R 25 000,25000,ZAR,Camps Bay,,1,1,1,60 m²,https://www.property24.com/to-rent/camps-bay/cape-town/western-cape/11014/115829310,https://www.property24.com/to-rent/cape-town/western-cape/432/p96?PropertyCategory=House%2cApartmentOrFlat%2cTownhouse,2026-02-09 12:25:16.234283,Open plan furnished one bedroom en-suite apartment with own lounge and kitchenette and separate large outdoor space with barbeque ...,11160 m²,1,60 m²,,
2 Bedroom Apartment,R 17 500,17500,ZAR,Vredehoek,,2,1,,,https://www.property24.com/to-rent/vredehoek/cape-town/western-cape/9166/116173987,https://www.property24.com/to-rent/cape-town/western-cape/432/p96?PropertyCategory=House%2cApartmentOrFlat%2cTownhouse,2026-02-09 12:25:16.234283,"Brabazon Court is a neatly maintained residential block, this freshly renovated, unfurnished apartment is ideal for working ...",21,1,,,
4 Bedroom House,POAper day,,,Camps Bay,,4,3.5,4,,https://www.property24.com/to-rent/camps-bay/cape-town/western-cape/11014/110440100,https://www.property24.com/to-rent/cape-town/western-cape/432/p96?PropertyCategory=House%2cApartmentOrFlat%2cTownhouse,2026-02-09 12:25:16.234283,"Modern, cool, all white & laid back villa offers you everything you need on vacation.

Beautiful ocean & Mountain views ...",43.54,4,,,per day
4 Bedroom Apartment,POAper day,,,Clifton,,4,4,1,,https://www.property24.com/to-rent/clifton/cape-town/western-cape/11015/113693224,https://www.property24.com/to-rent/cape-town/western-cape/432/p96?PropertyCategory=House%2cApartmentOrFlat%2cTownhouse,2026-02-09 12:25:16.234283,"This exquisite 4-bedroom apartment, boasting en suite bathrooms for each bedroom, offers a luxurious living experience. Upon entry, you ...",441,1,,,per day
1 Bedroom Apartment,R 36 000,36000,ZAR,Foreshore,107 Canal Quays,1,1,2,,https://www.property24.com/to-rent/foreshore/cape-town/western-cape/9143/112703872,https://www.property24.com/to-rent/cape-town/western-cape/432/p96?PropertyCategory=House%2cApartmentOrFlat%2cTownhouse,2026-02-09 12:25:16.234283,"107 Canal Quays (Foreshore, 1 bedroom)

This is a comfortable one bedroom apartment ...",112,2,,,
6 Bedroom House,POA,,,Fresnaye,,6,6,,,https://www.property24.com/to-rent/fresnaye/cape-town/western-cape/11016/113611589,https://www.property24.com/to-rent/cape-town/western-cape/432/p96?PropertyCategory=House%2cApartmentOrFlat%2cTownhouse,2026-02-09 12:25:16.234283,The Lions Head Villa is a remarkable property situated at the base of the mountain overlooking the Atlantic Seaboard and the ocean. It ...,66,6,,,
6 Bedroom House,R 10 500per day,10500,ZAR,Camps Bay,,6,6,1,,https://www.property24.com/to-rent/camps-bay/cape-town/western-cape/11014/115619858,https://www.property24.com/to-rent/cape-town/western-cape/432/p96?PropertyCategory=House%2cApartmentOrFlat%2cTownhouse,2026-02-09 12:25:16.234283,Houghton Villa is a luxurious seaside retreat with breathtaking views of the Twelve Apostles Mountains and the Atlantic Ocean. Located ...,661,1,,,per day
1 Bedroom Apartment,R 4 600,4600,ZAR,Belhar,,1,1,,,https://www.property24.com/to-rent/belhar/cape-town/western-cape/8132/116161104,https://www.property24.com/to-rent/cape-town/western-cape/432/p96?PropertyCategory=House%2cApartmentOrFlat%2cTownhouse,2026-02-09 12:25:16.234283,"THIS SHARED PROPERTY CONSIST OF :

VARIOUS ROOMS AVAILABLE  IN DIFFERENT UNITS

One furnished room with built in cupboards.

Kitchen ...",11,1,,,
1 Bedroom House,R 3 500per day,3500,ZAR,Constantia,,1,1,2,,https://www.property24.com/to-rent/constantia/cape-town/western-cape/11742/114341498,https://www.property24.com/to-rent/cape-town/western-cape/432/p96?PropertyCategory=House%2cApartmentOrFlat%2cTownhouse,2026-02-09 12:25:16.234283,This was the original  wine cellar on the estate renovated to become a gorgeous self contained one bedroom cottage spilling onto a ...,112,2,,,per day
3 Bedroom House,R 280 000,280000,ZAR,Clifton,"No37 3rd Beach, Victoria Road",3,3,,,https://www.property24.com/to-rent/clifton/cape-town/western-cape/11015/112425291,https://www.property24.com/to-rent/cape-town/western-cape/432/p96?PropertyCategory=House%2cApartmentOrFlat%2cTownhouse,2026-02-09 12:25:16.234283,Seahaven is a magnificent 3-bedroom bungalow on Clifton 3.5 beach. This is Clifton ...,33,3,,,
1 Bedroom House,R 7 850,7850,ZAR,Fairways,,1,1,1,,https://www.property24.com/to-rent/fairways/cape-town/western-cape/10068/116082904,https://www.property24.com/to-rent/cape-town/western-cape/432/p96?PropertyCategory=House%2cApartmentOrFlat%2cTownhouse,2026-02-09 12:25:16.234283,"This cosy 1-bedroom apartment with a private entrance is located in the tranquil and secure suburb of Fairways, 
Ottery.
 Ideal for a ...",111,1,,,
1 Bedroom House,R 8 750,8750,ZAR,Grassy Park,,1,1,2,,https://www.property24.com/to-rent/grassy-park/cape-town/western-cape/10204/115460597,https://www.property24.com/to-rent/cape-town/western-cape/432/p96?PropertyCategory=House%2cApartmentOrFlat%2cTownhouse,2026-02-09 12:25:16.234283,"Furnished 1 bedroom garden cottage, clean, crisp & delightful!",112,2,,,
6 Bedroom House,R 5 000,5000,ZAR,Woodstock,30 Gympie Street,6,3,,,https://www.property24.com/to-rent/woodstock/cape-town/western-cape/10164/114011377,https://www.property24.com/to-rent/cape-town/western-cape/432/p96?PropertyCategory=House%2cApartmentOrFlat%2cTownhouse,2026-02-09 12:25:16.234283,"Rooms Ranging from R5000.00 to R6500.00

ABOUT THE LOCATION : 
- Located in ...",63,3,,,
0.5 Bedroom Apartment,R 6 804,6804,ZAR,Maitland,,0.5,1,1,,https://www.property24.com/to-rent/maitland/cape-town/western-cape/9153/115882083,https://www.property24.com/to-rent/cape-town/western-cape/432/p96?PropertyCategory=House%2cApartmentOrFlat%2cTownhouse,2026-02-09 12:25:16.234283,"Large Studio apartment comprising of room for the Lounge and Bedroom. 
Kitchen is off to one corner of the room with plenty of ...",0.511,1,,,
2 Bedroom Apartment,R 4 600,4600,ZAR,Maitland,,2,1,1,,https://www.property24.com/to-rent/maitland/cape-town/western-cape/9153/114384723,https://www.property24.com/to-rent/cape-town/western-cape/432/p96?PropertyCategory=House%2cApartmentOrFlat%2cTownhouse,2026-02-09 12:25:16.234283,"Are you a young professional looking for a convenient, comfortable place to call home? This fully furnished room is perfect for ...",211,1,,,
6 Bedroom House,R 10 500per day,10500,ZAR,Camps Bay,,6,6,1,,https://www.property24.com/to-rent/camps-bay/cape-town/western-cape/11014/116762243,https://www.property24.com/to-rent/cape-town/western-cape/432/p96?PropertyCategory=House%2cApartmentOrFlat%2cTownhouse,2026-02-09 12:25:16.234283,Houghton Villa is a luxurious seaside retreat with breathtaking views of the Twelve Apostles Mountains and the Atlantic Ocean. Located ...,661,1,,,per day
2 Bedroom Apartment,R 25 000,25000,ZAR,Vredehoek,Yeoville Road,2,1,,,https://www.property24.com/to-rent/vredehoek/cape-town/western-cape/9166/116401695,https://www.property24.com/to-rent/cape-town/western-cape/432/p96?PropertyCategory=House%2cApartmentOrFlat%2cTownhouse,2026-02-09 12:25:16.234283,VREDEHOEK - Sectional top flat of house.  2 large bedrooms with Bics. Min en suite.   ...,21,1,,,
1 Bedroom Apartment,R 14 000,14000,ZAR,Camps Bay,,1,1,2,,https://www.property24.com/to-rent/camps-bay/cape-town/western-cape/11014/113791660,https://www.property24.com/to-rent/cape-town/western-cape/432/p96?PropertyCategory=House%2cApartmentOrFlat%2cTownhouse,2026-02-09 12:25:16.234283,"1spacious bedroom, 1 bathroom with large shower garden cottage in beautiful Camps Bay,
Nestled in a leafy quiet street
parking
Large ...",112,2,,,
2 Bedroom Apartment,R 2 500per day,2500,ZAR,Constantia,,2,2,2,,https://www.property24.com/to-rent/constantia/cape-town/western-cape/11742/114341567,https://www.property24.com/to-rent/cape-town/western-cape/432/p96?PropertyCategory=House%2cApartmentOrFlat%2cTownhouse,2026-02-09 12:25:16.234283,"This garden pod in the heart of Constantia sleeps 2 couples.
it is not self catering but breakfast can be catered for on ...",222,2,,,per day
1 Bedroom Apartment,R 14 999,14999,ZAR,Foreshore,,1,1,,,https://www.property24.com/to-rent/foreshore/cape-town/western-cape/9143/115892405,https://www.property24.com/to-rent/cape-town/western-cape/432/p97?PropertyCategory=House%2cApartmentOrFlat%2cTownhouse,2026-02-09 12:25:16.234283,"Enjoy the 12 Months lease arrangement, so you can settle in with peace of mind. Whether you're here for a short stay or a longer ...",11,1,,,
2 Bedroom Apartment,R 4 500per day,4500,ZAR,Camps Bay,,2,2,,,https://www.property24.com/to-rent/camps-bay/cape-town/western-cape/11014/107925522,https://www.property24.com/to-rent/cape-town/western-cape/432/p97?PropertyCategory=House%2cApartmentOrFlat%2cTownhouse,2026-02-09 12:25:16.234283,"Camps Bay two bedroom  apartment available immediately .
 can be rented alone or together with another self contained interleading ...",22,2,,,per day
1 Bedroom Apartment,R 14 999,14999,ZAR,Foreshore,,1,1,,,https://www.property24.com/to-rent/foreshore/cape-town/western-cape/9143/116732231,https://www.property24.com/to-rent/cape-town/western-cape/432/p97?PropertyCategory=House%2cApartmentOrFlat%2cTownhouse,2026-02-09 12:25:16.234283,"Enjoy the 12 Months lease arrangement, so you can settle in with peace of mind. Whether you're here for a short stay or a longer ...",11,1,,,
1 Bedroom Apartment,R 14 999,14999,ZAR,Foreshore,,1,1,,,https://www.property24.com/to-rent/foreshore/cape-town/western-cape/9143/115892395,https://www.property24.com/to-rent/cape-town/western-cape/432/p97?PropertyCategory=House%2cApartmentOrFlat%2cTownhouse,2026-02-09 12:25:16.234283,"Enjoy the 12 Months lease arrangement, so you can settle in with peace of mind. Whether you're here for a short stay or a longer ...",11,1,,,
